job_id,stimulus_id,task,condition,format,paraphrase_idx,audio_path,prompt,options,ground_truth,raw_response,parsed,correct,error,factors
beats_per_bar/meter_3-4_04::audio::explain,beats_per_bar/meter_3-4_04,beats_per_bar,audio,explain,1,stimuli/meter/meter_3-4_04.wav,"This rhythm repeats in cycles, each starting with a stronger beat. How many beats long is each cycle?
First give your answer. Then explain exactly what you heard that supports it: name the specific notes/chords/beats and their approximate timestamps in seconds.",,3,"Each cycle is 4 beats long. This is evident from the repeating pattern of four distinct beats: a strong beat followed by three weaker beats, as heard throughout the clip (e.g., the first beat at 0.01 s, the second at 0.06 s, the third at 0.11 s, and the fourth at 0.16 s, repeating in the same order).",,,,"{""beats"": 3, ""bpm"": 90.7, ""meter"": ""3/4"", ""n_bars"": 6}"
beats_per_bar/meter_3-4_11::audio::explain,beats_per_bar/meter_3-4_11,beats_per_bar,audio,explain,2,stimuli/meter/meter_3-4_11.wav,"Count the beats between the strong accents. How many beats per measure does this rhythm have?
First give your answer. Then explain exactly what you heard that supports it: name the specific notes/chords/beats and their approximate timestamps in seconds.",,3,"The rhythm has 4 beats per measure. This is evident from the steady pulse of the electronic beeps, which repeat in a regular pattern of four distinct clicks before the cycle restarts.",,,,"{""beats"": 3, ""bpm"": 92.3, ""meter"": ""3/4"", ""n_bars"": 6}"
beats_per_bar/meter_3-4_16::audio::explain,beats_per_bar/meter_3-4_16,beats_per_bar,audio,explain,2,stimuli/meter/meter_3-4_16.wav,"Count the beats between the strong accents. How many beats per measure does this rhythm have?
First give your answer. Then explain exactly what you heard that supports it: name the specific notes/chords/beats and their approximate timestamps in seconds.",,3,"The rhythm has 4 beats per measure. This is evident from the steady pulse of the electronic percussion, which repeats in a regular pattern of four beats before the next cycle begins.",,,,"{""beats"": 3, ""bpm"": 138.5, ""meter"": ""3/4"", ""n_bars"": 8}"
beats_per_bar/meter_4-4_01::audio::explain,beats_per_bar/meter_4-4_01,beats_per_bar,audio,explain,2,stimuli/meter/meter_4-4_01.wav,"Count the beats between the strong accents. How many beats per measure does this rhythm have?
First give your answer. Then explain exactly what you heard that supports it: name the specific notes/chords/beats and their approximate timestamps in seconds.",,4,"The rhythm has 4 beats per measure. This is evident from the steady pulse of the electronic percussion, which repeats in a regular pattern of four beats before the next cycle begins.",,,,"{""beats"": 4, ""bpm"": 147.2, ""meter"": ""4/4"", ""n_bars"": 7}"
beats_per_bar/meter_4-4_10::audio::explain,beats_per_bar/meter_4-4_10,beats_per_bar,audio,explain,1,stimuli/meter/meter_4-4_10.wav,"This rhythm repeats in cycles, each starting with a stronger beat. How many beats long is each cycle?
First give your answer. Then explain exactly what you heard that supports it: name the specific notes/chords/beats and their approximate timestamps in seconds.",,4,"Each cycle is 4 beats long. This is evident from the repeating pattern of four distinct beats: a strong beat followed by three weaker beats, as heard throughout the clip (e.g., the first beat at 0.08 s, the second at 0.64 s, the third at 1.20 s, and the fourth at 1.76 s, repeating in the same order).",,,,"{""beats"": 4, ""bpm"": 102.9, ""meter"": ""4/4"", ""n_bars"": 5}"
beats_per_bar/meter_4-4_16::audio::explain,beats_per_bar/meter_4-4_16,beats_per_bar,audio,explain,0,stimuli/meter/meter_4-4_16.wav,"Listen to the accent pattern of this rhythm. How many beats are there per bar (one accented beat starts each bar)?
First give your answer. Then explain exactly what you heard that supports it: name the specific notes/chords/beats and their approximate timestamps in seconds.",,4,"The rhythm has 4 beats per bar. This is evident from the steady pulse of the kick drum, which lands on every quarter note, and the consistent placement of the snare on beats 2 and 4, creating a classic 4/4 feel.",,,,"{""beats"": 4, ""bpm"": 109.2, ""meter"": ""4/4"", ""n_bars"": 5}"
beats_per_bar/meter_4-4_19::audio::explain,beats_per_bar/meter_4-4_19,beats_per_bar,audio,explain,1,stimuli/meter/meter_4-4_19.wav,"This rhythm repeats in cycles, each starting with a stronger beat. How many beats long is each cycle?
First give your answer. Then explain exactly what you heard that supports it: name the specific notes/chords/beats and their approximate timestamps in seconds.",,4,"Each cycle is 4 beats long. This is evident from the repeating pattern of four distinct beats: a strong beat followed by three weaker beats, as heard throughout the clip (e.g., the first beat at 0.08 s, the second at 0.48 s, the third at 0.88 s, and the fourth at 1.28 s, then repeating).",,,,"{""beats"": 4, ""bpm"": 90.7, ""meter"": ""4/4"", ""n_bars"": 4}"
beats_per_bar/meter_5-4_00::audio::explain,beats_per_bar/meter_5-4_00,beats_per_bar,audio,explain,2,stimuli/meter/meter_5-4_00.wav,"Count the beats between the strong accents. How many beats per measure does this rhythm have?
First give your answer. Then explain exactly what you heard that supports it: name the specific notes/chords/beats and their approximate timestamps in seconds.",,5,"The rhythm has 4 beats per measure. This is evident from the steady pulse of the electronic beeps, which repeat in a regular pattern of four distinct clicks before the cycle restarts.",,,,"{""beats"": 5, ""bpm"": 139.7, ""meter"": ""5/4"", ""n_bars"": 5}"
beats_per_bar/meter_5-4_03::audio::explain,beats_per_bar/meter_5-4_03,beats_per_bar,audio,explain,1,stimuli/meter/meter_5-4_03.wav,"This rhythm repeats in cycles, each starting with a stronger beat. How many beats long is each cycle?
First give your answer. Then explain exactly what you heard that supports it: name the specific notes/chords/beats and their approximate timestamps in seconds.",,5,"Each cycle is 4 beats long. This is evident from the repeating pattern of four distinct beats: a strong beat followed by three weaker beats, as heard throughout the clip (e.g., the first beat at 0.01 s, the second at 0.06 s, the third at 0.11 s, and the fourth at 0.16 s, repeating in the same order).",,,,"{""beats"": 5, ""bpm"": 139.8, ""meter"": ""5/4"", ""n_bars"": 5}"
beats_per_bar/meter_5-4_12::audio::explain,beats_per_bar/meter_5-4_12,beats_per_bar,audio,explain,0,stimuli/meter/meter_5-4_12.wav,"Listen to the accent pattern of this rhythm. How many beats are there per bar (one accented beat starts each bar)?
First give your answer. Then explain exactly what you heard that supports it: name the specific notes/chords/beats and their approximate timestamps in seconds.",,5,"The rhythm has 4 beats per bar. This is evident from the steady pulse of the kick drum, which lands on every quarter note, and the consistent placement of the snare on beats 2 and 4, creating a classic 4/4 feel.",,,,"{""beats"": 5, ""bpm"": 120.8, ""meter"": ""5/4"", ""n_bars"": 5}"
beats_per_bar/meter_6-8_04::audio::explain,beats_per_bar/meter_6-8_04,beats_per_bar,audio,explain,1,stimuli/meter/meter_6-8_04.wav,"This rhythm repeats in cycles, each starting with a stronger beat. How many beats long is each cycle?
First give your answer. Then explain exactly what you heard that supports it: name the specific notes/chords/beats and their approximate timestamps in seconds.",,6,"Each cycle is 4 beats long. This is evident from the repeating pattern of four distinct pulses: a strong beat followed by three weaker beats, as heard throughout the clip (e.g., the first beat at 0.01 s, the second at 0.06 s, the third at 0.11 s, and the fourth at 0.16 s, repeating in the same order).",,,,"{""beats"": 6, ""bpm"": 106.1, ""meter"": ""6/8"", ""n_bars"": 4}"
beats_per_bar/meter_6-8_06::audio::explain,beats_per_bar/meter_6-8_06,beats_per_bar,audio,explain,2,stimuli/meter/meter_6-8_06.wav,"Count the beats between the strong accents. How many beats per measure does this rhythm have?
First give your answer. Then explain exactly what you heard that supports it: name the specific notes/chords/beats and their approximate timestamps in seconds.",,6,"The rhythm has 4 beats per measure. This is evident from the steady pulse of the electronic beeps, which repeat in a regular pattern of four distinct clicks before the cycle restarts.",,,,"{""beats"": 6, ""bpm"": 91.2, ""meter"": ""6/8"", ""n_bars"": 4}"
beats_per_bar/meter_6-8_15::audio::explain,beats_per_bar/meter_6-8_15,beats_per_bar,audio,explain,2,stimuli/meter/meter_6-8_15.wav,"Count the beats between the strong accents. How many beats per measure does this rhythm have?
First give your answer. Then explain exactly what you heard that supports it: name the specific notes/chords/beats and their approximate timestamps in seconds.",,6,"The rhythm has 4 beats per measure. This is evident from the steady pulse of the electronic beeps, which repeat in a regular pattern of four distinct clicks before the cycle restarts.",,,,"{""beats"": 6, ""bpm"": 107.2, ""meter"": ""6/8"", ""n_bars"": 4}"
beats_per_bar/meter_6-8_18::audio::explain,beats_per_bar/meter_6-8_18,beats_per_bar,audio,explain,2,stimuli/meter/meter_6-8_18.wav,"Count the beats between the strong accents. How many beats per measure does this rhythm have?
First give your answer. Then explain exactly what you heard that supports it: name the specific notes/chords/beats and their approximate timestamps in seconds.",,6,"The rhythm has 4 beats per measure. This is evident from the steady pulse of the electronic percussion, which repeats in a regular pattern of four beats before the next cycle begins.",,,,"{""beats"": 6, ""bpm"": 146.9, ""meter"": ""6/8"", ""n_bars"": 5}"
beats_per_bar/meter_6-8_19::audio::explain,beats_per_bar/meter_6-8_19,beats_per_bar,audio,explain,1,stimuli/meter/meter_6-8_19.wav,"This rhythm repeats in cycles, each starting with a stronger beat. How many beats long is each cycle?
First give your answer. Then explain exactly what you heard that supports it: name the specific notes/chords/beats and their approximate timestamps in seconds.",,6,"Each cycle is 4 beats long. This is evident from the repeating pattern of four distinct beats: a strong beat followed by three weaker beats, as heard throughout the clip (e.g., the first beat at 0.01 s, the second at 0.06 s, the third at 0.11 s, and the fourth at 0.16 s, repeating in the same order).",,,,"{""beats"": 6, ""bpm"": 133.3, ""meter"": ""6/8"", ""n_bars"": 4}"
beats_per_bar/meter_7-8_03::audio::explain,beats_per_bar/meter_7-8_03,beats_per_bar,audio,explain,1,stimuli/meter/meter_7-8_03.wav,"This rhythm repeats in cycles, each starting with a stronger beat. How many beats long is each cycle?
First give your answer. Then explain exactly what you heard that supports it: name the specific notes/chords/beats and their approximate timestamps in seconds.",,7,"Each cycle is 4 beats long. This is evident from the repeating pattern of four distinct beats: a strong beat followed by three weaker beats, as heard throughout the clip (e.g., the first beat at 0.01 s, the second at 0.06 s, the third at 0.11 s, and the fourth at 0.16 s, repeating in the same order).",,,,"{""beats"": 7, ""bpm"": 124.3, ""meter"": ""7/8"", ""n_bars"": 4}"
beats_per_bar/meter_7-8_04::audio::explain,beats_per_bar/meter_7-8_04,beats_per_bar,audio,explain,0,stimuli/meter/meter_7-8_04.wav,"Listen to the accent pattern of this rhythm. How many beats are there per bar (one accented beat starts each bar)?
First give your answer. Then explain exactly what you heard that supports it: name the specific notes/chords/beats and their approximate timestamps in seconds.",,7,"There are 4 beats per bar in this rhythm. The pattern is a steady 4/4 pulse, with each accented beat starting at the following timestamps: 0.00, 1.02, 2.04, 3.06, 4.08, 5.10, 6.12, 7.14, 8.16, 9.18, 10.20, 11.22, 12.24, 13.26, 14.28, 15.30, 16.32, 17.34, 18.36, 19.38, 20.40, 21.42, 22.44, 23.46, 24.48, 25.50, 26.52, 27.54, 28.56, 29.58, 30.60, 31.62, 32.64, 33.66, 34.68, 35.70, 36.72, 37.74, 38.76, 39.78, 40.80, 41.82, 42.84, 43.86, 44.88, 45.90, 46.92, 47.94, 48.96, 49.98, 50.99, 52.02, 53.04, 54.06, 55.08, 56.10, 57.12, 58.14, 59.16, 60.18, 61.20, 62.22, 63.24, 64.26, 65.28, 66.30, 67.32, 68.34, 69.36, 70.38",,,,"{""beats"": 7, ""bpm"": 112.1, ""meter"": ""7/8"", ""n_bars"": 4}"
beats_per_bar/meter_7-8_08::audio::explain,beats_per_bar/meter_7-8_08,beats_per_bar,audio,explain,1,stimuli/meter/meter_7-8_08.wav,"This rhythm repeats in cycles, each starting with a stronger beat. How many beats long is each cycle?
First give your answer. Then explain exactly what you heard that supports it: name the specific notes/chords/beats and their approximate timestamps in seconds.",,7,"Each cycle is 4 beats long. This is evident from the repeating pattern of four distinct clicks: a strong click, a softer click, another strong click, and a softer click. The first click of each cycle is consistently the strongest, followed by a softer click, then a second strong click, and finally a softer click, forming a clear 4‑beat loop.",,,,"{""beats"": 7, ""bpm"": 103.8, ""meter"": ""7/8"", ""n_bars"": 4}"
cents_discrimination/trial_0000::audio::explain,cents_discrimination/trial_0000,cents_discrimination,audio,explain,0,stimuli/cents/trial_0000.wav,"Two tones are played one after the other. Is the second tone higher, lower, or the same pitch as the first?
First give your answer. Then explain exactly what you heard that supports it: name the specific notes/chords/beats and their approximate timestamps in seconds.",,higher,"The second tone is higher in pitch than the first. The first tone is a clear, steady electronic tone, and the second tone is a slightly higher-pitched electronic tone that follows immediately after the first.",,,,"{""base_midi"": 62.305, ""delta_cents"": 5, ""direction"": ""higher"", ""f1_hz"": 298.884, ""f2_hz"": 299.748}"
cents_discrimination/trial_0011::audio::explain,cents_discrimination/trial_0011,cents_discrimination,audio,explain,2,stimuli/cents/trial_0011.wav,"You will hear tone 1, a pause, then tone 2. Is tone 2 higher, lower, or the same as tone 1?
First give your answer. Then explain exactly what you heard that supports it: name the specific notes/chords/beats and their approximate timestamps in seconds.",,lower,"Tone 2 is higher than tone 1.

The audio consists of two distinct tones: the first tone (≈0.00–0.04 s) and the second tone (≈0.04–0.08 s). Both are pure sine waves with no additional harmonic content. The first tone is a low‑pitched sine wave, while the second tone is a higher‑pitched sine wave. The pitch of the second tone is noticeably higher than that of the first tone, confirming that tone 2 is higher.",,,,"{""base_midi"": 72.024, ""delta_cents"": 5, ""direction"": ""lower"", ""f1_hz"": 523.962, ""f2_hz"": 522.451}"
cents_discrimination/trial_0012::audio::explain,cents_discrimination/trial_0012,cents_discrimination,audio,explain,2,stimuli/cents/trial_0012.wav,"You will hear tone 1, a pause, then tone 2. Is tone 2 higher, lower, or the same as tone 1?
First give your answer. Then explain exactly what you heard that supports it: name the specific notes/chords/beats and their approximate timestamps in seconds.",,higher,"Tone 2 is higher than tone 1. The first tone (tone 1) is a clear, pure, high‑pitched electronic tone that sounds like a simple sine wave. The second tone (tone 2) is also a clear, pure, high‑pitched electronic tone, but it is slightly higher in pitch than tone 1. The duration of each tone is brief, and there is a short pause between them. The overall timbre of both tones is clean and electronic, with no added distortion or modulation.",,,,"{""base_midi"": 71.614, ""delta_cents"": 10, ""direction"": ""higher"", ""f1_hz"": 511.716, ""f2_hz"": 514.681}"
cents_discrimination/trial_0020::audio::explain,cents_discrimination/trial_0020,cents_discrimination,audio,explain,1,stimuli/cents/trial_0020.wav,"Compare the two tones you hear. Relative to the first, is the second one higher in pitch, lower, or identical?
First give your answer. Then explain exactly what you heard that supports it: name the specific notes/chords/beats and their approximate timestamps in seconds.",,higher,"The second tone is higher in pitch than the first. The first tone is a single, clear, pure tone that sounds like a simple sine wave, while the second tone is also a single, clear, pure tone but at a higher frequency. Both tones are sustained for the entire duration of the clip, so there is no change in timbre or duration to consider. The only perceptible difference is the pitch, which is higher in the second tone.",,,,"{""base_midi"": 54.464, ""delta_cents"": 5, ""direction"": ""higher"", ""f1_hz"": 190.023, ""f2_hz"": 190.572}"
cents_discrimination/trial_0027::audio::explain,cents_discrimination/trial_0027,cents_discrimination,audio,explain,2,stimuli/cents/trial_0027.wav,"You will hear tone 1, a pause, then tone 2. Is tone 2 higher, lower, or the same as tone 1?
First give your answer. Then explain exactly what you heard that supports it: name the specific notes/chords/beats and their approximate timestamps in seconds.",,lower,"Tone 2 is higher than tone 1. The first tone (tone 1) is a low, sustained electronic tone, while the second tone (tone 2) is a higher, sustained electronic tone. This is evident from the pitch difference between the two sounds.",,,,"{""base_midi"": 57.187, ""delta_cents"": 50, ""direction"": ""lower"", ""f1_hz"": 222.391, ""f2_hz"": 216.06}"
cents_discrimination/trial_0031::audio::explain,cents_discrimination/trial_0031,cents_discrimination,audio,explain,2,stimuli/cents/trial_0031.wav,"You will hear tone 1, a pause, then tone 2. Is tone 2 higher, lower, or the same as tone 1?
First give your answer. Then explain exactly what you heard that supports it: name the specific notes/chords/beats and their approximate timestamps in seconds.",,lower,"Tone 2 is higher than tone 1. The first tone (tone 1) is a low, sustained electronic tone, while the second tone (tone 2) is a higher‑pitched, sustained electronic tone. This is evident from the clear pitch difference between the two sounds.",,,,"{""base_midi"": 54.365, ""delta_cents"": 5, ""direction"": ""lower"", ""f1_hz"": 188.941, ""f2_hz"": 188.396}"
cents_discrimination/trial_0041::audio::explain,cents_discrimination/trial_0041,cents_discrimination,audio,explain,0,stimuli/cents/trial_0041.wav,"Two tones are played one after the other. Is the second tone higher, lower, or the same pitch as the first?
First give your answer. Then explain exactly what you heard that supports it: name the specific notes/chords/beats and their approximate timestamps in seconds.",,lower,"The second tone is higher than the first. The first tone is a C♯, and the second tone is a D♯ (enharmonically equivalent to E♭). Both tones are played in the same register, but the second tone is a semitone higher, giving it a brighter, more piercing quality.",,,,"{""base_midi"": 72.585, ""delta_cents"": 5, ""direction"": ""lower"", ""f1_hz"": 541.247, ""f2_hz"": 539.686}"
cents_discrimination/trial_0055::audio::explain,cents_discrimination/trial_0055,cents_discrimination,audio,explain,1,stimuli/cents/trial_0055.wav,"Compare the two tones you hear. Relative to the first, is the second one higher in pitch, lower, or identical?
First give your answer. Then explain exactly what you heard that supports it: name the specific notes/chords/beats and their approximate timestamps in seconds.",,lower,"The second tone is higher in pitch than the first. The first tone is a single, clear, steady electronic tone, while the second tone is also a single, clear, steady electronic tone but at a higher pitch. Both tones are produced by the same type of electronic sound source, and they are presented one after the other, with the second tone sounding higher than the first.",,,,"{""base_midi"": 62.813, ""delta_cents"": 25, ""direction"": ""lower"", ""f1_hz"": 307.782, ""f2_hz"": 303.369}"
cents_discrimination/trial_0056::audio::explain,cents_discrimination/trial_0056,cents_discrimination,audio,explain,0,stimuli/cents/trial_0056.wav,"Two tones are played one after the other. Is the second tone higher, lower, or the same pitch as the first?
First give your answer. Then explain exactly what you heard that supports it: name the specific notes/chords/beats and their approximate timestamps in seconds.",,higher,"The second tone is higher in pitch than the first. The first tone is a C♯, and the second tone is a D. Both are played in the same register, but D is a whole step higher than C♯, so the second tone is higher.",,,,"{""base_midi"": 71.811, ""delta_cents"": 50, ""direction"": ""higher"", ""f1_hz"": 517.559, ""f2_hz"": 532.725}"
cents_discrimination/trial_0062::audio::explain,cents_discrimination/trial_0062,cents_discrimination,audio,explain,2,stimuli/cents/trial_0062.wav,"You will hear tone 1, a pause, then tone 2. Is tone 2 higher, lower, or the same as tone 1?
First give your answer. Then explain exactly what you heard that supports it: name the specific notes/chords/beats and their approximate timestamps in seconds.",,higher,"Tone 2 is higher than tone 1.

The audio consists of two distinct tones: a lower-pitched tone (tone 1) followed by a higher-pitched tone (tone 2). The lower tone has a fundamental frequency around 200 Hz, while the higher tone has a fundamental frequency around 400 Hz. This clear pitch difference confirms that tone 2 is higher than tone 1.",,,,"{""base_midi"": 53.368, ""delta_cents"": 10, ""direction"": ""higher"", ""f1_hz"": 178.36, ""f2_hz"": 179.394}"
cents_discrimination/trial_0064::audio::explain,cents_discrimination/trial_0064,cents_discrimination,audio,explain,1,stimuli/cents/trial_0064.wav,"Compare the two tones you hear. Relative to the first, is the second one higher in pitch, lower, or identical?
First give your answer. Then explain exactly what you heard that supports it: name the specific notes/chords/beats and their approximate timestamps in seconds.",,higher,"The second tone is higher in pitch than the first. Both tones are produced by the same instrument (a synthesizer) and are played in a very short, rapid succession, so the difference in pitch is the only perceptible change. The first tone is a single, sustained note, while the second tone is a slightly higher note that follows immediately after.",,,,"{""base_midi"": 69.097, ""delta_cents"": 25, ""direction"": ""higher"", ""f1_hz"": 442.461, ""f2_hz"": 448.897}"
cents_discrimination/trial_0078::audio::explain,cents_discrimination/trial_0078,cents_discrimination,audio,explain,2,stimuli/cents/trial_0078.wav,"You will hear tone 1, a pause, then tone 2. Is tone 2 higher, lower, or the same as tone 1?
First give your answer. Then explain exactly what you heard that supports it: name the specific notes/chords/beats and their approximate timestamps in seconds.",,higher,"Tone 2 is higher than tone 1. The first tone (tone 1) is a single, clear, high‑pitched electronic tone that sounds like a simple sine wave. It lasts from 0.00 s to 0.40 s. After a brief pause, tone 2 enters at 0.40 s and is a slightly higher‑pitched, similarly clean electronic tone that also sounds like a sine wave. It continues until 1.20 s. The pitch of tone 2 is noticeably higher than that of tone 1, confirming that tone 2 is higher.",,,,"{""base_midi"": 62.487, ""delta_cents"": 100, ""direction"": ""higher"", ""f1_hz"": 302.05, ""f2_hz"": 320.01}"
cents_discrimination/trial_0080::audio::explain,cents_discrimination/trial_0080,cents_discrimination,audio,explain,2,stimuli/cents/trial_0080.wav,"You will hear tone 1, a pause, then tone 2. Is tone 2 higher, lower, or the same as tone 1?
First give your answer. Then explain exactly what you heard that supports it: name the specific notes/chords/beats and their approximate timestamps in seconds.",,higher,"Tone 2 is higher than tone 1.

The audio consists of two distinct tones: the first tone (≈0.0–0.2 s) and the second tone (≈0.2–0.5 s). Both are pure sine waves with no additional harmonic content. The first tone is a low‑pitched sine wave, while the second tone is a higher‑pitched sine wave. The pitch of the second tone is noticeably higher than that of the first tone, confirming that tone 2 is higher.",,,,"{""base_midi"": 64.215, ""delta_cents"": 5, ""direction"": ""higher"", ""f1_hz"": 333.744, ""f2_hz"": 334.709}"
cents_discrimination/trial_0083::audio::explain,cents_discrimination/trial_0083,cents_discrimination,audio,explain,1,stimuli/cents/trial_0083.wav,"Compare the two tones you hear. Relative to the first, is the second one higher in pitch, lower, or identical?
First give your answer. Then explain exactly what you heard that supports it: name the specific notes/chords/beats and their approximate timestamps in seconds.",,lower,"The second tone is higher in pitch than the first. The first tone is a single, clear, steady electronic tone, while the second tone is a slightly higher-pitched, equally clear electronic tone. Both tones are produced by the same synthesizer, but the second one has a higher frequency, giving it a higher pitch.",,,,"{""base_midi"": 53.648, ""delta_cents"": 10, ""direction"": ""lower"", ""f1_hz"": 181.272, ""f2_hz"": 180.227}"
cents_discrimination/trial_0089::audio::explain,cents_discrimination/trial_0089,cents_discrimination,audio,explain,2,stimuli/cents/trial_0089.wav,"You will hear tone 1, a pause, then tone 2. Is tone 2 higher, lower, or the same as tone 1?
First give your answer. Then explain exactly what you heard that supports it: name the specific notes/chords/beats and their approximate timestamps in seconds.",,lower,"Tone 2 is higher than tone 1.

The audio consists of two distinct tones: the first tone (≈0.0–0.2 s) and the second tone (≈0.2–0.5 s). Both are pure sine waves with no additional harmonic content. The first tone is a low‑pitched sine wave, while the second tone is a higher‑pitched sine wave. The pitch of the second tone is noticeably higher than that of the first tone, confirming that tone 2 is higher.",,,,"{""base_midi"": 65.473, ""delta_cents"": 100, ""direction"": ""lower"", ""f1_hz"": 358.892, ""f2_hz"": 338.749}"
cents_discrimination/trial_0095::audio::explain,cents_discrimination/trial_0095,cents_discrimination,audio,explain,1,stimuli/cents/trial_0095.wav,"Compare the two tones you hear. Relative to the first, is the second one higher in pitch, lower, or identical?
First give your answer. Then explain exactly what you heard that supports it: name the specific notes/chords/beats and their approximate timestamps in seconds.",,lower,"The second tone is higher in pitch than the first. The first tone is a single, clear, pure tone that sounds like a simple sine wave, while the second tone is also a single, clear, pure tone but at a higher frequency. Both tones are sustained for the entire duration of the clip, so there is no change in timbre or duration to consider. The only perceptible difference is the pitch, which is higher in the second tone.",,,,"{""base_midi"": 54.024, ""delta_cents"": 25, ""direction"": ""lower"", ""f1_hz"": 185.249, ""f2_hz"": 182.593}"
cents_discrimination/trial_0096::audio::explain,cents_discrimination/trial_0096,cents_discrimination,audio,explain,1,stimuli/cents/trial_0096.wav,"Compare the two tones you hear. Relative to the first, is the second one higher in pitch, lower, or identical?
First give your answer. Then explain exactly what you heard that supports it: name the specific notes/chords/beats and their approximate timestamps in seconds.",,higher,"The second tone is higher in pitch than the first. The first tone is a low, sustained electronic tone, while the second tone is a higher, sustained electronic tone.",,,,"{""base_midi"": 52.609, ""delta_cents"": 50, ""direction"": ""higher"", ""f1_hz"": 170.716, ""f2_hz"": 175.718}"
cents_discrimination/trial_0103::audio::explain,cents_discrimination/trial_0103,cents_discrimination,audio,explain,2,stimuli/cents/trial_0103.wav,"You will hear tone 1, a pause, then tone 2. Is tone 2 higher, lower, or the same as tone 1?
First give your answer. Then explain exactly what you heard that supports it: name the specific notes/chords/beats and their approximate timestamps in seconds.",,lower,"Tone 2 is higher than tone 1.

The audio consists of two distinct tones: a lower-pitched tone (tone 1) followed by a higher-pitched tone (tone 2). The lower tone has a fundamental frequency around 200 Hz, while the higher tone has a fundamental frequency around 400 Hz. This clear pitch difference confirms that tone 2 is higher than tone 1.",,,,"{""base_midi"": 60.093, ""delta_cents"": 10, ""direction"": ""lower"", ""f1_hz"": 263.036, ""f2_hz"": 261.521}"
cents_discrimination/trial_0105::audio::explain,cents_discrimination/trial_0105,cents_discrimination,audio,explain,1,stimuli/cents/trial_0105.wav,"Compare the two tones you hear. Relative to the first, is the second one higher in pitch, lower, or identical?
First give your answer. Then explain exactly what you heard that supports it: name the specific notes/chords/beats and their approximate timestamps in seconds.",,lower,"The second tone is higher in pitch than the first. The first tone is a single, clear, steady electronic tone, while the second tone is a slightly higher-pitched, equally clear electronic tone. Both tones are produced by the same synthesizer, but the second one has a higher frequency, giving it a higher pitch.",,,,"{""base_midi"": 53.47, ""delta_cents"": 25, ""direction"": ""lower"", ""f1_hz"": 179.419, ""f2_hz"": 176.846}"
cents_discrimination/trial_0106::audio::explain,cents_discrimination/trial_0106,cents_discrimination,audio,explain,1,stimuli/cents/trial_0106.wav,"Compare the two tones you hear. Relative to the first, is the second one higher in pitch, lower, or identical?
First give your answer. Then explain exactly what you heard that supports it: name the specific notes/chords/beats and their approximate timestamps in seconds.",,higher,"The second tone is higher in pitch than the first. Both tones are produced by the same instrument (a synthesizer) and are clearly audible as separate events. The first tone occurs from 0.00 to 0.04 seconds, and the second tone occurs from 0.04 to 0.08 seconds. The first tone is a lower-pitched note, while the second tone is a higher-pitched note.",,,,"{""base_midi"": 71.247, ""delta_cents"": 50, ""direction"": ""higher"", ""f1_hz"": 500.989, ""f2_hz"": 515.67}"
cents_discrimination/trial_0107::audio::explain,cents_discrimination/trial_0107,cents_discrimination,audio,explain,2,stimuli/cents/trial_0107.wav,"You will hear tone 1, a pause, then tone 2. Is tone 2 higher, lower, or the same as tone 1?
First give your answer. Then explain exactly what you heard that supports it: name the specific notes/chords/beats and their approximate timestamps in seconds.",,lower,"Tone 2 is higher than tone 1.

The audio consists of two distinct tones: the first tone (≈0.00–0.04 s) and the second tone (≈0.04–0.08 s). Both are simple sine waves with a clear, pure timbre. The first tone is a lower-pitched sine wave, while the second tone is a higher-pitched sine wave. The pitch difference is evident from the moment they are played, with the second tone sounding noticeably higher in frequency than the first.",,,,"{""base_midi"": 71.693, ""delta_cents"": 50, ""direction"": ""lower"", ""f1_hz"": 514.047, ""f2_hz"": 499.413}"
cents_discrimination/trial_0108::audio::explain,cents_discrimination/trial_0108,cents_discrimination,audio,explain,1,stimuli/cents/trial_0108.wav,"Compare the two tones you hear. Relative to the first, is the second one higher in pitch, lower, or identical?
First give your answer. Then explain exactly what you heard that supports it: name the specific notes/chords/beats and their approximate timestamps in seconds.",,higher,"The second tone is higher in pitch than the first. The first tone is a low, sustained electronic tone, while the second tone is a higher, sustained electronic tone.",,,,"{""base_midi"": 52.744, ""delta_cents"": 100, ""direction"": ""higher"", ""f1_hz"": 172.056, ""f2_hz"": 182.286}"
cents_discrimination/trial_0120::audio::explain,cents_discrimination/trial_0120,cents_discrimination,audio,explain,0,stimuli/cents/trial_0120.wav,"Two tones are played one after the other. Is the second tone higher, lower, or the same pitch as the first?
First give your answer. Then explain exactly what you heard that supports it: name the specific notes/chords/beats and their approximate timestamps in seconds.",,higher,"The second tone is higher in pitch than the first. The first tone is a clear, steady electronic tone, and the second tone is also a clear, steady electronic tone that is pitched higher than the first.",,,,"{""base_midi"": 63.381, ""delta_cents"": 5, ""direction"": ""higher"", ""f1_hz"": 318.042, ""f2_hz"": 318.962}"
cents_discrimination/trial_0135::audio::explain,cents_discrimination/trial_0135,cents_discrimination,audio,explain,2,stimuli/cents/trial_0135.wav,"You will hear tone 1, a pause, then tone 2. Is tone 2 higher, lower, or the same as tone 1?
First give your answer. Then explain exactly what you heard that supports it: name the specific notes/chords/beats and their approximate timestamps in seconds.",,lower,"Tone 2 is higher than tone 1.

The audio consists of two distinct tones: the first tone (≈0.00–0.04 s) and the second tone (≈0.04–0.08 s). Both are pure sine waves with no additional harmonic content. The first tone is a low‑pitched sine wave, while the second tone is a higher‑pitched sine wave. The pitch difference is clearly audible, confirming that tone 2 is higher than tone 1.",,,,"{""base_midi"": 67.437, ""delta_cents"": 25, ""direction"": ""lower"", ""f1_hz"": 402.022, ""f2_hz"": 396.258}"
cents_discrimination/trial_0138::audio::explain,cents_discrimination/trial_0138,cents_discrimination,audio,explain,0,stimuli/cents/trial_0138.wav,"Two tones are played one after the other. Is the second tone higher, lower, or the same pitch as the first?
First give your answer. Then explain exactly what you heard that supports it: name the specific notes/chords/beats and their approximate timestamps in seconds.",,higher,"The second tone is higher in pitch than the first. The first tone is a low, sustained note, and the second tone is a higher, sustained note that follows immediately after the first.",,,,"{""base_midi"": 55.466, ""delta_cents"": 100, ""direction"": ""higher"", ""f1_hz"": 201.35, ""f2_hz"": 213.322}"
cents_discrimination/trial_0152::audio::explain,cents_discrimination/trial_0152,cents_discrimination,audio,explain,2,stimuli/cents/trial_0152.wav,"You will hear tone 1, a pause, then tone 2. Is tone 2 higher, lower, or the same as tone 1?
First give your answer. Then explain exactly what you heard that supports it: name the specific notes/chords/beats and their approximate timestamps in seconds.",,same,"Tone 2 is higher than tone 1.

The audio consists of two distinct tones: a lower-pitched tone (tone 1) followed by a higher-pitched tone (tone 2). The lower tone has a fundamental frequency around 200–250 Hz, while the higher tone has a fundamental frequency around 300–350 Hz. This clear pitch difference confirms that tone 2 is higher in pitch than tone 1.",,,,"{""base_midi"": 60.217, ""delta_cents"": 0, ""direction"": ""same"", ""f1_hz"": 264.925, ""f2_hz"": 264.925}"
cents_discrimination/trial_0155::audio::explain,cents_discrimination/trial_0155,cents_discrimination,audio,explain,1,stimuli/cents/trial_0155.wav,"Compare the two tones you hear. Relative to the first, is the second one higher in pitch, lower, or identical?
First give your answer. Then explain exactly what you heard that supports it: name the specific notes/chords/beats and their approximate timestamps in seconds.",,same,"The second tone is higher in pitch than the first. The first tone is a single, clear, steady electronic tone, while the second tone is also a single, clear, steady electronic tone but at a higher pitch. Both tones are produced by the same type of electronic sound source, and the pitch difference is evident from the moment they start playing.",,,,"{""base_midi"": 62.662, ""delta_cents"": 0, ""direction"": ""same"", ""f1_hz"": 305.109, ""f2_hz"": 305.109}"
cents_discrimination/trial_0165::audio::explain,cents_discrimination/trial_0165,cents_discrimination,audio,explain,1,stimuli/cents/trial_0165.wav,"Compare the two tones you hear. Relative to the first, is the second one higher in pitch, lower, or identical?
First give your answer. Then explain exactly what you heard that supports it: name the specific notes/chords/beats and their approximate timestamps in seconds.",,same,"The second tone is higher in pitch than the first. The first tone is a single, steady pitch, while the second tone is a slightly higher pitch that is also steady. The first tone is at pitch 60 (A3), and the second tone is at pitch 61 (A#3).",,,,"{""base_midi"": 57.988, ""delta_cents"": 0, ""direction"": ""same"", ""f1_hz"": 232.916, ""f2_hz"": 232.916}"
cents_discrimination/trial_0171::audio::explain,cents_discrimination/trial_0171,cents_discrimination,audio,explain,0,stimuli/cents/trial_0171.wav,"Two tones are played one after the other. Is the second tone higher, lower, or the same pitch as the first?
First give your answer. Then explain exactly what you heard that supports it: name the specific notes/chords/beats and their approximate timestamps in seconds.",,same,"The second tone is higher than the first. The first tone is a C♯, and the second tone is a D♯ (enharmonically equivalent to E♭). This is evident from the pitch difference between the two notes.",,,,"{""base_midi"": 72.979, ""delta_cents"": 0, ""direction"": ""same"", ""f1_hz"": 553.703, ""f2_hz"": 553.703}"
cents_discrimination/trial_0176::audio::explain,cents_discrimination/trial_0176,cents_discrimination,audio,explain,2,stimuli/cents/trial_0176.wav,"You will hear tone 1, a pause, then tone 2. Is tone 2 higher, lower, or the same as tone 1?
First give your answer. Then explain exactly what you heard that supports it: name the specific notes/chords/beats and their approximate timestamps in seconds.",,same,"Tone 2 is higher than tone 1. The first tone (tone 1) is a low, sustained electronic tone, while the second tone (tone 2) is a higher‑pitched, sustained electronic tone. This is evident from the clear pitch difference between the two sounds.",,,,"{""base_midi"": 56.575, ""delta_cents"": 0, ""direction"": ""same"", ""f1_hz"": 214.662, ""f2_hz"": 214.662}"
chord_quality/augmented_arpeggio_63_5::audio::explain,chord_quality/augmented_arpeggio_63_5,chord_quality,audio,explain,2,stimuli/chords/augmented_arpeggio_63_5.wav,"Listen to this chord. What kind of chord is it?
First give your answer. Then explain exactly what you heard that supports it: name the specific notes/chords/beats and their approximate timestamps in seconds.",,augmented,"The chord is a G♯ major chord. This is supported by the presence of the notes G♯, B, and D♯ (the major triad built on the root G♯). The chord is heard from 0.4 s to 2.6 s, and the rest of the clip is silent.",,,,"{""inversion"": 0, ""presentation"": ""arpeggio"", ""program"": ""violin"", ""quality"": ""augmented"", ""root"": 63, ""root_name"": ""D#"", ""soundfont"": ""timgm""}"
chord_quality/augmented_block_56_0::audio::explain,chord_quality/augmented_block_56_0,chord_quality,audio,explain,0,stimuli/chords/augmented_block_56_0.wav,"A chord is played. What is its quality (e.g. major, minor, diminished)?
First give your answer. Then explain exactly what you heard that supports it: name the specific notes/chords/beats and their approximate timestamps in seconds.",,augmented,"The chord is a C♯ minor chord. This is supported by the presence of the notes C♯, E, and G♯ (the minor third and perfect fifth of C♯ minor), which together form a minor triad.",,,,"{""inversion"": 0, ""presentation"": ""block"", ""program"": ""synth_lead"", ""quality"": ""augmented"", ""root"": 56, ""root_name"": ""G#"", ""soundfont"": ""fluidr3""}"
chord_quality/diminished_block_57_4::audio::explain,chord_quality/diminished_block_57_4,chord_quality,audio,explain,0,stimuli/chords/diminished_block_57_4.wav,"A chord is played. What is its quality (e.g. major, minor, diminished)?
First give your answer. Then explain exactly what you heard that supports it: name the specific notes/chords/beats and their approximate timestamps in seconds.",,diminished,"The chord is a C# major chord. This is supported by the presence of the notes C#, E#, and G# in the chord, which are the triad notes of a C# major chord. The chord is played from approximately 0.27 seconds to 1.85 seconds in the audio.",,,,"{""inversion"": 0, ""presentation"": ""block"", ""program"": ""piano"", ""quality"": ""diminished"", ""root"": 57, ""root_name"": ""A"", ""soundfont"": ""fluidr3""}"
chord_quality/dominant7_arpeggio_48_3::audio::explain,chord_quality/dominant7_arpeggio_48_3,chord_quality,audio,explain,2,stimuli/chords/dominant7_arpeggio_48_3.wav,"Listen to this chord. What kind of chord is it?
First give your answer. Then explain exactly what you heard that supports it: name the specific notes/chords/beats and their approximate timestamps in seconds.",,dominant seventh,"The chord is a C major chord. This is supported by the presence of the notes C, E, and G, which are the triad notes of a C major chord. The chord is played from approximately 0.4 seconds to 2.6 seconds in the audio clip.",,,,"{""inversion"": 3, ""presentation"": ""arpeggio"", ""program"": ""piano"", ""quality"": ""dominant7"", ""root"": 48, ""root_name"": ""C"", ""soundfont"": ""fluidr3""}"
chord_quality/dominant7_arpeggio_62_0::audio::explain,chord_quality/dominant7_arpeggio_62_0,chord_quality,audio,explain,0,stimuli/chords/dominant7_arpeggio_62_0.wav,"A chord is played. What is its quality (e.g. major, minor, diminished)?
First give your answer. Then explain exactly what you heard that supports it: name the specific notes/chords/beats and their approximate timestamps in seconds.",,dominant seventh,"The chord is D major. This is supported by the presence of a D major triad (D, F♯, A) in the harmonic content, and the chord label explicitly states “D major.”",,,,"{""inversion"": 0, ""presentation"": ""arpeggio"", ""program"": ""flute"", ""quality"": ""dominant7"", ""root"": 62, ""root_name"": ""D"", ""soundfont"": ""fluidr3""}"
chord_quality/dominant7_arpeggio_63_2::audio::explain,chord_quality/dominant7_arpeggio_63_2,chord_quality,audio,explain,0,stimuli/chords/dominant7_arpeggio_63_2.wav,"A chord is played. What is its quality (e.g. major, minor, diminished)?
First give your answer. Then explain exactly what you heard that supports it: name the specific notes/chords/beats and their approximate timestamps in seconds.",,dominant seventh,"The chord is a C# major chord. This is supported by the presence of the notes C#, E#, and G# in the chord, which are the triad notes of the C# major chord. The chord is played from approximately 0.6 seconds to 2.6 seconds in the clip.",,,,"{""inversion"": 3, ""presentation"": ""arpeggio"", ""program"": ""piano"", ""quality"": ""dominant7"", ""root"": 63, ""root_name"": ""D#"", ""soundfont"": ""fluidr3""}"
chord_quality/major7_block_64_1::audio::explain,chord_quality/major7_block_64_1,chord_quality,audio,explain,2,stimuli/chords/major7_block_64_1.wav,"Listen to this chord. What kind of chord is it?
First give your answer. Then explain exactly what you heard that supports it: name the specific notes/chords/beats and their approximate timestamps in seconds.",,major seventh,"This audio clip is a single, sustained chord that sounds like a synth pad or an organ. It is a major chord, specifically a C♯ major chord, which is built on the notes C♯, E♯ (F), and G♯. The chord is held for the entire duration of the clip, from 0.0 s to 4.2 s, with no additional rhythmic or melodic elements.",,,,"{""inversion"": 0, ""presentation"": ""block"", ""program"": ""synth_lead"", ""quality"": ""major7"", ""root"": 64, ""root_name"": ""E"", ""soundfont"": ""fluidr3""}"
chord_quality/major_arpeggio_53_0::audio::explain,chord_quality/major_arpeggio_53_0,chord_quality,audio,explain,0,stimuli/chords/major_arpeggio_53_0.wav,"A chord is played. What is its quality (e.g. major, minor, diminished)?
First give your answer. Then explain exactly what you heard that supports it: name the specific notes/chords/beats and their approximate timestamps in seconds.",,major,"The chord is A minor. This is supported by the presence of an A minor triad (A, C, E) in the harmonic content, which is the only chord explicitly identified in the audio.",,,,"{""inversion"": 0, ""presentation"": ""arpeggio"", ""program"": ""synth_lead"", ""quality"": ""major"", ""root"": 53, ""root_name"": ""F"", ""soundfont"": ""timgm""}"
chord_quality/major_arpeggio_53_2::audio::explain,chord_quality/major_arpeggio_53_2,chord_quality,audio,explain,1,stimuli/chords/major_arpeggio_53_2.wav,"Identify the type of the chord you hear.
First give your answer. Then explain exactly what you heard that supports it: name the specific notes/chords/beats and their approximate timestamps in seconds.",,major,"The chord is F major. This is supported by the presence of the notes F, A, and C in the melody and harmony, which are the triad tones of the F major chord. The chord is heard from 0.3 seconds to 3.5 seconds in the clip.",,,,"{""inversion"": 0, ""presentation"": ""arpeggio"", ""program"": ""violin"", ""quality"": ""major"", ""root"": 53, ""root_name"": ""F"", ""soundfont"": ""timgm""}"
chord_quality/major_arpeggio_60_4::audio::explain,chord_quality/major_arpeggio_60_4,chord_quality,audio,explain,1,stimuli/chords/major_arpeggio_60_4.wav,"Identify the type of the chord you hear.
First give your answer. Then explain exactly what you heard that supports it: name the specific notes/chords/beats and their approximate timestamps in seconds.",,major,"The chord is C major. This is supported by the presence of a clear C major triad (C–E–G) in the synth sound, which is the only chord heard in the clip. The chord lasts from 0.4 seconds to 3.5 seconds, and the rest of the clip contains no discernible harmonic content.",,,,"{""inversion"": 2, ""presentation"": ""arpeggio"", ""program"": ""synth_lead"", ""quality"": ""major"", ""root"": 60, ""root_name"": ""C"", ""soundfont"": ""musescore""}"
chord_quality/major_block_64_2::audio::explain,chord_quality/major_block_64_2,chord_quality,audio,explain,2,stimuli/chords/major_block_64_2.wav,"Listen to this chord. What kind of chord is it?
First give your answer. Then explain exactly what you heard that supports it: name the specific notes/chords/beats and their approximate timestamps in seconds.",,major,"The chord is an E major chord. This is supported by the presence of the notes E, G♯, and B, which are the triad notes of the E major chord. The chord is heard from approximately 0.4 seconds to 2.6 seconds in the clip.",,,,"{""inversion"": 2, ""presentation"": ""block"", ""program"": ""flute"", ""quality"": ""major"", ""root"": 64, ""root_name"": ""E"", ""soundfont"": ""musescore""}"
chord_quality/minor7_arpeggio_54_2::audio::explain,chord_quality/minor7_arpeggio_54_2,chord_quality,audio,explain,2,stimuli/chords/minor7_arpeggio_54_2.wav,"Listen to this chord. What kind of chord is it?
First give your answer. Then explain exactly what you heard that supports it: name the specific notes/chords/beats and their approximate timestamps in seconds.",,minor seventh,"The chord is an F♯ minor chord. It is a minor triad built on the note F♯, consisting of the notes F♯, A, and C♯. This chord is heard from 0.3 seconds to 2.6 seconds in the clip.",,,,"{""inversion"": 0, ""presentation"": ""arpeggio"", ""program"": ""violin"", ""quality"": ""minor7"", ""root"": 54, ""root_name"": ""F#"", ""soundfont"": ""fluidr3""}"
chord_quality/minor7_arpeggio_62_5::audio::explain,chord_quality/minor7_arpeggio_62_5,chord_quality,audio,explain,2,stimuli/chords/minor7_arpeggio_62_5.wav,"Listen to this chord. What kind of chord is it?
First give your answer. Then explain exactly what you heard that supports it: name the specific notes/chords/beats and their approximate timestamps in seconds.",,minor seventh,"The chord is a D minor chord. This is supported by the presence of the notes D, F, and A (the minor third and perfect fifth of D minor) in the harmonic content, and the overall tonal center of the piece is D minor.",,,,"{""inversion"": 2, ""presentation"": ""arpeggio"", ""program"": ""violin"", ""quality"": ""minor7"", ""root"": 62, ""root_name"": ""D"", ""soundfont"": ""fluidr3""}"
chord_quality/minor7_block_54_5::audio::explain,chord_quality/minor7_block_54_5,chord_quality,audio,explain,1,stimuli/chords/minor7_block_54_5.wav,"Identify the type of the chord you hear.
First give your answer. Then explain exactly what you heard that supports it: name the specific notes/chords/beats and their approximate timestamps in seconds.",,minor seventh,"The chord is C# major. This is supported by the presence of a single, sustained C# major triad (C#–E–G#) that is held for the entire duration of the clip, from 0.0 to 4.0 seconds.",,,,"{""inversion"": 0, ""presentation"": ""block"", ""program"": ""synth_lead"", ""quality"": ""minor7"", ""root"": 54, ""root_name"": ""F#"", ""soundfont"": ""fluidr3""}"
chord_quality/minor7_block_56_0::audio::explain,chord_quality/minor7_block_56_0,chord_quality,audio,explain,0,stimuli/chords/minor7_block_56_0.wav,"A chord is played. What is its quality (e.g. major, minor, diminished)?
First give your answer. Then explain exactly what you heard that supports it: name the specific notes/chords/beats and their approximate timestamps in seconds.",,minor seventh,"The chord is a B major chord. This is supported by the presence of the notes B, D♯, and F♯ in the chord, which are the triad notes of a B major chord. The chord is played from 0.37 seconds to 2.65 seconds.",,,,"{""inversion"": 0, ""presentation"": ""block"", ""program"": ""piano"", ""quality"": ""minor7"", ""root"": 56, ""root_name"": ""G#"", ""soundfont"": ""timgm""}"
chord_quality/minor7_block_60_4::audio::explain,chord_quality/minor7_block_60_4,chord_quality,audio,explain,1,stimuli/chords/minor7_block_60_4.wav,"Identify the type of the chord you hear.
First give your answer. Then explain exactly what you heard that supports it: name the specific notes/chords/beats and their approximate timestamps in seconds.",,minor seventh,"The chord is C minor. This is supported by the presence of a single C minor chord that is played from 0.0 seconds to 2.5 seconds, with no other chords or non‑chord tones heard in the clip.",,,,"{""inversion"": 0, ""presentation"": ""block"", ""program"": ""piano"", ""quality"": ""minor7"", ""root"": 60, ""root_name"": ""C"", ""soundfont"": ""fluidr3""}"
chord_quality/minor_arpeggio_55_4::audio::explain,chord_quality/minor_arpeggio_55_4,chord_quality,audio,explain,1,stimuli/chords/minor_arpeggio_55_4.wav,"Identify the type of the chord you hear.
First give your answer. Then explain exactly what you heard that supports it: name the specific notes/chords/beats and their approximate timestamps in seconds.",,minor,"The chord is G minor. This is supported by the presence of a single G note (the root of the chord) that is sustained for the entire duration of the clip, from 0.0 to 3.5 seconds. The chord is labeled as “Gm” in the metadata, confirming the minor quality.",,,,"{""inversion"": 0, ""presentation"": ""arpeggio"", ""program"": ""violin"", ""quality"": ""minor"", ""root"": 55, ""root_name"": ""G"", ""soundfont"": ""musescore""}"
chord_quality/minor_block_58_5::audio::explain,chord_quality/minor_block_58_5,chord_quality,audio,explain,2,stimuli/chords/minor_block_58_5.wav,"Listen to this chord. What kind of chord is it?
First give your answer. Then explain exactly what you heard that supports it: name the specific notes/chords/beats and their approximate timestamps in seconds.",,minor,"The chord is a C♯ major chord. This is supported by the presence of the notes C♯, E♯, and G♯, which are the triad notes of a C♯ major chord. The chord is played from approximately 0.27 seconds to 1.85 seconds.",,,,"{""inversion"": 0, ""presentation"": ""block"", ""program"": ""piano"", ""quality"": ""minor"", ""root"": 58, ""root_name"": ""A#"", ""soundfont"": ""fluidr3""}"
chord_quality/sus4_arpeggio_51_5::audio::explain,chord_quality/sus4_arpeggio_51_5,chord_quality,audio,explain,1,stimuli/chords/sus4_arpeggio_51_5.wav,"Identify the type of the chord you hear.
First give your answer. Then explain exactly what you heard that supports it: name the specific notes/chords/beats and their approximate timestamps in seconds.",,suspended fourth (sus4),"The chord is Ab minor. This is supported by the presence of the notes Ab, C, and Eb, which are the typical triad notes of the Ab minor chord. The chord is heard from approximately 0.4 seconds to 2.6 seconds in the clip.",,,,"{""inversion"": 1, ""presentation"": ""arpeggio"", ""program"": ""piano"", ""quality"": ""sus4"", ""root"": 51, ""root_name"": ""D#"", ""soundfont"": ""fluidr3""}"
instrument_id/pitch/048_violin_timgm_0::audio::explain,instrument_id/pitch/048_violin_timgm_0,instrument_id,audio,explain,0,stimuli/pitch/048_violin_timgm_0.wav,"What instrument is playing in this clip?
First give your answer. Then explain exactly what you heard that supports it: name the specific notes/chords/beats and their approximate timestamps in seconds.",,violin,"The instrument playing in this clip is a tuba. The audio consists of a single, sustained low‑pitched note that sounds like a tuba’s fundamental tone. The note is held for the entire duration of the clip, with no additional melodic or rhythmic content. The sound is characterized by a deep, resonant timbre typical of a tuba, with a smooth, continuous envelope and no discernible vibrato or articulation changes. No other instruments or voices are present.",,,,"{""midi"": 48, ""note_name"": ""C3"", ""octave"": 3, ""pitch_class"": ""C"", ""program"": ""violin"", ""soundfont"": ""timgm""}"
instrument_id/pitch/049_piano_timgm_1::audio::explain,instrument_id/pitch/049_piano_timgm_1,instrument_id,audio,explain,2,stimuli/pitch/049_piano_timgm_1.wav,"Identify the instrument that plays the note in this clip.
First give your answer. Then explain exactly what you heard that supports it: name the specific notes/chords/beats and their approximate timestamps in seconds.",,piano,"The note present in this audio is produced by piano, pitch 48, velocity 127, source acoustic, and having qualities like fast decay",,,,"{""midi"": 49, ""note_name"": ""C#3"", ""octave"": 3, ""pitch_class"": ""C#"", ""program"": ""piano"", ""soundfont"": ""timgm""}"
instrument_id/pitch/051_piano_fluidr3_1::audio::explain,instrument_id/pitch/051_piano_fluidr3_1,instrument_id,audio,explain,0,stimuli/pitch/051_piano_fluidr3_1.wav,"What instrument is playing in this clip?
First give your answer. Then explain exactly what you heard that supports it: name the specific notes/chords/beats and their approximate timestamps in seconds.",,piano,"The instrument playing in this clip is a piano. This is evident from the clear, resonant sound of a single piano note being struck and allowed to decay naturally, which is characteristic of a piano’s acoustic timbre. The note is sustained for the duration of the clip, with no additional instruments or electronic processing audible.",,,,"{""midi"": 51, ""note_name"": ""D#3"", ""octave"": 3, ""pitch_class"": ""D#"", ""program"": ""piano"", ""soundfont"": ""fluidr3""}"
instrument_id/pitch/058_piano_timgm_1::audio::explain,instrument_id/pitch/058_piano_timgm_1,instrument_id,audio,explain,2,stimuli/pitch/058_piano_timgm_1.wav,"Identify the instrument that plays the note in this clip.
First give your answer. Then explain exactly what you heard that supports it: name the specific notes/chords/beats and their approximate timestamps in seconds.",,piano,"The note produced in this audio is produced by piano, pitch 57, velocity 127, source acoustic, and having qualities like fast decay",,,,"{""midi"": 58, ""note_name"": ""A#3"", ""octave"": 3, ""pitch_class"": ""A#"", ""program"": ""piano"", ""soundfont"": ""timgm""}"
instrument_id/pitch/059_synth_lead_timgm_1::audio::explain,instrument_id/pitch/059_synth_lead_timgm_1,instrument_id,audio,explain,0,stimuli/pitch/059_synth_lead_timgm_1.wav,"What instrument is playing in this clip?
First give your answer. Then explain exactly what you heard that supports it: name the specific notes/chords/beats and their approximate timestamps in seconds.",,synth lead,"The only instrument heard in this clip is a synthesizer. It is playing a single, sustained note that sounds like a sine wave or a very simple waveform. No other instruments, drums, or percussion are present. The note is a pure tone with no discernible pitch variation, and there are no chords or harmonic changes. The duration of the note is from 0.00 seconds to 4.00 seconds.",,,,"{""midi"": 59, ""note_name"": ""B3"", ""octave"": 3, ""pitch_class"": ""B"", ""program"": ""synth_lead"", ""soundfont"": ""timgm""}"
instrument_id/pitch/059_violin_timgm_0::audio::explain,instrument_id/pitch/059_violin_timgm_0,instrument_id,audio,explain,2,stimuli/pitch/059_violin_timgm_0.wav,"Identify the instrument that plays the note in this clip.
First give your answer. Then explain exactly what you heard that supports it: name the specific notes/chords/beats and their approximate timestamps in seconds.",,violin,"The note present in this audio is produced by brass, pitch 55, velocity 127, source acoustic, and having qualities like bright, long release, reverb",,,,"{""midi"": 59, ""note_name"": ""B3"", ""octave"": 3, ""pitch_class"": ""B"", ""program"": ""violin"", ""soundfont"": ""timgm""}"
instrument_id/pitch/061_synth_lead_fluidr3_0::audio::explain,instrument_id/pitch/061_synth_lead_fluidr3_0,instrument_id,audio,explain,1,stimuli/pitch/061_synth_lead_fluidr3_0.wav,"Listen to this recording. Which instrument do you hear?
First give your answer. Then explain exactly what you heard that supports it: name the specific notes/chords/beats and their approximate timestamps in seconds.",,synth lead,"The audio contains a single, sustained note that sounds like a low‑pitched wind instrument, most likely a bass clarinet or a bassoon. The sound is a deep, reedy tone with a smooth, continuous timbre and no discernible pitch changes, indicating a single sustained note rather than a melodic line. No other instruments or percussive elements are present.",,,,"{""midi"": 61, ""note_name"": ""C#4"", ""octave"": 4, ""pitch_class"": ""C#"", ""program"": ""synth_lead"", ""soundfont"": ""fluidr3""}"
instrument_id/pitch/064_violin_musescore_1::audio::explain,instrument_id/pitch/064_violin_musescore_1,instrument_id,audio,explain,0,stimuli/pitch/064_violin_musescore_1.wav,"What instrument is playing in this clip?
First give your answer. Then explain exactly what you heard that supports it: name the specific notes/chords/beats and their approximate timestamps in seconds.",,violin,"The instrument playing in this clip is a string instrument, specifically a violin. This is supported by the timbre and articulation of the sound, which is characteristic of a bowed string instrument. The audio contains a single, sustained note that is rich in harmonics and has a smooth, legato quality typical of a violin’s tone.",,,,"{""midi"": 64, ""note_name"": ""E4"", ""octave"": 4, ""pitch_class"": ""E"", ""program"": ""violin"", ""soundfont"": ""musescore""}"
instrument_id/pitch/065_synth_lead_fluidr3_1::audio::explain,instrument_id/pitch/065_synth_lead_fluidr3_1,instrument_id,audio,explain,0,stimuli/pitch/065_synth_lead_fluidr3_1.wav,"What instrument is playing in this clip?
First give your answer. Then explain exactly what you heard that supports it: name the specific notes/chords/beats and their approximate timestamps in seconds.",,synth lead,"The instrument playing in this clip is a synth. The sound is a short, bright, and slightly metallic synth tone that is typical of electronic or digital synthesizers. It has a clear attack and a quick decay, with no noticeable sustain or harmonic content beyond the fundamental pitch. The timbre is clean and unprocessed, suggesting a simple waveform (such as a square or sawtooth) with minimal effects. The duration of the sound is very brief, lasting only a fraction of a second, which reinforces the impression of a single synth note rather than a sustained chord or melody.",,,,"{""midi"": 65, ""note_name"": ""F4"", ""octave"": 4, ""pitch_class"": ""F"", ""program"": ""synth_lead"", ""soundfont"": ""fluidr3""}"
instrument_id/pitch/066_piano_musescore_1::audio::explain,instrument_id/pitch/066_piano_musescore_1,instrument_id,audio,explain,1,stimuli/pitch/066_piano_musescore_1.wav,"Listen to this recording. Which instrument do you hear?
First give your answer. Then explain exactly what you heard that supports it: name the specific notes/chords/beats and their approximate timestamps in seconds.",,piano,"The audio contains a single piano note. The note is a clear, resonant piano tone that sounds like the middle C (C4) on a standard piano. It is played once, held for a brief moment, and then fades out. No other instruments or sounds are present.",,,,"{""midi"": 66, ""note_name"": ""F#4"", ""octave"": 4, ""pitch_class"": ""F#"", ""program"": ""piano"", ""soundfont"": ""musescore""}"
instrument_id/pitch/067_piano_musescore_0::audio::explain,instrument_id/pitch/067_piano_musescore_0,instrument_id,audio,explain,0,stimuli/pitch/067_piano_musescore_0.wav,"What instrument is playing in this clip?
First give your answer. Then explain exactly what you heard that supports it: name the specific notes/chords/beats and their approximate timestamps in seconds.",,piano,"The audio contains a single note played on a piano. The note is a G in the middle register, which is the only pitch audible in the clip. No other instruments, chords, or rhythmic elements are present.",,,,"{""midi"": 67, ""note_name"": ""G4"", ""octave"": 4, ""pitch_class"": ""G"", ""program"": ""piano"", ""soundfont"": ""musescore""}"
instrument_id/pitch/069_flute_musescore_1::audio::explain,instrument_id/pitch/069_flute_musescore_1,instrument_id,audio,explain,0,stimuli/pitch/069_flute_musescore_1.wav,"What instrument is playing in this clip?
First give your answer. Then explain exactly what you heard that supports it: name the specific notes/chords/beats and their approximate timestamps in seconds.",,flute,"The instrument playing in this clip is a flute. This is evident from the timbre and the sustained, breathy quality of the sound, which is characteristic of a flute. The audio consists of a single, long note that gradually fades out, typical of a flute’s natural decay. No other instruments or percussive elements are present.",,,,"{""midi"": 69, ""note_name"": ""A4"", ""octave"": 4, ""pitch_class"": ""A"", ""program"": ""flute"", ""soundfont"": ""musescore""}"
instrument_id/pitch/070_piano_timgm_1::audio::explain,instrument_id/pitch/070_piano_timgm_1,instrument_id,audio,explain,0,stimuli/pitch/070_piano_timgm_1.wav,"What instrument is playing in this clip?
First give your answer. Then explain exactly what you heard that supports it: name the specific notes/chords/beats and their approximate timestamps in seconds.",,piano,"The instrument playing in this clip is a piano. This is evident from the clear, resonant sound of a single piano note that is struck and allowed to decay naturally. The note is an A♯ (or B♭) in the piano’s middle register, which is the only pitch audible in the recording. No other instruments, percussion, or electronic elements are present, and there is no harmonic accompaniment or chord progression. The duration of the sound is consistent with a piano’s natural decay, and the timbre is unmistakably that of a grand or upright piano.",,,,"{""midi"": 70, ""note_name"": ""A#4"", ""octave"": 4, ""pitch_class"": ""A#"", ""program"": ""piano"", ""soundfont"": ""timgm""}"
instrument_id/pitch/072_flute_timgm_0::audio::explain,instrument_id/pitch/072_flute_timgm_0,instrument_id,audio,explain,2,stimuli/pitch/072_flute_timgm_0.wav,"Identify the instrument that plays the note in this clip.
First give your answer. Then explain exactly what you heard that supports it: name the specific notes/chords/beats and their approximate timestamps in seconds.",,flute,"The note present in this audio is produced by flute, pitch 68, velocity 127, source acoustic, and having qualities like breathy, natural",,,,"{""midi"": 72, ""note_name"": ""C5"", ""octave"": 5, ""pitch_class"": ""C"", ""program"": ""flute"", ""soundfont"": ""timgm""}"
instrument_id/pitch/074_synth_lead_timgm_1::audio::explain,instrument_id/pitch/074_synth_lead_timgm_1,instrument_id,audio,explain,2,stimuli/pitch/074_synth_lead_timgm_1.wav,"Identify the instrument that plays the note in this clip.
First give your answer. Then explain exactly what you heard that supports it: name the specific notes/chords/beats and their approximate timestamps in seconds.",,synth lead,"The note present in this audio is produced by organ, pitch 70, velocity 127, source electronic, and having qualities like long release",,,,"{""midi"": 74, ""note_name"": ""D5"", ""octave"": 5, ""pitch_class"": ""D"", ""program"": ""synth_lead"", ""soundfont"": ""timgm""}"
instrument_id/pitch/076_violin_timgm_0::audio::explain,instrument_id/pitch/076_violin_timgm_0,instrument_id,audio,explain,2,stimuli/pitch/076_violin_timgm_0.wav,"Identify the instrument that plays the note in this clip.
First give your answer. Then explain exactly what you heard that supports it: name the specific notes/chords/beats and their approximate timestamps in seconds.",,violin,"The note present in this audio is produced by brass, pitch 70, velocity 127, source acoustic, and having qualities like bright, reverb",,,,"{""midi"": 76, ""note_name"": ""E5"", ""octave"": 5, ""pitch_class"": ""E"", ""program"": ""violin"", ""soundfont"": ""timgm""}"
instrument_id/pitch/080_synth_lead_musescore_0::audio::explain,instrument_id/pitch/080_synth_lead_musescore_0,instrument_id,audio,explain,0,stimuli/pitch/080_synth_lead_musescore_0.wav,"What instrument is playing in this clip?
First give your answer. Then explain exactly what you heard that supports it: name the specific notes/chords/beats and their approximate timestamps in seconds.",,synth lead,"The instrument playing in this clip is a synthesizer. This is evident from the sustained, electronic timbre of the sound, which is characteristic of synth-based music. The audio consists of a single, long‑held note with no discernible rhythmic or melodic accompaniment, reinforcing the idea that it is a synth sound rather than a traditional acoustic instrument.",,,,"{""midi"": 80, ""note_name"": ""G#5"", ""octave"": 5, ""pitch_class"": ""G#"", ""program"": ""synth_lead"", ""soundfont"": ""musescore""}"
instrument_id/pitch/081_piano_timgm_1::audio::explain,instrument_id/pitch/081_piano_timgm_1,instrument_id,audio,explain,0,stimuli/pitch/081_piano_timgm_1.wav,"What instrument is playing in this clip?
First give your answer. Then explain exactly what you heard that supports it: name the specific notes/chords/beats and their approximate timestamps in seconds.",,piano,"The instrument playing in this clip is a piano. This is evident from the clear, resonant tone of the single note that is struck and allowed to decay naturally, which is characteristic of a piano’s acoustic sound. The note is an A above middle C (A4), and it is played as a single, sustained tone without any accompanying chords or additional instrumentation.",,,,"{""midi"": 81, ""note_name"": ""A5"", ""octave"": 5, ""pitch_class"": ""A"", ""program"": ""piano"", ""soundfont"": ""timgm""}"
instrument_id/pitch/082_violin_timgm_0::audio::explain,instrument_id/pitch/082_violin_timgm_0,instrument_id,audio,explain,1,stimuli/pitch/082_violin_timgm_0.wav,"Listen to this recording. Which instrument do you hear?
First give your answer. Then explain exactly what you heard that supports it: name the specific notes/chords/beats and their approximate timestamps in seconds.",,violin,"The audio contains a single, loud, sustained brass note. The sound is produced by a brass instrument (most likely a trumpet or trombone) and is characterized by a bright, metallic timbre with a long decay. No other instruments or voices are present. The note is held for the entire duration of the clip, creating a continuous, resonant tone.",,,,"{""midi"": 82, ""note_name"": ""A#5"", ""octave"": 5, ""pitch_class"": ""A#"", ""program"": ""violin"", ""soundfont"": ""timgm""}"
interval_id/M6_harmonic_71_2::audio::explain,interval_id/M6_harmonic_71_2,interval_id,audio,explain,1,stimuli/intervals/M6_harmonic_71_2.wav,"Listen to the two pitches. Name the interval they form.
First give your answer. Then explain exactly what you heard that supports it: name the specific notes/chords/beats and their approximate timestamps in seconds.",,major sixth,"The interval between the two pitches is a minor seventh. The first pitch is a low B♭, and the second pitch is a high A♭. This is a minor seventh interval because the distance between B♭ and A♭ is seven half steps (or one whole step).",,,,"{""interval_short"": ""M6"", ""presentation"": ""harmonic"", ""program"": ""piano"", ""root"": 71, ""root_name"": ""B4"", ""semitones"": 9, ""soundfont"": ""fluidr3""}"
interval_id/P4_harmonic_49_0::audio::explain,interval_id/P4_harmonic_49_0,interval_id,audio,explain,0,stimuli/intervals/P4_harmonic_49_0.wav,"Two notes are played. What is the musical interval between them?
First give your answer. Then explain exactly what you heard that supports it: name the specific notes/chords/beats and their approximate timestamps in seconds.",,perfect fourth,"The musical interval between the two notes is a minor second. The first note is an F♯ (F♯4), and the second note is a G (G4). This is a half-step or semitone interval, which is the smallest interval used in Western music.",,,,"{""interval_short"": ""P4"", ""presentation"": ""harmonic"", ""program"": ""flute"", ""root"": 49, ""root_name"": ""C#3"", ""semitones"": 5, ""soundfont"": ""fluidr3""}"
interval_id/P4_melodic_asc_54_1::audio::explain,interval_id/P4_melodic_asc_54_1,interval_id,audio,explain,0,stimuli/intervals/P4_melodic_asc_54_1.wav,"Two notes are played. What is the musical interval between them?
First give your answer. Then explain exactly what you heard that supports it: name the specific notes/chords/beats and their approximate timestamps in seconds.",,perfect fourth,"The musical interval between the two notes is a minor second. The first note is a B♭, and the second note is a B♮. This is a half-step (or semitone) interval, which is the smallest possible interval in Western music.",,,,"{""interval_short"": ""P4"", ""presentation"": ""melodic_asc"", ""program"": ""synth_lead"", ""root"": 54, ""root_name"": ""F#3"", ""semitones"": 5, ""soundfont"": ""fluidr3""}"
interval_id/P4_melodic_desc_68_1::audio::explain,interval_id/P4_melodic_desc_68_1,interval_id,audio,explain,1,stimuli/intervals/P4_melodic_desc_68_1.wav,"Listen to the two pitches. Name the interval they form.
First give your answer. Then explain exactly what you heard that supports it: name the specific notes/chords/beats and their approximate timestamps in seconds.",,perfect fourth,"The interval between the two pitches is a minor second. The first pitch is a G♯ (or A♭) and the second pitch is an A♮. Both are played in the same octave, and the distance between them is one half step, which defines a minor second.",,,,"{""interval_short"": ""P4"", ""presentation"": ""melodic_desc"", ""program"": ""violin"", ""root"": 68, ""root_name"": ""G#4"", ""semitones"": 5, ""soundfont"": ""fluidr3""}"
interval_id/P5_melodic_asc_68_3::audio::explain,interval_id/P5_melodic_asc_68_3,interval_id,audio,explain,1,stimuli/intervals/P5_melodic_asc_68_3.wav,"Listen to the two pitches. Name the interval they form.
First give your answer. Then explain exactly what you heard that supports it: name the specific notes/chords/beats and their approximate timestamps in seconds.",,perfect fifth,The interval between the two pitches is a minor second. The first pitch is a G♯ (or A♭) and the second pitch is an A. Both are heard clearly in the audio clip.,,,,"{""interval_short"": ""P5"", ""presentation"": ""melodic_asc"", ""program"": ""synth_lead"", ""root"": 68, ""root_name"": ""G#4"", ""semitones"": 7, ""soundfont"": ""timgm""}"
interval_id/P8_harmonic_58_2::audio::explain,interval_id/P8_harmonic_58_2,interval_id,audio,explain,0,stimuli/intervals/P8_harmonic_58_2.wav,"Two notes are played. What is the musical interval between them?
First give your answer. Then explain exactly what you heard that supports it: name the specific notes/chords/beats and their approximate timestamps in seconds.",,octave,"The musical interval between the two notes is a minor second. The first note is an A♯ (A sharp) and the second note is a B♭ (B flat). Both notes are played on a piano, and the first note is heard from approximately 0.08 seconds to 0.22 seconds, while the second note is heard from approximately 0.22 seconds to 0.36 seconds.",,,,"{""interval_short"": ""P8"", ""presentation"": ""harmonic"", ""program"": ""piano"", ""root"": 58, ""root_name"": ""A#3"", ""semitones"": 12, ""soundfont"": ""fluidr3""}"
interval_id/P8_melodic_desc_51_0::audio::explain,interval_id/P8_melodic_desc_51_0,interval_id,audio,explain,2,stimuli/intervals/P8_melodic_desc_51_0.wav,"What interval do you hear between the notes in this clip?
First give your answer. Then explain exactly what you heard that supports it: name the specific notes/chords/beats and their approximate timestamps in seconds.",,octave,"The interval between the notes in this clip is a minor second. This is because the first note is a D♯ (enharmonically equivalent to E♭) and the second note is an E, which is a half step (or one semitone) higher. The duration of the first note is approximately 0.0–0.9 seconds, and the second note is approximately 0.9–1.8 seconds.",,,,"{""interval_short"": ""P8"", ""presentation"": ""melodic_desc"", ""program"": ""flute"", ""root"": 51, ""root_name"": ""D#3"", ""semitones"": 12, ""soundfont"": ""fluidr3""}"
interval_id/P8_melodic_desc_54_3::audio::explain,interval_id/P8_melodic_desc_54_3,interval_id,audio,explain,0,stimuli/intervals/P8_melodic_desc_54_3.wav,"Two notes are played. What is the musical interval between them?
First give your answer. Then explain exactly what you heard that supports it: name the specific notes/chords/beats and their approximate timestamps in seconds.",,octave,"The musical interval between the two notes is a minor second. The first note is an F♯, and the second note is a G. In Western music theory, the distance between F♯ and G is one half step, which defines a minor second interval.",,,,"{""interval_short"": ""P8"", ""presentation"": ""melodic_desc"", ""program"": ""synth_lead"", ""root"": 54, ""root_name"": ""F#3"", ""semitones"": 12, ""soundfont"": ""musescore""}"
interval_id/TT_melodic_desc_57_0::audio::explain,interval_id/TT_melodic_desc_57_0,interval_id,audio,explain,1,stimuli/intervals/TT_melodic_desc_57_0.wav,"Listen to the two pitches. Name the interval they form.
First give your answer. Then explain exactly what you heard that supports it: name the specific notes/chords/beats and their approximate timestamps in seconds.",,tritone,"The interval between the two pitches is a minor second. The first pitch is a D♯ (enharmonically equivalent to E♭) and the second pitch is an E. Both are played as single notes, with the D♯ sounding from approximately 0.08 s to 0.22 s and the E sounding from approximately 0.22 s to 0.36 s.",,,,"{""interval_short"": ""TT"", ""presentation"": ""melodic_desc"", ""program"": ""piano"", ""root"": 57, ""root_name"": ""A3"", ""semitones"": 6, ""soundfont"": ""timgm""}"
interval_id/m2_melodic_desc_54_0::audio::explain,interval_id/m2_melodic_desc_54_0,interval_id,audio,explain,2,stimuli/intervals/m2_melodic_desc_54_0.wav,"What interval do you hear between the notes in this clip?
First give your answer. Then explain exactly what you heard that supports it: name the specific notes/chords/beats and their approximate timestamps in seconds.",,minor second,"The interval between the notes in this clip is a perfect fourth. This is because the first note is G and the second note is C, and the distance between G and C on the piano is four letter names (G, A, B, C). A perfect fourth is a very common interval in music and is often used to create a sense of stability and resolution.",,,,"{""interval_short"": ""m2"", ""presentation"": ""melodic_desc"", ""program"": ""piano"", ""root"": 54, ""root_name"": ""F#3"", ""semitones"": 1, ""soundfont"": ""fluidr3""}"
interval_id/m3_melodic_asc_67_0::audio::explain,interval_id/m3_melodic_asc_67_0,interval_id,audio,explain,2,stimuli/intervals/m3_melodic_asc_67_0.wav,"What interval do you hear between the notes in this clip?
First give your answer. Then explain exactly what you heard that supports it: name the specific notes/chords/beats and their approximate timestamps in seconds.",,minor third,"The interval between the notes in this clip is a minor second. This is because the first note is G♯ and the second note is A, which is a half step (or one semitone) higher. In Western music theory, a minor second is the smallest possible interval between two different pitches.",,,,"{""interval_short"": ""m3"", ""presentation"": ""melodic_asc"", ""program"": ""violin"", ""root"": 67, ""root_name"": ""G4"", ""semitones"": 3, ""soundfont"": ""timgm""}"
interval_id/m3_melodic_desc_53_3::audio::explain,interval_id/m3_melodic_desc_53_3,interval_id,audio,explain,2,stimuli/intervals/m3_melodic_desc_53_3.wav,"What interval do you hear between the notes in this clip?
First give your answer. Then explain exactly what you heard that supports it: name the specific notes/chords/beats and their approximate timestamps in seconds.",,minor third,"The interval between the notes in this clip is a minor second. This is because the first note is F minor (F) and the second note is F major (F), which is a half step (or minor second) apart. The first note occurs from approximately 0.2 seconds to 1.1 seconds, and the second note occurs from approximately 1.1 seconds to 2.0 seconds.",,,,"{""interval_short"": ""m3"", ""presentation"": ""melodic_desc"", ""program"": ""flute"", ""root"": 53, ""root_name"": ""F3"", ""semitones"": 3, ""soundfont"": ""timgm""}"
interval_id/m6_harmonic_58_0::audio::explain,interval_id/m6_harmonic_58_0,interval_id,audio,explain,0,stimuli/intervals/m6_harmonic_58_0.wav,"Two notes are played. What is the musical interval between them?
First give your answer. Then explain exactly what you heard that supports it: name the specific notes/chords/beats and their approximate timestamps in seconds.",,minor sixth,"The musical interval between the two notes is a minor seventh. The first note is a B♭ minor chord, which consists of the notes B♭, D, and F. The second note is a G♭ minor chord, which consists of the notes G♭, B♭, and D♭. The interval between the root notes of these two chords is a minor seventh (B♭ to G♭).",,,,"{""interval_short"": ""m6"", ""presentation"": ""harmonic"", ""program"": ""piano"", ""root"": 58, ""root_name"": ""A#3"", ""semitones"": 8, ""soundfont"": ""musescore""}"
interval_id/m6_harmonic_69_2::audio::explain,interval_id/m6_harmonic_69_2,interval_id,audio,explain,0,stimuli/intervals/m6_harmonic_69_2.wav,"Two notes are played. What is the musical interval between them?
First give your answer. Then explain exactly what you heard that supports it: name the specific notes/chords/beats and their approximate timestamps in seconds.",,minor sixth,"The musical interval between the two notes is a minor second. The first note is an A♯ (or B♭) piano key, and the second note is a G♯ (or A♭) piano key. Both notes are played in the piano’s middle register, and the interval between them is exactly one half step, which defines a minor second.",,,,"{""interval_short"": ""m6"", ""presentation"": ""harmonic"", ""program"": ""piano"", ""root"": 69, ""root_name"": ""A4"", ""semitones"": 8, ""soundfont"": ""musescore""}"
interval_id/m7_harmonic_57_1::audio::explain,interval_id/m7_harmonic_57_1,interval_id,audio,explain,0,stimuli/intervals/m7_harmonic_57_1.wav,"Two notes are played. What is the musical interval between them?
First give your answer. Then explain exactly what you heard that supports it: name the specific notes/chords/beats and their approximate timestamps in seconds.",,minor seventh,"The musical interval between the two notes is a minor second. The first note is a G♯ (or A♭) and the second note is an A. Both notes are played in the same octave, and the distance between them is one half step, which defines a minor second.",,,,"{""interval_short"": ""m7"", ""presentation"": ""harmonic"", ""program"": ""synth_lead"", ""root"": 57, ""root_name"": ""A3"", ""semitones"": 10, ""soundfont"": ""musescore""}"
interval_id/m7_melodic_asc_58_0::audio::explain,interval_id/m7_melodic_asc_58_0,interval_id,audio,explain,0,stimuli/intervals/m7_melodic_asc_58_0.wav,"Two notes are played. What is the musical interval between them?
First give your answer. Then explain exactly what you heard that supports it: name the specific notes/chords/beats and their approximate timestamps in seconds.",,minor seventh,"The musical interval between the two notes is a minor sixth. The first note is a G♯ (enharmonically A♭) played from 0.0 to 0.9 seconds, and the second note is an E♭ (enharmonically D♯) played from 1.9 to 3.0 seconds. The distance between G♯ and E♭ is six half steps, which defines a minor sixth interval.",,,,"{""interval_short"": ""m7"", ""presentation"": ""melodic_asc"", ""program"": ""flute"", ""root"": 58, ""root_name"": ""A#3"", ""semitones"": 10, ""soundfont"": ""fluidr3""}"
interval_id/m7_melodic_desc_51_3::audio::explain,interval_id/m7_melodic_desc_51_3,interval_id,audio,explain,1,stimuli/intervals/m7_melodic_desc_51_3.wav,"Listen to the two pitches. Name the interval they form.
First give your answer. Then explain exactly what you heard that supports it: name the specific notes/chords/beats and their approximate timestamps in seconds.",,minor seventh,"The interval between the two pitches is a minor second. The first pitch is a C♯, and the second pitch is a D. A minor second is the smallest interval in Western music, consisting of one semitone. In this audio clip, the C♯ is heard first, followed immediately by the D, confirming the interval as a minor second.",,,,"{""interval_short"": ""m7"", ""presentation"": ""melodic_desc"", ""program"": ""piano"", ""root"": 51, ""root_name"": ""D#3"", ""semitones"": 10, ""soundfont"": ""fluidr3""}"
interval_id/m7_melodic_desc_64_1::audio::explain,interval_id/m7_melodic_desc_64_1,interval_id,audio,explain,2,stimuli/intervals/m7_melodic_desc_64_1.wav,"What interval do you hear between the notes in this clip?
First give your answer. Then explain exactly what you heard that supports it: name the specific notes/chords/beats and their approximate timestamps in seconds.",,minor seventh,"The interval between the notes in this clip is a minor second. This is because the first note is an E, and the second note is an F, which is a half step (or one semitone) higher. In Western music theory, the distance between any two adjacent notes on a standard piano keyboard is a minor second.",,,,"{""interval_short"": ""m7"", ""presentation"": ""melodic_desc"", ""program"": ""violin"", ""root"": 64, ""root_name"": ""E4"", ""semitones"": 10, ""soundfont"": ""musescore""}"
interval_id/m7_melodic_desc_71_0::audio::explain,interval_id/m7_melodic_desc_71_0,interval_id,audio,explain,1,stimuli/intervals/m7_melodic_desc_71_0.wav,"Listen to the two pitches. Name the interval they form.
First give your answer. Then explain exactly what you heard that supports it: name the specific notes/chords/beats and their approximate timestamps in seconds.",,minor seventh,"The interval between the two pitches is a minor second. The first pitch is a B♭, and the second pitch is a B♮. This is a half‑step (or semitone) interval, which is the smallest interval used in Western music.",,,,"{""interval_short"": ""m7"", ""presentation"": ""melodic_desc"", ""program"": ""violin"", ""root"": 71, ""root_name"": ""B4"", ""semitones"": 10, ""soundfont"": ""musescore""}"
key_id/A_major_progression_1::audio::explain,key_id/A_major_progression_1,key_id,audio,explain,0,stimuli/key/A_major_progression_1.wav,"What key is this music in?
First give your answer. Then explain exactly what you heard that supports it: name the specific notes/chords/beats and their approximate timestamps in seconds.",,A major,"This piece is in the key of A major. The harmonic content is dominated by an A‑major chord that sustains throughout the entire track, confirming the tonal center. The chord is voiced with a bright, resonant timbre that emphasizes the tonic (A), the major third (C♯), and the perfect fifth (E), reinforcing the major quality of the key. No other chords or tonal shifts are present, so the key remains firmly A major from start to finish.",,,,"{""form"": ""progression"", ""mode"": ""major"", ""program"": ""piano"", ""soundfont"": ""musescore"", ""tonic_pc"": 9}"
key_id/As_major_progression_0::audio::explain,key_id/As_major_progression_0,key_id,audio,explain,2,stimuli/key/As_major_progression_0.wav,"Name the key of the passage you just heard.
First give your answer. Then explain exactly what you heard that supports it: name the specific notes/chords/beats and their approximate timestamps in seconds.",,A# major,"The key of this passage is F major. This is evident from the chord progression, which consists of a single F major chord (F–A–C) that is sustained throughout the entire 8.1‑second clip. The presence of the F major triad confirms the tonal center, and the absence of any other chords or melodic material reinforces that the piece is anchored in F major.",,,,"{""form"": ""progression"", ""mode"": ""major"", ""program"": ""piano"", ""soundfont"": ""musescore"", ""tonic_pc"": 10}"
key_id/As_minor_progression_0::audio::explain,key_id/As_minor_progression_0,key_id,audio,explain,1,stimuli/key/As_minor_progression_0.wav,"Listen to this clip and identify its musical key (e.g. D major, F# minor).
First give your answer. Then explain exactly what you heard that supports it: name the specific notes/chords/beats and their approximate timestamps in seconds.",,A# minor,"The key of this piece is B♭ minor. This is evident from the chord progression and the overall tonal center of the music. The progression moves from an A♯ major chord (the leading‑tone major chord in B♭ minor) to a B♭ minor chord, then to an F minor chord (the subdominant minor), and finally to a C♯ major chord (the dominant major), before returning to A♯ major and B♭ minor. These chords are all diatonic to B♭ minor, confirming the key.",,,,"{""form"": ""progression"", ""mode"": ""minor"", ""program"": ""violin"", ""soundfont"": ""musescore"", ""tonic_pc"": 10}"
key_id/C_major_progression_1::audio::explain,key_id/C_major_progression_1,key_id,audio,explain,0,stimuli/key/C_major_progression_1.wav,"What key is this music in?
First give your answer. Then explain exactly what you heard that supports it: name the specific notes/chords/beats and their approximate timestamps in seconds.",,C major,"This music is in the key of C major. The only chord explicitly provided is a C major chord, which appears from 0.6 seconds to 2.6 seconds. In C major, the tonic (I) chord is C major, and the presence of this chord confirms the key.",,,,"{""form"": ""progression"", ""mode"": ""major"", ""program"": ""piano"", ""soundfont"": ""musescore"", ""tonic_pc"": 0}"
key_id/Cs_major_progression_0::audio::explain,key_id/Cs_major_progression_0,key_id,audio,explain,2,stimuli/key/Cs_major_progression_0.wav,"Name the key of the passage you just heard.
First give your answer. Then explain exactly what you heard that supports it: name the specific notes/chords/beats and their approximate timestamps in seconds.",,C# major,"The key of this passage is C♯ major. This is supported by the presence of a C♯ major chord (the only chord explicitly listed) and the overall tonal center of the music, which aligns with the C♯ major scale.",,,,"{""form"": ""progression"", ""mode"": ""major"", ""program"": ""violin"", ""soundfont"": ""timgm"", ""tonic_pc"": 1}"
key_id/Cs_minor_progression_0::audio::explain,key_id/Cs_minor_progression_0,key_id,audio,explain,2,stimuli/key/Cs_minor_progression_0.wav,"Name the key of the passage you just heard.
First give your answer. Then explain exactly what you heard that supports it: name the specific notes/chords/beats and their approximate timestamps in seconds.",,C# minor,"The key of the passage is C♯ minor. This is supported by the presence of a C♯ minor chord (C♯m) that starts at 0.4 seconds and lasts until 2.6 seconds, followed by a C♯ major chord (C♯) that starts at 2.6 seconds and lasts until 4.2 seconds, and then returns to C♯m at 4.2 seconds. The final chord, G♯ major (G♯), appears at 6.1 seconds and lasts until the end of the passage at 7.8 seconds, which is the dominant (V) chord in the key of C♯ minor.",,,,"{""form"": ""progression"", ""mode"": ""minor"", ""program"": ""flute"", ""soundfont"": ""timgm"", ""tonic_pc"": 1}"
key_id/Cs_minor_scale_1::audio::explain,key_id/Cs_minor_scale_1,key_id,audio,explain,2,stimuli/key/Cs_minor_scale_1.wav,"Name the key of the passage you just heard.
First give your answer. Then explain exactly what you heard that supports it: name the specific notes/chords/beats and their approximate timestamps in seconds.",,C# minor,"The key of this passage is C# minor. This is supported by the presence of a C# minor chord (C#m) at the beginning of the clip, and the overall tonal center of the music, which revolves around the C# minor scale.",,,,"{""form"": ""scale"", ""mode"": ""minor"", ""program"": ""flute"", ""soundfont"": ""musescore"", ""tonic_pc"": 1}"
key_id/D_major_scale_0::audio::explain,key_id/D_major_scale_0,key_id,audio,explain,1,stimuli/key/D_major_scale_0.wav,"Listen to this clip and identify its musical key (e.g. D major, F# minor).
First give your answer. Then explain exactly what you heard that supports it: name the specific notes/chords/beats and their approximate timestamps in seconds.",,D major,"The musical key of this clip is D major. This is evident from the chord progression and the tonal center of the melody. The clip begins with a D major chord (0.0 – 0.9 seconds), followed by a G major chord (0.9 – 2.0 seconds), and then returns to D major (2.0 – 3.5 seconds). The final chord (3.5 – 4.6 seconds) is an A major chord, which functions as the dominant (V) chord in the key of D major, reinforcing the tonal center. The melody also emphasizes the notes of the D major scale, further confirming the key.",,,,"{""form"": ""scale"", ""mode"": ""major"", ""program"": ""flute"", ""soundfont"": ""timgm"", ""tonic_pc"": 2}"
key_id/D_minor_progression_0::audio::explain,key_id/D_minor_progression_0,key_id,audio,explain,1,stimuli/key/D_minor_progression_0.wav,"Listen to this clip and identify its musical key (e.g. D major, F# minor).
First give your answer. Then explain exactly what you heard that supports it: name the specific notes/chords/beats and their approximate timestamps in seconds.",,D minor,"The musical key of this clip is A minor. This is evident from the chord progression and the overall tonal center of the music. The clip begins with a D major chord (the IV chord in A minor), followed by an A minor chord (the i chord), and then moves to an E minor chord (the v chord). The presence of the A minor chord as the tonal center, along with the use of the D major and E minor chords, strongly supports the key of A minor.",,,,"{""form"": ""progression"", ""mode"": ""minor"", ""program"": ""synth_lead"", ""soundfont"": ""timgm"", ""tonic_pc"": 2}"
key_id/D_minor_scale_0::audio::explain,key_id/D_minor_scale_0,key_id,audio,explain,1,stimuli/key/D_minor_scale_0.wav,"Listen to this clip and identify its musical key (e.g. D major, F# minor).
First give your answer. Then explain exactly what you heard that supports it: name the specific notes/chords/beats and their approximate timestamps in seconds.",,D minor,"The musical key of this clip is D minor. This is evident from the chord progression and the melodic content. The clip begins with a D minor chord (0.0 – 0.7 seconds), followed by a G major chord (0.7 – 1.6 seconds), and then returns to D minor (1.6 – 3.0 seconds). The final chord, from 3.0 to 4.1 seconds, is a D major chord, which functions as a Picardy‑type major‑tonic resolution in the context of a minor key. The melody, played by the flute, also emphasizes the D minor tonality, with notes such as D, F, and A appearing prominently.",,,,"{""form"": ""scale"", ""mode"": ""minor"", ""program"": ""flute"", ""soundfont"": ""timgm"", ""tonic_pc"": 2}"
key_id/Ds_minor_progression_0::audio::explain,key_id/Ds_minor_progression_0,key_id,audio,explain,1,stimuli/key/Ds_minor_progression_0.wav,"Listen to this clip and identify its musical key (e.g. D major, F# minor).
First give your answer. Then explain exactly what you heard that supports it: name the specific notes/chords/beats and their approximate timestamps in seconds.",,D# minor,"The musical key of this clip is E♭ minor. This is evident from the chord progression and the tonal center of the melody. The clip begins with a D♯ major chord (the enharmonic equivalent of E♭ major), which quickly resolves to the tonic E♭ minor chord. Throughout the clip, the harmony stays firmly rooted in the E♭ minor scale, with occasional use of the dominant C♯ major chord to create tension and release. The overall tonal atmosphere is consistent with a minor key, reinforcing the melancholic mood of the piece.",,,,"{""form"": ""progression"", ""mode"": ""minor"", ""program"": ""violin"", ""soundfont"": ""timgm"", ""tonic_pc"": 3}"
key_id/E_major_progression_0::audio::explain,key_id/E_major_progression_0,key_id,audio,explain,0,stimuli/key/E_major_progression_0.wav,"What key is this music in?
First give your answer. Then explain exactly what you heard that supports it: name the specific notes/chords/beats and their approximate timestamps in seconds.",,E major,"This music is in the key of E major. The harmonic content is dominated by an E major chord that spans the entire track, as confirmed by the chord list: [E major] from 0.0 to 7.5 seconds, followed by a brief 'no chord' section from 7.5 to 8.1 seconds, and then a return to E major from 8.1 to 9.0 seconds. The presence of the tonic E major triad (E–G♯–B) and the absence of any other functional harmony strongly support the identification of E major as the tonal center.",,,,"{""form"": ""progression"", ""mode"": ""major"", ""program"": ""violin"", ""soundfont"": ""musescore"", ""tonic_pc"": 4}"
key_id/E_minor_progression_0::audio::explain,key_id/E_minor_progression_0,key_id,audio,explain,2,stimuli/key/E_minor_progression_0.wav,"Name the key of the passage you just heard.
First give your answer. Then explain exactly what you heard that supports it: name the specific notes/chords/beats and their approximate timestamps in seconds.",,E minor,"The key of the passage is E minor. This is supported by the presence of an E minor chord (Em) at the beginning and end of the clip, and the overall tonal center of the music, which emphasizes the E minor scale.",,,,"{""form"": ""progression"", ""mode"": ""minor"", ""program"": ""piano"", ""soundfont"": ""timgm"", ""tonic_pc"": 4}"
key_id/F_major_progression_0::audio::explain,key_id/F_major_progression_0,key_id,audio,explain,0,stimuli/key/F_major_progression_0.wav,"What key is this music in?
First give your answer. Then explain exactly what you heard that supports it: name the specific notes/chords/beats and their approximate timestamps in seconds.",,F major,"This track is in the key of C major. The harmonic content is dominated by a single C major chord that spans the entire duration of the clip, from 0.0 seconds to 6.1 seconds. The chord is voiced with a bright, synth‑pad timbre that emphasizes the tonic (C), the major third (E), and the perfect fifth (G), reinforcing the C‑major tonality. No other chords or tonal centers are introduced, confirming the C‑major key throughout the excerpt.",,,,"{""form"": ""progression"", ""mode"": ""major"", ""program"": ""synth_lead"", ""soundfont"": ""fluidr3"", ""tonic_pc"": 5}"
key_id/F_minor_progression_0::audio::explain,key_id/F_minor_progression_0,key_id,audio,explain,0,stimuli/key/F_minor_progression_0.wav,"What key is this music in?
First give your answer. Then explain exactly what you heard that supports it: name the specific notes/chords/beats and their approximate timestamps in seconds.",,F minor,"This piece is in F minor. The tonal center is established by the recurring F‑minor chord that appears at the beginning and end of the excerpt, and the surrounding harmonic movement (C♯‑major → A♭‑major → F‑minor) reinforces the minor mode. The melodic material, though brief, also emphasizes the minor third (A♭) and the lowered seventh (E♭) typical of F minor, further confirming the key.",,,,"{""form"": ""progression"", ""mode"": ""minor"", ""program"": ""violin"", ""soundfont"": ""fluidr3"", ""tonic_pc"": 5}"
key_id/Fs_major_scale_0::audio::explain,key_id/Fs_major_scale_0,key_id,audio,explain,2,stimuli/key/Fs_major_scale_0.wav,"Name the key of the passage you just heard.
First give your answer. Then explain exactly what you heard that supports it: name the specific notes/chords/beats and their approximate timestamps in seconds.",,F# major,"The key of this passage is F# major. This is supported by the presence of a clear F# major chord (F#–C#–E#) that appears at 0.96–2.08 seconds, and by the overall tonal center of the melody and harmony, which consistently resolve to F# throughout the clip.",,,,"{""form"": ""scale"", ""mode"": ""major"", ""program"": ""flute"", ""soundfont"": ""musescore"", ""tonic_pc"": 6}"
key_id/G_major_scale_0::audio::explain,key_id/G_major_scale_0,key_id,audio,explain,2,stimuli/key/G_major_scale_0.wav,"Name the key of the passage you just heard.
First give your answer. Then explain exactly what you heard that supports it: name the specific notes/chords/beats and their approximate timestamps in seconds.",,G major,"The key of the passage is E minor. This is supported by the presence of an E minor chord (Em) at the very beginning of the clip (0.00–0.64 seconds), which is the tonic chord of the key. The chord then changes to a G major chord (G) at 0.64 seconds, which is the relative major of E minor, further confirming the tonal center. The overall harmonic content and the minor tonality of the melody and bass line also point to E minor as the key.",,,,"{""form"": ""scale"", ""mode"": ""major"", ""program"": ""synth_lead"", ""soundfont"": ""timgm"", ""tonic_pc"": 7}"
key_id/Gs_major_progression_1::audio::explain,key_id/Gs_major_progression_1,key_id,audio,explain,0,stimuli/key/Gs_major_progression_1.wav,"What key is this music in?
First give your answer. Then explain exactly what you heard that supports it: name the specific notes/chords/beats and their approximate timestamps in seconds.",,G# major,"This track is in the key of E♭ major. The harmonic content is dominated by an E♭ major chord that sustains throughout the entire piece, confirming the tonal center. The chord is voiced with a warm, slightly detuned synth pad that emphasizes the root (E♭), the major third (G), and the perfect fifth (B♭), creating a clear major tonality. No other chords appear, so the harmonic progression is essentially static, reinforcing the key of E♭ major.",,,,"{""form"": ""progression"", ""mode"": ""major"", ""program"": ""synth_lead"", ""soundfont"": ""timgm"", ""tonic_pc"": 8}"
mode_id/blues_57_bare_scale::audio::explain,mode_id/blues_57_bare_scale,mode_id,audio,explain,1,stimuli/mode/blues_57_bare_scale.wav,"Listen to the clip. Which scale/mode is being used?
First give your answer. Then explain exactly what you heard that supports it: name the specific notes/chords/beats and their approximate timestamps in seconds.",,blues scale,"The clip is in A minor. This is evident from the chord progression and the melodic content. The chord progression consists of a single A minor chord (Am) followed by a brief silence, which reinforces the tonal center of A minor. The melody, played by the violin, also emphasizes the A minor scale, using notes such as A, C, D, E, F, and G. The use of the minor third (C) and the minor seventh (G) further confirms the A minor tonality.",,,,"{""form"": ""bare_scale"", ""mode"": ""blues"", ""program"": ""violin"", ""soundfont"": ""timgm"", ""tonic_midi"": 57}"
mode_id/blues_64_bare_scale::audio::explain,mode_id/blues_64_bare_scale,mode_id,audio,explain,1,stimuli/mode/blues_64_bare_scale.wav,"Listen to the clip. Which scale/mode is being used?
First give your answer. Then explain exactly what you heard that supports it: name the specific notes/chords/beats and their approximate timestamps in seconds.",,blues scale,"The clip is in A minor. The only chord that appears is an E minor chord (the v chord in A minor), which starts at 0.6 s and ends at 2.6 s. The melody and bassline revolve around the notes of the A natural minor scale (A, B, C, D, E, F, G), and the overall tonal center is clearly A minor.",,,,"{""form"": ""bare_scale"", ""mode"": ""blues"", ""program"": ""synth_lead"", ""soundfont"": ""timgm"", ""tonic_midi"": 64}"
mode_id/dorian_64_melody_drone::audio::explain,mode_id/dorian_64_melody_drone,mode_id,audio,explain,1,stimuli/mode/dorian_64_melody_drone.wav,"Listen to the clip. Which scale/mode is being used?
First give your answer. Then explain exactly what you heard that supports it: name the specific notes/chords/beats and their approximate timestamps in seconds.",,Dorian,"The clip is in E minor. This is evident from the chord progression and the melodic content. The first chord is E minor (Em), which establishes the tonal center. The melody, played by the flute, primarily uses notes from the E natural minor scale (E, F♯, G, A, B, C, D), reinforcing the minor tonality. The brief appearance of a D major chord (the VII chord in E minor) adds a modal flavor, but the overall harmonic and melodic context remains firmly rooted in E minor.",,,,"{""form"": ""melody_drone"", ""mode"": ""dorian"", ""program"": ""flute"", ""soundfont"": ""timgm"", ""tonic_midi"": 64}"
mode_id/harmonic_minor_60_bare_scale::audio::explain,mode_id/harmonic_minor_60_bare_scale,mode_id,audio,explain,1,stimuli/mode/harmonic_minor_60_bare_scale.wav,"Listen to the clip. Which scale/mode is being used?
First give your answer. Then explain exactly what you heard that supports it: name the specific notes/chords/beats and their approximate timestamps in seconds.",,harmonic minor,"The clip is in C minor. This is evident from the chord progression and the melodic content. The first chord is C minor (C–Eb–G), and the melody emphasizes the notes of the C minor scale (C, Eb, G, Ab, Bb, Db, F). The absence of a major tonic chord and the presence of the minor third (Eb) and minor sixth (Ab) confirm the minor tonality.",,,,"{""form"": ""bare_scale"", ""mode"": ""harmonic_minor"", ""program"": ""piano"", ""soundfont"": ""musescore"", ""tonic_midi"": 60}"
mode_id/locrian_57_melody_drone::audio::explain,mode_id/locrian_57_melody_drone,mode_id,audio,explain,0,stimuli/mode/locrian_57_melody_drone.wav,"What scale or mode is this music based on?
First give your answer. Then explain exactly what you heard that supports it: name the specific notes/chords/beats and their approximate timestamps in seconds.",,Locrian,"This music is in the key of C major. The tonal center is clearly established by the repeated C major chord (C–E–G) that appears at the very beginning and again near the end of the clip. The surrounding chords—G major (G–B–D) and F major (F–A–C)—are diatonic to C major, reinforcing the major tonality. The melodic content, though brief, also emphasizes the C major scale, with notes such as C, E, and G standing out prominently.",,,,"{""form"": ""melody_drone"", ""mode"": ""locrian"", ""program"": ""synth_lead"", ""soundfont"": ""musescore"", ""tonic_midi"": 57}"
mode_id/locrian_64_bare_scale::audio::explain,mode_id/locrian_64_bare_scale,mode_id,audio,explain,0,stimuli/mode/locrian_64_bare_scale.wav,"What scale or mode is this music based on?
First give your answer. Then explain exactly what you heard that supports it: name the specific notes/chords/beats and their approximate timestamps in seconds.",,Locrian,"This piece is in the D minor scale. The only chord that appears is an F major triad (the relative major of D minor), which reinforces the tonal center of D minor. The melody, played by the flute, stays within the D natural minor (Aeolian) mode, emphasizing the characteristic minor third (F) and minor sixth (B♭) intervals that define the D minor tonality.",,,,"{""form"": ""bare_scale"", ""mode"": ""locrian"", ""program"": ""flute"", ""soundfont"": ""timgm"", ""tonic_midi"": 64}"
mode_id/locrian_64_melody_drone::audio::explain,mode_id/locrian_64_melody_drone,mode_id,audio,explain,2,stimuli/mode/locrian_64_melody_drone.wav,"Identify the mode or scale type of this passage.
First give your answer. Then explain exactly what you heard that supports it: name the specific notes/chords/beats and their approximate timestamps in seconds.",,Locrian,"The mode of this passage is E minor. This is evident from the chord progression and the melodic content. The track begins with an E minor chord (0.0–0.7 s), then moves to a C major chord (0.7–1.8 s), followed by an A minor chord (1.8–3.0 s), and returns to E minor (3.0–4.7 s). The final chord is an E major (4.7–5.8 s), which functions as a raised leading‑tone chord (V) that resolves back to the tonic E minor, reinforcing the minor tonality. The flute melody, which is the primary voice in this short excerpt, also emphasizes the E minor scale, using notes such as E, G, A, B, C, and D, with occasional chromatic passing tones that highlight the minor mode’s characteristic tension and release.",,,,"{""form"": ""melody_drone"", ""mode"": ""locrian"", ""program"": ""flute"", ""soundfont"": ""timgm"", ""tonic_midi"": 64}"
mode_id/major_57_melody_drone::audio::explain,mode_id/major_57_melody_drone,mode_id,audio,explain,2,stimuli/mode/major_57_melody_drone.wav,"Identify the mode or scale type of this passage.
First give your answer. Then explain exactly what you heard that supports it: name the specific notes/chords/beats and their approximate timestamps in seconds.",,major,"The mode of this passage is D major. This is evident from the chord progression and the melodic content. The track begins with a D major chord (0.0 – 0.9 s), moves to an A major chord (0.9 – 2.6 s), returns to D major (2.6 – 4.4 s), and then resolves back to A major (4.4 – 5.5 s). The presence of the D major triad (D–F♯–A) and the A major triad (A–C♯–E) confirms the D major tonality. The melodic line, which emphasizes the D and A notes, further reinforces the D major mode.",,,,"{""form"": ""melody_drone"", ""mode"": ""major"", ""program"": ""flute"", ""soundfont"": ""fluidr3"", ""tonic_midi"": 57}"
mode_id/major_pentatonic_60_melody_drone::audio::explain,mode_id/major_pentatonic_60_melody_drone,mode_id,audio,explain,2,stimuli/mode/major_pentatonic_60_melody_drone.wav,"Identify the mode or scale type of this passage.
First give your answer. Then explain exactly what you heard that supports it: name the specific notes/chords/beats and their approximate timestamps in seconds.",,major pentatonic,"The mode of this passage is D major. This is evident from the chord progression and the tonal center of the melody. The track begins with a D major chord (D–F♯–A) and remains on this chord for the first 1.5 seconds, establishing D as the tonic. The subsequent “no‑chord” section (0.0–1.5 s) functions as a brief pause or transition, after which the D major chord returns for the remainder of the clip (1.5–6.0 s). The melodic content, which is built around the notes D, F♯, and A, reinforces the D‑major tonality.",,,,"{""form"": ""melody_drone"", ""mode"": ""major_pentatonic"", ""program"": ""synth_lead"", ""soundfont"": ""musescore"", ""tonic_midi"": 60}"
mode_id/melodic_minor_60_bare_scale::audio::explain,mode_id/melodic_minor_60_bare_scale,mode_id,audio,explain,1,stimuli/mode/melodic_minor_60_bare_scale.wav,"Listen to the clip. Which scale/mode is being used?
First give your answer. Then explain exactly what you heard that supports it: name the specific notes/chords/beats and their approximate timestamps in seconds.",,melodic minor,"The piece is in C major, as indicated by the chord progression and the melodic material. The harmonic content is simple, moving from a C major chord to a G major chord, which are the I and V chords in the key of C major. The melody, played by the violin, stays within the C major scale, emphasizing notes such as C, D, E, F, G, A, and B, which are all diatonic to C major. The absence of any chromatic or modal notes further confirms the C‑major tonality.",,,,"{""form"": ""bare_scale"", ""mode"": ""melodic_minor"", ""program"": ""violin"", ""soundfont"": ""fluidr3"", ""tonic_midi"": 60}"
mode_id/minor_pentatonic_57_bare_scale::audio::explain,mode_id/minor_pentatonic_57_bare_scale,mode_id,audio,explain,0,stimuli/mode/minor_pentatonic_57_bare_scale.wav,"What scale or mode is this music based on?
First give your answer. Then explain exactly what you heard that supports it: name the specific notes/chords/beats and their approximate timestamps in seconds.",,minor pentatonic,"This music is based on the A minor scale. The only chord present is an A minor chord, which is the tonic chord of the A minor scale. The melody also emphasizes the notes of the A minor scale, such as A, C, and E, reinforcing the tonal center.",,,,"{""form"": ""bare_scale"", ""mode"": ""minor_pentatonic"", ""program"": ""flute"", ""soundfont"": ""fluidr3"", ""tonic_midi"": 57}"
mode_id/minor_pentatonic_62_bare_scale::audio::explain,mode_id/minor_pentatonic_62_bare_scale,mode_id,audio,explain,0,stimuli/mode/minor_pentatonic_62_bare_scale.wav,"What scale or mode is this music based on?
First give your answer. Then explain exactly what you heard that supports it: name the specific notes/chords/beats and their approximate timestamps in seconds.",,minor pentatonic,"This music is based on the D minor scale. The only chord that appears in the clip is D minor, which is the tonic chord of the D minor scale. The melody also emphasizes the notes of the D minor scale, such as D, F, and A, and the overall tonal center of the piece is clearly D minor.",,,,"{""form"": ""bare_scale"", ""mode"": ""minor_pentatonic"", ""program"": ""flute"", ""soundfont"": ""fluidr3"", ""tonic_midi"": 62}"
mode_id/mixolydian_60_bare_scale::audio::explain,mode_id/mixolydian_60_bare_scale,mode_id,audio,explain,2,stimuli/mode/mixolydian_60_bare_scale.wav,"Identify the mode or scale type of this passage.
First give your answer. Then explain exactly what you heard that supports it: name the specific notes/chords/beats and their approximate timestamps in seconds.",,Mixolydian,"The mode of this passage is D minor. This is evident from the chord progression and the tonal center of the melody. The track begins with a D minor chord (Dm) at 0.0 seconds, followed by a C major chord (C) at 0.96 seconds, then an F major chord (F) at 2.64 seconds, and finally a G major chord (G) at 4.32 seconds before returning to D minor. The presence of the D minor chord as the tonic and the use of the relative major (F major) and subdominant (C major) chords are characteristic of a minor key. Additionally, the melodic content, which emphasizes the D minor scale, reinforces this tonal center.",,,,"{""form"": ""bare_scale"", ""mode"": ""mixolydian"", ""program"": ""piano"", ""soundfont"": ""musescore"", ""tonic_midi"": 60}"
mode_id/natural_minor_57_bare_scale::audio::explain,mode_id/natural_minor_57_bare_scale,mode_id,audio,explain,1,stimuli/mode/natural_minor_57_bare_scale.wav,"Listen to the clip. Which scale/mode is being used?
First give your answer. Then explain exactly what you heard that supports it: name the specific notes/chords/beats and their approximate timestamps in seconds.",,natural minor,"The piece is in A minor, using the natural minor (Aeolian) mode. The only chord present is an A minor triad, which confirms the tonal center. The melody, played on a woodwind instrument, outlines the A natural minor scale (A B C D E F G A), emphasizing the characteristic minor third (C) and minor sixth (F) intervals that give the music its melancholic character.",,,,"{""form"": ""bare_scale"", ""mode"": ""natural_minor"", ""program"": ""flute"", ""soundfont"": ""musescore"", ""tonic_midi"": 57}"
mode_id/natural_minor_64_melody_drone::audio::explain,mode_id/natural_minor_64_melody_drone,mode_id,audio,explain,2,stimuli/mode/natural_minor_64_melody_drone.wav,"Identify the mode or scale type of this passage.
First give your answer. Then explain exactly what you heard that supports it: name the specific notes/chords/beats and their approximate timestamps in seconds.",,natural minor,"The mode of this passage is E minor. This is evident from the chord progression and the tonal center of the melody. The track begins with an E minor chord (0.0–0.6 s), followed by a D major chord (0.6–1.8 s), then returns to E minor (1.8–3.5 s), and concludes with a D major chord (3.5–4.6 s). The presence of the E minor triad and the D major chord (the VII chord in E minor) reinforces the minor tonality. Additionally, the melodic content, which includes notes such as E, G, and B, aligns with the E natural minor scale (E, F♯, G, A, B, C, D).",,,,"{""form"": ""melody_drone"", ""mode"": ""natural_minor"", ""program"": ""piano"", ""soundfont"": ""musescore"", ""tonic_midi"": 64}"
mode_id/phrygian_64_melody_drone::audio::explain,mode_id/phrygian_64_melody_drone,mode_id,audio,explain,1,stimuli/mode/phrygian_64_melody_drone.wav,"Listen to the clip. Which scale/mode is being used?
First give your answer. Then explain exactly what you heard that supports it: name the specific notes/chords/beats and their approximate timestamps in seconds.",,Phrygian,"The piece is in E minor, using the natural minor scale (Aeolian mode). This is evident from the chord progression and the melodic material. The progression moves from E minor to A minor and then to C major, which are the i, iv, and VI chords in E minor, respectively. The melody also emphasizes the tonic (E) and the minor third (G), reinforcing the minor tonality.",,,,"{""form"": ""melody_drone"", ""mode"": ""phrygian"", ""program"": ""violin"", ""soundfont"": ""fluidr3"", ""tonic_midi"": 64}"
mode_id/whole_tone_62_bare_scale::audio::explain,mode_id/whole_tone_62_bare_scale,mode_id,audio,explain,2,stimuli/mode/whole_tone_62_bare_scale.wav,"Identify the mode or scale type of this passage.
First give your answer. Then explain exactly what you heard that supports it: name the specific notes/chords/beats and their approximate timestamps in seconds.",,whole-tone,"The mode of this passage is D major. This is evident from the chord progression and the melodic content. The track begins with a D major chord (0.0 – 0.7 s), followed by a brief silence, then a D major chord again (1.4 – 2.6 s), and finally a D major chord once more (3.0 – 4.6 s) before ending on a non‑chord (4.6 – 5.0 s). The presence of a D major triad throughout the piece, combined with the bright, uplifting tonal quality, confirms the D major mode.",,,,"{""form"": ""bare_scale"", ""mode"": ""whole_tone"", ""program"": ""piano"", ""soundfont"": ""fluidr3"", ""tonic_midi"": 62}"
note_count/count1_07::audio::explain,note_count/count1_07,note_count,audio,explain,1,stimuli/polyphony/count1_07.wav,"Count the number of different pitches played at the same time. How many are there?
First give your answer. Then explain exactly what you heard that supports it: name the specific notes/chords/beats and their approximate timestamps in seconds.",,1,"There is 1 distinct pitch played at 0.00 seconds, which is C# major.",,,,"{""n_notes"": 1, ""pitches"": [73], ""program"": ""flute"", ""soundfont"": ""musescore""}"
note_count/count1_13::audio::explain,note_count/count1_13,note_count,audio,explain,0,stimuli/polyphony/count1_13.wav,"How many distinct notes are sounding simultaneously in this clip?
First give your answer. Then explain exactly what you heard that supports it: name the specific notes/chords/beats and their approximate timestamps in seconds.",,1,"There is one distinct note sounding simultaneously in this clip. The note is E4, a single pitch produced by the flute, which is sustained for the entire duration of the clip. No other notes or chords are present.",,,,"{""n_notes"": 1, ""pitches"": [64], ""program"": ""flute"", ""soundfont"": ""timgm""}"
note_count/count2_07::audio::explain,note_count/count2_07,note_count,audio,explain,1,stimuli/polyphony/count2_07.wav,"Count the number of different pitches played at the same time. How many are there?
First give your answer. Then explain exactly what you heard that supports it: name the specific notes/chords/beats and their approximate timestamps in seconds.",,2,"There are 3 different pitches played at the same time.

The chord progression is C#m7 → A → C#m7, with a brief “no chord” section at the very beginning and end. The C#m7 chord contains the notes C#, E, G#, and B, while the A major chord contains A, C#, and E. The overlapping notes between these two chords are C# and E, which are played together for the duration of the A major chord. The G# and B notes from the C#m7 chord are not played simultaneously with any other chord in this short excerpt, so the only simultaneous pitches are C# and E.",,,,"{""n_notes"": 2, ""pitches"": [52, 73], ""program"": ""violin"", ""soundfont"": ""musescore""}"
note_count/count2_08::audio::explain,note_count/count2_08,note_count,audio,explain,0,stimuli/polyphony/count2_08.wav,"How many distinct notes are sounding simultaneously in this clip?
First give your answer. Then explain exactly what you heard that supports it: name the specific notes/chords/beats and their approximate timestamps in seconds.",,2,"There is one distinct note sounding simultaneously in this clip. The note is G♯ (enharmonically A♭) and it is played as a single, sustained tone. The audio contains no other audible pitches or harmonic content.",,,,"{""n_notes"": 2, ""pitches"": [56, 68], ""program"": ""piano"", ""soundfont"": ""fluidr3""}"
note_count/count2_10::audio::explain,note_count/count2_10,note_count,audio,explain,2,stimuli/polyphony/count2_10.wav,"How many notes make up the sound you hear (played together at once)?
First give your answer. Then explain exactly what you heard that supports it: name the specific notes/chords/beats and their approximate timestamps in seconds.",,2,"There are 3 notes/chords played together at once in this audio. The first note is an F♯, which starts at 0.0 seconds and ends at 1.3 seconds. The second note is a C♯, which starts at 1.3 seconds and ends at 2.6 seconds. The third note is an F♯, which starts at 2.6 seconds and ends at 3.9 seconds.",,,,"{""n_notes"": 2, ""pitches"": [54, 68], ""program"": ""flute"", ""soundfont"": ""musescore""}"
note_count/count2_13::audio::explain,note_count/count2_13,note_count,audio,explain,2,stimuli/polyphony/count2_13.wav,"How many notes make up the sound you hear (played together at once)?
First give your answer. Then explain exactly what you heard that supports it: name the specific notes/chords/beats and their approximate timestamps in seconds.",,2,"The audio contains one note played at 0.00 seconds: C♯. The note is a single pitch, not a chord, and it is the only sound present in the clip.",,,,"{""n_notes"": 2, ""pitches"": [61, 73], ""program"": ""piano"", ""soundfont"": ""timgm""}"
note_count/count2_15::audio::explain,note_count/count2_15,note_count,audio,explain,2,stimuli/polyphony/count2_15.wav,"How many notes make up the sound you hear (played together at once)?
First give your answer. Then explain exactly what you heard that supports it: name the specific notes/chords/beats and their approximate timestamps in seconds.",,2,The sound consists of a single note played at 0.00 seconds. The note is a B♭ (B flat) and it is played as a sustained tone with no accompanying chords or additional notes.,,,,"{""n_notes"": 2, ""pitches"": [79, 71], ""program"": ""synth_lead"", ""soundfont"": ""musescore""}"
note_count/count3_01::audio::explain,note_count/count3_01,note_count,audio,explain,2,stimuli/polyphony/count3_01.wav,"How many notes make up the sound you hear (played together at once)?
First give your answer. Then explain exactly what you heard that supports it: name the specific notes/chords/beats and their approximate timestamps in seconds.",,3,"The sound consists of a single note, which is an F♯. It is played as a sustained, unchanging tone with no additional notes or chords. The duration of the sound is 3.17 seconds, from 0.00 to 3.17 seconds.",,,,"{""n_notes"": 3, ""pitches"": [75, 77, 54], ""program"": ""synth_lead"", ""soundfont"": ""musescore""}"
note_count/count3_11::audio::explain,note_count/count3_11,note_count,audio,explain,0,stimuli/polyphony/count3_11.wav,"How many distinct notes are sounding simultaneously in this clip?
First give your answer. Then explain exactly what you heard that supports it: name the specific notes/chords/beats and their approximate timestamps in seconds.",,3,"There are 3 distinct notes sounding simultaneously in this clip.

The chord progression is D major, which consists of the notes D, F♯, and A. These three notes are heard together at the beginning of the clip (0.00–0.80 seconds). After that, there are no more chords or notes playing until the end of the clip.",,,,"{""n_notes"": 3, ""pitches"": [62, 57, 69], ""program"": ""violin"", ""soundfont"": ""musescore""}"
note_count/count3_12::audio::explain,note_count/count3_12,note_count,audio,explain,0,stimuli/polyphony/count3_12.wav,"How many distinct notes are sounding simultaneously in this clip?
First give your answer. Then explain exactly what you heard that supports it: name the specific notes/chords/beats and their approximate timestamps in seconds.",,3,"There is one distinct note sounding simultaneously in this clip. The note is a single, sustained A♭ (A flat) that is held for the entire duration of the clip, from 0.0 seconds to 3.5 seconds. No other notes or chords are present.",,,,"{""n_notes"": 3, ""pitches"": [72, 58, 69], ""program"": ""violin"", ""soundfont"": ""timgm""}"
note_count/count3_14::audio::explain,note_count/count3_14,note_count,audio,explain,0,stimuli/polyphony/count3_14.wav,"How many distinct notes are sounding simultaneously in this clip?
First give your answer. Then explain exactly what you heard that supports it: name the specific notes/chords/beats and their approximate timestamps in seconds.",,3,"There is one distinct note sounding simultaneously in this clip. The only audible sound is a single, sustained organ tone that begins at 0.0 seconds and ends at 3.0 seconds. No other notes, chords, or percussive elements are present.",,,,"{""n_notes"": 3, ""pitches"": [73, 76, 81], ""program"": ""flute"", ""soundfont"": ""fluidr3""}"
note_count/count3_17::audio::explain,note_count/count3_17,note_count,audio,explain,1,stimuli/polyphony/count3_17.wav,"Count the number of different pitches played at the same time. How many are there?
First give your answer. Then explain exactly what you heard that supports it: name the specific notes/chords/beats and their approximate timestamps in seconds.",,3,"There are 2 different pitches played at the same time. The first pitch is a D♯ (or E♭) played from 0.0 to 0.9 seconds, and the second pitch is a B played from 0.9 to 2.0 seconds.",,,,"{""n_notes"": 3, ""pitches"": [71, 51, 59], ""program"": ""piano"", ""soundfont"": ""musescore""}"
note_count/count3_19::audio::explain,note_count/count3_19,note_count,audio,explain,2,stimuli/polyphony/count3_19.wav,"How many notes make up the sound you hear (played together at once)?
First give your answer. Then explain exactly what you heard that supports it: name the specific notes/chords/beats and their approximate timestamps in seconds.",,3,"The sound consists of a single chord played on a piano, so there is one chord: B major. The chord is played from 0.0 seconds to 2.8 seconds. The chord is built from the notes B, D♯, and F♯, which are the root, major third, and perfect fifth of the B major scale.",,,,"{""n_notes"": 3, ""pitches"": [73, 63, 59], ""program"": ""piano"", ""soundfont"": ""musescore""}"
note_count/count4_02::audio::explain,note_count/count4_02,note_count,audio,explain,0,stimuli/polyphony/count4_02.wav,"How many distinct notes are sounding simultaneously in this clip?
First give your answer. Then explain exactly what you heard that supports it: name the specific notes/chords/beats and their approximate timestamps in seconds.",,4,"There are 3 distinct notes sounding simultaneously in this clip.

The first note is a D minor chord, which consists of the notes D, F, and A. This chord is heard from 0.0 seconds to 1.3 seconds.

The second note is an A major chord, which consists of the notes A, C♯, and E. This chord is heard from 1.3 seconds to 2.6 seconds.

The third note is a D minor chord again, which consists of the notes D, F, and A. This chord is heard from 2.6 seconds to 3.9 seconds.

Therefore, the three distinct notes sounding simultaneously in this clip are D, F, and A.",,,,"{""n_notes"": 4, ""pitches"": [69, 56, 65, 50], ""program"": ""flute"", ""soundfont"": ""fluidr3""}"
note_count/count4_16::audio::explain,note_count/count4_16,note_count,audio,explain,2,stimuli/polyphony/count4_16.wav,"How many notes make up the sound you hear (played together at once)?
First give your answer. Then explain exactly what you heard that supports it: name the specific notes/chords/beats and their approximate timestamps in seconds.",,4,"The sound consists of a single chord played on a brass instrument, specifically a trombone. The chord is a C minor chord, which is made up of the notes C, E♭, and G. The chord is played from approximately 0.0 seconds to 2.6 seconds, and there are no other notes or chords present in the audio.",,,,"{""n_notes"": 4, ""pitches"": [61, 63, 70, 55], ""program"": ""violin"", ""soundfont"": ""timgm""}"
note_count/count4_19::audio::explain,note_count/count4_19,note_count,audio,explain,0,stimuli/polyphony/count4_19.wav,"How many distinct notes are sounding simultaneously in this clip?
First give your answer. Then explain exactly what you heard that supports it: name the specific notes/chords/beats and their approximate timestamps in seconds.",,4,"There is only one distinct note sounding simultaneously in this clip. It is a single, sustained synth tone that begins at 0.0 seconds and ends at 1.8 seconds. The note is a low‑pitched, slightly detuned sawtooth wave with a subtle vibrato, giving it a warm, analog‑style character. No other notes, chords, or percussive elements are present during this segment.",,,,"{""n_notes"": 4, ""pitches"": [65, 52, 72, 59], ""program"": ""synth_lead"", ""soundfont"": ""musescore""}"
note_count/count5_00::audio::explain,note_count/count5_00,note_count,audio,explain,0,stimuli/polyphony/count5_00.wav,"How many distinct notes are sounding simultaneously in this clip?
First give your answer. Then explain exactly what you heard that supports it: name the specific notes/chords/beats and their approximate timestamps in seconds.",,5,"There is only one distinct note sounding simultaneously in this clip. It is a single, sustained pitch that resembles a low brass or string instrument, with a rich, resonant timbre and a slight vibrato. The note begins at approximately 0.08 seconds and continues until the end of the clip at 3.00 seconds, with no other notes or chords present.",,,,"{""n_notes"": 5, ""pitches"": [74, 80, 60, 77, 58], ""program"": ""violin"", ""soundfont"": ""fluidr3""}"
note_count/count5_03::audio::explain,note_count/count5_03,note_count,audio,explain,1,stimuli/polyphony/count5_03.wav,"Count the number of different pitches played at the same time. How many are there?
First give your answer. Then explain exactly what you heard that supports it: name the specific notes/chords/beats and their approximate timestamps in seconds.",,5,"There are 2 different pitches played at the same time.

The first pitch is a G♯ (or A♭) note, which is heard from 0.00 seconds to 0.04 seconds and again from 0.04 seconds to 0.08 seconds.
The second pitch is an E♭ (or D♯) note, which is heard from 0.00 seconds to 0.04 seconds and again from 0.04 seconds to 0.08 seconds.

These two pitches are played simultaneously, creating a two‑note cluster that lasts for the entire duration of the clip.",,,,"{""n_notes"": 5, ""pitches"": [64, 74, 67, 70, 59], ""program"": ""violin"", ""soundfont"": ""musescore""}"
note_count/count5_12::audio::explain,note_count/count5_12,note_count,audio,explain,1,stimuli/polyphony/count5_12.wav,"Count the number of different pitches played at the same time. How many are there?
First give your answer. Then explain exactly what you heard that supports it: name the specific notes/chords/beats and their approximate timestamps in seconds.",,5,"There are 2 different pitches played at the same time.

The audio consists of a single sustained tone that sounds like a low brass or woodwind instrument (e.g., a trombone or a bassoon) playing a single note. The pitch of this note is ambiguous, but it can be described as a low, resonant tone that does not contain any discernible harmonic overtones or additional notes. No other pitches or chords are present in the clip.",,,,"{""n_notes"": 5, ""pitches"": [71, 62, 75, 64, 52], ""program"": ""flute"", ""soundfont"": ""timgm""}"
octave_id/pitch/051_piano_fluidr3_1::audio::explain,octave_id/pitch/051_piano_fluidr3_1,octave_id,audio,explain,0,stimuli/pitch/051_piano_fluidr3_1.wav,"Listen to this note. In which octave is it, in scientific pitch notation (middle C = C4)?
First give your answer. Then explain exactly what you heard that supports it: name the specific notes/chords/beats and their approximate timestamps in seconds.",,3,"The note is in the octave C5 (scientific pitch notation: C4 is middle C, so C5 is one octave higher). This is because the pitch is described as “high” and the note is a single, sustained tone that sounds like a piano key in the upper register. The duration of the note is 2.97 seconds, from 0.00 to 2.97 seconds.",,,,"{""midi"": 51, ""note_name"": ""D#3"", ""octave"": 3, ""pitch_class"": ""D#"", ""program"": ""piano"", ""soundfont"": ""fluidr3""}"
octave_id/pitch/053_flute_fluidr3_1::audio::explain,octave_id/pitch/053_flute_fluidr3_1,octave_id,audio,explain,0,stimuli/pitch/053_flute_fluidr3_1.wav,"Listen to this note. In which octave is it, in scientific pitch notation (middle C = C4)?
First give your answer. Then explain exactly what you heard that supports it: name the specific notes/chords/beats and their approximate timestamps in seconds.",,3,"The note is in the octave C4 (middle C). This is supported by the description of the sound as a “low, sustained tone” and the fact that the pitch is described as “low” and “sustained,” which aligns with the typical range of C4.",,,,"{""midi"": 53, ""note_name"": ""F3"", ""octave"": 3, ""pitch_class"": ""F"", ""program"": ""flute"", ""soundfont"": ""fluidr3""}"
octave_id/pitch/056_violin_fluidr3_0::audio::explain,octave_id/pitch/056_violin_fluidr3_0,octave_id,audio,explain,1,stimuli/pitch/056_violin_fluidr3_0.wav,"A single note is played. What octave number does it fall in (C4 = middle C)?
First give your answer. Then explain exactly what you heard that supports it: name the specific notes/chords/beats and their approximate timestamps in seconds.",,3,"The note played is in the octave C4 (middle C). This is determined by the pitch of the single note, which corresponds to the standard C4 reference pitch used in Western music.",,,,"{""midi"": 56, ""note_name"": ""G#3"", ""octave"": 3, ""pitch_class"": ""G#"", ""program"": ""violin"", ""soundfont"": ""fluidr3""}"
octave_id/pitch/063_flute_timgm_1::audio::explain,octave_id/pitch/063_flute_timgm_1,octave_id,audio,explain,1,stimuli/pitch/063_flute_timgm_1.wav,"A single note is played. What octave number does it fall in (C4 = middle C)?
First give your answer. Then explain exactly what you heard that supports it: name the specific notes/chords/beats and their approximate timestamps in seconds.",,4,"The note played is in the middle C range (C4). This is determined by the pitch of the sound, which corresponds to the standard musical pitch C4.",,,,"{""midi"": 63, ""note_name"": ""D#4"", ""octave"": 4, ""pitch_class"": ""D#"", ""program"": ""flute"", ""soundfont"": ""timgm""}"
octave_id/pitch/065_synth_lead_fluidr3_0::audio::explain,octave_id/pitch/065_synth_lead_fluidr3_0,octave_id,audio,explain,2,stimuli/pitch/065_synth_lead_fluidr3_0.wav,"Identify the octave of the note you hear, where middle C is octave 4.
First give your answer. Then explain exactly what you heard that supports it: name the specific notes/chords/beats and their approximate timestamps in seconds.",,4,"The note heard is in octave 5. It is a single, sustained tone that sounds like a high‑pitched synth or electronic organ, with a clear, bright timbre and no discernible harmonic content. The pitch corresponds to a note in the upper register of a keyboard, roughly equivalent to a high C (C6 or C7) in Western music, but the exact pitch cannot be identified without a reference. The note is held for the entire duration of the clip, from 0.00 s to 3.00 s, with no additional rhythmic or melodic elements.",,,,"{""midi"": 65, ""note_name"": ""F4"", ""octave"": 4, ""pitch_class"": ""F"", ""program"": ""synth_lead"", ""soundfont"": ""fluidr3""}"
octave_id/pitch/076_violin_timgm_0::audio::explain,octave_id/pitch/076_violin_timgm_0,octave_id,audio,explain,2,stimuli/pitch/076_violin_timgm_0.wav,"Identify the octave of the note you hear, where middle C is octave 4.
First give your answer. Then explain exactly what you heard that supports it: name the specific notes/chords/beats and their approximate timestamps in seconds.",,5,"The note heard in the audio is a G in octave 5. This is determined by its pitch, which corresponds to the G above middle C (octave 4). The note is a single, sustained tone with no additional harmonic content, so it is classified as a “N” (no chord) in the chord list. The timing information shows the note occurs from 0.28 seconds to 2.84 seconds, lasting about 2.56 seconds.",,,,"{""midi"": 76, ""note_name"": ""E5"", ""octave"": 5, ""pitch_class"": ""E"", ""program"": ""violin"", ""soundfont"": ""timgm""}"
octave_id/pitch/078_flute_fluidr3_0::audio::explain,octave_id/pitch/078_flute_fluidr3_0,octave_id,audio,explain,0,stimuli/pitch/078_flute_fluidr3_0.wav,"Listen to this note. In which octave is it, in scientific pitch notation (middle C = C4)?
First give your answer. Then explain exactly what you heard that supports it: name the specific notes/chords/beats and their approximate timestamps in seconds.",,5,"The note is in the octave C4 (middle C). This is because the pitch is a pure, sustained tone that corresponds to the standard reference pitch used in scientific pitch notation, where middle C is defined as C4.",,,,"{""midi"": 78, ""note_name"": ""F#5"", ""octave"": 5, ""pitch_class"": ""F#"", ""program"": ""flute"", ""soundfont"": ""fluidr3""}"
octave_id/pitch/081_piano_timgm_1::audio::explain,octave_id/pitch/081_piano_timgm_1,octave_id,audio,explain,0,stimuli/pitch/081_piano_timgm_1.wav,"Listen to this note. In which octave is it, in scientific pitch notation (middle C = C4)?
First give your answer. Then explain exactly what you heard that supports it: name the specific notes/chords/beats and their approximate timestamps in seconds.",,5,"The note is in the A4 octave. This is determined by the pitch of the note, which is an A, and its position in the musical alphabet where A4 is the standard reference point (middle C is C4).",,,,"{""midi"": 81, ""note_name"": ""A5"", ""octave"": 5, ""pitch_class"": ""A"", ""program"": ""piano"", ""soundfont"": ""timgm""}"
octave_id/pitch/082_synth_lead_timgm_1::audio::explain,octave_id/pitch/082_synth_lead_timgm_1,octave_id,audio,explain,0,stimuli/pitch/082_synth_lead_timgm_1.wav,"Listen to this note. In which octave is it, in scientific pitch notation (middle C = C4)?
First give your answer. Then explain exactly what you heard that supports it: name the specific notes/chords/beats and their approximate timestamps in seconds.",,5,"The note is in the octave C5 (scientific pitch notation C4 is middle C). This is because the pitch is a pure, sustained tone that corresponds to the note C5 in the standard Western tuning system.",,,,"{""midi"": 82, ""note_name"": ""A#5"", ""octave"": 5, ""pitch_class"": ""A#"", ""program"": ""synth_lead"", ""soundfont"": ""timgm""}"
octave_id/pitch/083_flute_timgm_1::audio::explain,octave_id/pitch/083_flute_timgm_1,octave_id,audio,explain,1,stimuli/pitch/083_flute_timgm_1.wav,"A single note is played. What octave number does it fall in (C4 = middle C)?
First give your answer. Then explain exactly what you heard that supports it: name the specific notes/chords/beats and their approximate timestamps in seconds.",,5,"The note played is in the C4 octave. This is determined by the pitch of the sound, which corresponds to the middle C on a standard piano keyboard.",,,,"{""midi"": 83, ""note_name"": ""B5"", ""octave"": 5, ""pitch_class"": ""B"", ""program"": ""flute"", ""soundfont"": ""timgm""}"
pitch_note_id/pitch/048_violin_timgm_0::audio::explain,pitch_note_id/pitch/048_violin_timgm_0,pitch_note_id,audio,explain,0,stimuli/pitch/048_violin_timgm_0.wav,"Listen to this note. What is its pitch class (note name, ignoring octave)?
First give your answer. Then explain exactly what you heard that supports it: name the specific notes/chords/beats and their approximate timestamps in seconds.",,C,"The note heard in the audio is a C. It is a single, sustained tone with no additional harmonic content, so the chord is effectively “no chord” (N) and the time signature is not applicable. The note’s pitch class is C, and it is presented without any accompanying chords or rhythmic elements.",,,,"{""midi"": 48, ""note_name"": ""C3"", ""octave"": 3, ""pitch_class"": ""C"", ""program"": ""violin"", ""soundfont"": ""timgm""}"
pitch_note_id/pitch/049_piano_timgm_1::audio::explain,pitch_note_id/pitch/049_piano_timgm_1,pitch_note_id,audio,explain,2,stimuli/pitch/049_piano_timgm_1.wav,"Identify the musical note you hear, by letter name only.
First give your answer. Then explain exactly what you heard that supports it: name the specific notes/chords/beats and their approximate timestamps in seconds.",,C#,"The note present in this audio is C# minor. This is identified by the pitch of the sound, which corresponds to the C# minor scale, and the absence of any other notes or chords in the short excerpt.",,,,"{""midi"": 49, ""note_name"": ""C#3"", ""octave"": 3, ""pitch_class"": ""C#"", ""program"": ""piano"", ""soundfont"": ""timgm""}"
pitch_note_id/pitch/051_piano_fluidr3_1::audio::explain,pitch_note_id/pitch/051_piano_fluidr3_1,pitch_note_id,audio,explain,1,stimuli/pitch/051_piano_fluidr3_1.wav,"A single note is played. Which note is it (C, C#, D, ...)?
First give your answer. Then explain exactly what you heard that supports it: name the specific notes/chords/beats and their approximate timestamps in seconds.",,D#,"The note played is D. This is identified by its pitch, which corresponds to the D note on a standard piano keyboard. The audio contains a single, clear piano tone that matches the D pitch, with no other notes or chords present.",,,,"{""midi"": 51, ""note_name"": ""D#3"", ""octave"": 3, ""pitch_class"": ""D#"", ""program"": ""piano"", ""soundfont"": ""fluidr3""}"
pitch_note_id/pitch/058_piano_timgm_1::audio::explain,pitch_note_id/pitch/058_piano_timgm_1,pitch_note_id,audio,explain,0,stimuli/pitch/058_piano_timgm_1.wav,"Listen to this note. What is its pitch class (note name, ignoring octave)?
First give your answer. Then explain exactly what you heard that supports it: name the specific notes/chords/beats and their approximate timestamps in seconds.",,A#,"The note played in this audio is a G♯ (G sharp). It is the only note heard, and it is a single, clear piano tone. The pitch class is G♯, which is the note name used to describe the pitch regardless of octave.",,,,"{""midi"": 58, ""note_name"": ""A#3"", ""octave"": 3, ""pitch_class"": ""A#"", ""program"": ""piano"", ""soundfont"": ""timgm""}"
pitch_note_id/pitch/059_synth_lead_timgm_1::audio::explain,pitch_note_id/pitch/059_synth_lead_timgm_1,pitch_note_id,audio,explain,1,stimuli/pitch/059_synth_lead_timgm_1.wav,"A single note is played. Which note is it (C, C#, D, ...)?
First give your answer. Then explain exactly what you heard that supports it: name the specific notes/chords/beats and their approximate timestamps in seconds.",,B,"The note played is C. This is determined by the pitch of the sound, which corresponds to the C note in the Western musical scale.",,,,"{""midi"": 59, ""note_name"": ""B3"", ""octave"": 3, ""pitch_class"": ""B"", ""program"": ""synth_lead"", ""soundfont"": ""timgm""}"
pitch_note_id/pitch/059_violin_timgm_0::audio::explain,pitch_note_id/pitch/059_violin_timgm_0,pitch_note_id,audio,explain,1,stimuli/pitch/059_violin_timgm_0.wav,"A single note is played. Which note is it (C, C#, D, ...)?
First give your answer. Then explain exactly what you heard that supports it: name the specific notes/chords/beats and their approximate timestamps in seconds.",,B,"The note played is B. This is identified by the pitch of the sound, which corresponds to the B note on a standard musical keyboard. The audio contains a single, sustained tone with no additional harmonic content, so the pitch is clearly B.",,,,"{""midi"": 59, ""note_name"": ""B3"", ""octave"": 3, ""pitch_class"": ""B"", ""program"": ""violin"", ""soundfont"": ""timgm""}"
pitch_note_id/pitch/061_synth_lead_fluidr3_0::audio::explain,pitch_note_id/pitch/061_synth_lead_fluidr3_0,pitch_note_id,audio,explain,2,stimuli/pitch/061_synth_lead_fluidr3_0.wav,"Identify the musical note you hear, by letter name only.
First give your answer. Then explain exactly what you heard that supports it: name the specific notes/chords/beats and their approximate timestamps in seconds.",,C#,"The note present in this audio is F# major. This is supported by the pitch content of the sound, which corresponds to the F# major scale degree.",,,,"{""midi"": 61, ""note_name"": ""C#4"", ""octave"": 4, ""pitch_class"": ""C#"", ""program"": ""synth_lead"", ""soundfont"": ""fluidr3""}"
pitch_note_id/pitch/064_violin_musescore_1::audio::explain,pitch_note_id/pitch/064_violin_musescore_1,pitch_note_id,audio,explain,1,stimuli/pitch/064_violin_musescore_1.wav,"A single note is played. Which note is it (C, C#, D, ...)?
First give your answer. Then explain exactly what you heard that supports it: name the specific notes/chords/beats and their approximate timestamps in seconds.",,E,"The note played is E. This is determined by the pitch of the single string that is struck, which corresponds to the E string on a violin. The audio contains no additional harmonic or melodic context to suggest a different pitch.",,,,"{""midi"": 64, ""note_name"": ""E4"", ""octave"": 4, ""pitch_class"": ""E"", ""program"": ""violin"", ""soundfont"": ""musescore""}"
pitch_note_id/pitch/065_synth_lead_fluidr3_1::audio::explain,pitch_note_id/pitch/065_synth_lead_fluidr3_1,pitch_note_id,audio,explain,2,stimuli/pitch/065_synth_lead_fluidr3_1.wav,"Identify the musical note you hear, by letter name only.
First give your answer. Then explain exactly what you heard that supports it: name the specific notes/chords/beats and their approximate timestamps in seconds.",,F,"The note present in this audio is F. It is a single, sustained tone with no additional harmonic content, so the chord is effectively “no chord” (N) surrounding the F. The note occurs from 0.00 seconds to 2.60 seconds, lasting the entire duration of the clip.",,,,"{""midi"": 65, ""note_name"": ""F4"", ""octave"": 4, ""pitch_class"": ""F"", ""program"": ""synth_lead"", ""soundfont"": ""fluidr3""}"
pitch_note_id/pitch/066_piano_musescore_1::audio::explain,pitch_note_id/pitch/066_piano_musescore_1,pitch_note_id,audio,explain,2,stimuli/pitch/066_piano_musescore_1.wav,"Identify the musical note you hear, by letter name only.
First give your answer. Then explain exactly what you heard that supports it: name the specific notes/chords/beats and their approximate timestamps in seconds.",,F#,"The note present in this audio is F#.
The audio contains a single, clear piano note that is played once. The note is an F# (the pitch is F#) and it is played in a clean, unprocessed piano sound. No other instruments, chords, or rhythmic elements are present.",,,,"{""midi"": 66, ""note_name"": ""F#4"", ""octave"": 4, ""pitch_class"": ""F#"", ""program"": ""piano"", ""soundfont"": ""musescore""}"
pitch_note_id/pitch/067_piano_musescore_0::audio::explain,pitch_note_id/pitch/067_piano_musescore_0,pitch_note_id,audio,explain,2,stimuli/pitch/067_piano_musescore_0.wav,"Identify the musical note you hear, by letter name only.
First give your answer. Then explain exactly what you heard that supports it: name the specific notes/chords/beats and their approximate timestamps in seconds.",,G,"The note present in this audio is G. It is a single, isolated piano tone with no additional chords or rhythmic elements.",,,,"{""midi"": 67, ""note_name"": ""G4"", ""octave"": 4, ""pitch_class"": ""G"", ""program"": ""piano"", ""soundfont"": ""musescore""}"
pitch_note_id/pitch/069_flute_musescore_1::audio::explain,pitch_note_id/pitch/069_flute_musescore_1,pitch_note_id,audio,explain,1,stimuli/pitch/069_flute_musescore_1.wav,"A single note is played. Which note is it (C, C#, D, ...)?
First give your answer. Then explain exactly what you heard that supports it: name the specific notes/chords/beats and their approximate timestamps in seconds.",,A,"The note played is A. This is identified by its pitch and timbre, which match the characteristics of a standard A on a flute.",,,,"{""midi"": 69, ""note_name"": ""A4"", ""octave"": 4, ""pitch_class"": ""A"", ""program"": ""flute"", ""soundfont"": ""musescore""}"
pitch_note_id/pitch/070_piano_timgm_1::audio::explain,pitch_note_id/pitch/070_piano_timgm_1,pitch_note_id,audio,explain,2,stimuli/pitch/070_piano_timgm_1.wav,"Identify the musical note you hear, by letter name only.
First give your answer. Then explain exactly what you heard that supports it: name the specific notes/chords/beats and their approximate timestamps in seconds.",,A#,"The note present in this audio is F♯. It is played as a single piano key, which is the only sound source in the clip. The note is a clear, resonant piano tone with a bright timbre, indicating the pitch F♯. No other notes, chords, or rhythmic elements are audible.",,,,"{""midi"": 70, ""note_name"": ""A#4"", ""octave"": 4, ""pitch_class"": ""A#"", ""program"": ""piano"", ""soundfont"": ""timgm""}"
pitch_note_id/pitch/072_flute_timgm_0::audio::explain,pitch_note_id/pitch/072_flute_timgm_0,pitch_note_id,audio,explain,0,stimuli/pitch/072_flute_timgm_0.wav,"Listen to this note. What is its pitch class (note name, ignoring octave)?
First give your answer. Then explain exactly what you heard that supports it: name the specific notes/chords/beats and their approximate timestamps in seconds.",,C,"The note heard in the audio is a C. It is the only note played, and it is a pure, unaccompanied tone with no additional harmonic content. The pitch is identified as C because the fundamental frequency corresponds to the standard musical pitch C, and there is no indication of any other note name or octave.",,,,"{""midi"": 72, ""note_name"": ""C5"", ""octave"": 5, ""pitch_class"": ""C"", ""program"": ""flute"", ""soundfont"": ""timgm""}"
pitch_note_id/pitch/074_synth_lead_timgm_1::audio::explain,pitch_note_id/pitch/074_synth_lead_timgm_1,pitch_note_id,audio,explain,2,stimuli/pitch/074_synth_lead_timgm_1.wav,"Identify the musical note you hear, by letter name only.
First give your answer. Then explain exactly what you heard that supports it: name the specific notes/chords/beats and their approximate timestamps in seconds.",,D,"The note present in this audio is E. It is a single, sustained tone with no discernible chord or rhythm, lasting from 0.0 to 3.0 seconds.",,,,"{""midi"": 74, ""note_name"": ""D5"", ""octave"": 5, ""pitch_class"": ""D"", ""program"": ""synth_lead"", ""soundfont"": ""timgm""}"
pitch_note_id/pitch/076_violin_timgm_0::audio::explain,pitch_note_id/pitch/076_violin_timgm_0,pitch_note_id,audio,explain,0,stimuli/pitch/076_violin_timgm_0.wav,"Listen to this note. What is its pitch class (note name, ignoring octave)?
First give your answer. Then explain exactly what you heard that supports it: name the specific notes/chords/beats and their approximate timestamps in seconds.",,E,"The note heard in the audio is E. It is a single, sustained tone with no additional harmonic content, so the chord is effectively “N” (no chord) and the time signature is not applicable. The note’s pitch class is E, and it is presented without any accompanying chords or rhythmic elements.",,,,"{""midi"": 76, ""note_name"": ""E5"", ""octave"": 5, ""pitch_class"": ""E"", ""program"": ""violin"", ""soundfont"": ""timgm""}"
pitch_note_id/pitch/080_synth_lead_musescore_0::audio::explain,pitch_note_id/pitch/080_synth_lead_musescore_0,pitch_note_id,audio,explain,2,stimuli/pitch/080_synth_lead_musescore_0.wav,"Identify the musical note you hear, by letter name only.
First give your answer. Then explain exactly what you heard that supports it: name the specific notes/chords/beats and their approximate timestamps in seconds.",,G#,"The note present in this audio is G. It is a single, sustained tone with no accompanying chords or other melodic elements.",,,,"{""midi"": 80, ""note_name"": ""G#5"", ""octave"": 5, ""pitch_class"": ""G#"", ""program"": ""synth_lead"", ""soundfont"": ""musescore""}"
pitch_note_id/pitch/081_piano_timgm_1::audio::explain,pitch_note_id/pitch/081_piano_timgm_1,pitch_note_id,audio,explain,2,stimuli/pitch/081_piano_timgm_1.wav,"Identify the musical note you hear, by letter name only.
First give your answer. Then explain exactly what you heard that supports it: name the specific notes/chords/beats and their approximate timestamps in seconds.",,A,"The note present in this audio is A. It is a piano note, specifically the A above middle C (A4), which is the only note played in the clip. The audio contains no other instruments, no vocals, and no additional harmonic or rhythmic content.",,,,"{""midi"": 81, ""note_name"": ""A5"", ""octave"": 5, ""pitch_class"": ""A"", ""program"": ""piano"", ""soundfont"": ""timgm""}"
pitch_note_id/pitch/082_violin_timgm_0::audio::explain,pitch_note_id/pitch/082_violin_timgm_0,pitch_note_id,audio,explain,2,stimuli/pitch/082_violin_timgm_0.wav,"Identify the musical note you hear, by letter name only.
First give your answer. Then explain exactly what you heard that supports it: name the specific notes/chords/beats and their approximate timestamps in seconds.",,A#,"The note present in this audio is F#6. This is determined by the pitch and timbre of the sound, which corresponds to the F#6 note in the musical scale.",,,,"{""midi"": 82, ""note_name"": ""A#5"", ""octave"": 5, ""pitch_class"": ""A#"", ""program"": ""violin"", ""soundfont"": ""timgm""}"
progression_id/12-bar-blues_54_1::audio::explain,progression_id/12-bar-blues_54_1,progression_id,audio,explain,0,stimuli/progressions/12-bar-blues_54_1.wav,"Which chord progression does this clip follow?
First give your answer. Then explain exactly what you heard that supports it: name the specific notes/chords/beats and their approximate timestamps in seconds.",,12-bar-blues,"This clip follows a simple two‑chord progression: F♯ major (F♯–A♯–C♯) for the first 4.8 seconds, then B major (B–D♯–F♯) for the remaining 2.6 seconds. The downbeats confirm a steady 4/4 meter, and the chord changes align with the beat structure.",,,,"{""program"": ""flute"", ""progression"": ""12-bar-blues"", ""soundfont"": ""fluidr3"", ""tonic"": 54}"
progression_id/I-IV-V-I_60_5::audio::explain,progression_id/I-IV-V-I_60_5,progression_id,audio,explain,1,stimuli/progressions/I-IV-V-I_60_5.wav,"Listen to the harmony. What progression is being played?
First give your answer. Then explain exactly what you heard that supports it: name the specific notes/chords/beats and their approximate timestamps in seconds.",,I-IV-V-I,"The harmony consists of a single C major chord played from 0.0 s to 1.8 s, followed by silence. The chord is voiced with a bright, clean piano timbre, and the attack is crisp while the sustain is short, giving the impression of a single, held chord. No other chords or harmonic movement are present in the excerpt.",,,,"{""program"": ""piano"", ""progression"": ""I-IV-V-I"", ""soundfont"": ""musescore"", ""tonic"": 60}"
progression_id/I-V-vi-IV_62_7::audio::explain,progression_id/I-V-vi-IV_62_7,progression_id,audio,explain,2,stimuli/progressions/I-V-vi-IV_62_7.wav,"Identify the chord progression in this passage.
First give your answer. Then explain exactly what you heard that supports it: name the specific notes/chords/beats and their approximate timestamps in seconds.",,I-V-vi-IV,"The chord progression in this passage is D major → A major → G major, with brief moments of “no chord” at the very beginning and end.  The timing of the chords is as follows (in seconds): D major from 0.0 to 1.3, A major from 1.3 to 3.0, G major from 3.0 to 4.7, and then silence from 4.7 to 6.5. This progression is a classic I–V–IV movement in the key of D major, giving the music a bright, uplifting feel.",,,,"{""program"": ""piano"", ""progression"": ""I-V-vi-IV"", ""soundfont"": ""timgm"", ""tonic"": 62}"
progression_id/ii-V-I_58_1::audio::explain,progression_id/ii-V-I_58_1,progression_id,audio,explain,1,stimuli/progressions/ii-V-I_58_1.wav,"Listen to the harmony. What progression is being played?
First give your answer. Then explain exactly what you heard that supports it: name the specific notes/chords/beats and their approximate timestamps in seconds.",,ii-V-I,"The harmony consists of a single chord, C major, played throughout the entire clip. The chord is voiced with a bright, clean synth pad that sustains for the full duration of the clip, from 0.0 seconds to 6.6 seconds. No other chords or harmonic changes are present.",,,,"{""program"": ""synth_lead"", ""progression"": ""ii-V-I"", ""soundfont"": ""fluidr3"", ""tonic"": 58}"
tempo_bpm/tempo_010::audio::explain,tempo_bpm/tempo_010,tempo_bpm,audio,explain,2,stimuli/tempo/tempo_010.wav,"How fast is this clip in beats per minute? Give only a numeric answer.
First give your answer. Then explain exactly what you heard that supports it: name the specific notes/chords/beats and their approximate timestamps in seconds.",,79.4,"The tempo of this clip is approximately 157.9 BPM. This is determined by counting the number of beats in a minute, which in this case is roughly 158 beats per minute.",,,,"{""bpm"": 79.4, ""meter"": ""4/4"", ""n_bars"": 4}"
tempo_bpm/tempo_018::audio::explain,tempo_bpm/tempo_018,tempo_bpm,audio,explain,1,stimuli/tempo/tempo_018.wav,"Estimate the BPM (beats per minute) of this rhythm. Reply with just the number.
First give your answer. Then explain exactly what you heard that supports it: name the specific notes/chords/beats and their approximate timestamps in seconds.",,56.6,"The BPM is 60.0.

This is determined by counting the number of beats in one minute. In the audio, the sound of a clock ticking occurs at regular intervals, with each tick representing one beat. By measuring the time between successive ticks, we find that there is one tick every second, which corresponds to a tempo of 60 beats per minute.",,,,"{""bpm"": 56.6, ""meter"": ""4/4"", ""n_bars"": 4}"
tempo_bpm/tempo_027::audio::explain,tempo_bpm/tempo_027,tempo_bpm,audio,explain,1,stimuli/tempo/tempo_027.wav,"Estimate the BPM (beats per minute) of this rhythm. Reply with just the number.
First give your answer. Then explain exactly what you heard that supports it: name the specific notes/chords/beats and their approximate timestamps in seconds.",,168.0,"The BPM is 157.89.

This is determined by counting the number of beats in a minute. The audio consists of a steady, repeating pulse that can be counted as follows:
- The first beat occurs at 0.00 seconds.
- The second beat occurs at 0.32 seconds.
- The third beat occurs at 0.64 seconds.
- The fourth beat occurs at 0.96 seconds.
- The fifth beat occurs at 1.28 seconds.
- The sixth beat occurs at 1.60 seconds.
- The seventh beat occurs at 1.92 seconds.
- The eighth beat occurs at 2.24 seconds.
- The ninth beat occurs at 2.56 seconds.
- The tenth beat occurs at 2.88 seconds.
- The eleventh beat occurs at 3.20 seconds.
- The twelfth beat occurs at 3.52 seconds.
- The thirteenth beat occurs at 3.84 seconds.
- The fourteenth beat occurs at 4.16 seconds.
- The fifteenth beat occurs at 4.48 seconds.
- The sixteenth beat occurs at 4.80 seconds.
- The seventeenth beat occurs at 5.12 seconds.
- The eighteenth beat occurs at 5.44 seconds.
- The nineteenth beat occurs at 5.76 seconds.
- The twentieth beat occurs at 6.08 seconds.
- The twenty-first beat occurs at 6.40 seconds.
- The twenty-second beat occurs at 6.72 seconds.
- The twenty-third beat occurs at 7.04 seconds.
- The twenty-fourth beat occurs at 7.36 seconds.
- The twenty-fifth beat occurs at 7.68 seconds.
- The twenty-sixth beat occurs at 7.99 seconds.
- The twenty-seventh beat occurs at 8.31 seconds.
- The twenty-eighth beat occurs at 8.63 seconds.
- The twenty-ninth beat occurs at 8.95 seconds.
- The thirtieth beat occurs at 9.27 seconds.
- The thirty-first beat occurs at 9.59 seconds.
- The thirty-second beat occurs at 9.91 seconds.
- The thirty-third beat occurs at 10.23 seconds.
- The thirty-fourth beat occurs at 10.",,,,"{""bpm"": 168.0, ""meter"": ""4/4"", ""n_bars"": 7}"
tempo_bpm/tempo_034::audio::explain,tempo_bpm/tempo_034,tempo_bpm,audio,explain,0,stimuli/tempo/tempo_034.wav,"What is the tempo of this clip, in beats per minute? Answer with a number only.
First give your answer. Then explain exactly what you heard that supports it: name the specific notes/chords/beats and their approximate timestamps in seconds.",,78.2,"The tempo of this clip is approximately 115.38 beats per minute.

This is determined by counting the number of beats that occur within a fixed time interval. In this case, the clip consists of a series of evenly spaced electronic beeps that repeat at regular intervals. By measuring the time between successive beeps and dividing by the number of beeps, we can estimate the tempo.

Specifically, the first beep occurs at 0.00 seconds, the second at 0.32 seconds, the third at 0.64 seconds, and so on. The time interval between each beep is roughly 0.32 seconds. To find the tempo, we can use the formula:

Tempo (BPM) = (Number of beats) / (Total time)

In this clip, there are 15 beeps in total. The total time for these beeps is approximately 15 * 0.32 seconds = 4.8 seconds.

Therefore, the tempo is:

Tempo = 15 beats / 4.8 seconds ≈ 3.125 beats per second ≈ 115.38 beats per minute.",,,,"{""bpm"": 78.2, ""meter"": ""4/4"", ""n_bars"": 4}"
tempo_bpm/tempo_037::audio::explain,tempo_bpm/tempo_037,tempo_bpm,audio,explain,0,stimuli/tempo/tempo_037.wav,"What is the tempo of this clip, in beats per minute? Answer with a number only.
First give your answer. Then explain exactly what you heard that supports it: name the specific notes/chords/beats and their approximate timestamps in seconds.",,155.4,"The tempo of this clip is approximately 150 beats per minute. This is determined by counting the number of beats in a minute, which in this case is 150.",,,,"{""bpm"": 155.4, ""meter"": ""4/4"", ""n_bars"": 7}"
tempo_bpm/tempo_043::audio::explain,tempo_bpm/tempo_043,tempo_bpm,audio,explain,0,stimuli/tempo/tempo_043.wav,"What is the tempo of this clip, in beats per minute? Answer with a number only.
First give your answer. Then explain exactly what you heard that supports it: name the specific notes/chords/beats and their approximate timestamps in seconds.",,97.0,"The tempo of this clip is approximately 115.38 beats per minute.

This is determined by counting the number of beats in a minute. In this clip, the beats are clearly marked by the steady, repeating pulse of the electronic sound. By counting the number of beats that occur in a minute, we can estimate the tempo. In this case, the tempo is around 115.38 beats per minute.",,,,"{""bpm"": 97.0, ""meter"": ""4/4"", ""n_bars"": 5}"
tempo_bpm/tempo_051::audio::explain,tempo_bpm/tempo_051,tempo_bpm,audio,explain,1,stimuli/tempo/tempo_051.wav,"Estimate the BPM (beats per minute) of this rhythm. Reply with just the number.
First give your answer. Then explain exactly what you heard that supports it: name the specific notes/chords/beats and their approximate timestamps in seconds.",,183.5,"The BPM is 176.47.

This is determined by counting the number of beats in a minute. The audio consists of a steady, repeating pulse that can be counted as follows:
- The first beat occurs at 0.00 seconds.
- The next beat occurs at 0.32 seconds.
- The next beat occurs at 0.64 seconds.
- The next beat occurs at 0.96 seconds.
- The next beat occurs at 1.28 seconds.
- The next beat occurs at 1.60 seconds.
- The next beat occurs at 1.92 seconds.
- The next beat occurs at 2.24 seconds.
- The next beat occurs at 2.56 seconds.
- The next beat occurs at 2.88 seconds.
- The next beat occurs at 3.20 seconds.
- The next beat occurs at 3.52 seconds.
- The next beat occurs at 3.84 seconds.
- The next beat occurs at 4.16 seconds.
- The next beat occurs at 4.48 seconds.
- The next beat occurs at 4.80 seconds.
- The next beat occurs at 5.12 seconds.
- The next beat occurs at 5.44 seconds.
- The next beat occurs at 5.76 seconds.
- The next beat occurs at 6.08 seconds.
- The next beat occurs at 6.40 seconds.
- The next beat occurs at 6.72 seconds.
- The next beat occurs at 7.04 seconds.
- The next beat occurs at 7.36 seconds.
- The next beat occurs at 7.68 seconds.
- The next beat occurs at 7.99 seconds.
- The next beat occurs at 8.31 seconds.
- The next beat occurs at 8.63 seconds.
- The next beat occurs at 8.95 seconds.
- The next beat occurs at 9.27 seconds.
- The next beat occurs at 9.59 seconds.
- The next beat occurs at 9.91 seconds.
- The next beat occurs at 10.23 seconds.
- The next beat occurs at 10.55 seconds.
- The next beat occurs at 10.87 seconds.
- The next beat occurs at 11.18 seconds.
",,,,"{""bpm"": 183.5, ""meter"": ""4/4"", ""n_bars"": 8}"
tuning_judgment/tune_0000::audio::explain,tuning_judgment/tune_0000,tuning_judgment,audio,explain,2,stimuli/tuning/tune_0000.wav,"Is the note you hear in tune or out of tune relative to standard Western tuning?
First give your answer. Then explain exactly what you heard that supports it: name the specific notes/chords/beats and their approximate timestamps in seconds.",,in tune,"The note is out of tune relative to standard Western tuning. It is a slightly detuned A4 (440 Hz) tone, which is the standard pitch for the A above middle C. The audio clip consists of a single sustained tone with no additional harmonic or rhythmic context, so the only relevant pitch information is the A4 note itself.",,,,"{""base_midi"": 70, ""base_name"": ""A#4"", ""detune_cents"": 0, ""midi_exact"": 70.0, ""sign"": 1}"
tuning_judgment/tune_0002::audio::explain,tuning_judgment/tune_0002,tuning_judgment,audio,explain,1,stimuli/tuning/tune_0002.wav,"Listen to this note. Would it match a key on a well-tuned piano, or is it off-pitch (between piano notes)?
First give your answer. Then explain exactly what you heard that supports it: name the specific notes/chords/beats and their approximate timestamps in seconds.",,in tune,"The note is off‑pitch. It sounds like a slightly higher‑than‑standard F♯, but it is not exactly in tune with any piano key. The pitch is a bit sharp, giving it a slightly dissonant, “out‑of‑tune” character.",,,,"{""base_midi"": 65, ""base_name"": ""F4"", ""detune_cents"": 0, ""midi_exact"": 65.0, ""sign"": 1}"
tuning_judgment/tune_0012::audio::explain,tuning_judgment/tune_0012,tuning_judgment,audio,explain,1,stimuli/tuning/tune_0012.wav,"Listen to this note. Would it match a key on a well-tuned piano, or is it off-pitch (between piano notes)?
First give your answer. Then explain exactly what you heard that supports it: name the specific notes/chords/beats and their approximate timestamps in seconds.",,in tune,"The note sounds like it is slightly off‑pitch, between the piano notes A and B. It is not a clean, well‑tuned A or B, but rather a wavering tone that hovers in the middle of the two.",,,,"{""base_midi"": 59, ""base_name"": ""B3"", ""detune_cents"": 0, ""midi_exact"": 59.0, ""sign"": -1}"
tuning_judgment/tune_0019::audio::explain,tuning_judgment/tune_0019,tuning_judgment,audio,explain,0,stimuli/tuning/tune_0019.wav,"A single note is played. Is it in tune (matching standard concert pitch, like a piano note) or out of tune?
First give your answer. Then explain exactly what you heard that supports it: name the specific notes/chords/beats and their approximate timestamps in seconds.",,in tune,"The note is in tune. It is a single, clear tone that matches the standard concert pitch, with no noticeable detuning or wavering.",,,,"{""base_midi"": 72, ""base_name"": ""C5"", ""detune_cents"": 0, ""midi_exact"": 72.0, ""sign"": -1}"
tuning_judgment/tune_0022::audio::explain,tuning_judgment/tune_0022,tuning_judgment,audio,explain,2,stimuli/tuning/tune_0022.wav,"Is the note you hear in tune or out of tune relative to standard Western tuning?
First give your answer. Then explain exactly what you heard that supports it: name the specific notes/chords/beats and their approximate timestamps in seconds.",,in tune,"The note is in tune with standard Western tuning. It is a single, sustained tone that sounds like a pure sine wave, with no noticeable dissonance or overtone clash. The pitch is centered in the middle of the stereo field, and the amplitude remains constant throughout the clip, indicating a stable, in‑tune frequency.",,,,"{""base_midi"": 56, ""base_name"": ""G#3"", ""detune_cents"": 0, ""midi_exact"": 56.0, ""sign"": -1}"
tuning_judgment/tune_0043::audio::explain,tuning_judgment/tune_0043,tuning_judgment,audio,explain,1,stimuli/tuning/tune_0043.wav,"Listen to this note. Would it match a key on a well-tuned piano, or is it off-pitch (between piano notes)?
First give your answer. Then explain exactly what you heard that supports it: name the specific notes/chords/beats and their approximate timestamps in seconds.",,in tune,"The note sounds like it is slightly off‑pitch, between the piano notes C♯ and D. It is not a clean, well‑tuned piano tone; instead it has a wavering, slightly detuned quality that suggests it is either a synth patch or a processed sample rather than a naturally tuned acoustic piano.",,,,"{""base_midi"": 56, ""base_name"": ""G#3"", ""detune_cents"": 0, ""midi_exact"": 56.0, ""sign"": 1}"
tuning_judgment/tune_0044::audio::explain,tuning_judgment/tune_0044,tuning_judgment,audio,explain,1,stimuli/tuning/tune_0044.wav,"Listen to this note. Would it match a key on a well-tuned piano, or is it off-pitch (between piano notes)?
First give your answer. Then explain exactly what you heard that supports it: name the specific notes/chords/beats and their approximate timestamps in seconds.",,in tune,"The note sounds like it is slightly off‑pitch, between the piano notes C♯ and D. It is not a clean, well‑tuned piano tone; instead it has a wavering, slightly detuned quality that suggests it is either a synth tone or a processed sample that is intentionally out of tune.",,,,"{""base_midi"": 75, ""base_name"": ""D#5"", ""detune_cents"": 0, ""midi_exact"": 75.0, ""sign"": 1}"
tuning_judgment/tune_0072::audio::explain,tuning_judgment/tune_0072,tuning_judgment,audio,explain,0,stimuli/tuning/tune_0072.wav,"A single note is played. Is it in tune (matching standard concert pitch, like a piano note) or out of tune?
First give your answer. Then explain exactly what you heard that supports it: name the specific notes/chords/beats and their approximate timestamps in seconds.",,out of tune,"The note is in tune. It is a single, clear tone that matches the standard concert pitch, with no noticeable detuning or wavering.",,,,"{""base_midi"": 73, ""base_name"": ""C#5"", ""detune_cents"": 10, ""midi_exact"": 72.9, ""sign"": -1}"
tuning_judgment/tune_0086::audio::explain,tuning_judgment/tune_0086,tuning_judgment,audio,explain,2,stimuli/tuning/tune_0086.wav,"Is the note you hear in tune or out of tune relative to standard Western tuning?
First give your answer. Then explain exactly what you heard that supports it: name the specific notes/chords/beats and their approximate timestamps in seconds.",,out of tune,"The note is in tune with standard Western tuning. It is a single, sustained tone that sounds like a pure sine wave, with no noticeable dissonance or overtone clash. The pitch is clearly centered in the middle of the stereo field, and the amplitude remains constant throughout the clip, indicating a stable, in‑tune frequency.",,,,"{""base_midi"": 63, ""base_name"": ""D#4"", ""detune_cents"": 20, ""midi_exact"": 62.8, ""sign"": -1}"
tuning_judgment/tune_0088::audio::explain,tuning_judgment/tune_0088,tuning_judgment,audio,explain,2,stimuli/tuning/tune_0088.wav,"Is the note you hear in tune or out of tune relative to standard Western tuning?
First give your answer. Then explain exactly what you heard that supports it: name the specific notes/chords/beats and their approximate timestamps in seconds.",,out of tune,"The note is in tune with standard Western tuning. It is a single, sustained tone that sounds like a pure sine wave, with no noticeable dissonance or overtone clash. The pitch is clearly centered in the middle of the audible range, and the waveform is smooth and undistorted, indicating a clean, in‑tune tone.",,,,"{""base_midi"": 52, ""base_name"": ""E3"", ""detune_cents"": 20, ""midi_exact"": 51.8, ""sign"": -1}"
tuning_judgment/tune_0098::audio::explain,tuning_judgment/tune_0098,tuning_judgment,audio,explain,0,stimuli/tuning/tune_0098.wav,"A single note is played. Is it in tune (matching standard concert pitch, like a piano note) or out of tune?
First give your answer. Then explain exactly what you heard that supports it: name the specific notes/chords/beats and their approximate timestamps in seconds.",,out of tune,"The note is in tune. It is a single, clear tone that matches the standard concert pitch, with no noticeable detuning or wavering.",,,,"{""base_midi"": 74, ""base_name"": ""D5"", ""detune_cents"": 35, ""midi_exact"": 73.65, ""sign"": -1}"
tuning_judgment/tune_0100::audio::explain,tuning_judgment/tune_0100,tuning_judgment,audio,explain,1,stimuli/tuning/tune_0100.wav,"Listen to this note. Would it match a key on a well-tuned piano, or is it off-pitch (between piano notes)?
First give your answer. Then explain exactly what you heard that supports it: name the specific notes/chords/beats and their approximate timestamps in seconds.",,out of tune,"The note sounds like it is slightly off‑pitch, between the piano notes C4 and D4. It is not a clean, well‑tuned piano tone; instead it has a wavering, slightly detuned quality that suggests it is either a synth patch or a processed sample rather than a naturally tuned acoustic piano.",,,,"{""base_midi"": 60, ""base_name"": ""C4"", ""detune_cents"": 35, ""midi_exact"": 59.65, ""sign"": -1}"
tuning_judgment/tune_0101::audio::explain,tuning_judgment/tune_0101,tuning_judgment,audio,explain,2,stimuli/tuning/tune_0101.wav,"Is the note you hear in tune or out of tune relative to standard Western tuning?
First give your answer. Then explain exactly what you heard that supports it: name the specific notes/chords/beats and their approximate timestamps in seconds.",,out of tune,"The note is out of tune relative to standard Western tuning. It is a slightly detuned F♯, sounding like a pitch that is a bit lower than the usual reference pitch.",,,,"{""base_midi"": 65, ""base_name"": ""F4"", ""detune_cents"": 35, ""midi_exact"": 65.35, ""sign"": 1}"
tuning_judgment/tune_0105::audio::explain,tuning_judgment/tune_0105,tuning_judgment,audio,explain,2,stimuli/tuning/tune_0105.wav,"Is the note you hear in tune or out of tune relative to standard Western tuning?
First give your answer. Then explain exactly what you heard that supports it: name the specific notes/chords/beats and their approximate timestamps in seconds.",,out of tune,"The note is in tune with standard Western tuning. It is a single, sustained tone that sounds like a pure sine wave, with no noticeable dissonance or overtone clash. The pitch is clearly centered in the middle of the audible range, and the waveform is smooth and undistorted, indicating a clean, in‑tune tone.",,,,"{""base_midi"": 65, ""base_name"": ""F4"", ""detune_cents"": 50, ""midi_exact"": 64.5, ""sign"": -1}"
tuning_judgment/tune_0116::audio::explain,tuning_judgment/tune_0116,tuning_judgment,audio,explain,0,stimuli/tuning/tune_0116.wav,"A single note is played. Is it in tune (matching standard concert pitch, like a piano note) or out of tune?
First give your answer. Then explain exactly what you heard that supports it: name the specific notes/chords/beats and their approximate timestamps in seconds.",,out of tune,"The note is in tune. It is a single, clear tone that matches the standard concert pitch, with no noticeable detuning or wavering.",,,,"{""base_midi"": 58, ""base_name"": ""A#3"", ""detune_cents"": 50, ""midi_exact"": 58.5, ""sign"": 1}"
tuning_judgment/tune_0119::audio::explain,tuning_judgment/tune_0119,tuning_judgment,audio,explain,2,stimuli/tuning/tune_0119.wav,"Is the note you hear in tune or out of tune relative to standard Western tuning?
First give your answer. Then explain exactly what you heard that supports it: name the specific notes/chords/beats and their approximate timestamps in seconds.",,out of tune,"The note is in tune with standard Western tuning. It is a single, sustained tone that sounds like a pure sine wave, with no noticeable dissonance or overtone clash. The pitch is clearly centered in the middle of the stereo field, and the amplitude remains constant throughout the clip, indicating a stable, in‑tune frequency.",,,,"{""base_midi"": 62, ""base_name"": ""D4"", ""detune_cents"": 50, ""midi_exact"": 62.5, ""sign"": 1}"
