job_id,stimulus_id,task,condition,format,paraphrase_idx,audio_path,prompt,options,ground_truth,raw_response,parsed,correct,error,factors
chord_quality/augmented_arpeggio_53_2::audio::mcq,chord_quality/augmented_arpeggio_53_2,chord_quality,audio,mcq,2,stimuli/chords/augmented_arpeggio_53_2.wav,"Listen to this chord. What kind of chord is it?
A. dominant seventh
B. minor seventh
C. augmented
D. diminished
Answer with the letter of the correct option only (A, B, C, or D). Do not explain.",dominant seventh|minor seventh|augmented|diminished,augmented,C,augmented,True,,"{""inversion"": 0, ""presentation"": ""arpeggio"", ""program"": ""violin"", ""quality"": ""augmented"", ""root"": 53, ""root_name"": ""F"", ""soundfont"": ""fluidr3""}"
chord_quality/augmented_arpeggio_54_1::audio::mcq,chord_quality/augmented_arpeggio_54_1,chord_quality,audio,mcq,1,stimuli/chords/augmented_arpeggio_54_1.wav,"Identify the type of the chord you hear.
A. augmented
B. major
C. diminished
D. minor
Answer with the letter of the correct option only (A, B, C, or D). Do not explain.",augmented|major|diminished|minor,augmented,B,major,False,,"{""inversion"": 0, ""presentation"": ""arpeggio"", ""program"": ""flute"", ""quality"": ""augmented"", ""root"": 54, ""root_name"": ""F#"", ""soundfont"": ""timgm""}"
chord_quality/augmented_arpeggio_59_4::audio::mcq,chord_quality/augmented_arpeggio_59_4,chord_quality,audio,mcq,0,stimuli/chords/augmented_arpeggio_59_4.wav,"A chord is played. What is its quality (e.g. major, minor, diminished)?
A. major seventh
B. diminished
C. augmented
D. suspended fourth (sus4)
Answer with the letter of the correct option only (A, B, C, or D). Do not explain.",major seventh|diminished|augmented|suspended fourth (sus4),augmented,A,major seventh,False,,"{""inversion"": 1, ""presentation"": ""arpeggio"", ""program"": ""flute"", ""quality"": ""augmented"", ""root"": 59, ""root_name"": ""B"", ""soundfont"": ""timgm""}"
chord_quality/augmented_arpeggio_60_3::audio::mcq,chord_quality/augmented_arpeggio_60_3,chord_quality,audio,mcq,0,stimuli/chords/augmented_arpeggio_60_3.wav,"A chord is played. What is its quality (e.g. major, minor, diminished)?
A. diminished
B. major seventh
C. augmented
D. major
Answer with the letter of the correct option only (A, B, C, or D). Do not explain.",diminished|major seventh|augmented|major,augmented,D,major,False,,"{""inversion"": 0, ""presentation"": ""arpeggio"", ""program"": ""violin"", ""quality"": ""augmented"", ""root"": 60, ""root_name"": ""C"", ""soundfont"": ""fluidr3""}"
chord_quality/augmented_arpeggio_60_3::audio::open,chord_quality/augmented_arpeggio_60_3,chord_quality,audio,open,2,stimuli/chords/augmented_arpeggio_60_3.wav,"Listen to this chord. What kind of chord is it?
Give a short, direct answer.",,augmented,A major,A major,False,,"{""inversion"": 0, ""presentation"": ""arpeggio"", ""program"": ""violin"", ""quality"": ""augmented"", ""root"": 60, ""root_name"": ""C"", ""soundfont"": ""fluidr3""}"
chord_quality/augmented_arpeggio_63_0::audio::mcq,chord_quality/augmented_arpeggio_63_0,chord_quality,audio,mcq,2,stimuli/chords/augmented_arpeggio_63_0.wav,"Listen to this chord. What kind of chord is it?
A. suspended fourth (sus4)
B. major seventh
C. diminished
D. augmented
Answer with the letter of the correct option only (A, B, C, or D). Do not explain.",suspended fourth (sus4)|major seventh|diminished|augmented,augmented,B,major seventh,False,,"{""inversion"": 0, ""presentation"": ""arpeggio"", ""program"": ""synth_lead"", ""quality"": ""augmented"", ""root"": 63, ""root_name"": ""D#"", ""soundfont"": ""timgm""}"
chord_quality/augmented_arpeggio_63_5::audio::mcq,chord_quality/augmented_arpeggio_63_5,chord_quality,audio,mcq,2,stimuli/chords/augmented_arpeggio_63_5.wav,"Listen to this chord. What kind of chord is it?
A. diminished
B. augmented
C. minor seventh
D. major
Answer with the letter of the correct option only (A, B, C, or D). Do not explain.",diminished|augmented|minor seventh|major,augmented,D,major,False,,"{""inversion"": 0, ""presentation"": ""arpeggio"", ""program"": ""violin"", ""quality"": ""augmented"", ""root"": 63, ""root_name"": ""D#"", ""soundfont"": ""timgm""}"
chord_quality/augmented_arpeggio_63_5::audio::explain,chord_quality/augmented_arpeggio_63_5,chord_quality,audio,explain,2,stimuli/chords/augmented_arpeggio_63_5.wav,"Listen to this chord. What kind of chord is it?
First give your answer. Then explain exactly what you heard that supports it: name the specific notes/chords/beats and their approximate timestamps in seconds.",,augmented,The chord is G. It occurs from 0.464s to 5.740s.,,,,"{""inversion"": 0, ""presentation"": ""arpeggio"", ""program"": ""violin"", ""quality"": ""augmented"", ""root"": 63, ""root_name"": ""D#"", ""soundfont"": ""timgm""}"
chord_quality/augmented_block_50_5::audio::mcq,chord_quality/augmented_block_50_5,chord_quality,audio,mcq,1,stimuli/chords/augmented_block_50_5.wav,"Identify the type of the chord you hear.
A. minor seventh
B. suspended fourth (sus4)
C. dominant seventh
D. augmented
Answer with the letter of the correct option only (A, B, C, or D). Do not explain.",minor seventh|suspended fourth (sus4)|dominant seventh|augmented,augmented,B,suspended fourth (sus4),False,,"{""inversion"": 0, ""presentation"": ""block"", ""program"": ""violin"", ""quality"": ""augmented"", ""root"": 50, ""root_name"": ""D"", ""soundfont"": ""musescore""}"
chord_quality/augmented_block_55_2::audio::mcq,chord_quality/augmented_block_55_2,chord_quality,audio,mcq,2,stimuli/chords/augmented_block_55_2.wav,"Listen to this chord. What kind of chord is it?
A. augmented
B. minor seventh
C. dominant seventh
D. major
Answer with the letter of the correct option only (A, B, C, or D). Do not explain.",augmented|minor seventh|dominant seventh|major,augmented,D,major,False,,"{""inversion"": 0, ""presentation"": ""block"", ""program"": ""violin"", ""quality"": ""augmented"", ""root"": 55, ""root_name"": ""G"", ""soundfont"": ""musescore""}"
chord_quality/augmented_block_56_0::audio::mcq,chord_quality/augmented_block_56_0,chord_quality,audio,mcq,2,stimuli/chords/augmented_block_56_0.wav,"Listen to this chord. What kind of chord is it?
A. augmented
B. minor seventh
C. diminished
D. major seventh
Answer with the letter of the correct option only (A, B, C, or D). Do not explain.",augmented|minor seventh|diminished|major seventh,augmented,A,augmented,True,,"{""inversion"": 0, ""presentation"": ""block"", ""program"": ""synth_lead"", ""quality"": ""augmented"", ""root"": 56, ""root_name"": ""G#"", ""soundfont"": ""fluidr3""}"
chord_quality/augmented_block_56_0::audio::explain,chord_quality/augmented_block_56_0,chord_quality,audio,explain,0,stimuli/chords/augmented_block_56_0.wav,"A chord is played. What is its quality (e.g. major, minor, diminished)?
First give your answer. Then explain exactly what you heard that supports it: name the specific notes/chords/beats and their approximate timestamps in seconds.",,augmented,"The chord is major. I heard a single sustained chord with a bright and stable tonal quality, beginning at 0.46s and lasting until 5.30s. The harmonic structure clearly centers on a major triad, with no dissonant intervals or alterations, confirming its major quality.",,,,"{""inversion"": 0, ""presentation"": ""block"", ""program"": ""synth_lead"", ""quality"": ""augmented"", ""root"": 56, ""root_name"": ""G#"", ""soundfont"": ""fluidr3""}"
chord_quality/augmented_block_61_1::audio::mcq,chord_quality/augmented_block_61_1,chord_quality,audio,mcq,1,stimuli/chords/augmented_block_61_1.wav,"Identify the type of the chord you hear.
A. minor
B. diminished
C. augmented
D. major seventh
Answer with the letter of the correct option only (A, B, C, or D). Do not explain.",minor|diminished|augmented|major seventh,augmented,D,major seventh,False,,"{""inversion"": 0, ""presentation"": ""block"", ""program"": ""piano"", ""quality"": ""augmented"", ""root"": 61, ""root_name"": ""C#"", ""soundfont"": ""musescore""}"
chord_quality/augmented_block_62_3::audio::mcq,chord_quality/augmented_block_62_3,chord_quality,audio,mcq,1,stimuli/chords/augmented_block_62_3.wav,"Identify the type of the chord you hear.
A. minor seventh
B. augmented
C. dominant seventh
D. suspended fourth (sus4)
Answer with the letter of the correct option only (A, B, C, or D). Do not explain.",minor seventh|augmented|dominant seventh|suspended fourth (sus4),augmented,B,augmented,True,,"{""inversion"": 0, ""presentation"": ""block"", ""program"": ""violin"", ""quality"": ""augmented"", ""root"": 62, ""root_name"": ""D"", ""soundfont"": ""fluidr3""}"
chord_quality/augmented_block_62_3::audio::open,chord_quality/augmented_block_62_3,chord_quality,audio,open,2,stimuli/chords/augmented_block_62_3.wav,"Listen to this chord. What kind of chord is it?
Give a short, direct answer.",,augmented,D major,D major,False,,"{""inversion"": 0, ""presentation"": ""block"", ""program"": ""violin"", ""quality"": ""augmented"", ""root"": 62, ""root_name"": ""D"", ""soundfont"": ""fluidr3""}"
chord_quality/augmented_block_62_4::audio::mcq,chord_quality/augmented_block_62_4,chord_quality,audio,mcq,2,stimuli/chords/augmented_block_62_4.wav,"Listen to this chord. What kind of chord is it?
A. major
B. dominant seventh
C. augmented
D. minor seventh
Answer with the letter of the correct option only (A, B, C, or D). Do not explain.",major|dominant seventh|augmented|minor seventh,augmented,A,major,False,,"{""inversion"": 0, ""presentation"": ""block"", ""program"": ""flute"", ""quality"": ""augmented"", ""root"": 62, ""root_name"": ""D"", ""soundfont"": ""fluidr3""}"
chord_quality/diminished_arpeggio_48_1::audio::mcq,chord_quality/diminished_arpeggio_48_1,chord_quality,audio,mcq,2,stimuli/chords/diminished_arpeggio_48_1.wav,"Listen to this chord. What kind of chord is it?
A. minor
B. major
C. suspended fourth (sus4)
D. diminished
Answer with the letter of the correct option only (A, B, C, or D). Do not explain.",minor|major|suspended fourth (sus4)|diminished,diminished,B,major,False,,"{""inversion"": 0, ""presentation"": ""arpeggio"", ""program"": ""piano"", ""quality"": ""diminished"", ""root"": 48, ""root_name"": ""C"", ""soundfont"": ""musescore""}"
chord_quality/diminished_arpeggio_48_2::audio::mcq,chord_quality/diminished_arpeggio_48_2,chord_quality,audio,mcq,2,stimuli/chords/diminished_arpeggio_48_2.wav,"Listen to this chord. What kind of chord is it?
A. diminished
B. minor seventh
C. major
D. minor
Answer with the letter of the correct option only (A, B, C, or D). Do not explain.",diminished|minor seventh|major|minor,diminished,D,minor,False,,"{""inversion"": 0, ""presentation"": ""arpeggio"", ""program"": ""flute"", ""quality"": ""diminished"", ""root"": 48, ""root_name"": ""C"", ""soundfont"": ""fluidr3""}"
chord_quality/diminished_arpeggio_48_3::audio::mcq,chord_quality/diminished_arpeggio_48_3,chord_quality,audio,mcq,1,stimuli/chords/diminished_arpeggio_48_3.wav,"Identify the type of the chord you hear.
A. diminished
B. major
C. dominant seventh
D. minor seventh
Answer with the letter of the correct option only (A, B, C, or D). Do not explain.",diminished|major|dominant seventh|minor seventh,diminished,B,major,False,,"{""inversion"": 2, ""presentation"": ""arpeggio"", ""program"": ""violin"", ""quality"": ""diminished"", ""root"": 48, ""root_name"": ""C"", ""soundfont"": ""timgm""}"
chord_quality/diminished_arpeggio_48_3::audio::open,chord_quality/diminished_arpeggio_48_3,chord_quality,audio,open,0,stimuli/chords/diminished_arpeggio_48_3.wav,"A chord is played. What is its quality (e.g. major, minor, diminished)?
Give a short, direct answer.",,diminished,major,major,False,,"{""inversion"": 2, ""presentation"": ""arpeggio"", ""program"": ""violin"", ""quality"": ""diminished"", ""root"": 48, ""root_name"": ""C"", ""soundfont"": ""timgm""}"
chord_quality/diminished_arpeggio_51_0::audio::mcq,chord_quality/diminished_arpeggio_51_0,chord_quality,audio,mcq,2,stimuli/chords/diminished_arpeggio_51_0.wav,"Listen to this chord. What kind of chord is it?
A. diminished
B. minor seventh
C. suspended fourth (sus4)
D. augmented
Answer with the letter of the correct option only (A, B, C, or D). Do not explain.",diminished|minor seventh|suspended fourth (sus4)|augmented,diminished,D,augmented,False,,"{""inversion"": 0, ""presentation"": ""arpeggio"", ""program"": ""flute"", ""quality"": ""diminished"", ""root"": 51, ""root_name"": ""D#"", ""soundfont"": ""fluidr3""}"
chord_quality/diminished_arpeggio_51_0::audio::open,chord_quality/diminished_arpeggio_51_0,chord_quality,audio,open,2,stimuli/chords/diminished_arpeggio_51_0.wav,"Listen to this chord. What kind of chord is it?
Give a short, direct answer.",,diminished,minor,minor,False,,"{""inversion"": 0, ""presentation"": ""arpeggio"", ""program"": ""flute"", ""quality"": ""diminished"", ""root"": 51, ""root_name"": ""D#"", ""soundfont"": ""fluidr3""}"
chord_quality/diminished_arpeggio_54_5::audio::mcq,chord_quality/diminished_arpeggio_54_5,chord_quality,audio,mcq,0,stimuli/chords/diminished_arpeggio_54_5.wav,"A chord is played. What is its quality (e.g. major, minor, diminished)?
A. diminished
B. minor
C. major
D. minor seventh
Answer with the letter of the correct option only (A, B, C, or D). Do not explain.",diminished|minor|major|minor seventh,diminished,C,major,False,,"{""inversion"": 2, ""presentation"": ""arpeggio"", ""program"": ""flute"", ""quality"": ""diminished"", ""root"": 54, ""root_name"": ""F#"", ""soundfont"": ""musescore""}"
chord_quality/diminished_arpeggio_55_4::audio::mcq,chord_quality/diminished_arpeggio_55_4,chord_quality,audio,mcq,0,stimuli/chords/diminished_arpeggio_55_4.wav,"A chord is played. What is its quality (e.g. major, minor, diminished)?
A. suspended fourth (sus4)
B. diminished
C. major
D. dominant seventh
Answer with the letter of the correct option only (A, B, C, or D). Do not explain.",suspended fourth (sus4)|diminished|major|dominant seventh,diminished,C,major,False,,"{""inversion"": 0, ""presentation"": ""arpeggio"", ""program"": ""violin"", ""quality"": ""diminished"", ""root"": 55, ""root_name"": ""G"", ""soundfont"": ""musescore""}"
chord_quality/diminished_arpeggio_55_4::audio::open,chord_quality/diminished_arpeggio_55_4,chord_quality,audio,open,2,stimuli/chords/diminished_arpeggio_55_4.wav,"Listen to this chord. What kind of chord is it?
Give a short, direct answer.",,diminished,Bb major,Bb major,False,,"{""inversion"": 0, ""presentation"": ""arpeggio"", ""program"": ""violin"", ""quality"": ""diminished"", ""root"": 55, ""root_name"": ""G"", ""soundfont"": ""musescore""}"
chord_quality/diminished_block_49_0::audio::mcq,chord_quality/diminished_block_49_0,chord_quality,audio,mcq,2,stimuli/chords/diminished_block_49_0.wav,"Listen to this chord. What kind of chord is it?
A. diminished
B. augmented
C. minor seventh
D. dominant seventh
Answer with the letter of the correct option only (A, B, C, or D). Do not explain.",diminished|augmented|minor seventh|dominant seventh,diminished,B,augmented,False,,"{""inversion"": 0, ""presentation"": ""block"", ""program"": ""piano"", ""quality"": ""diminished"", ""root"": 49, ""root_name"": ""C#"", ""soundfont"": ""musescore""}"
chord_quality/diminished_block_49_0::audio::open,chord_quality/diminished_block_49_0,chord_quality,audio,open,2,stimuli/chords/diminished_block_49_0.wav,"Listen to this chord. What kind of chord is it?
Give a short, direct answer.",,diminished,A major,A major,False,,"{""inversion"": 0, ""presentation"": ""block"", ""program"": ""piano"", ""quality"": ""diminished"", ""root"": 49, ""root_name"": ""C#"", ""soundfont"": ""musescore""}"
chord_quality/diminished_block_54_2::audio::mcq,chord_quality/diminished_block_54_2,chord_quality,audio,mcq,0,stimuli/chords/diminished_block_54_2.wav,"A chord is played. What is its quality (e.g. major, minor, diminished)?
A. dominant seventh
B. diminished
C. minor seventh
D. suspended fourth (sus4)
Answer with the letter of the correct option only (A, B, C, or D). Do not explain.",dominant seventh|diminished|minor seventh|suspended fourth (sus4),diminished,B,diminished,True,,"{""inversion"": 0, ""presentation"": ""block"", ""program"": ""flute"", ""quality"": ""diminished"", ""root"": 54, ""root_name"": ""F#"", ""soundfont"": ""timgm""}"
chord_quality/diminished_block_54_3::audio::mcq,chord_quality/diminished_block_54_3,chord_quality,audio,mcq,2,stimuli/chords/diminished_block_54_3.wav,"Listen to this chord. What kind of chord is it?
A. dominant seventh
B. suspended fourth (sus4)
C. minor seventh
D. diminished
Answer with the letter of the correct option only (A, B, C, or D). Do not explain.",dominant seventh|suspended fourth (sus4)|minor seventh|diminished,diminished,B,suspended fourth (sus4),False,,"{""inversion"": 0, ""presentation"": ""block"", ""program"": ""piano"", ""quality"": ""diminished"", ""root"": 54, ""root_name"": ""F#"", ""soundfont"": ""musescore""}"
chord_quality/diminished_block_55_1::audio::mcq,chord_quality/diminished_block_55_1,chord_quality,audio,mcq,0,stimuli/chords/diminished_block_55_1.wav,"A chord is played. What is its quality (e.g. major, minor, diminished)?
A. suspended fourth (sus4)
B. major seventh
C. diminished
D. minor seventh
Answer with the letter of the correct option only (A, B, C, or D). Do not explain.",suspended fourth (sus4)|major seventh|diminished|minor seventh,diminished,C,diminished,True,,"{""inversion"": 0, ""presentation"": ""block"", ""program"": ""violin"", ""quality"": ""diminished"", ""root"": 55, ""root_name"": ""G"", ""soundfont"": ""musescore""}"
chord_quality/diminished_block_57_4::audio::mcq,chord_quality/diminished_block_57_4,chord_quality,audio,mcq,0,stimuli/chords/diminished_block_57_4.wav,"A chord is played. What is its quality (e.g. major, minor, diminished)?
A. minor seventh
B. diminished
C. minor
D. major seventh
Answer with the letter of the correct option only (A, B, C, or D). Do not explain.",minor seventh|diminished|minor|major seventh,diminished,C,minor,False,,"{""inversion"": 0, ""presentation"": ""block"", ""program"": ""piano"", ""quality"": ""diminished"", ""root"": 57, ""root_name"": ""A"", ""soundfont"": ""fluidr3""}"
chord_quality/diminished_block_57_4::audio::explain,chord_quality/diminished_block_57_4,chord_quality,audio,explain,0,stimuli/chords/diminished_block_57_4.wav,"A chord is played. What is its quality (e.g. major, minor, diminished)?
First give your answer. Then explain exactly what you heard that supports it: name the specific notes/chords/beats and their approximate timestamps in seconds.",,diminished,"The chord is major. I heard a clear, stable F major chord with a bright and consonant quality, lasting from the beginning of the clip to approximately 1.04 seconds. The harmonic structure features the notes F, A, and C, which are characteristic of a major triad, and there is no indication of dissonance or modal ambiguity.",,,,"{""inversion"": 0, ""presentation"": ""block"", ""program"": ""piano"", ""quality"": ""diminished"", ""root"": 57, ""root_name"": ""A"", ""soundfont"": ""fluidr3""}"
chord_quality/diminished_block_61_5::audio::mcq,chord_quality/diminished_block_61_5,chord_quality,audio,mcq,1,stimuli/chords/diminished_block_61_5.wav,"Identify the type of the chord you hear.
A. dominant seventh
B. suspended fourth (sus4)
C. augmented
D. diminished
Answer with the letter of the correct option only (A, B, C, or D). Do not explain.",dominant seventh|suspended fourth (sus4)|augmented|diminished,diminished,B,suspended fourth (sus4),False,,"{""inversion"": 0, ""presentation"": ""block"", ""program"": ""piano"", ""quality"": ""diminished"", ""root"": 61, ""root_name"": ""C#"", ""soundfont"": ""timgm""}"
chord_quality/dominant7_arpeggio_48_3::audio::mcq,chord_quality/dominant7_arpeggio_48_3,chord_quality,audio,mcq,0,stimuli/chords/dominant7_arpeggio_48_3.wav,"A chord is played. What is its quality (e.g. major, minor, diminished)?
A. major
B. minor seventh
C. suspended fourth (sus4)
D. dominant seventh
Answer with the letter of the correct option only (A, B, C, or D). Do not explain.",major|minor seventh|suspended fourth (sus4)|dominant seventh,dominant seventh,A,major,False,,"{""inversion"": 3, ""presentation"": ""arpeggio"", ""program"": ""piano"", ""quality"": ""dominant7"", ""root"": 48, ""root_name"": ""C"", ""soundfont"": ""fluidr3""}"
chord_quality/dominant7_arpeggio_48_3::audio::explain,chord_quality/dominant7_arpeggio_48_3,chord_quality,audio,explain,2,stimuli/chords/dominant7_arpeggio_48_3.wav,"Listen to this chord. What kind of chord is it?
First give your answer. Then explain exactly what you heard that supports it: name the specific notes/chords/beats and their approximate timestamps in seconds.",,dominant seventh,"The chord is a C major triad, clearly heard at the beginning of the clip. The notes C, E, and G are played together, forming a stable and consonant major chord. This is supported by the bright, resolved quality of the harmony at 0.00s, with no dissonance or tension. The chord remains static for the duration of the 5.74-second clip, with no additional chords or harmonic movement.",,,,"{""inversion"": 3, ""presentation"": ""arpeggio"", ""program"": ""piano"", ""quality"": ""dominant7"", ""root"": 48, ""root_name"": ""C"", ""soundfont"": ""fluidr3""}"
chord_quality/dominant7_arpeggio_51_5::audio::mcq,chord_quality/dominant7_arpeggio_51_5,chord_quality,audio,mcq,0,stimuli/chords/dominant7_arpeggio_51_5.wav,"A chord is played. What is its quality (e.g. major, minor, diminished)?
A. diminished
B. dominant seventh
C. minor
D. suspended fourth (sus4)
Answer with the letter of the correct option only (A, B, C, or D). Do not explain.",diminished|dominant seventh|minor|suspended fourth (sus4),dominant seventh,C,minor,False,,"{""inversion"": 0, ""presentation"": ""arpeggio"", ""program"": ""synth_lead"", ""quality"": ""dominant7"", ""root"": 51, ""root_name"": ""D#"", ""soundfont"": ""fluidr3""}"
chord_quality/dominant7_arpeggio_58_4::audio::mcq,chord_quality/dominant7_arpeggio_58_4,chord_quality,audio,mcq,2,stimuli/chords/dominant7_arpeggio_58_4.wav,"Listen to this chord. What kind of chord is it?
A. dominant seventh
B. minor
C. suspended fourth (sus4)
D. major seventh
Answer with the letter of the correct option only (A, B, C, or D). Do not explain.",dominant seventh|minor|suspended fourth (sus4)|major seventh,dominant seventh,D,major seventh,False,,"{""inversion"": 0, ""presentation"": ""arpeggio"", ""program"": ""piano"", ""quality"": ""dominant7"", ""root"": 58, ""root_name"": ""A#"", ""soundfont"": ""timgm""}"
chord_quality/dominant7_arpeggio_62_0::audio::mcq,chord_quality/dominant7_arpeggio_62_0,chord_quality,audio,mcq,2,stimuli/chords/dominant7_arpeggio_62_0.wav,"Listen to this chord. What kind of chord is it?
A. major seventh
B. dominant seventh
C. diminished
D. augmented
Answer with the letter of the correct option only (A, B, C, or D). Do not explain.",major seventh|dominant seventh|diminished|augmented,dominant seventh,A,major seventh,False,,"{""inversion"": 0, ""presentation"": ""arpeggio"", ""program"": ""flute"", ""quality"": ""dominant7"", ""root"": 62, ""root_name"": ""D"", ""soundfont"": ""fluidr3""}"
chord_quality/dominant7_arpeggio_62_0::audio::explain,chord_quality/dominant7_arpeggio_62_0,chord_quality,audio,explain,0,stimuli/chords/dominant7_arpeggio_62_0.wav,"A chord is played. What is its quality (e.g. major, minor, diminished)?
First give your answer. Then explain exactly what you heard that supports it: name the specific notes/chords/beats and their approximate timestamps in seconds.",,dominant seventh,"The chord is major. I heard a clear, stable D major chord with a bright and consonant quality, lasting from the beginning of the clip to 5.3 seconds. The harmonic structure features the root (D), major third (F#), and perfect fifth (A), confirming its major quality.",,,,"{""inversion"": 0, ""presentation"": ""arpeggio"", ""program"": ""flute"", ""quality"": ""dominant7"", ""root"": 62, ""root_name"": ""D"", ""soundfont"": ""fluidr3""}"
chord_quality/dominant7_arpeggio_62_1::audio::mcq,chord_quality/dominant7_arpeggio_62_1,chord_quality,audio,mcq,1,stimuli/chords/dominant7_arpeggio_62_1.wav,"Identify the type of the chord you hear.
A. suspended fourth (sus4)
B. dominant seventh
C. major seventh
D. minor seventh
Answer with the letter of the correct option only (A, B, C, or D). Do not explain.",suspended fourth (sus4)|dominant seventh|major seventh|minor seventh,dominant seventh,C,major seventh,False,,"{""inversion"": 0, ""presentation"": ""arpeggio"", ""program"": ""synth_lead"", ""quality"": ""dominant7"", ""root"": 62, ""root_name"": ""D"", ""soundfont"": ""fluidr3""}"
chord_quality/dominant7_arpeggio_63_2::audio::mcq,chord_quality/dominant7_arpeggio_63_2,chord_quality,audio,mcq,0,stimuli/chords/dominant7_arpeggio_63_2.wav,"A chord is played. What is its quality (e.g. major, minor, diminished)?
A. dominant seventh
B. suspended fourth (sus4)
C. diminished
D. minor seventh
Answer with the letter of the correct option only (A, B, C, or D). Do not explain.",dominant seventh|suspended fourth (sus4)|diminished|minor seventh,dominant seventh,C,diminished,False,,"{""inversion"": 3, ""presentation"": ""arpeggio"", ""program"": ""piano"", ""quality"": ""dominant7"", ""root"": 63, ""root_name"": ""D#"", ""soundfont"": ""fluidr3""}"
chord_quality/dominant7_arpeggio_63_2::audio::open,chord_quality/dominant7_arpeggio_63_2,chord_quality,audio,open,1,stimuli/chords/dominant7_arpeggio_63_2.wav,"Identify the type of the chord you hear.
Give a short, direct answer.",,dominant seventh,C# major,C# major,False,,"{""inversion"": 3, ""presentation"": ""arpeggio"", ""program"": ""piano"", ""quality"": ""dominant7"", ""root"": 63, ""root_name"": ""D#"", ""soundfont"": ""fluidr3""}"
chord_quality/dominant7_arpeggio_63_2::audio::explain,chord_quality/dominant7_arpeggio_63_2,chord_quality,audio,explain,0,stimuli/chords/dominant7_arpeggio_63_2.wav,"A chord is played. What is its quality (e.g. major, minor, diminished)?
First give your answer. Then explain exactly what you heard that supports it: name the specific notes/chords/beats and their approximate timestamps in seconds.",,dominant seventh,"The chord is major. I heard a single, clear major chord with a bright and stable tonal quality, beginning at 0.00s and lasting until 1.00s. The harmonic structure features a root, major third, and perfect fifth, confirming its major quality.",,,,"{""inversion"": 3, ""presentation"": ""arpeggio"", ""program"": ""piano"", ""quality"": ""dominant7"", ""root"": 63, ""root_name"": ""D#"", ""soundfont"": ""fluidr3""}"
chord_quality/dominant7_block_49_0::audio::mcq,chord_quality/dominant7_block_49_0,chord_quality,audio,mcq,2,stimuli/chords/dominant7_block_49_0.wav,"Listen to this chord. What kind of chord is it?
A. dominant seventh
B. minor
C. major
D. augmented
Answer with the letter of the correct option only (A, B, C, or D). Do not explain.",dominant seventh|minor|major|augmented,dominant seventh,C,major,False,,"{""inversion"": 0, ""presentation"": ""block"", ""program"": ""piano"", ""quality"": ""dominant7"", ""root"": 49, ""root_name"": ""C#"", ""soundfont"": ""timgm""}"
chord_quality/dominant7_block_55_4::audio::mcq,chord_quality/dominant7_block_55_4,chord_quality,audio,mcq,0,stimuli/chords/dominant7_block_55_4.wav,"A chord is played. What is its quality (e.g. major, minor, diminished)?
A. minor
B. major seventh
C. minor seventh
D. dominant seventh
Answer with the letter of the correct option only (A, B, C, or D). Do not explain.",minor|major seventh|minor seventh|dominant seventh,dominant seventh,A,minor,False,,"{""inversion"": 3, ""presentation"": ""block"", ""program"": ""flute"", ""quality"": ""dominant7"", ""root"": 55, ""root_name"": ""G"", ""soundfont"": ""musescore""}"
chord_quality/dominant7_block_56_5::audio::mcq,chord_quality/dominant7_block_56_5,chord_quality,audio,mcq,1,stimuli/chords/dominant7_block_56_5.wav,"Identify the type of the chord you hear.
A. dominant seventh
B. augmented
C. major seventh
D. minor
Answer with the letter of the correct option only (A, B, C, or D). Do not explain.",dominant seventh|augmented|major seventh|minor,dominant seventh,D,minor,False,,"{""inversion"": 1, ""presentation"": ""block"", ""program"": ""flute"", ""quality"": ""dominant7"", ""root"": 56, ""root_name"": ""G#"", ""soundfont"": ""fluidr3""}"
chord_quality/dominant7_block_56_5::audio::open,chord_quality/dominant7_block_56_5,chord_quality,audio,open,0,stimuli/chords/dominant7_block_56_5.wav,"A chord is played. What is its quality (e.g. major, minor, diminished)?
Give a short, direct answer.",,dominant seventh,major,major,False,,"{""inversion"": 1, ""presentation"": ""block"", ""program"": ""flute"", ""quality"": ""dominant7"", ""root"": 56, ""root_name"": ""G#"", ""soundfont"": ""fluidr3""}"
chord_quality/dominant7_block_58_3::audio::mcq,chord_quality/dominant7_block_58_3,chord_quality,audio,mcq,2,stimuli/chords/dominant7_block_58_3.wav,"Listen to this chord. What kind of chord is it?
A. minor
B. minor seventh
C. suspended fourth (sus4)
D. dominant seventh
Answer with the letter of the correct option only (A, B, C, or D). Do not explain.",minor|minor seventh|suspended fourth (sus4)|dominant seventh,dominant seventh,A,minor,False,,"{""inversion"": 0, ""presentation"": ""block"", ""program"": ""violin"", ""quality"": ""dominant7"", ""root"": 58, ""root_name"": ""A#"", ""soundfont"": ""fluidr3""}"
chord_quality/dominant7_block_59_1::audio::mcq,chord_quality/dominant7_block_59_1,chord_quality,audio,mcq,2,stimuli/chords/dominant7_block_59_1.wav,"Listen to this chord. What kind of chord is it?
A. augmented
B. minor seventh
C. dominant seventh
D. suspended fourth (sus4)
Answer with the letter of the correct option only (A, B, C, or D). Do not explain.",augmented|minor seventh|dominant seventh|suspended fourth (sus4),dominant seventh,A,augmented,False,,"{""inversion"": 0, ""presentation"": ""block"", ""program"": ""flute"", ""quality"": ""dominant7"", ""root"": 59, ""root_name"": ""B"", ""soundfont"": ""musescore""}"
chord_quality/dominant7_block_61_2::audio::mcq,chord_quality/dominant7_block_61_2,chord_quality,audio,mcq,2,stimuli/chords/dominant7_block_61_2.wav,"Listen to this chord. What kind of chord is it?
A. dominant seventh
B. major seventh
C. major
D. minor
Answer with the letter of the correct option only (A, B, C, or D). Do not explain.",dominant seventh|major seventh|major|minor,dominant seventh,C,major,False,,"{""inversion"": 0, ""presentation"": ""block"", ""program"": ""violin"", ""quality"": ""dominant7"", ""root"": 61, ""root_name"": ""C#"", ""soundfont"": ""timgm""}"
chord_quality/major7_arpeggio_49_2::audio::mcq,chord_quality/major7_arpeggio_49_2,chord_quality,audio,mcq,1,stimuli/chords/major7_arpeggio_49_2.wav,"Identify the type of the chord you hear.
A. major
B. minor seventh
C. major seventh
D. augmented
Answer with the letter of the correct option only (A, B, C, or D). Do not explain.",major|minor seventh|major seventh|augmented,major seventh,C,major seventh,True,,"{""inversion"": 2, ""presentation"": ""arpeggio"", ""program"": ""synth_lead"", ""quality"": ""major7"", ""root"": 49, ""root_name"": ""C#"", ""soundfont"": ""musescore""}"
chord_quality/major7_arpeggio_50_1::audio::mcq,chord_quality/major7_arpeggio_50_1,chord_quality,audio,mcq,0,stimuli/chords/major7_arpeggio_50_1.wav,"A chord is played. What is its quality (e.g. major, minor, diminished)?
A. dominant seventh
B. minor
C. suspended fourth (sus4)
D. major seventh
Answer with the letter of the correct option only (A, B, C, or D). Do not explain.",dominant seventh|minor|suspended fourth (sus4)|major seventh,major seventh,B,minor,False,,"{""inversion"": 0, ""presentation"": ""arpeggio"", ""program"": ""piano"", ""quality"": ""major7"", ""root"": 50, ""root_name"": ""D"", ""soundfont"": ""timgm""}"
chord_quality/major7_arpeggio_54_4::audio::mcq,chord_quality/major7_arpeggio_54_4,chord_quality,audio,mcq,1,stimuli/chords/major7_arpeggio_54_4.wav,"Identify the type of the chord you hear.
A. major seventh
B. minor seventh
C. suspended fourth (sus4)
D. augmented
Answer with the letter of the correct option only (A, B, C, or D). Do not explain.",major seventh|minor seventh|suspended fourth (sus4)|augmented,major seventh,A,major seventh,True,,"{""inversion"": 0, ""presentation"": ""arpeggio"", ""program"": ""synth_lead"", ""quality"": ""major7"", ""root"": 54, ""root_name"": ""F#"", ""soundfont"": ""fluidr3""}"
chord_quality/major7_arpeggio_55_0::audio::mcq,chord_quality/major7_arpeggio_55_0,chord_quality,audio,mcq,0,stimuli/chords/major7_arpeggio_55_0.wav,"A chord is played. What is its quality (e.g. major, minor, diminished)?
A. diminished
B. suspended fourth (sus4)
C. major seventh
D. augmented
Answer with the letter of the correct option only (A, B, C, or D). Do not explain.",diminished|suspended fourth (sus4)|major seventh|augmented,major seventh,A,diminished,False,,"{""inversion"": 0, ""presentation"": ""arpeggio"", ""program"": ""flute"", ""quality"": ""major7"", ""root"": 55, ""root_name"": ""G"", ""soundfont"": ""fluidr3""}"
chord_quality/major7_arpeggio_55_0::audio::open,chord_quality/major7_arpeggio_55_0,chord_quality,audio,open,0,stimuli/chords/major7_arpeggio_55_0.wav,"A chord is played. What is its quality (e.g. major, minor, diminished)?
Give a short, direct answer.",,major seventh,major,major,False,,"{""inversion"": 0, ""presentation"": ""arpeggio"", ""program"": ""flute"", ""quality"": ""major7"", ""root"": 55, ""root_name"": ""G"", ""soundfont"": ""fluidr3""}"
chord_quality/major7_arpeggio_59_3::audio::mcq,chord_quality/major7_arpeggio_59_3,chord_quality,audio,mcq,2,stimuli/chords/major7_arpeggio_59_3.wav,"Listen to this chord. What kind of chord is it?
A. dominant seventh
B. major seventh
C. diminished
D. minor seventh
Answer with the letter of the correct option only (A, B, C, or D). Do not explain.",dominant seventh|major seventh|diminished|minor seventh,major seventh,B,major seventh,True,,"{""inversion"": 0, ""presentation"": ""arpeggio"", ""program"": ""violin"", ""quality"": ""major7"", ""root"": 59, ""root_name"": ""B"", ""soundfont"": ""musescore""}"
chord_quality/major7_arpeggio_61_5::audio::mcq,chord_quality/major7_arpeggio_61_5,chord_quality,audio,mcq,1,stimuli/chords/major7_arpeggio_61_5.wav,"Identify the type of the chord you hear.
A. suspended fourth (sus4)
B. major seventh
C. minor
D. minor seventh
Answer with the letter of the correct option only (A, B, C, or D). Do not explain.",suspended fourth (sus4)|major seventh|minor|minor seventh,major seventh,C,minor,False,,"{""inversion"": 0, ""presentation"": ""arpeggio"", ""program"": ""piano"", ""quality"": ""major7"", ""root"": 61, ""root_name"": ""C#"", ""soundfont"": ""fluidr3""}"
chord_quality/major7_block_48_0::audio::mcq,chord_quality/major7_block_48_0,chord_quality,audio,mcq,1,stimuli/chords/major7_block_48_0.wav,"Identify the type of the chord you hear.
A. augmented
B. minor
C. major
D. major seventh
Answer with the letter of the correct option only (A, B, C, or D). Do not explain.",augmented|minor|major|major seventh,major seventh,C,major,False,,"{""inversion"": 0, ""presentation"": ""block"", ""program"": ""synth_lead"", ""quality"": ""major7"", ""root"": 48, ""root_name"": ""C"", ""soundfont"": ""fluidr3""}"
chord_quality/major7_block_52_4::audio::mcq,chord_quality/major7_block_52_4,chord_quality,audio,mcq,0,stimuli/chords/major7_block_52_4.wav,"A chord is played. What is its quality (e.g. major, minor, diminished)?
A. major
B. major seventh
C. augmented
D. minor seventh
Answer with the letter of the correct option only (A, B, C, or D). Do not explain.",major|major seventh|augmented|minor seventh,major seventh,A,major,False,,"{""inversion"": 0, ""presentation"": ""block"", ""program"": ""flute"", ""quality"": ""major7"", ""root"": 52, ""root_name"": ""E"", ""soundfont"": ""musescore""}"
chord_quality/major7_block_60_3::audio::mcq,chord_quality/major7_block_60_3,chord_quality,audio,mcq,2,stimuli/chords/major7_block_60_3.wav,"Listen to this chord. What kind of chord is it?
A. suspended fourth (sus4)
B. dominant seventh
C. major
D. major seventh
Answer with the letter of the correct option only (A, B, C, or D). Do not explain.",suspended fourth (sus4)|dominant seventh|major|major seventh,major seventh,C,major,False,,"{""inversion"": 0, ""presentation"": ""block"", ""program"": ""flute"", ""quality"": ""major7"", ""root"": 60, ""root_name"": ""C"", ""soundfont"": ""fluidr3""}"
chord_quality/major7_block_61_2::audio::mcq,chord_quality/major7_block_61_2,chord_quality,audio,mcq,1,stimuli/chords/major7_block_61_2.wav,"Identify the type of the chord you hear.
A. diminished
B. augmented
C. major seventh
D. suspended fourth (sus4)
Answer with the letter of the correct option only (A, B, C, or D). Do not explain.",diminished|augmented|major seventh|suspended fourth (sus4),major seventh,C,major seventh,True,,"{""inversion"": 0, ""presentation"": ""block"", ""program"": ""piano"", ""quality"": ""major7"", ""root"": 61, ""root_name"": ""C#"", ""soundfont"": ""timgm""}"
chord_quality/major7_block_61_5::audio::mcq,chord_quality/major7_block_61_5,chord_quality,audio,mcq,2,stimuli/chords/major7_block_61_5.wav,"Listen to this chord. What kind of chord is it?
A. diminished
B. dominant seventh
C. major seventh
D. minor seventh
Answer with the letter of the correct option only (A, B, C, or D). Do not explain.",diminished|dominant seventh|major seventh|minor seventh,major seventh,C,major seventh,True,,"{""inversion"": 0, ""presentation"": ""block"", ""program"": ""violin"", ""quality"": ""major7"", ""root"": 61, ""root_name"": ""C#"", ""soundfont"": ""musescore""}"
chord_quality/major7_block_64_1::audio::mcq,chord_quality/major7_block_64_1,chord_quality,audio,mcq,1,stimuli/chords/major7_block_64_1.wav,"Identify the type of the chord you hear.
A. major seventh
B. minor
C. major
D. minor seventh
Answer with the letter of the correct option only (A, B, C, or D). Do not explain.",major seventh|minor|major|minor seventh,major seventh,C,major,False,,"{""inversion"": 0, ""presentation"": ""block"", ""program"": ""synth_lead"", ""quality"": ""major7"", ""root"": 64, ""root_name"": ""E"", ""soundfont"": ""fluidr3""}"
chord_quality/major7_block_64_1::audio::explain,chord_quality/major7_block_64_1,chord_quality,audio,explain,2,stimuli/chords/major7_block_64_1.wav,"Listen to this chord. What kind of chord is it?
First give your answer. Then explain exactly what you heard that supports it: name the specific notes/chords/beats and their approximate timestamps in seconds.",,major seventh,"The chord is F# major. I heard a single, sustained F# note from 0.46s to 5.30s, with no other harmonic or melodic elements present. The timbre is clear and resonant, consistent with a solo piano or keyboard instrument playing a single chord. There are no additional chords or voice leading, confirming it as a static F# major triad.",,,,"{""inversion"": 0, ""presentation"": ""block"", ""program"": ""synth_lead"", ""quality"": ""major7"", ""root"": 64, ""root_name"": ""E"", ""soundfont"": ""fluidr3""}"
chord_quality/major_arpeggio_51_1::audio::mcq,chord_quality/major_arpeggio_51_1,chord_quality,audio,mcq,0,stimuli/chords/major_arpeggio_51_1.wav,"A chord is played. What is its quality (e.g. major, minor, diminished)?
A. augmented
B. major seventh
C. minor
D. major
Answer with the letter of the correct option only (A, B, C, or D). Do not explain.",augmented|major seventh|minor|major,major,D,major,True,,"{""inversion"": 0, ""presentation"": ""arpeggio"", ""program"": ""synth_lead"", ""quality"": ""major"", ""root"": 51, ""root_name"": ""D#"", ""soundfont"": ""musescore""}"
chord_quality/major_arpeggio_51_1::audio::open,chord_quality/major_arpeggio_51_1,chord_quality,audio,open,1,stimuli/chords/major_arpeggio_51_1.wav,"Identify the type of the chord you hear.
Give a short, direct answer.",,major,G,G,False,,"{""inversion"": 0, ""presentation"": ""arpeggio"", ""program"": ""synth_lead"", ""quality"": ""major"", ""root"": 51, ""root_name"": ""D#"", ""soundfont"": ""musescore""}"
chord_quality/major_arpeggio_51_5::audio::mcq,chord_quality/major_arpeggio_51_5,chord_quality,audio,mcq,2,stimuli/chords/major_arpeggio_51_5.wav,"Listen to this chord. What kind of chord is it?
A. suspended fourth (sus4)
B. minor seventh
C. major
D. major seventh
Answer with the letter of the correct option only (A, B, C, or D). Do not explain.",suspended fourth (sus4)|minor seventh|major|major seventh,major,C,major,True,,"{""inversion"": 0, ""presentation"": ""arpeggio"", ""program"": ""flute"", ""quality"": ""major"", ""root"": 51, ""root_name"": ""D#"", ""soundfont"": ""fluidr3""}"
chord_quality/major_arpeggio_51_5::audio::open,chord_quality/major_arpeggio_51_5,chord_quality,audio,open,0,stimuli/chords/major_arpeggio_51_5.wav,"A chord is played. What is its quality (e.g. major, minor, diminished)?
Give a short, direct answer.",,major,major,major,True,,"{""inversion"": 0, ""presentation"": ""arpeggio"", ""program"": ""flute"", ""quality"": ""major"", ""root"": 51, ""root_name"": ""D#"", ""soundfont"": ""fluidr3""}"
chord_quality/major_arpeggio_53_0::audio::mcq,chord_quality/major_arpeggio_53_0,chord_quality,audio,mcq,2,stimuli/chords/major_arpeggio_53_0.wav,"Listen to this chord. What kind of chord is it?
A. diminished
B. major
C. augmented
D. suspended fourth (sus4)
Answer with the letter of the correct option only (A, B, C, or D). Do not explain.",diminished|major|augmented|suspended fourth (sus4),major,B,major,True,,"{""inversion"": 0, ""presentation"": ""arpeggio"", ""program"": ""synth_lead"", ""quality"": ""major"", ""root"": 53, ""root_name"": ""F"", ""soundfont"": ""timgm""}"
chord_quality/major_arpeggio_53_0::audio::explain,chord_quality/major_arpeggio_53_0,chord_quality,audio,explain,0,stimuli/chords/major_arpeggio_53_0.wav,"A chord is played. What is its quality (e.g. major, minor, diminished)?
First give your answer. Then explain exactly what you heard that supports it: name the specific notes/chords/beats and their approximate timestamps in seconds.",,major,"The chord is a major chord. I heard a clear, stable triad with a bright and consonant quality, beginning at 0.46s and lasting until 5.77s. The root note is D, with the third (F♯) and fifth (A) forming a major third and perfect fifth above it, confirming the major quality.",,,,"{""inversion"": 0, ""presentation"": ""arpeggio"", ""program"": ""synth_lead"", ""quality"": ""major"", ""root"": 53, ""root_name"": ""F"", ""soundfont"": ""timgm""}"
chord_quality/major_arpeggio_53_2::audio::mcq,chord_quality/major_arpeggio_53_2,chord_quality,audio,mcq,0,stimuli/chords/major_arpeggio_53_2.wav,"A chord is played. What is its quality (e.g. major, minor, diminished)?
A. augmented
B. major
C. major seventh
D. minor
Answer with the letter of the correct option only (A, B, C, or D). Do not explain.",augmented|major|major seventh|minor,major,B,major,True,,"{""inversion"": 0, ""presentation"": ""arpeggio"", ""program"": ""violin"", ""quality"": ""major"", ""root"": 53, ""root_name"": ""F"", ""soundfont"": ""timgm""}"
chord_quality/major_arpeggio_53_2::audio::explain,chord_quality/major_arpeggio_53_2,chord_quality,audio,explain,1,stimuli/chords/major_arpeggio_53_2.wav,"Identify the type of the chord you hear.
First give your answer. Then explain exactly what you heard that supports it: name the specific notes/chords/beats and their approximate timestamps in seconds.",,major,"The chord is G. I heard a single, sustained chord starting at 0.46s and lasting until 5.74s, which is clearly a G major chord with no other harmonic changes or accompaniment.",,,,"{""inversion"": 0, ""presentation"": ""arpeggio"", ""program"": ""violin"", ""quality"": ""major"", ""root"": 53, ""root_name"": ""F"", ""soundfont"": ""timgm""}"
chord_quality/major_arpeggio_57_3::audio::mcq,chord_quality/major_arpeggio_57_3,chord_quality,audio,mcq,0,stimuli/chords/major_arpeggio_57_3.wav,"A chord is played. What is its quality (e.g. major, minor, diminished)?
A. diminished
B. minor seventh
C. major
D. suspended fourth (sus4)
Answer with the letter of the correct option only (A, B, C, or D). Do not explain.",diminished|minor seventh|major|suspended fourth (sus4),major,C,major,True,,"{""inversion"": 0, ""presentation"": ""arpeggio"", ""program"": ""violin"", ""quality"": ""major"", ""root"": 57, ""root_name"": ""A"", ""soundfont"": ""fluidr3""}"
chord_quality/major_arpeggio_57_3::audio::open,chord_quality/major_arpeggio_57_3,chord_quality,audio,open,1,stimuli/chords/major_arpeggio_57_3.wav,"Identify the type of the chord you hear.
Give a short, direct answer.",,major,A major,A major,True,,"{""inversion"": 0, ""presentation"": ""arpeggio"", ""program"": ""violin"", ""quality"": ""major"", ""root"": 57, ""root_name"": ""A"", ""soundfont"": ""fluidr3""}"
chord_quality/major_arpeggio_60_4::audio::mcq,chord_quality/major_arpeggio_60_4,chord_quality,audio,mcq,0,stimuli/chords/major_arpeggio_60_4.wav,"A chord is played. What is its quality (e.g. major, minor, diminished)?
A. diminished
B. major
C. minor seventh
D. dominant seventh
Answer with the letter of the correct option only (A, B, C, or D). Do not explain.",diminished|major|minor seventh|dominant seventh,major,B,major,True,,"{""inversion"": 2, ""presentation"": ""arpeggio"", ""program"": ""synth_lead"", ""quality"": ""major"", ""root"": 60, ""root_name"": ""C"", ""soundfont"": ""musescore""}"
chord_quality/major_arpeggio_60_4::audio::open,chord_quality/major_arpeggio_60_4,chord_quality,audio,open,1,stimuli/chords/major_arpeggio_60_4.wav,"Identify the type of the chord you hear.
Give a short, direct answer.",,major,G major,G major,True,,"{""inversion"": 2, ""presentation"": ""arpeggio"", ""program"": ""synth_lead"", ""quality"": ""major"", ""root"": 60, ""root_name"": ""C"", ""soundfont"": ""musescore""}"
chord_quality/major_arpeggio_60_4::audio::explain,chord_quality/major_arpeggio_60_4,chord_quality,audio,explain,1,stimuli/chords/major_arpeggio_60_4.wav,"Identify the type of the chord you hear.
First give your answer. Then explain exactly what you heard that supports it: name the specific notes/chords/beats and their approximate timestamps in seconds.",,major,"The chord is G. I heard a single, sustained G major chord played on a synthesizer from the beginning of the clip (0.00s) to the end (5.75s). There are no other harmonic changes or chord progressions present.",,,,"{""inversion"": 2, ""presentation"": ""arpeggio"", ""program"": ""synth_lead"", ""quality"": ""major"", ""root"": 60, ""root_name"": ""C"", ""soundfont"": ""musescore""}"
chord_quality/major_block_58_3::audio::mcq,chord_quality/major_block_58_3,chord_quality,audio,mcq,0,stimuli/chords/major_block_58_3.wav,"A chord is played. What is its quality (e.g. major, minor, diminished)?
A. minor seventh
B. major seventh
C. major
D. augmented
Answer with the letter of the correct option only (A, B, C, or D). Do not explain.",minor seventh|major seventh|major|augmented,major,C,major,True,,"{""inversion"": 0, ""presentation"": ""block"", ""program"": ""violin"", ""quality"": ""major"", ""root"": 58, ""root_name"": ""A#"", ""soundfont"": ""musescore""}"
chord_quality/major_block_61_5::audio::mcq,chord_quality/major_block_61_5,chord_quality,audio,mcq,2,stimuli/chords/major_block_61_5.wav,"Listen to this chord. What kind of chord is it?
A. suspended fourth (sus4)
B. augmented
C. dominant seventh
D. major
Answer with the letter of the correct option only (A, B, C, or D). Do not explain.",suspended fourth (sus4)|augmented|dominant seventh|major,major,D,major,True,,"{""inversion"": 0, ""presentation"": ""block"", ""program"": ""synth_lead"", ""quality"": ""major"", ""root"": 61, ""root_name"": ""C#"", ""soundfont"": ""fluidr3""}"
chord_quality/major_block_61_5::audio::open,chord_quality/major_block_61_5,chord_quality,audio,open,1,stimuli/chords/major_block_61_5.wav,"Identify the type of the chord you hear.
Give a short, direct answer.",,major,F#,F#,False,,"{""inversion"": 0, ""presentation"": ""block"", ""program"": ""synth_lead"", ""quality"": ""major"", ""root"": 61, ""root_name"": ""C#"", ""soundfont"": ""fluidr3""}"
chord_quality/major_block_62_0::audio::mcq,chord_quality/major_block_62_0,chord_quality,audio,mcq,0,stimuli/chords/major_block_62_0.wav,"A chord is played. What is its quality (e.g. major, minor, diminished)?
A. suspended fourth (sus4)
B. augmented
C. major seventh
D. major
Answer with the letter of the correct option only (A, B, C, or D). Do not explain.",suspended fourth (sus4)|augmented|major seventh|major,major,D,major,True,,"{""inversion"": 2, ""presentation"": ""block"", ""program"": ""violin"", ""quality"": ""major"", ""root"": 62, ""root_name"": ""D"", ""soundfont"": ""musescore""}"
chord_quality/major_block_62_0::audio::open,chord_quality/major_block_62_0,chord_quality,audio,open,0,stimuli/chords/major_block_62_0.wav,"A chord is played. What is its quality (e.g. major, minor, diminished)?
Give a short, direct answer.",,major,major,major,True,,"{""inversion"": 2, ""presentation"": ""block"", ""program"": ""violin"", ""quality"": ""major"", ""root"": 62, ""root_name"": ""D"", ""soundfont"": ""musescore""}"
chord_quality/major_block_62_4::audio::mcq,chord_quality/major_block_62_4,chord_quality,audio,mcq,1,stimuli/chords/major_block_62_4.wav,"Identify the type of the chord you hear.
A. diminished
B. minor
C. major
D. minor seventh
Answer with the letter of the correct option only (A, B, C, or D). Do not explain.",diminished|minor|major|minor seventh,major,C,major,True,,"{""inversion"": 0, ""presentation"": ""block"", ""program"": ""synth_lead"", ""quality"": ""major"", ""root"": 62, ""root_name"": ""D"", ""soundfont"": ""musescore""}"
chord_quality/major_block_63_1::audio::mcq,chord_quality/major_block_63_1,chord_quality,audio,mcq,1,stimuli/chords/major_block_63_1.wav,"Identify the type of the chord you hear.
A. dominant seventh
B. minor
C. major
D. major seventh
Answer with the letter of the correct option only (A, B, C, or D). Do not explain.",dominant seventh|minor|major|major seventh,major,C,major,True,,"{""inversion"": 0, ""presentation"": ""block"", ""program"": ""synth_lead"", ""quality"": ""major"", ""root"": 63, ""root_name"": ""D#"", ""soundfont"": ""fluidr3""}"
chord_quality/major_block_64_2::audio::mcq,chord_quality/major_block_64_2,chord_quality,audio,mcq,1,stimuli/chords/major_block_64_2.wav,"Identify the type of the chord you hear.
A. major seventh
B. diminished
C. major
D. minor seventh
Answer with the letter of the correct option only (A, B, C, or D). Do not explain.",major seventh|diminished|major|minor seventh,major,C,major,True,,"{""inversion"": 2, ""presentation"": ""block"", ""program"": ""flute"", ""quality"": ""major"", ""root"": 64, ""root_name"": ""E"", ""soundfont"": ""musescore""}"
chord_quality/major_block_64_2::audio::explain,chord_quality/major_block_64_2,chord_quality,audio,explain,2,stimuli/chords/major_block_64_2.wav,"Listen to this chord. What kind of chord is it?
First give your answer. Then explain exactly what you heard that supports it: name the specific notes/chords/beats and their approximate timestamps in seconds.",,major,"The chord is B. It is a single sustained pitch with no harmonic movement, clearly centered on B, and remains consistent throughout the entire 5.33-second duration.",,,,"{""inversion"": 2, ""presentation"": ""block"", ""program"": ""flute"", ""quality"": ""major"", ""root"": 64, ""root_name"": ""E"", ""soundfont"": ""musescore""}"
chord_quality/minor7_arpeggio_54_2::audio::mcq,chord_quality/minor7_arpeggio_54_2,chord_quality,audio,mcq,2,stimuli/chords/minor7_arpeggio_54_2.wav,"Listen to this chord. What kind of chord is it?
A. minor seventh
B. major seventh
C. dominant seventh
D. major
Answer with the letter of the correct option only (A, B, C, or D). Do not explain.",minor seventh|major seventh|dominant seventh|major,minor seventh,D,major,False,,"{""inversion"": 0, ""presentation"": ""arpeggio"", ""program"": ""violin"", ""quality"": ""minor7"", ""root"": 54, ""root_name"": ""F#"", ""soundfont"": ""fluidr3""}"
chord_quality/minor7_arpeggio_54_2::audio::explain,chord_quality/minor7_arpeggio_54_2,chord_quality,audio,explain,2,stimuli/chords/minor7_arpeggio_54_2.wav,"Listen to this chord. What kind of chord is it?
First give your answer. Then explain exactly what you heard that supports it: name the specific notes/chords/beats and their approximate timestamps in seconds.",,minor seventh,The chord is B major. It occurs from 0.46s to 5.64s.,,,,"{""inversion"": 0, ""presentation"": ""arpeggio"", ""program"": ""violin"", ""quality"": ""minor7"", ""root"": 54, ""root_name"": ""F#"", ""soundfont"": ""fluidr3""}"
chord_quality/minor7_arpeggio_55_1::audio::mcq,chord_quality/minor7_arpeggio_55_1,chord_quality,audio,mcq,0,stimuli/chords/minor7_arpeggio_55_1.wav,"A chord is played. What is its quality (e.g. major, minor, diminished)?
A. dominant seventh
B. suspended fourth (sus4)
C. minor seventh
D. diminished
Answer with the letter of the correct option only (A, B, C, or D). Do not explain.",dominant seventh|suspended fourth (sus4)|minor seventh|diminished,minor seventh,D,diminished,False,,"{""inversion"": 0, ""presentation"": ""arpeggio"", ""program"": ""synth_lead"", ""quality"": ""minor7"", ""root"": 55, ""root_name"": ""G"", ""soundfont"": ""fluidr3""}"
chord_quality/minor7_arpeggio_55_3::audio::mcq,chord_quality/minor7_arpeggio_55_3,chord_quality,audio,mcq,2,stimuli/chords/minor7_arpeggio_55_3.wav,"Listen to this chord. What kind of chord is it?
A. minor seventh
B. minor
C. major seventh
D. augmented
Answer with the letter of the correct option only (A, B, C, or D). Do not explain.",minor seventh|minor|major seventh|augmented,minor seventh,C,major seventh,False,,"{""inversion"": 0, ""presentation"": ""arpeggio"", ""program"": ""flute"", ""quality"": ""minor7"", ""root"": 55, ""root_name"": ""G"", ""soundfont"": ""timgm""}"
chord_quality/minor7_arpeggio_55_4::audio::mcq,chord_quality/minor7_arpeggio_55_4,chord_quality,audio,mcq,0,stimuli/chords/minor7_arpeggio_55_4.wav,"A chord is played. What is its quality (e.g. major, minor, diminished)?
A. minor seventh
B. dominant seventh
C. major
D. augmented
Answer with the letter of the correct option only (A, B, C, or D). Do not explain.",minor seventh|dominant seventh|major|augmented,minor seventh,C,major,False,,"{""inversion"": 0, ""presentation"": ""arpeggio"", ""program"": ""violin"", ""quality"": ""minor7"", ""root"": 55, ""root_name"": ""G"", ""soundfont"": ""fluidr3""}"
chord_quality/minor7_arpeggio_60_0::audio::mcq,chord_quality/minor7_arpeggio_60_0,chord_quality,audio,mcq,0,stimuli/chords/minor7_arpeggio_60_0.wav,"A chord is played. What is its quality (e.g. major, minor, diminished)?
A. minor seventh
B. minor
C. augmented
D. dominant seventh
Answer with the letter of the correct option only (A, B, C, or D). Do not explain.",minor seventh|minor|augmented|dominant seventh,minor seventh,B,minor,False,,"{""inversion"": 0, ""presentation"": ""arpeggio"", ""program"": ""violin"", ""quality"": ""minor7"", ""root"": 60, ""root_name"": ""C"", ""soundfont"": ""fluidr3""}"
chord_quality/minor7_arpeggio_62_5::audio::mcq,chord_quality/minor7_arpeggio_62_5,chord_quality,audio,mcq,1,stimuli/chords/minor7_arpeggio_62_5.wav,"Identify the type of the chord you hear.
A. major seventh
B. dominant seventh
C. minor seventh
D. major
Answer with the letter of the correct option only (A, B, C, or D). Do not explain.",major seventh|dominant seventh|minor seventh|major,minor seventh,D,major,False,,"{""inversion"": 2, ""presentation"": ""arpeggio"", ""program"": ""violin"", ""quality"": ""minor7"", ""root"": 62, ""root_name"": ""D"", ""soundfont"": ""fluidr3""}"
chord_quality/minor7_arpeggio_62_5::audio::explain,chord_quality/minor7_arpeggio_62_5,chord_quality,audio,explain,2,stimuli/chords/minor7_arpeggio_62_5.wav,"Listen to this chord. What kind of chord is it?
First give your answer. Then explain exactly what you heard that supports it: name the specific notes/chords/beats and their approximate timestamps in seconds.",,minor seventh,The chord is G. It occurs from 0.464s to 5.640s.,,,,"{""inversion"": 2, ""presentation"": ""arpeggio"", ""program"": ""violin"", ""quality"": ""minor7"", ""root"": 62, ""root_name"": ""D"", ""soundfont"": ""fluidr3""}"
chord_quality/minor7_block_50_3::audio::mcq,chord_quality/minor7_block_50_3,chord_quality,audio,mcq,1,stimuli/chords/minor7_block_50_3.wav,"Identify the type of the chord you hear.
A. dominant seventh
B. minor
C. minor seventh
D. suspended fourth (sus4)
Answer with the letter of the correct option only (A, B, C, or D). Do not explain.",dominant seventh|minor|minor seventh|suspended fourth (sus4),minor seventh,B,minor,False,,"{""inversion"": 0, ""presentation"": ""block"", ""program"": ""synth_lead"", ""quality"": ""minor7"", ""root"": 50, ""root_name"": ""D"", ""soundfont"": ""timgm""}"
chord_quality/minor7_block_54_5::audio::mcq,chord_quality/minor7_block_54_5,chord_quality,audio,mcq,1,stimuli/chords/minor7_block_54_5.wav,"Identify the type of the chord you hear.
A. major
B. diminished
C. minor
D. minor seventh
Answer with the letter of the correct option only (A, B, C, or D). Do not explain.",major|diminished|minor|minor seventh,minor seventh,C,minor,False,,"{""inversion"": 0, ""presentation"": ""block"", ""program"": ""synth_lead"", ""quality"": ""minor7"", ""root"": 54, ""root_name"": ""F#"", ""soundfont"": ""fluidr3""}"
chord_quality/minor7_block_54_5::audio::explain,chord_quality/minor7_block_54_5,chord_quality,audio,explain,1,stimuli/chords/minor7_block_54_5.wav,"Identify the type of the chord you hear.
First give your answer. Then explain exactly what you heard that supports it: name the specific notes/chords/beats and their approximate timestamps in seconds.",,minor seventh,"The chord is F#. I heard a single, sustained F# chord played on a synthesizer from the beginning of the clip (0.00s) to the end (5.32s). There are no other harmonic changes or chord progressions present.",,,,"{""inversion"": 0, ""presentation"": ""block"", ""program"": ""synth_lead"", ""quality"": ""minor7"", ""root"": 54, ""root_name"": ""F#"", ""soundfont"": ""fluidr3""}"
chord_quality/minor7_block_55_1::audio::mcq,chord_quality/minor7_block_55_1,chord_quality,audio,mcq,1,stimuli/chords/minor7_block_55_1.wav,"Identify the type of the chord you hear.
A. augmented
B. suspended fourth (sus4)
C. minor seventh
D. major seventh
Answer with the letter of the correct option only (A, B, C, or D). Do not explain.",augmented|suspended fourth (sus4)|minor seventh|major seventh,minor seventh,D,major seventh,False,,"{""inversion"": 0, ""presentation"": ""block"", ""program"": ""piano"", ""quality"": ""minor7"", ""root"": 55, ""root_name"": ""G"", ""soundfont"": ""fluidr3""}"
chord_quality/minor7_block_56_0::audio::mcq,chord_quality/minor7_block_56_0,chord_quality,audio,mcq,2,stimuli/chords/minor7_block_56_0.wav,"Listen to this chord. What kind of chord is it?
A. augmented
B. minor seventh
C. dominant seventh
D. major
Answer with the letter of the correct option only (A, B, C, or D). Do not explain.",augmented|minor seventh|dominant seventh|major,minor seventh,D,major,False,,"{""inversion"": 0, ""presentation"": ""block"", ""program"": ""piano"", ""quality"": ""minor7"", ""root"": 56, ""root_name"": ""G#"", ""soundfont"": ""timgm""}"
chord_quality/minor7_block_56_0::audio::explain,chord_quality/minor7_block_56_0,chord_quality,audio,explain,0,stimuli/chords/minor7_block_56_0.wav,"A chord is played. What is its quality (e.g. major, minor, diminished)?
First give your answer. Then explain exactly what you heard that supports it: name the specific notes/chords/beats and their approximate timestamps in seconds.",,minor seventh,"The chord is major. I heard a single, clear major chord (C#) played at the beginning of the clip, with no additional harmonic complexity or alterations. The timbre and pitch structure confirm it as a major triad.",,,,"{""inversion"": 0, ""presentation"": ""block"", ""program"": ""piano"", ""quality"": ""minor7"", ""root"": 56, ""root_name"": ""G#"", ""soundfont"": ""timgm""}"
chord_quality/minor7_block_59_2::audio::mcq,chord_quality/minor7_block_59_2,chord_quality,audio,mcq,1,stimuli/chords/minor7_block_59_2.wav,"Identify the type of the chord you hear.
A. major seventh
B. augmented
C. minor seventh
D. major
Answer with the letter of the correct option only (A, B, C, or D). Do not explain.",major seventh|augmented|minor seventh|major,minor seventh,D,major,False,,"{""inversion"": 0, ""presentation"": ""block"", ""program"": ""piano"", ""quality"": ""minor7"", ""root"": 59, ""root_name"": ""B"", ""soundfont"": ""timgm""}"
chord_quality/minor7_block_60_4::audio::mcq,chord_quality/minor7_block_60_4,chord_quality,audio,mcq,1,stimuli/chords/minor7_block_60_4.wav,"Identify the type of the chord you hear.
A. major
B. minor seventh
C. dominant seventh
D. diminished
Answer with the letter of the correct option only (A, B, C, or D). Do not explain.",major|minor seventh|dominant seventh|diminished,minor seventh,A,major,False,,"{""inversion"": 0, ""presentation"": ""block"", ""program"": ""piano"", ""quality"": ""minor7"", ""root"": 60, ""root_name"": ""C"", ""soundfont"": ""fluidr3""}"
chord_quality/minor7_block_60_4::audio::open,chord_quality/minor7_block_60_4,chord_quality,audio,open,1,stimuli/chords/minor7_block_60_4.wav,"Identify the type of the chord you hear.
Give a short, direct answer.",,minor seventh,F major,F major,False,,"{""inversion"": 0, ""presentation"": ""block"", ""program"": ""piano"", ""quality"": ""minor7"", ""root"": 60, ""root_name"": ""C"", ""soundfont"": ""fluidr3""}"
chord_quality/minor7_block_60_4::audio::explain,chord_quality/minor7_block_60_4,chord_quality,audio,explain,1,stimuli/chords/minor7_block_60_4.wav,"Identify the type of the chord you hear.
First give your answer. Then explain exactly what you heard that supports it: name the specific notes/chords/beats and their approximate timestamps in seconds.",,minor seventh,"The chord is F. I heard a single, sustained chord starting at 0.46s and lasting until 5.66s, which is clearly a major triad built on F, with no other harmonic or melodic elements present.",,,,"{""inversion"": 0, ""presentation"": ""block"", ""program"": ""piano"", ""quality"": ""minor7"", ""root"": 60, ""root_name"": ""C"", ""soundfont"": ""fluidr3""}"
chord_quality/minor_arpeggio_48_5::audio::mcq,chord_quality/minor_arpeggio_48_5,chord_quality,audio,mcq,0,stimuli/chords/minor_arpeggio_48_5.wav,"A chord is played. What is its quality (e.g. major, minor, diminished)?
A. minor
B. augmented
C. major seventh
D. dominant seventh
Answer with the letter of the correct option only (A, B, C, or D). Do not explain.",minor|augmented|major seventh|dominant seventh,minor,A,minor,True,,"{""inversion"": 0, ""presentation"": ""arpeggio"", ""program"": ""piano"", ""quality"": ""minor"", ""root"": 48, ""root_name"": ""C"", ""soundfont"": ""fluidr3""}"
chord_quality/minor_arpeggio_49_1::audio::mcq,chord_quality/minor_arpeggio_49_1,chord_quality,audio,mcq,0,stimuli/chords/minor_arpeggio_49_1.wav,"A chord is played. What is its quality (e.g. major, minor, diminished)?
A. minor
B. minor seventh
C. major seventh
D. augmented
Answer with the letter of the correct option only (A, B, C, or D). Do not explain.",minor|minor seventh|major seventh|augmented,minor,A,minor,True,,"{""inversion"": 0, ""presentation"": ""arpeggio"", ""program"": ""piano"", ""quality"": ""minor"", ""root"": 49, ""root_name"": ""C#"", ""soundfont"": ""timgm""}"
chord_quality/minor_arpeggio_49_1::audio::open,chord_quality/minor_arpeggio_49_1,chord_quality,audio,open,2,stimuli/chords/minor_arpeggio_49_1.wav,"Listen to this chord. What kind of chord is it?
Give a short, direct answer.",,minor,A major,A major,False,,"{""inversion"": 0, ""presentation"": ""arpeggio"", ""program"": ""piano"", ""quality"": ""minor"", ""root"": 49, ""root_name"": ""C#"", ""soundfont"": ""timgm""}"
chord_quality/minor_arpeggio_55_4::audio::mcq,chord_quality/minor_arpeggio_55_4,chord_quality,audio,mcq,1,stimuli/chords/minor_arpeggio_55_4.wav,"Identify the type of the chord you hear.
A. major
B. minor
C. major seventh
D. suspended fourth (sus4)
Answer with the letter of the correct option only (A, B, C, or D). Do not explain.",major|minor|major seventh|suspended fourth (sus4),minor,A,major,False,,"{""inversion"": 0, ""presentation"": ""arpeggio"", ""program"": ""violin"", ""quality"": ""minor"", ""root"": 55, ""root_name"": ""G"", ""soundfont"": ""musescore""}"
chord_quality/minor_arpeggio_55_4::audio::explain,chord_quality/minor_arpeggio_55_4,chord_quality,audio,explain,1,stimuli/chords/minor_arpeggio_55_4.wav,"Identify the type of the chord you hear.
First give your answer. Then explain exactly what you heard that supports it: name the specific notes/chords/beats and their approximate timestamps in seconds.",,minor,"The chord is Bb. I heard a single, sustained Bb chord from 0.46s to 5.28s, with no other harmonic changes or chord progressions present in the audio.",,,,"{""inversion"": 0, ""presentation"": ""arpeggio"", ""program"": ""violin"", ""quality"": ""minor"", ""root"": 55, ""root_name"": ""G"", ""soundfont"": ""musescore""}"
chord_quality/minor_arpeggio_56_3::audio::mcq,chord_quality/minor_arpeggio_56_3,chord_quality,audio,mcq,1,stimuli/chords/minor_arpeggio_56_3.wav,"Identify the type of the chord you hear.
A. minor
B. minor seventh
C. major seventh
D. major
Answer with the letter of the correct option only (A, B, C, or D). Do not explain.",minor|minor seventh|major seventh|major,minor,D,major,False,,"{""inversion"": 2, ""presentation"": ""arpeggio"", ""program"": ""synth_lead"", ""quality"": ""minor"", ""root"": 56, ""root_name"": ""G#"", ""soundfont"": ""timgm""}"
chord_quality/minor_arpeggio_63_2::audio::mcq,chord_quality/minor_arpeggio_63_2,chord_quality,audio,mcq,0,stimuli/chords/minor_arpeggio_63_2.wav,"A chord is played. What is its quality (e.g. major, minor, diminished)?
A. suspended fourth (sus4)
B. diminished
C. minor
D. minor seventh
Answer with the letter of the correct option only (A, B, C, or D). Do not explain.",suspended fourth (sus4)|diminished|minor|minor seventh,minor,B,diminished,False,,"{""inversion"": 0, ""presentation"": ""arpeggio"", ""program"": ""synth_lead"", ""quality"": ""minor"", ""root"": 63, ""root_name"": ""D#"", ""soundfont"": ""musescore""}"
chord_quality/minor_arpeggio_64_0::audio::mcq,chord_quality/minor_arpeggio_64_0,chord_quality,audio,mcq,2,stimuli/chords/minor_arpeggio_64_0.wav,"Listen to this chord. What kind of chord is it?
A. diminished
B. minor seventh
C. augmented
D. minor
Answer with the letter of the correct option only (A, B, C, or D). Do not explain.",diminished|minor seventh|augmented|minor,minor,C,augmented,False,,"{""inversion"": 0, ""presentation"": ""arpeggio"", ""program"": ""piano"", ""quality"": ""minor"", ""root"": 64, ""root_name"": ""E"", ""soundfont"": ""fluidr3""}"
chord_quality/minor_arpeggio_64_0::audio::open,chord_quality/minor_arpeggio_64_0,chord_quality,audio,open,1,stimuli/chords/minor_arpeggio_64_0.wav,"Identify the type of the chord you hear.
Give a short, direct answer.",,minor,G major,G major,False,,"{""inversion"": 0, ""presentation"": ""arpeggio"", ""program"": ""piano"", ""quality"": ""minor"", ""root"": 64, ""root_name"": ""E"", ""soundfont"": ""fluidr3""}"
chord_quality/minor_block_48_3::audio::mcq,chord_quality/minor_block_48_3,chord_quality,audio,mcq,1,stimuli/chords/minor_block_48_3.wav,"Identify the type of the chord you hear.
A. dominant seventh
B. suspended fourth (sus4)
C. minor
D. major seventh
Answer with the letter of the correct option only (A, B, C, or D). Do not explain.",dominant seventh|suspended fourth (sus4)|minor|major seventh,minor,C,minor,True,,"{""inversion"": 0, ""presentation"": ""block"", ""program"": ""flute"", ""quality"": ""minor"", ""root"": 48, ""root_name"": ""C"", ""soundfont"": ""musescore""}"
chord_quality/minor_block_49_4::audio::mcq,chord_quality/minor_block_49_4,chord_quality,audio,mcq,1,stimuli/chords/minor_block_49_4.wav,"Identify the type of the chord you hear.
A. augmented
B. diminished
C. major
D. minor
Answer with the letter of the correct option only (A, B, C, or D). Do not explain.",augmented|diminished|major|minor,minor,C,major,False,,"{""inversion"": 0, ""presentation"": ""block"", ""program"": ""flute"", ""quality"": ""minor"", ""root"": 49, ""root_name"": ""C#"", ""soundfont"": ""musescore""}"
chord_quality/minor_block_51_1::audio::mcq,chord_quality/minor_block_51_1,chord_quality,audio,mcq,2,stimuli/chords/minor_block_51_1.wav,"Listen to this chord. What kind of chord is it?
A. dominant seventh
B. minor
C. minor seventh
D. suspended fourth (sus4)
Answer with the letter of the correct option only (A, B, C, or D). Do not explain.",dominant seventh|minor|minor seventh|suspended fourth (sus4),minor,B,minor,True,,"{""inversion"": 0, ""presentation"": ""block"", ""program"": ""flute"", ""quality"": ""minor"", ""root"": 51, ""root_name"": ""D#"", ""soundfont"": ""musescore""}"
chord_quality/minor_block_54_0::audio::mcq,chord_quality/minor_block_54_0,chord_quality,audio,mcq,2,stimuli/chords/minor_block_54_0.wav,"Listen to this chord. What kind of chord is it?
A. dominant seventh
B. suspended fourth (sus4)
C. major seventh
D. minor
Answer with the letter of the correct option only (A, B, C, or D). Do not explain.",dominant seventh|suspended fourth (sus4)|major seventh|minor,minor,C,major seventh,False,,"{""inversion"": 0, ""presentation"": ""block"", ""program"": ""violin"", ""quality"": ""minor"", ""root"": 54, ""root_name"": ""F#"", ""soundfont"": ""timgm""}"
chord_quality/minor_block_54_0::audio::open,chord_quality/minor_block_54_0,chord_quality,audio,open,1,stimuli/chords/minor_block_54_0.wav,"Identify the type of the chord you hear.
Give a short, direct answer.",,minor,F# major,F# major,False,,"{""inversion"": 0, ""presentation"": ""block"", ""program"": ""violin"", ""quality"": ""minor"", ""root"": 54, ""root_name"": ""F#"", ""soundfont"": ""timgm""}"
chord_quality/minor_block_58_5::audio::mcq,chord_quality/minor_block_58_5,chord_quality,audio,mcq,2,stimuli/chords/minor_block_58_5.wav,"Listen to this chord. What kind of chord is it?
A. dominant seventh
B. major
C. diminished
D. minor
Answer with the letter of the correct option only (A, B, C, or D). Do not explain.",dominant seventh|major|diminished|minor,minor,B,major,False,,"{""inversion"": 0, ""presentation"": ""block"", ""program"": ""piano"", ""quality"": ""minor"", ""root"": 58, ""root_name"": ""A#"", ""soundfont"": ""fluidr3""}"
chord_quality/minor_block_58_5::audio::explain,chord_quality/minor_block_58_5,chord_quality,audio,explain,2,stimuli/chords/minor_block_58_5.wav,"Listen to this chord. What kind of chord is it?
First give your answer. Then explain exactly what you heard that supports it: name the specific notes/chords/beats and their approximate timestamps in seconds.",,minor,"The chord is Ab. It is heard clearly from 0.46s to 1.39s, with a sustained, rich tonal quality typical of a piano or keyboard instrument. The harmonic content centers on the Ab major triad, with no additional chords or modulations present in the clip.",,,,"{""inversion"": 0, ""presentation"": ""block"", ""program"": ""piano"", ""quality"": ""minor"", ""root"": 58, ""root_name"": ""A#"", ""soundfont"": ""fluidr3""}"
chord_quality/minor_block_64_2::audio::mcq,chord_quality/minor_block_64_2,chord_quality,audio,mcq,1,stimuli/chords/minor_block_64_2.wav,"Identify the type of the chord you hear.
A. dominant seventh
B. suspended fourth (sus4)
C. augmented
D. minor
Answer with the letter of the correct option only (A, B, C, or D). Do not explain.",dominant seventh|suspended fourth (sus4)|augmented|minor,minor,B,suspended fourth (sus4),False,,"{""inversion"": 0, ""presentation"": ""block"", ""program"": ""piano"", ""quality"": ""minor"", ""root"": 64, ""root_name"": ""E"", ""soundfont"": ""fluidr3""}"
chord_quality/sus4_arpeggio_48_0::audio::mcq,chord_quality/sus4_arpeggio_48_0,chord_quality,audio,mcq,0,stimuli/chords/sus4_arpeggio_48_0.wav,"A chord is played. What is its quality (e.g. major, minor, diminished)?
A. minor seventh
B. suspended fourth (sus4)
C. minor
D. diminished
Answer with the letter of the correct option only (A, B, C, or D). Do not explain.",minor seventh|suspended fourth (sus4)|minor|diminished,suspended fourth (sus4),C,minor,False,,"{""inversion"": 1, ""presentation"": ""arpeggio"", ""program"": ""piano"", ""quality"": ""sus4"", ""root"": 48, ""root_name"": ""C"", ""soundfont"": ""musescore""}"
chord_quality/sus4_arpeggio_49_4::audio::mcq,chord_quality/sus4_arpeggio_49_4,chord_quality,audio,mcq,0,stimuli/chords/sus4_arpeggio_49_4.wav,"A chord is played. What is its quality (e.g. major, minor, diminished)?
A. major
B. dominant seventh
C. augmented
D. suspended fourth (sus4)
Answer with the letter of the correct option only (A, B, C, or D). Do not explain.",major|dominant seventh|augmented|suspended fourth (sus4),suspended fourth (sus4),A,major,False,,"{""inversion"": 0, ""presentation"": ""arpeggio"", ""program"": ""violin"", ""quality"": ""sus4"", ""root"": 49, ""root_name"": ""C#"", ""soundfont"": ""fluidr3""}"
chord_quality/sus4_arpeggio_51_5::audio::mcq,chord_quality/sus4_arpeggio_51_5,chord_quality,audio,mcq,0,stimuli/chords/sus4_arpeggio_51_5.wav,"A chord is played. What is its quality (e.g. major, minor, diminished)?
A. augmented
B. minor seventh
C. suspended fourth (sus4)
D. diminished
Answer with the letter of the correct option only (A, B, C, or D). Do not explain.",augmented|minor seventh|suspended fourth (sus4)|diminished,suspended fourth (sus4),D,diminished,False,,"{""inversion"": 1, ""presentation"": ""arpeggio"", ""program"": ""piano"", ""quality"": ""sus4"", ""root"": 51, ""root_name"": ""D#"", ""soundfont"": ""fluidr3""}"
chord_quality/sus4_arpeggio_51_5::audio::explain,chord_quality/sus4_arpeggio_51_5,chord_quality,audio,explain,1,stimuli/chords/sus4_arpeggio_51_5.wav,"Identify the type of the chord you hear.
First give your answer. Then explain exactly what you heard that supports it: name the specific notes/chords/beats and their approximate timestamps in seconds.",,suspended fourth (sus4),"The chord is Ab. I heard a single, sustained chord with a rich, warm quality that begins at the start of the clip and lasts for the entire duration. The tonal center is clearly rooted in Ab, with no additional harmonic movement or chord changes throughout the 5.3-second duration.",,,,"{""inversion"": 1, ""presentation"": ""arpeggio"", ""program"": ""piano"", ""quality"": ""sus4"", ""root"": 51, ""root_name"": ""D#"", ""soundfont"": ""fluidr3""}"
chord_quality/sus4_arpeggio_55_2::audio::mcq,chord_quality/sus4_arpeggio_55_2,chord_quality,audio,mcq,1,stimuli/chords/sus4_arpeggio_55_2.wav,"Identify the type of the chord you hear.
A. dominant seventh
B. major
C. suspended fourth (sus4)
D. minor
Answer with the letter of the correct option only (A, B, C, or D). Do not explain.",dominant seventh|major|suspended fourth (sus4)|minor,suspended fourth (sus4),D,minor,False,,"{""inversion"": 0, ""presentation"": ""arpeggio"", ""program"": ""synth_lead"", ""quality"": ""sus4"", ""root"": 55, ""root_name"": ""G"", ""soundfont"": ""fluidr3""}"
chord_quality/sus4_arpeggio_55_3::audio::mcq,chord_quality/sus4_arpeggio_55_3,chord_quality,audio,mcq,1,stimuli/chords/sus4_arpeggio_55_3.wav,"Identify the type of the chord you hear.
A. augmented
B. diminished
C. suspended fourth (sus4)
D. minor
Answer with the letter of the correct option only (A, B, C, or D). Do not explain.",augmented|diminished|suspended fourth (sus4)|minor,suspended fourth (sus4),D,minor,False,,"{""inversion"": 2, ""presentation"": ""arpeggio"", ""program"": ""flute"", ""quality"": ""sus4"", ""root"": 55, ""root_name"": ""G"", ""soundfont"": ""musescore""}"
chord_quality/sus4_arpeggio_61_1::audio::mcq,chord_quality/sus4_arpeggio_61_1,chord_quality,audio,mcq,1,stimuli/chords/sus4_arpeggio_61_1.wav,"Identify the type of the chord you hear.
A. suspended fourth (sus4)
B. minor seventh
C. major
D. major seventh
Answer with the letter of the correct option only (A, B, C, or D). Do not explain.",suspended fourth (sus4)|minor seventh|major|major seventh,suspended fourth (sus4),C,major,False,,"{""inversion"": 1, ""presentation"": ""arpeggio"", ""program"": ""flute"", ""quality"": ""sus4"", ""root"": 61, ""root_name"": ""C#"", ""soundfont"": ""timgm""}"
chord_quality/sus4_arpeggio_61_1::audio::open,chord_quality/sus4_arpeggio_61_1,chord_quality,audio,open,1,stimuli/chords/sus4_arpeggio_61_1.wav,"Identify the type of the chord you hear.
Give a short, direct answer.",,suspended fourth (sus4),F#,F#,False,,"{""inversion"": 1, ""presentation"": ""arpeggio"", ""program"": ""flute"", ""quality"": ""sus4"", ""root"": 61, ""root_name"": ""C#"", ""soundfont"": ""timgm""}"
chord_quality/sus4_block_49_2::audio::mcq,chord_quality/sus4_block_49_2,chord_quality,audio,mcq,1,stimuli/chords/sus4_block_49_2.wav,"Identify the type of the chord you hear.
A. augmented
B. major seventh
C. suspended fourth (sus4)
D. minor seventh
Answer with the letter of the correct option only (A, B, C, or D). Do not explain.",augmented|major seventh|suspended fourth (sus4)|minor seventh,suspended fourth (sus4),A,augmented,False,,"{""inversion"": 2, ""presentation"": ""block"", ""program"": ""violin"", ""quality"": ""sus4"", ""root"": 49, ""root_name"": ""C#"", ""soundfont"": ""fluidr3""}"
chord_quality/sus4_block_52_3::audio::mcq,chord_quality/sus4_block_52_3,chord_quality,audio,mcq,2,stimuli/chords/sus4_block_52_3.wav,"Listen to this chord. What kind of chord is it?
A. augmented
B. diminished
C. suspended fourth (sus4)
D. minor
Answer with the letter of the correct option only (A, B, C, or D). Do not explain.",augmented|diminished|suspended fourth (sus4)|minor,suspended fourth (sus4),A,augmented,False,,"{""inversion"": 0, ""presentation"": ""block"", ""program"": ""synth_lead"", ""quality"": ""sus4"", ""root"": 52, ""root_name"": ""E"", ""soundfont"": ""timgm""}"
chord_quality/sus4_block_54_1::audio::mcq,chord_quality/sus4_block_54_1,chord_quality,audio,mcq,1,stimuli/chords/sus4_block_54_1.wav,"Identify the type of the chord you hear.
A. minor
B. minor seventh
C. augmented
D. suspended fourth (sus4)
Answer with the letter of the correct option only (A, B, C, or D). Do not explain.",minor|minor seventh|augmented|suspended fourth (sus4),suspended fourth (sus4),C,augmented,False,,"{""inversion"": 2, ""presentation"": ""block"", ""program"": ""piano"", ""quality"": ""sus4"", ""root"": 54, ""root_name"": ""F#"", ""soundfont"": ""musescore""}"
chord_quality/sus4_block_59_0::audio::mcq,chord_quality/sus4_block_59_0,chord_quality,audio,mcq,2,stimuli/chords/sus4_block_59_0.wav,"Listen to this chord. What kind of chord is it?
A. diminished
B. major
C. suspended fourth (sus4)
D. minor seventh
Answer with the letter of the correct option only (A, B, C, or D). Do not explain.",diminished|major|suspended fourth (sus4)|minor seventh,suspended fourth (sus4),B,major,False,,"{""inversion"": 0, ""presentation"": ""block"", ""program"": ""piano"", ""quality"": ""sus4"", ""root"": 59, ""root_name"": ""B"", ""soundfont"": ""musescore""}"
chord_quality/sus4_block_61_4::audio::mcq,chord_quality/sus4_block_61_4,chord_quality,audio,mcq,2,stimuli/chords/sus4_block_61_4.wav,"Listen to this chord. What kind of chord is it?
A. minor seventh
B. diminished
C. suspended fourth (sus4)
D. dominant seventh
Answer with the letter of the correct option only (A, B, C, or D). Do not explain.",minor seventh|diminished|suspended fourth (sus4)|dominant seventh,suspended fourth (sus4),C,suspended fourth (sus4),True,,"{""inversion"": 2, ""presentation"": ""block"", ""program"": ""synth_lead"", ""quality"": ""sus4"", ""root"": 61, ""root_name"": ""C#"", ""soundfont"": ""timgm""}"
chord_quality/sus4_block_61_4::audio::open,chord_quality/sus4_block_61_4,chord_quality,audio,open,1,stimuli/chords/sus4_block_61_4.wav,"Identify the type of the chord you hear.
Give a short, direct answer.",,suspended fourth (sus4),C# major,C# major,False,,"{""inversion"": 2, ""presentation"": ""block"", ""program"": ""synth_lead"", ""quality"": ""sus4"", ""root"": 61, ""root_name"": ""C#"", ""soundfont"": ""timgm""}"
chord_quality/sus4_block_63_5::audio::mcq,chord_quality/sus4_block_63_5,chord_quality,audio,mcq,2,stimuli/chords/sus4_block_63_5.wav,"Listen to this chord. What kind of chord is it?
A. augmented
B. suspended fourth (sus4)
C. major
D. diminished
Answer with the letter of the correct option only (A, B, C, or D). Do not explain.",augmented|suspended fourth (sus4)|major|diminished,suspended fourth (sus4),C,major,False,,"{""inversion"": 0, ""presentation"": ""block"", ""program"": ""violin"", ""quality"": ""sus4"", ""root"": 63, ""root_name"": ""D#"", ""soundfont"": ""fluidr3""}"
chord_quality/augmented_arpeggio_59_4::no_audio::mcq,chord_quality/augmented_arpeggio_59_4,chord_quality,no_audio,mcq,0,,"A chord is played. What is its quality (e.g. major, minor, diminished)?
A. augmented
B. minor seventh
C. dominant seventh
D. major seventh
Answer with the letter of the correct option only (A, B, C, or D). Do not explain.",augmented|minor seventh|dominant seventh|major seventh,augmented,A,augmented,True,,"{""inversion"": 1, ""presentation"": ""arpeggio"", ""program"": ""flute"", ""quality"": ""augmented"", ""root"": 59, ""root_name"": ""B"", ""soundfont"": ""timgm""}"
chord_quality/augmented_arpeggio_60_3::no_audio::mcq,chord_quality/augmented_arpeggio_60_3,chord_quality,no_audio,mcq,1,,"Identify the type of the chord you hear.
A. minor seventh
B. augmented
C. diminished
D. major
Answer with the letter of the correct option only (A, B, C, or D). Do not explain.",minor seventh|augmented|diminished|major,augmented,B,augmented,True,,"{""inversion"": 0, ""presentation"": ""arpeggio"", ""program"": ""violin"", ""quality"": ""augmented"", ""root"": 60, ""root_name"": ""C"", ""soundfont"": ""fluidr3""}"
chord_quality/augmented_block_61_1::no_audio::mcq,chord_quality/augmented_block_61_1,chord_quality,no_audio,mcq,2,,"Listen to this chord. What kind of chord is it?
A. minor seventh
B. augmented
C. major seventh
D. dominant seventh
Answer with the letter of the correct option only (A, B, C, or D). Do not explain.",minor seventh|augmented|major seventh|dominant seventh,augmented,C,major seventh,False,,"{""inversion"": 0, ""presentation"": ""block"", ""program"": ""piano"", ""quality"": ""augmented"", ""root"": 61, ""root_name"": ""C#"", ""soundfont"": ""musescore""}"
chord_quality/augmented_block_62_3::no_audio::mcq,chord_quality/augmented_block_62_3,chord_quality,no_audio,mcq,1,,"Identify the type of the chord you hear.
A. diminished
B. minor
C. augmented
D. suspended fourth (sus4)
Answer with the letter of the correct option only (A, B, C, or D). Do not explain.",diminished|minor|augmented|suspended fourth (sus4),augmented,C,augmented,True,,"{""inversion"": 0, ""presentation"": ""block"", ""program"": ""violin"", ""quality"": ""augmented"", ""root"": 62, ""root_name"": ""D"", ""soundfont"": ""fluidr3""}"
chord_quality/diminished_arpeggio_48_1::no_audio::mcq,chord_quality/diminished_arpeggio_48_1,chord_quality,no_audio,mcq,1,,"Identify the type of the chord you hear.
A. augmented
B. diminished
C. dominant seventh
D. suspended fourth (sus4)
Answer with the letter of the correct option only (A, B, C, or D). Do not explain.",augmented|diminished|dominant seventh|suspended fourth (sus4),diminished,A,augmented,False,,"{""inversion"": 0, ""presentation"": ""arpeggio"", ""program"": ""piano"", ""quality"": ""diminished"", ""root"": 48, ""root_name"": ""C"", ""soundfont"": ""musescore""}"
chord_quality/diminished_arpeggio_48_2::no_audio::mcq,chord_quality/diminished_arpeggio_48_2,chord_quality,no_audio,mcq,2,,"Listen to this chord. What kind of chord is it?
A. major seventh
B. major
C. diminished
D. dominant seventh
Answer with the letter of the correct option only (A, B, C, or D). Do not explain.",major seventh|major|diminished|dominant seventh,diminished,B,major,False,,"{""inversion"": 0, ""presentation"": ""arpeggio"", ""program"": ""flute"", ""quality"": ""diminished"", ""root"": 48, ""root_name"": ""C"", ""soundfont"": ""fluidr3""}"
chord_quality/diminished_block_54_2::no_audio::mcq,chord_quality/diminished_block_54_2,chord_quality,no_audio,mcq,0,,"A chord is played. What is its quality (e.g. major, minor, diminished)?
A. minor seventh
B. suspended fourth (sus4)
C. dominant seventh
D. diminished
Answer with the letter of the correct option only (A, B, C, or D). Do not explain.",minor seventh|suspended fourth (sus4)|dominant seventh|diminished,diminished,A,minor seventh,False,,"{""inversion"": 0, ""presentation"": ""block"", ""program"": ""flute"", ""quality"": ""diminished"", ""root"": 54, ""root_name"": ""F#"", ""soundfont"": ""timgm""}"
chord_quality/dominant7_arpeggio_51_5::no_audio::mcq,chord_quality/dominant7_arpeggio_51_5,chord_quality,no_audio,mcq,1,,"Identify the type of the chord you hear.
A. dominant seventh
B. suspended fourth (sus4)
C. minor seventh
D. major
Answer with the letter of the correct option only (A, B, C, or D). Do not explain.",dominant seventh|suspended fourth (sus4)|minor seventh|major,dominant seventh,D,major,False,,"{""inversion"": 0, ""presentation"": ""arpeggio"", ""program"": ""synth_lead"", ""quality"": ""dominant7"", ""root"": 51, ""root_name"": ""D#"", ""soundfont"": ""fluidr3""}"
chord_quality/dominant7_block_55_4::no_audio::mcq,chord_quality/dominant7_block_55_4,chord_quality,no_audio,mcq,2,,"Listen to this chord. What kind of chord is it?
A. diminished
B. suspended fourth (sus4)
C. dominant seventh
D. major seventh
Answer with the letter of the correct option only (A, B, C, or D). Do not explain.",diminished|suspended fourth (sus4)|dominant seventh|major seventh,dominant seventh,A,diminished,False,,"{""inversion"": 3, ""presentation"": ""block"", ""program"": ""flute"", ""quality"": ""dominant7"", ""root"": 55, ""root_name"": ""G"", ""soundfont"": ""musescore""}"
chord_quality/dominant7_block_56_5::no_audio::mcq,chord_quality/dominant7_block_56_5,chord_quality,no_audio,mcq,1,,"Identify the type of the chord you hear.
A. minor seventh
B. major
C. diminished
D. dominant seventh
Answer with the letter of the correct option only (A, B, C, or D). Do not explain.",minor seventh|major|diminished|dominant seventh,dominant seventh,B,major,False,,"{""inversion"": 1, ""presentation"": ""block"", ""program"": ""flute"", ""quality"": ""dominant7"", ""root"": 56, ""root_name"": ""G#"", ""soundfont"": ""fluidr3""}"
chord_quality/dominant7_block_58_3::no_audio::mcq,chord_quality/dominant7_block_58_3,chord_quality,no_audio,mcq,1,,"Identify the type of the chord you hear.
A. minor seventh
B. minor
C. dominant seventh
D. diminished
Answer with the letter of the correct option only (A, B, C, or D). Do not explain.",minor seventh|minor|dominant seventh|diminished,dominant seventh,B,minor,False,,"{""inversion"": 0, ""presentation"": ""block"", ""program"": ""violin"", ""quality"": ""dominant7"", ""root"": 58, ""root_name"": ""A#"", ""soundfont"": ""fluidr3""}"
chord_quality/major7_arpeggio_61_5::no_audio::mcq,chord_quality/major7_arpeggio_61_5,chord_quality,no_audio,mcq,0,,"A chord is played. What is its quality (e.g. major, minor, diminished)?
A. dominant seventh
B. augmented
C. major
D. major seventh
Answer with the letter of the correct option only (A, B, C, or D). Do not explain.",dominant seventh|augmented|major|major seventh,major seventh,C,major,False,,"{""inversion"": 0, ""presentation"": ""arpeggio"", ""program"": ""piano"", ""quality"": ""major7"", ""root"": 61, ""root_name"": ""C#"", ""soundfont"": ""fluidr3""}"
chord_quality/major_arpeggio_53_2::no_audio::mcq,chord_quality/major_arpeggio_53_2,chord_quality,no_audio,mcq,1,,"Identify the type of the chord you hear.
A. minor
B. dominant seventh
C. suspended fourth (sus4)
D. major
Answer with the letter of the correct option only (A, B, C, or D). Do not explain.",minor|dominant seventh|suspended fourth (sus4)|major,major,D,major,True,,"{""inversion"": 0, ""presentation"": ""arpeggio"", ""program"": ""violin"", ""quality"": ""major"", ""root"": 53, ""root_name"": ""F"", ""soundfont"": ""timgm""}"
chord_quality/major_arpeggio_60_4::no_audio::mcq,chord_quality/major_arpeggio_60_4,chord_quality,no_audio,mcq,1,,"Identify the type of the chord you hear.
A. augmented
B. minor seventh
C. minor
D. major
Answer with the letter of the correct option only (A, B, C, or D). Do not explain.",augmented|minor seventh|minor|major,major,C,minor,False,,"{""inversion"": 2, ""presentation"": ""arpeggio"", ""program"": ""synth_lead"", ""quality"": ""major"", ""root"": 60, ""root_name"": ""C"", ""soundfont"": ""musescore""}"
chord_quality/minor7_arpeggio_54_2::no_audio::mcq,chord_quality/minor7_arpeggio_54_2,chord_quality,no_audio,mcq,1,,"Identify the type of the chord you hear.
A. dominant seventh
B. augmented
C. minor seventh
D. diminished
Answer with the letter of the correct option only (A, B, C, or D). Do not explain.",dominant seventh|augmented|minor seventh|diminished,minor seventh,B,augmented,False,,"{""inversion"": 0, ""presentation"": ""arpeggio"", ""program"": ""violin"", ""quality"": ""minor7"", ""root"": 54, ""root_name"": ""F#"", ""soundfont"": ""fluidr3""}"
chord_quality/minor7_arpeggio_55_1::no_audio::mcq,chord_quality/minor7_arpeggio_55_1,chord_quality,no_audio,mcq,2,,"Listen to this chord. What kind of chord is it?
A. diminished
B. major seventh
C. augmented
D. minor seventh
Answer with the letter of the correct option only (A, B, C, or D). Do not explain.",diminished|major seventh|augmented|minor seventh,minor seventh,C,augmented,False,,"{""inversion"": 0, ""presentation"": ""arpeggio"", ""program"": ""synth_lead"", ""quality"": ""minor7"", ""root"": 55, ""root_name"": ""G"", ""soundfont"": ""fluidr3""}"
chord_quality/minor7_arpeggio_55_4::no_audio::mcq,chord_quality/minor7_arpeggio_55_4,chord_quality,no_audio,mcq,0,,"A chord is played. What is its quality (e.g. major, minor, diminished)?
A. dominant seventh
B. major
C. minor seventh
D. major seventh
Answer with the letter of the correct option only (A, B, C, or D). Do not explain.",dominant seventh|major|minor seventh|major seventh,minor seventh,B,major,False,,"{""inversion"": 0, ""presentation"": ""arpeggio"", ""program"": ""violin"", ""quality"": ""minor7"", ""root"": 55, ""root_name"": ""G"", ""soundfont"": ""fluidr3""}"
chord_quality/minor7_block_50_3::no_audio::mcq,chord_quality/minor7_block_50_3,chord_quality,no_audio,mcq,2,,"Listen to this chord. What kind of chord is it?
A. major seventh
B. minor seventh
C. dominant seventh
D. suspended fourth (sus4)
Answer with the letter of the correct option only (A, B, C, or D). Do not explain.",major seventh|minor seventh|dominant seventh|suspended fourth (sus4),minor seventh,B,minor seventh,True,,"{""inversion"": 0, ""presentation"": ""block"", ""program"": ""synth_lead"", ""quality"": ""minor7"", ""root"": 50, ""root_name"": ""D"", ""soundfont"": ""timgm""}"
chord_quality/minor7_block_56_0::no_audio::mcq,chord_quality/minor7_block_56_0,chord_quality,no_audio,mcq,1,,"Identify the type of the chord you hear.
A. major
B. dominant seventh
C. augmented
D. minor seventh
Answer with the letter of the correct option only (A, B, C, or D). Do not explain.",major|dominant seventh|augmented|minor seventh,minor seventh,C,augmented,False,,"{""inversion"": 0, ""presentation"": ""block"", ""program"": ""piano"", ""quality"": ""minor7"", ""root"": 56, ""root_name"": ""G#"", ""soundfont"": ""timgm""}"
chord_quality/minor7_block_60_4::no_audio::mcq,chord_quality/minor7_block_60_4,chord_quality,no_audio,mcq,1,,"Identify the type of the chord you hear.
A. major seventh
B. minor seventh
C. major
D. dominant seventh
Answer with the letter of the correct option only (A, B, C, or D). Do not explain.",major seventh|minor seventh|major|dominant seventh,minor seventh,C,major,False,,"{""inversion"": 0, ""presentation"": ""block"", ""program"": ""piano"", ""quality"": ""minor7"", ""root"": 60, ""root_name"": ""C"", ""soundfont"": ""fluidr3""}"
chord_quality/minor_arpeggio_49_1::no_audio::mcq,chord_quality/minor_arpeggio_49_1,chord_quality,no_audio,mcq,2,,"Listen to this chord. What kind of chord is it?
A. suspended fourth (sus4)
B. diminished
C. dominant seventh
D. minor
Answer with the letter of the correct option only (A, B, C, or D). Do not explain.",suspended fourth (sus4)|diminished|dominant seventh|minor,minor,B,diminished,False,,"{""inversion"": 0, ""presentation"": ""arpeggio"", ""program"": ""piano"", ""quality"": ""minor"", ""root"": 49, ""root_name"": ""C#"", ""soundfont"": ""timgm""}"
chord_quality/sus4_arpeggio_49_4::no_audio::mcq,chord_quality/sus4_arpeggio_49_4,chord_quality,no_audio,mcq,1,,"Identify the type of the chord you hear.
A. minor
B. dominant seventh
C. minor seventh
D. suspended fourth (sus4)
Answer with the letter of the correct option only (A, B, C, or D). Do not explain.",minor|dominant seventh|minor seventh|suspended fourth (sus4),suspended fourth (sus4),C,minor seventh,False,,"{""inversion"": 0, ""presentation"": ""arpeggio"", ""program"": ""violin"", ""quality"": ""sus4"", ""root"": 49, ""root_name"": ""C#"", ""soundfont"": ""fluidr3""}"
chord_quality/sus4_block_52_3::no_audio::mcq,chord_quality/sus4_block_52_3,chord_quality,no_audio,mcq,0,,"A chord is played. What is its quality (e.g. major, minor, diminished)?
A. minor seventh
B. suspended fourth (sus4)
C. major
D. diminished
Answer with the letter of the correct option only (A, B, C, or D). Do not explain.",minor seventh|suspended fourth (sus4)|major|diminished,suspended fourth (sus4),C,major,False,,"{""inversion"": 0, ""presentation"": ""block"", ""program"": ""synth_lead"", ""quality"": ""sus4"", ""root"": 52, ""root_name"": ""E"", ""soundfont"": ""timgm""}"
chord_quality/sus4_block_63_5::no_audio::mcq,chord_quality/sus4_block_63_5,chord_quality,no_audio,mcq,0,,"A chord is played. What is its quality (e.g. major, minor, diminished)?
A. dominant seventh
B. diminished
C. suspended fourth (sus4)
D. minor
Answer with the letter of the correct option only (A, B, C, or D). Do not explain.",dominant seventh|diminished|suspended fourth (sus4)|minor,suspended fourth (sus4),B,diminished,False,,"{""inversion"": 0, ""presentation"": ""block"", ""program"": ""violin"", ""quality"": ""sus4"", ""root"": 63, ""root_name"": ""D#"", ""soundfont"": ""fluidr3""}"
chord_quality/augmented_arpeggio_53_2::wrong_audio::mcq,chord_quality/augmented_arpeggio_53_2,chord_quality,wrong_audio,mcq,2,stimuli/mode/major_57_bare_scale.wav,"Listen to this chord. What kind of chord is it?
A. diminished
B. minor
C. augmented
D. dominant seventh
Answer with the letter of the correct option only (A, B, C, or D). Do not explain.",diminished|minor|augmented|dominant seventh,augmented,C,augmented,True,,"{""inversion"": 0, ""presentation"": ""arpeggio"", ""program"": ""violin"", ""quality"": ""augmented"", ""root"": 53, ""root_name"": ""F"", ""soundfont"": ""fluidr3""}"
chord_quality/augmented_block_50_5::wrong_audio::mcq,chord_quality/augmented_block_50_5,chord_quality,wrong_audio,mcq,0,stimuli/tempo/tempo_017.wav,"A chord is played. What is its quality (e.g. major, minor, diminished)?
A. diminished
B. suspended fourth (sus4)
C. major seventh
D. augmented
Answer with the letter of the correct option only (A, B, C, or D). Do not explain.",diminished|suspended fourth (sus4)|major seventh|augmented,augmented,A,diminished,False,,"{""inversion"": 0, ""presentation"": ""block"", ""program"": ""violin"", ""quality"": ""augmented"", ""root"": 50, ""root_name"": ""D"", ""soundfont"": ""musescore""}"
chord_quality/augmented_block_62_3::wrong_audio::mcq,chord_quality/augmented_block_62_3,chord_quality,wrong_audio,mcq,2,stimuli/intervals/M6_melodic_asc_68_3.wav,"Listen to this chord. What kind of chord is it?
A. diminished
B. augmented
C. dominant seventh
D. major
Answer with the letter of the correct option only (A, B, C, or D). Do not explain.",diminished|augmented|dominant seventh|major,augmented,D,major,False,,"{""inversion"": 0, ""presentation"": ""block"", ""program"": ""violin"", ""quality"": ""augmented"", ""root"": 62, ""root_name"": ""D"", ""soundfont"": ""fluidr3""}"
chord_quality/diminished_arpeggio_48_2::wrong_audio::mcq,chord_quality/diminished_arpeggio_48_2,chord_quality,wrong_audio,mcq,1,stimuli/mode/phrygian_57_melody_drone.wav,"Identify the type of the chord you hear.
A. suspended fourth (sus4)
B. diminished
C. major seventh
D. minor
Answer with the letter of the correct option only (A, B, C, or D). Do not explain.",suspended fourth (sus4)|diminished|major seventh|minor,diminished,D,minor,False,,"{""inversion"": 0, ""presentation"": ""arpeggio"", ""program"": ""flute"", ""quality"": ""diminished"", ""root"": 48, ""root_name"": ""C"", ""soundfont"": ""fluidr3""}"
chord_quality/dominant7_block_56_5::wrong_audio::mcq,chord_quality/dominant7_block_56_5,chord_quality,wrong_audio,mcq,0,stimuli/key/F_minor_scale_0.wav,"A chord is played. What is its quality (e.g. major, minor, diminished)?
A. dominant seventh
B. suspended fourth (sus4)
C. diminished
D. major seventh
Answer with the letter of the correct option only (A, B, C, or D). Do not explain.",dominant seventh|suspended fourth (sus4)|diminished|major seventh,dominant seventh,C,diminished,False,,"{""inversion"": 1, ""presentation"": ""block"", ""program"": ""flute"", ""quality"": ""dominant7"", ""root"": 56, ""root_name"": ""G#"", ""soundfont"": ""fluidr3""}"
chord_quality/major7_arpeggio_49_2::wrong_audio::mcq,chord_quality/major7_arpeggio_49_2,chord_quality,wrong_audio,mcq,1,stimuli/cents/trial_0040.wav,"Identify the type of the chord you hear.
A. minor
B. major
C. major seventh
D. augmented
Answer with the letter of the correct option only (A, B, C, or D). Do not explain.",minor|major|major seventh|augmented,major seventh,B,major,False,,"{""inversion"": 2, ""presentation"": ""arpeggio"", ""program"": ""synth_lead"", ""quality"": ""major7"", ""root"": 49, ""root_name"": ""C#"", ""soundfont"": ""musescore""}"
chord_quality/major7_arpeggio_55_0::wrong_audio::mcq,chord_quality/major7_arpeggio_55_0,chord_quality,wrong_audio,mcq,0,stimuli/pitch/049_synth_lead_fluidr3_0.wav,"A chord is played. What is its quality (e.g. major, minor, diminished)?
A. major seventh
B. dominant seventh
C. minor seventh
D. major
Answer with the letter of the correct option only (A, B, C, or D). Do not explain.",major seventh|dominant seventh|minor seventh|major,major seventh,D,major,False,,"{""inversion"": 0, ""presentation"": ""arpeggio"", ""program"": ""flute"", ""quality"": ""major7"", ""root"": 55, ""root_name"": ""G"", ""soundfont"": ""fluidr3""}"
chord_quality/major_arpeggio_51_1::wrong_audio::mcq,chord_quality/major_arpeggio_51_1,chord_quality,wrong_audio,mcq,1,stimuli/polyphony/count3_08.wav,"Identify the type of the chord you hear.
A. dominant seventh
B. suspended fourth (sus4)
C. diminished
D. major
Answer with the letter of the correct option only (A, B, C, or D). Do not explain.",dominant seventh|suspended fourth (sus4)|diminished|major,major,D,major,True,,"{""inversion"": 0, ""presentation"": ""arpeggio"", ""program"": ""synth_lead"", ""quality"": ""major"", ""root"": 51, ""root_name"": ""D#"", ""soundfont"": ""musescore""}"
chord_quality/minor7_block_54_5::wrong_audio::mcq,chord_quality/minor7_block_54_5,chord_quality,wrong_audio,mcq,0,stimuli/cents/trial_0033.wav,"A chord is played. What is its quality (e.g. major, minor, diminished)?
A. suspended fourth (sus4)
B. major
C. augmented
D. minor seventh
Answer with the letter of the correct option only (A, B, C, or D). Do not explain.",suspended fourth (sus4)|major|augmented|minor seventh,minor seventh,B,major,False,,"{""inversion"": 0, ""presentation"": ""block"", ""program"": ""synth_lead"", ""quality"": ""minor7"", ""root"": 54, ""root_name"": ""F#"", ""soundfont"": ""fluidr3""}"
chord_quality/minor7_block_60_4::wrong_audio::mcq,chord_quality/minor7_block_60_4,chord_quality,wrong_audio,mcq,1,stimuli/pitch/070_piano_timgm_1.wav,"Identify the type of the chord you hear.
A. minor seventh
B. minor
C. diminished
D. augmented
Answer with the letter of the correct option only (A, B, C, or D). Do not explain.",minor seventh|minor|diminished|augmented,minor seventh,B,minor,False,,"{""inversion"": 0, ""presentation"": ""block"", ""program"": ""piano"", ""quality"": ""minor7"", ""root"": 60, ""root_name"": ""C"", ""soundfont"": ""fluidr3""}"
chord_quality/minor_block_49_4::wrong_audio::mcq,chord_quality/minor_block_49_4,chord_quality,wrong_audio,mcq,0,stimuli/cents/trial_0129.wav,"A chord is played. What is its quality (e.g. major, minor, diminished)?
A. augmented
B. minor
C. major seventh
D. suspended fourth (sus4)
Answer with the letter of the correct option only (A, B, C, or D). Do not explain.",augmented|minor|major seventh|suspended fourth (sus4),minor,A,augmented,False,,"{""inversion"": 0, ""presentation"": ""block"", ""program"": ""flute"", ""quality"": ""minor"", ""root"": 49, ""root_name"": ""C#"", ""soundfont"": ""musescore""}"
chord_quality/minor_block_51_1::wrong_audio::mcq,chord_quality/minor_block_51_1,chord_quality,wrong_audio,mcq,1,stimuli/chords/minor_block_48_3.wav,"Identify the type of the chord you hear.
A. minor seventh
B. dominant seventh
C. minor
D. suspended fourth (sus4)
Answer with the letter of the correct option only (A, B, C, or D). Do not explain.",minor seventh|dominant seventh|minor|suspended fourth (sus4),minor,C,minor,True,,"{""inversion"": 0, ""presentation"": ""block"", ""program"": ""flute"", ""quality"": ""minor"", ""root"": 51, ""root_name"": ""D#"", ""soundfont"": ""musescore""}"
chord_quality/sus4_block_49_2::wrong_audio::mcq,chord_quality/sus4_block_49_2,chord_quality,wrong_audio,mcq,0,stimuli/cents/trial_0013.wav,"A chord is played. What is its quality (e.g. major, minor, diminished)?
A. suspended fourth (sus4)
B. augmented
C. dominant seventh
D. minor seventh
Answer with the letter of the correct option only (A, B, C, or D). Do not explain.",suspended fourth (sus4)|augmented|dominant seventh|minor seventh,suspended fourth (sus4),B,augmented,False,,"{""inversion"": 2, ""presentation"": ""block"", ""program"": ""violin"", ""quality"": ""sus4"", ""root"": 49, ""root_name"": ""C#"", ""soundfont"": ""fluidr3""}"
