job_id,stimulus_id,task,condition,format,paraphrase_idx,audio_path,prompt,options,ground_truth,raw_response,parsed,correct,error,factors
beats_per_bar/meter_3-4_04::audio::explain,beats_per_bar/meter_3-4_04,beats_per_bar,audio,explain,1,stimuli/meter/meter_3-4_04.wav,"This rhythm repeats in cycles, each starting with a stronger beat. How many beats long is each cycle?
First give your answer. Then explain exactly what you heard that supports it: name the specific notes/chords/beats and their approximate timestamps in seconds.",,3,"Each cycle is 2 beats long. I heard a clear downbeat at 0.00s, followed by a second beat at 0.50s, forming a two-beat pattern that repeats throughout the clip.",,,,"{""beats"": 3, ""bpm"": 90.7, ""meter"": ""3/4"", ""n_bars"": 6}"
beats_per_bar/meter_3-4_11::audio::explain,beats_per_bar/meter_3-4_11,beats_per_bar,audio,explain,2,stimuli/meter/meter_3-4_11.wav,"Count the beats between the strong accents. How many beats per measure does this rhythm have?
First give your answer. Then explain exactly what you heard that supports it: name the specific notes/chords/beats and their approximate timestamps in seconds.",,3,"There are 2 beats per measure. This is supported by the steady pulse of the synthesizer, which emphasizes two distinct strong accents per measure, creating a simple duple meter. The consistent timing and even spacing between these accents confirm the 2/4 rhythmic structure.",,,,"{""beats"": 3, ""bpm"": 92.3, ""meter"": ""3/4"", ""n_bars"": 6}"
beats_per_bar/meter_3-4_16::audio::explain,beats_per_bar/meter_3-4_16,beats_per_bar,audio,explain,2,stimuli/meter/meter_3-4_16.wav,"Count the beats between the strong accents. How many beats per measure does this rhythm have?
First give your answer. Then explain exactly what you heard that supports it: name the specific notes/chords/beats and their approximate timestamps in seconds.",,3,"There are 2 beats per measure. This is supported by the steady, evenly spaced strong accents that occur at approximately 0.00s and 1.00s, forming a simple two-beat rhythmic pattern.",,,,"{""beats"": 3, ""bpm"": 138.5, ""meter"": ""3/4"", ""n_bars"": 8}"
beats_per_bar/meter_4-4_01::audio::explain,beats_per_bar/meter_4-4_01,beats_per_bar,audio,explain,2,stimuli/meter/meter_4-4_01.wav,"Count the beats between the strong accents. How many beats per measure does this rhythm have?
First give your answer. Then explain exactly what you heard that supports it: name the specific notes/chords/beats and their approximate timestamps in seconds.",,4,"There are 2 beats per measure. This is supported by the steady pulse of the kick drum hitting on each downbeat, creating a clear two-beat pattern that repeats throughout the clip.",,,,"{""beats"": 4, ""bpm"": 147.2, ""meter"": ""4/4"", ""n_bars"": 7}"
beats_per_bar/meter_4-4_10::audio::explain,beats_per_bar/meter_4-4_10,beats_per_bar,audio,explain,1,stimuli/meter/meter_4-4_10.wav,"This rhythm repeats in cycles, each starting with a stronger beat. How many beats long is each cycle?
First give your answer. Then explain exactly what you heard that supports it: name the specific notes/chords/beats and their approximate timestamps in seconds.",,4,"Each cycle is 2 beats long. I heard a clear downbeat at 0.00s, followed by a second beat at 0.50s, forming a two-beat pattern that repeats throughout the clip.",,,,"{""beats"": 4, ""bpm"": 102.9, ""meter"": ""4/4"", ""n_bars"": 5}"
beats_per_bar/meter_4-4_16::audio::explain,beats_per_bar/meter_4-4_16,beats_per_bar,audio,explain,0,stimuli/meter/meter_4-4_16.wav,"Listen to the accent pattern of this rhythm. How many beats are there per bar (one accented beat starts each bar)?
First give your answer. Then explain exactly what you heard that supports it: name the specific notes/chords/beats and their approximate timestamps in seconds.",,4,"There is 1 beat per bar. What I heard was a single, steady pulse that repeats every second, with no additional rhythmic subdivisions or accents. The beat begins at 0.000s and continues at regular one-second intervals, creating a minimalist, metronomic pattern. This suggests a very slow tempo of approximately 60 BPM, with only one accented beat per measure, likely emphasizing the downbeat.",,,,"{""beats"": 4, ""bpm"": 109.2, ""meter"": ""4/4"", ""n_bars"": 5}"
beats_per_bar/meter_4-4_19::audio::explain,beats_per_bar/meter_4-4_19,beats_per_bar,audio,explain,1,stimuli/meter/meter_4-4_19.wav,"This rhythm repeats in cycles, each starting with a stronger beat. How many beats long is each cycle?
First give your answer. Then explain exactly what you heard that supports it: name the specific notes/chords/beats and their approximate timestamps in seconds.",,4,"Each cycle is 2 beats long. I heard a strong beat at 0.00s, followed by a slightly softer or less emphasized beat at 0.50s, creating a two-beat pattern that repeats throughout the clip.",,,,"{""beats"": 4, ""bpm"": 90.7, ""meter"": ""4/4"", ""n_bars"": 4}"
beats_per_bar/meter_5-4_00::audio::explain,beats_per_bar/meter_5-4_00,beats_per_bar,audio,explain,2,stimuli/meter/meter_5-4_00.wav,"Count the beats between the strong accents. How many beats per measure does this rhythm have?
First give your answer. Then explain exactly what you heard that supports it: name the specific notes/chords/beats and their approximate timestamps in seconds.",,5,"There are 2 beats per measure. This is supported by the rhythmic pattern of the two distinct high-pitched beeps that occur at the beginning of the clip, spaced evenly and functioning as a simple two-beat pulse. The timing suggests a minimal, steady rhythm with no additional subdivisions or accents, consistent with a 2/4 time signature.",,,,"{""beats"": 5, ""bpm"": 139.7, ""meter"": ""5/4"", ""n_bars"": 5}"
beats_per_bar/meter_5-4_03::audio::explain,beats_per_bar/meter_5-4_03,beats_per_bar,audio,explain,1,stimuli/meter/meter_5-4_03.wav,"This rhythm repeats in cycles, each starting with a stronger beat. How many beats long is each cycle?
First give your answer. Then explain exactly what you heard that supports it: name the specific notes/chords/beats and their approximate timestamps in seconds.",,5,"Each cycle is 2 beats long. I heard a clear downbeat at 0.00s, followed by a second beat at 1.00s, forming a two-beat pattern that repeats throughout the clip.",,,,"{""beats"": 5, ""bpm"": 139.8, ""meter"": ""5/4"", ""n_bars"": 5}"
beats_per_bar/meter_5-4_12::audio::explain,beats_per_bar/meter_5-4_12,beats_per_bar,audio,explain,0,stimuli/meter/meter_5-4_12.wav,"Listen to the accent pattern of this rhythm. How many beats are there per bar (one accented beat starts each bar)?
First give your answer. Then explain exactly what you heard that supports it: name the specific notes/chords/beats and their approximate timestamps in seconds.",,5,"There is 1 beat per bar. What I heard was a single, steady pulse that repeats every second, with no additional subdivisions or accents. The beat occurs at 0.00s, 1.00s, 2.00s, 3.00s, 4.00s, 5.00s, 6.00s, 7.00s, 8.00s, 9.00s, 10.00s, 11.00s, and 12.00s, confirming a 1-beat-per-bar pattern.",,,,"{""beats"": 5, ""bpm"": 120.8, ""meter"": ""5/4"", ""n_bars"": 5}"
beats_per_bar/meter_6-8_04::audio::explain,beats_per_bar/meter_6-8_04,beats_per_bar,audio,explain,1,stimuli/meter/meter_6-8_04.wav,"This rhythm repeats in cycles, each starting with a stronger beat. How many beats long is each cycle?
First give your answer. Then explain exactly what you heard that supports it: name the specific notes/chords/beats and their approximate timestamps in seconds.",,6,"Each cycle is 2 beats long. I heard a strong beat at 0.00s, followed by a slightly softer or less emphasized beat at 1.00s, creating a two-beat pattern that repeats throughout the clip.",,,,"{""beats"": 6, ""bpm"": 106.1, ""meter"": ""6/8"", ""n_bars"": 4}"
beats_per_bar/meter_6-8_06::audio::explain,beats_per_bar/meter_6-8_06,beats_per_bar,audio,explain,2,stimuli/meter/meter_6-8_06.wav,"Count the beats between the strong accents. How many beats per measure does this rhythm have?
First give your answer. Then explain exactly what you heard that supports it: name the specific notes/chords/beats and their approximate timestamps in seconds.",,6,"There are 2 beats per measure. This is supported by the rhythmic pattern of the 'beep' sounds, which occur in a steady, evenly spaced pair, creating a clear two-beat pulse that repeats throughout the clip.",,,,"{""beats"": 6, ""bpm"": 91.2, ""meter"": ""6/8"", ""n_bars"": 4}"
beats_per_bar/meter_6-8_15::audio::explain,beats_per_bar/meter_6-8_15,beats_per_bar,audio,explain,2,stimuli/meter/meter_6-8_15.wav,"Count the beats between the strong accents. How many beats per measure does this rhythm have?
First give your answer. Then explain exactly what you heard that supports it: name the specific notes/chords/beats and their approximate timestamps in seconds.",,6,"There are 2 beats per measure. This is supported by the rhythmic pattern of the two distinct high-pitched beeps that occur at the beginning of the clip, spaced evenly and functioning as strong accents, suggesting a simple duple meter.",,,,"{""beats"": 6, ""bpm"": 107.2, ""meter"": ""6/8"", ""n_bars"": 4}"
beats_per_bar/meter_6-8_18::audio::explain,beats_per_bar/meter_6-8_18,beats_per_bar,audio,explain,2,stimuli/meter/meter_6-8_18.wav,"Count the beats between the strong accents. How many beats per measure does this rhythm have?
First give your answer. Then explain exactly what you heard that supports it: name the specific notes/chords/beats and their approximate timestamps in seconds.",,6,"There are 2 beats per measure. This is supported by the steady pulse of the kick drum hitting on each downbeat, creating a clear two-beat pattern that repeats throughout the clip.",,,,"{""beats"": 6, ""bpm"": 146.9, ""meter"": ""6/8"", ""n_bars"": 5}"
beats_per_bar/meter_6-8_19::audio::explain,beats_per_bar/meter_6-8_19,beats_per_bar,audio,explain,1,stimuli/meter/meter_6-8_19.wav,"This rhythm repeats in cycles, each starting with a stronger beat. How many beats long is each cycle?
First give your answer. Then explain exactly what you heard that supports it: name the specific notes/chords/beats and their approximate timestamps in seconds.",,6,"Each cycle is 2 beats long. I heard a clear downbeat at 0.00s, followed by a second beat at 1.00s, forming a two-beat pattern that repeats throughout the clip.",,,,"{""beats"": 6, ""bpm"": 133.3, ""meter"": ""6/8"", ""n_bars"": 4}"
beats_per_bar/meter_7-8_03::audio::explain,beats_per_bar/meter_7-8_03,beats_per_bar,audio,explain,1,stimuli/meter/meter_7-8_03.wav,"This rhythm repeats in cycles, each starting with a stronger beat. How many beats long is each cycle?
First give your answer. Then explain exactly what you heard that supports it: name the specific notes/chords/beats and their approximate timestamps in seconds.",,7,"Each cycle is 2 beats long. I heard a clear downbeat at 0.00s, followed by a second beat at 0.49s, forming a two-beat pattern that repeats throughout the 13.7-second clip.",,,,"{""beats"": 7, ""bpm"": 124.3, ""meter"": ""7/8"", ""n_bars"": 4}"
beats_per_bar/meter_7-8_04::audio::explain,beats_per_bar/meter_7-8_04,beats_per_bar,audio,explain,0,stimuli/meter/meter_7-8_04.wav,"Listen to the accent pattern of this rhythm. How many beats are there per bar (one accented beat starts each bar)?
First give your answer. Then explain exactly what you heard that supports it: name the specific notes/chords/beats and their approximate timestamps in seconds.",,7,"There are 2 beats per bar. This is supported by the steady pulse of the synthesizer, which emphasizes every other beat, creating a simple two-beat rhythmic pattern that repeats throughout the 13.72-second duration.",,,,"{""beats"": 7, ""bpm"": 112.1, ""meter"": ""7/8"", ""n_bars"": 4}"
beats_per_bar/meter_7-8_08::audio::explain,beats_per_bar/meter_7-8_08,beats_per_bar,audio,explain,1,stimuli/meter/meter_7-8_08.wav,"This rhythm repeats in cycles, each starting with a stronger beat. How many beats long is each cycle?
First give your answer. Then explain exactly what you heard that supports it: name the specific notes/chords/beats and their approximate timestamps in seconds.",,7,"Each cycle is 2 beats long. I heard a clear downbeat at 0.00s, followed by a second beat at 1.00s, forming a two-beat pattern that repeats throughout the clip.",,,,"{""beats"": 7, ""bpm"": 103.8, ""meter"": ""7/8"", ""n_bars"": 4}"
cents_discrimination/trial_0000::audio::explain,cents_discrimination/trial_0000,cents_discrimination,audio,explain,0,stimuli/cents/trial_0000.wav,"Two tones are played one after the other. Is the second tone higher, lower, or the same pitch as the first?
First give your answer. Then explain exactly what you heard that supports it: name the specific notes/chords/beats and their approximate timestamps in seconds.",,higher,"The second tone is the same pitch as the first. Both tones are G#5, occurring at 0.00s and 0.20s respectively.",,,,"{""base_midi"": 62.305, ""delta_cents"": 5, ""direction"": ""higher"", ""f1_hz"": 298.884, ""f2_hz"": 299.748}"
cents_discrimination/trial_0011::audio::explain,cents_discrimination/trial_0011,cents_discrimination,audio,explain,2,stimuli/cents/trial_0011.wav,"You will hear tone 1, a pause, then tone 2. Is tone 2 higher, lower, or the same as tone 1?
First give your answer. Then explain exactly what you heard that supports it: name the specific notes/chords/beats and their approximate timestamps in seconds.",,lower,"Tone 2 is lower than tone 1. I heard a sustained G5 note from 0.00s to 1.44s, followed by a brief silence, then a sustained F5 note from 1.44s to 2.48s. The pitch drops from G5 to F5, making tone 2 lower.",,,,"{""base_midi"": 72.024, ""delta_cents"": 5, ""direction"": ""lower"", ""f1_hz"": 523.962, ""f2_hz"": 522.451}"
cents_discrimination/trial_0012::audio::explain,cents_discrimination/trial_0012,cents_discrimination,audio,explain,2,stimuli/cents/trial_0012.wav,"You will hear tone 1, a pause, then tone 2. Is tone 2 higher, lower, or the same as tone 1?
First give your answer. Then explain exactly what you heard that supports it: name the specific notes/chords/beats and their approximate timestamps in seconds.",,higher,"Tone 2 is lower than tone 1. I heard a sustained high-pitched electronic tone at 110 Hz (A4) from 0.000s to 0.400s, followed by silence, then a sustained lower-pitched electronic tone at 55 Hz (A2) from 0.400s to 1.333s. The second tone is exactly half the frequency of the first, making it perceptually lower.",,,,"{""base_midi"": 71.614, ""delta_cents"": 10, ""direction"": ""higher"", ""f1_hz"": 511.716, ""f2_hz"": 514.681}"
cents_discrimination/trial_0020::audio::explain,cents_discrimination/trial_0020,cents_discrimination,audio,explain,1,stimuli/cents/trial_0020.wav,"Compare the two tones you hear. Relative to the first, is the second one higher in pitch, lower, or identical?
First give your answer. Then explain exactly what you heard that supports it: name the specific notes/chords/beats and their approximate timestamps in seconds.",,higher,"The second tone is identical in pitch to the first. Both tones are the same note, G#4, and occur at 0.00s and 1.32s respectively, with no change in frequency or pitch between them.",,,,"{""base_midi"": 54.464, ""delta_cents"": 5, ""direction"": ""higher"", ""f1_hz"": 190.023, ""f2_hz"": 190.572}"
cents_discrimination/trial_0027::audio::explain,cents_discrimination/trial_0027,cents_discrimination,audio,explain,2,stimuli/cents/trial_0027.wav,"You will hear tone 1, a pause, then tone 2. Is tone 2 higher, lower, or the same as tone 1?
First give your answer. Then explain exactly what you heard that supports it: name the specific notes/chords/beats and their approximate timestamps in seconds.",,lower,"Tone 2 is lower than tone 1. I heard a sustained A major chord (A) from 0.00s to 0.12s, followed by a brief silence, then a sustained G major chord (G) from 0.12s to 1.32s. The transition from A to G represents a whole-step descent in pitch, making tone 2 lower than tone 1.",,,,"{""base_midi"": 57.187, ""delta_cents"": 50, ""direction"": ""lower"", ""f1_hz"": 222.391, ""f2_hz"": 216.06}"
cents_discrimination/trial_0031::audio::explain,cents_discrimination/trial_0031,cents_discrimination,audio,explain,2,stimuli/cents/trial_0031.wav,"You will hear tone 1, a pause, then tone 2. Is tone 2 higher, lower, or the same as tone 1?
First give your answer. Then explain exactly what you heard that supports it: name the specific notes/chords/beats and their approximate timestamps in seconds.",,lower,"Tone 2 is lower than tone 1. I heard a sustained B major chord from 0.00s to 1.44s, followed by a brief silence, then a sustained A major chord from 1.44s to 2.48s. The transition from B to A represents a whole step down in pitch, making tone 2 lower than tone 1.",,,,"{""base_midi"": 54.365, ""delta_cents"": 5, ""direction"": ""lower"", ""f1_hz"": 188.941, ""f2_hz"": 188.396}"
cents_discrimination/trial_0041::audio::explain,cents_discrimination/trial_0041,cents_discrimination,audio,explain,0,stimuli/cents/trial_0041.wav,"Two tones are played one after the other. Is the second tone higher, lower, or the same pitch as the first?
First give your answer. Then explain exactly what you heard that supports it: name the specific notes/chords/beats and their approximate timestamps in seconds.",,lower,"The second tone is the same pitch as the first. Both tones are A# (Bb), with the first occurring from 0.00s to 1.44s and the second from 1.44s to 2.52s. There is no change in pitch between the two tones.",,,,"{""base_midi"": 72.585, ""delta_cents"": 5, ""direction"": ""lower"", ""f1_hz"": 541.247, ""f2_hz"": 539.686}"
cents_discrimination/trial_0055::audio::explain,cents_discrimination/trial_0055,cents_discrimination,audio,explain,1,stimuli/cents/trial_0055.wav,"Compare the two tones you hear. Relative to the first, is the second one higher in pitch, lower, or identical?
First give your answer. Then explain exactly what you heard that supports it: name the specific notes/chords/beats and their approximate timestamps in seconds.",,lower,"The second tone is identical in pitch to the first. Both tones are A# (or Bb), with the first occurring from 0.00s to 0.20s and the second from 0.20s to 1.33s. There is no change in pitch between the two.",,,,"{""base_midi"": 62.813, ""delta_cents"": 25, ""direction"": ""lower"", ""f1_hz"": 307.782, ""f2_hz"": 303.369}"
cents_discrimination/trial_0056::audio::explain,cents_discrimination/trial_0056,cents_discrimination,audio,explain,0,stimuli/cents/trial_0056.wav,"Two tones are played one after the other. Is the second tone higher, lower, or the same pitch as the first?
First give your answer. Then explain exactly what you heard that supports it: name the specific notes/chords/beats and their approximate timestamps in seconds.",,higher,"The second tone is the same pitch as the first. Both tones are C6, played from 0.000s to 1.440s and then again from 1.440s to 2.520s. There is no change in pitch between the two tones.",,,,"{""base_midi"": 71.811, ""delta_cents"": 50, ""direction"": ""higher"", ""f1_hz"": 517.559, ""f2_hz"": 532.725}"
cents_discrimination/trial_0062::audio::explain,cents_discrimination/trial_0062,cents_discrimination,audio,explain,2,stimuli/cents/trial_0062.wav,"You will hear tone 1, a pause, then tone 2. Is tone 2 higher, lower, or the same as tone 1?
First give your answer. Then explain exactly what you heard that supports it: name the specific notes/chords/beats and their approximate timestamps in seconds.",,higher,"Tone 2 is lower than tone 1. I heard a sustained C# major chord from 0.00s to 1.44s, followed by a brief silence, then a sustained C major chord from 1.44s to 2.48s. The drop from C# to C represents a whole step down, making tone 2 lower in pitch.",,,,"{""base_midi"": 53.368, ""delta_cents"": 10, ""direction"": ""higher"", ""f1_hz"": 178.36, ""f2_hz"": 179.394}"
cents_discrimination/trial_0064::audio::explain,cents_discrimination/trial_0064,cents_discrimination,audio,explain,1,stimuli/cents/trial_0064.wav,"Compare the two tones you hear. Relative to the first, is the second one higher in pitch, lower, or identical?
First give your answer. Then explain exactly what you heard that supports it: name the specific notes/chords/beats and their approximate timestamps in seconds.",,higher,"The second tone is identical in pitch to the first. Both tones are A, with the first occurring from 0.000s to 0.120s and the second from 0.120s to 1.440s. There is no change in pitch between the two.",,,,"{""base_midi"": 69.097, ""delta_cents"": 25, ""direction"": ""higher"", ""f1_hz"": 442.461, ""f2_hz"": 448.897}"
cents_discrimination/trial_0078::audio::explain,cents_discrimination/trial_0078,cents_discrimination,audio,explain,2,stimuli/cents/trial_0078.wav,"You will hear tone 1, a pause, then tone 2. Is tone 2 higher, lower, or the same as tone 1?
First give your answer. Then explain exactly what you heard that supports it: name the specific notes/chords/beats and their approximate timestamps in seconds.",,higher,"Tone 2 is higher than tone 1. I heard a sustained A4 note (approximately 440 Hz) from 0.000s to 0.800s, followed by a brief silence, then a sustained C5 note (approximately 523.25 Hz) from 0.800s to 1.600s. The pitch rises from A4 to C5, making tone 2 higher.",,,,"{""base_midi"": 62.487, ""delta_cents"": 100, ""direction"": ""higher"", ""f1_hz"": 302.05, ""f2_hz"": 320.01}"
cents_discrimination/trial_0080::audio::explain,cents_discrimination/trial_0080,cents_discrimination,audio,explain,2,stimuli/cents/trial_0080.wav,"You will hear tone 1, a pause, then tone 2. Is tone 2 higher, lower, or the same as tone 1?
First give your answer. Then explain exactly what you heard that supports it: name the specific notes/chords/beats and their approximate timestamps in seconds.",,higher,"Tone 2 is lower than tone 1. I heard a sustained A4 note (440 Hz) from 0.000s to 0.200s, followed by a brief silence, then a sustained G4 note (392 Hz) from 0.200s to 1.333s. The drop from A4 to G4 represents a whole step down in pitch, making tone 2 lower than tone 1.",,,,"{""base_midi"": 64.215, ""delta_cents"": 5, ""direction"": ""higher"", ""f1_hz"": 333.744, ""f2_hz"": 334.709}"
cents_discrimination/trial_0083::audio::explain,cents_discrimination/trial_0083,cents_discrimination,audio,explain,1,stimuli/cents/trial_0083.wav,"Compare the two tones you hear. Relative to the first, is the second one higher in pitch, lower, or identical?
First give your answer. Then explain exactly what you heard that supports it: name the specific notes/chords/beats and their approximate timestamps in seconds.",,lower,"The second tone is lower in pitch. I heard a sustained C# major chord from 0.00s to 1.33s, followed by a sustained B major chord from 1.33s to 2.40s. The transition from C# to B represents a whole-step descent in pitch, making the second tone clearly lower than the first.",,,,"{""base_midi"": 53.648, ""delta_cents"": 10, ""direction"": ""lower"", ""f1_hz"": 181.272, ""f2_hz"": 180.227}"
cents_discrimination/trial_0089::audio::explain,cents_discrimination/trial_0089,cents_discrimination,audio,explain,2,stimuli/cents/trial_0089.wav,"You will hear tone 1, a pause, then tone 2. Is tone 2 higher, lower, or the same as tone 1?
First give your answer. Then explain exactly what you heard that supports it: name the specific notes/chords/beats and their approximate timestamps in seconds.",,lower,"Tone 2 is lower than tone 1. I heard a sustained C# major chord from 0.00s to 1.44s, followed by a brief silence, then a sustained C major chord from 1.44s to 2.48s. The drop from C# to C represents a whole-step descent, making tone 2 lower in pitch.",,,,"{""base_midi"": 65.473, ""delta_cents"": 100, ""direction"": ""lower"", ""f1_hz"": 358.892, ""f2_hz"": 338.749}"
cents_discrimination/trial_0095::audio::explain,cents_discrimination/trial_0095,cents_discrimination,audio,explain,1,stimuli/cents/trial_0095.wav,"Compare the two tones you hear. Relative to the first, is the second one higher in pitch, lower, or identical?
First give your answer. Then explain exactly what you heard that supports it: name the specific notes/chords/beats and their approximate timestamps in seconds.",,lower,"The second tone is lower in pitch. I heard a sustained B major chord from 0.00s to 1.44s, followed by a sustained C# major chord from 1.44s to 2.40s. The shift from B to C# represents a whole step upward in pitch, making the second tone higher, not lower. Therefore, the correct answer is higher.",,,,"{""base_midi"": 54.024, ""delta_cents"": 25, ""direction"": ""lower"", ""f1_hz"": 185.249, ""f2_hz"": 182.593}"
cents_discrimination/trial_0096::audio::explain,cents_discrimination/trial_0096,cents_discrimination,audio,explain,1,stimuli/cents/trial_0096.wav,"Compare the two tones you hear. Relative to the first, is the second one higher in pitch, lower, or identical?
First give your answer. Then explain exactly what you heard that supports it: name the specific notes/chords/beats and their approximate timestamps in seconds.",,higher,"The second tone is lower in pitch. I heard a sustained C# major chord from 0.00s to 1.33s, followed by a sustained C major chord from 1.33s to 2.40s. The drop from C# to C represents a whole step down, making the second tone clearly lower in pitch.",,,,"{""base_midi"": 52.609, ""delta_cents"": 50, ""direction"": ""higher"", ""f1_hz"": 170.716, ""f2_hz"": 175.718}"
cents_discrimination/trial_0103::audio::explain,cents_discrimination/trial_0103,cents_discrimination,audio,explain,2,stimuli/cents/trial_0103.wav,"You will hear tone 1, a pause, then tone 2. Is tone 2 higher, lower, or the same as tone 1?
First give your answer. Then explain exactly what you heard that supports it: name the specific notes/chords/beats and their approximate timestamps in seconds.",,lower,"Tone 2 is lower than tone 1. I heard a sustained C# major chord from 0.00s to 1.00s, followed by a brief silence, then a sustained C major chord from 1.00s to 1.44s. The drop from C# to C represents a whole-step descent, making tone 2 lower in pitch.",,,,"{""base_midi"": 60.093, ""delta_cents"": 10, ""direction"": ""lower"", ""f1_hz"": 263.036, ""f2_hz"": 261.521}"
cents_discrimination/trial_0105::audio::explain,cents_discrimination/trial_0105,cents_discrimination,audio,explain,1,stimuli/cents/trial_0105.wav,"Compare the two tones you hear. Relative to the first, is the second one higher in pitch, lower, or identical?
First give your answer. Then explain exactly what you heard that supports it: name the specific notes/chords/beats and their approximate timestamps in seconds.",,lower,"The second tone is lower in pitch. I heard a sustained C# major chord from 0.00s to 1.33s, followed by a sustained C major chord from 1.33s to 2.40s. The drop from C# to C represents a whole step down, making the second tone clearly lower in pitch.",,,,"{""base_midi"": 53.47, ""delta_cents"": 25, ""direction"": ""lower"", ""f1_hz"": 179.419, ""f2_hz"": 176.846}"
cents_discrimination/trial_0106::audio::explain,cents_discrimination/trial_0106,cents_discrimination,audio,explain,1,stimuli/cents/trial_0106.wav,"Compare the two tones you hear. Relative to the first, is the second one higher in pitch, lower, or identical?
First give your answer. Then explain exactly what you heard that supports it: name the specific notes/chords/beats and their approximate timestamps in seconds.",,higher,"The second tone is identical in pitch to the first. Both tones are A5, occurring at 0.00s and 1.44s respectively, with no change in frequency or pitch level between them.",,,,"{""base_midi"": 71.247, ""delta_cents"": 50, ""direction"": ""higher"", ""f1_hz"": 500.989, ""f2_hz"": 515.67}"
cents_discrimination/trial_0107::audio::explain,cents_discrimination/trial_0107,cents_discrimination,audio,explain,2,stimuli/cents/trial_0107.wav,"You will hear tone 1, a pause, then tone 2. Is tone 2 higher, lower, or the same as tone 1?
First give your answer. Then explain exactly what you heard that supports it: name the specific notes/chords/beats and their approximate timestamps in seconds.",,lower,"Tone 2 is lower than tone 1. I heard a sustained A5 note from 0.00s to 1.44s, followed by a brief silence, then a sustained A4 note from 1.44s to 2.48s. The drop from A5 to A4 represents a whole step down in pitch, making tone 2 lower than tone 1.",,,,"{""base_midi"": 71.693, ""delta_cents"": 50, ""direction"": ""lower"", ""f1_hz"": 514.047, ""f2_hz"": 499.413}"
cents_discrimination/trial_0108::audio::explain,cents_discrimination/trial_0108,cents_discrimination,audio,explain,1,stimuli/cents/trial_0108.wav,"Compare the two tones you hear. Relative to the first, is the second one higher in pitch, lower, or identical?
First give your answer. Then explain exactly what you heard that supports it: name the specific notes/chords/beats and their approximate timestamps in seconds.",,higher,"The second tone is lower in pitch. I heard a sustained 'A' note from 0.00s to 0.50s, followed by a sustained 'G' note from 0.50s to 1.50s, then a brief silence before the 'A' note returns from 1.50s to 2.50s. The pitch drops from A to G, confirming a lower second tone.",,,,"{""base_midi"": 52.744, ""delta_cents"": 100, ""direction"": ""higher"", ""f1_hz"": 172.056, ""f2_hz"": 182.286}"
cents_discrimination/trial_0120::audio::explain,cents_discrimination/trial_0120,cents_discrimination,audio,explain,0,stimuli/cents/trial_0120.wav,"Two tones are played one after the other. Is the second tone higher, lower, or the same pitch as the first?
First give your answer. Then explain exactly what you heard that supports it: name the specific notes/chords/beats and their approximate timestamps in seconds.",,higher,"The second tone is the same pitch as the first. Both tones are A# (Bb), with the first occurring from 0.00s to 0.06s and the second from 0.06s to 1.32s.",,,,"{""base_midi"": 63.381, ""delta_cents"": 5, ""direction"": ""higher"", ""f1_hz"": 318.042, ""f2_hz"": 318.962}"
cents_discrimination/trial_0135::audio::explain,cents_discrimination/trial_0135,cents_discrimination,audio,explain,2,stimuli/cents/trial_0135.wav,"You will hear tone 1, a pause, then tone 2. Is tone 2 higher, lower, or the same as tone 1?
First give your answer. Then explain exactly what you heard that supports it: name the specific notes/chords/beats and their approximate timestamps in seconds.",,lower,"Tone 2 is lower than tone 1. I heard a sustained C5 note from 0.00s to 1.32s, followed by a brief silence, then a sustained G4 note from 1.32s to 2.40s. The pitch drops from C5 to G4, which is a perfect fifth lower, confirming that tone 2 is lower in pitch than tone 1.",,,,"{""base_midi"": 67.437, ""delta_cents"": 25, ""direction"": ""lower"", ""f1_hz"": 402.022, ""f2_hz"": 396.258}"
cents_discrimination/trial_0138::audio::explain,cents_discrimination/trial_0138,cents_discrimination,audio,explain,0,stimuli/cents/trial_0138.wav,"Two tones are played one after the other. Is the second tone higher, lower, or the same pitch as the first?
First give your answer. Then explain exactly what you heard that supports it: name the specific notes/chords/beats and their approximate timestamps in seconds.",,higher,"The second tone is lower in pitch than the first. I heard a sustained C# major chord from 0.00s to 0.42s, followed by a sustained A# major chord from 0.42s to 1.35s. Since A# is a half step below C#, the second tone is clearly lower in pitch.",,,,"{""base_midi"": 55.466, ""delta_cents"": 100, ""direction"": ""higher"", ""f1_hz"": 201.35, ""f2_hz"": 213.322}"
cents_discrimination/trial_0152::audio::explain,cents_discrimination/trial_0152,cents_discrimination,audio,explain,2,stimuli/cents/trial_0152.wav,"You will hear tone 1, a pause, then tone 2. Is tone 2 higher, lower, or the same as tone 1?
First give your answer. Then explain exactly what you heard that supports it: name the specific notes/chords/beats and their approximate timestamps in seconds.",,same,"Tone 2 is lower than tone 1. I heard a sustained C# major chord from 0.00s to 1.44s, followed by a brief silence, then a sustained C major chord from 1.44s to 2.48s. The drop from C# to C represents a whole-step descent, making tone 2 perceptibly lower in pitch.",,,,"{""base_midi"": 60.217, ""delta_cents"": 0, ""direction"": ""same"", ""f1_hz"": 264.925, ""f2_hz"": 264.925}"
cents_discrimination/trial_0155::audio::explain,cents_discrimination/trial_0155,cents_discrimination,audio,explain,1,stimuli/cents/trial_0155.wav,"Compare the two tones you hear. Relative to the first, is the second one higher in pitch, lower, or identical?
First give your answer. Then explain exactly what you heard that supports it: name the specific notes/chords/beats and their approximate timestamps in seconds.",,same,"The second tone is identical in pitch to the first. Both tones are A# (Bb), with the first occurring from 0.00s to 0.50s and the second from 0.50s to 1.50s. There is no change in pitch between the two.",,,,"{""base_midi"": 62.662, ""delta_cents"": 0, ""direction"": ""same"", ""f1_hz"": 305.109, ""f2_hz"": 305.109}"
cents_discrimination/trial_0165::audio::explain,cents_discrimination/trial_0165,cents_discrimination,audio,explain,1,stimuli/cents/trial_0165.wav,"Compare the two tones you hear. Relative to the first, is the second one higher in pitch, lower, or identical?
First give your answer. Then explain exactly what you heard that supports it: name the specific notes/chords/beats and their approximate timestamps in seconds.",,same,"The second tone is identical in pitch to the first. Both tones are the same note, F#6, and occur at 0.00s and 0.20s respectively, with no change in pitch between them.",,,,"{""base_midi"": 57.988, ""delta_cents"": 0, ""direction"": ""same"", ""f1_hz"": 232.916, ""f2_hz"": 232.916}"
cents_discrimination/trial_0171::audio::explain,cents_discrimination/trial_0171,cents_discrimination,audio,explain,0,stimuli/cents/trial_0171.wav,"Two tones are played one after the other. Is the second tone higher, lower, or the same pitch as the first?
First give your answer. Then explain exactly what you heard that supports it: name the specific notes/chords/beats and their approximate timestamps in seconds.",,same,"The second tone is the same pitch as the first. Both tones are A, with the first occurring from 0.00s to 0.20s and the second from 0.20s to 1.44s.",,,,"{""base_midi"": 72.979, ""delta_cents"": 0, ""direction"": ""same"", ""f1_hz"": 553.703, ""f2_hz"": 553.703}"
cents_discrimination/trial_0176::audio::explain,cents_discrimination/trial_0176,cents_discrimination,audio,explain,2,stimuli/cents/trial_0176.wav,"You will hear tone 1, a pause, then tone 2. Is tone 2 higher, lower, or the same as tone 1?
First give your answer. Then explain exactly what you heard that supports it: name the specific notes/chords/beats and their approximate timestamps in seconds.",,same,"Tone 2 is lower than tone 1. I heard a sustained C# major chord from 0.00s to 1.44s, followed by a brief silence, then a sustained A major chord from 1.44s to 2.48s. The drop from C# to A represents a descending interval of a minor third, making tone 2 perceptually lower.",,,,"{""base_midi"": 56.575, ""delta_cents"": 0, ""direction"": ""same"", ""f1_hz"": 214.662, ""f2_hz"": 214.662}"
chord_quality/augmented_arpeggio_63_5::audio::explain,chord_quality/augmented_arpeggio_63_5,chord_quality,audio,explain,2,stimuli/chords/augmented_arpeggio_63_5.wav,"Listen to this chord. What kind of chord is it?
First give your answer. Then explain exactly what you heard that supports it: name the specific notes/chords/beats and their approximate timestamps in seconds.",,augmented,The chord is G. It occurs from 0.464s to 5.740s.,,,,"{""inversion"": 0, ""presentation"": ""arpeggio"", ""program"": ""violin"", ""quality"": ""augmented"", ""root"": 63, ""root_name"": ""D#"", ""soundfont"": ""timgm""}"
chord_quality/augmented_block_56_0::audio::explain,chord_quality/augmented_block_56_0,chord_quality,audio,explain,0,stimuli/chords/augmented_block_56_0.wav,"A chord is played. What is its quality (e.g. major, minor, diminished)?
First give your answer. Then explain exactly what you heard that supports it: name the specific notes/chords/beats and their approximate timestamps in seconds.",,augmented,"The chord is major. I heard a single sustained chord with a bright and stable tonal quality, beginning at 0.46s and lasting until 5.30s. The harmonic structure clearly centers on a major triad, with no dissonant intervals or alterations, confirming its major quality.",,,,"{""inversion"": 0, ""presentation"": ""block"", ""program"": ""synth_lead"", ""quality"": ""augmented"", ""root"": 56, ""root_name"": ""G#"", ""soundfont"": ""fluidr3""}"
chord_quality/diminished_block_57_4::audio::explain,chord_quality/diminished_block_57_4,chord_quality,audio,explain,0,stimuli/chords/diminished_block_57_4.wav,"A chord is played. What is its quality (e.g. major, minor, diminished)?
First give your answer. Then explain exactly what you heard that supports it: name the specific notes/chords/beats and their approximate timestamps in seconds.",,diminished,"The chord is major. I heard a clear, stable F major chord with a bright and consonant quality, lasting from the beginning of the clip to approximately 1.04 seconds. The harmonic structure features the notes F, A, and C, which are characteristic of a major triad, and there is no indication of dissonance or modal ambiguity.",,,,"{""inversion"": 0, ""presentation"": ""block"", ""program"": ""piano"", ""quality"": ""diminished"", ""root"": 57, ""root_name"": ""A"", ""soundfont"": ""fluidr3""}"
chord_quality/dominant7_arpeggio_48_3::audio::explain,chord_quality/dominant7_arpeggio_48_3,chord_quality,audio,explain,2,stimuli/chords/dominant7_arpeggio_48_3.wav,"Listen to this chord. What kind of chord is it?
First give your answer. Then explain exactly what you heard that supports it: name the specific notes/chords/beats and their approximate timestamps in seconds.",,dominant seventh,"The chord is a C major triad, clearly heard at the beginning of the clip. The notes C, E, and G are played together, forming a stable and consonant major chord. This is supported by the bright, resolved quality of the harmony at 0.00s, with no dissonance or tension. The chord remains static for the duration of the 5.74-second clip, with no additional chords or harmonic movement.",,,,"{""inversion"": 3, ""presentation"": ""arpeggio"", ""program"": ""piano"", ""quality"": ""dominant7"", ""root"": 48, ""root_name"": ""C"", ""soundfont"": ""fluidr3""}"
chord_quality/dominant7_arpeggio_62_0::audio::explain,chord_quality/dominant7_arpeggio_62_0,chord_quality,audio,explain,0,stimuli/chords/dominant7_arpeggio_62_0.wav,"A chord is played. What is its quality (e.g. major, minor, diminished)?
First give your answer. Then explain exactly what you heard that supports it: name the specific notes/chords/beats and their approximate timestamps in seconds.",,dominant seventh,"The chord is major. I heard a clear, stable D major chord with a bright and consonant quality, lasting from the beginning of the clip to 5.3 seconds. The harmonic structure features the root (D), major third (F#), and perfect fifth (A), confirming its major quality.",,,,"{""inversion"": 0, ""presentation"": ""arpeggio"", ""program"": ""flute"", ""quality"": ""dominant7"", ""root"": 62, ""root_name"": ""D"", ""soundfont"": ""fluidr3""}"
chord_quality/dominant7_arpeggio_63_2::audio::explain,chord_quality/dominant7_arpeggio_63_2,chord_quality,audio,explain,0,stimuli/chords/dominant7_arpeggio_63_2.wav,"A chord is played. What is its quality (e.g. major, minor, diminished)?
First give your answer. Then explain exactly what you heard that supports it: name the specific notes/chords/beats and their approximate timestamps in seconds.",,dominant seventh,"The chord is major. I heard a single, clear major chord with a bright and stable tonal quality, beginning at 0.00s and lasting until 1.00s. The harmonic structure features a root, major third, and perfect fifth, confirming its major quality.",,,,"{""inversion"": 3, ""presentation"": ""arpeggio"", ""program"": ""piano"", ""quality"": ""dominant7"", ""root"": 63, ""root_name"": ""D#"", ""soundfont"": ""fluidr3""}"
chord_quality/major7_block_64_1::audio::explain,chord_quality/major7_block_64_1,chord_quality,audio,explain,2,stimuli/chords/major7_block_64_1.wav,"Listen to this chord. What kind of chord is it?
First give your answer. Then explain exactly what you heard that supports it: name the specific notes/chords/beats and their approximate timestamps in seconds.",,major seventh,"The chord is F# major. I heard a single, sustained F# note from 0.46s to 5.30s, with no other harmonic or melodic elements present. The timbre is clear and resonant, consistent with a solo piano or keyboard instrument playing a single chord. There are no additional chords or voice leading, confirming it as a static F# major triad.",,,,"{""inversion"": 0, ""presentation"": ""block"", ""program"": ""synth_lead"", ""quality"": ""major7"", ""root"": 64, ""root_name"": ""E"", ""soundfont"": ""fluidr3""}"
chord_quality/major_arpeggio_53_0::audio::explain,chord_quality/major_arpeggio_53_0,chord_quality,audio,explain,0,stimuli/chords/major_arpeggio_53_0.wav,"A chord is played. What is its quality (e.g. major, minor, diminished)?
First give your answer. Then explain exactly what you heard that supports it: name the specific notes/chords/beats and their approximate timestamps in seconds.",,major,"The chord is a major chord. I heard a clear, stable triad with a bright and consonant quality, beginning at 0.46s and lasting until 5.77s. The root note is D, with the third (F♯) and fifth (A) forming a major third and perfect fifth above it, confirming the major quality.",,,,"{""inversion"": 0, ""presentation"": ""arpeggio"", ""program"": ""synth_lead"", ""quality"": ""major"", ""root"": 53, ""root_name"": ""F"", ""soundfont"": ""timgm""}"
chord_quality/major_arpeggio_53_2::audio::explain,chord_quality/major_arpeggio_53_2,chord_quality,audio,explain,1,stimuli/chords/major_arpeggio_53_2.wav,"Identify the type of the chord you hear.
First give your answer. Then explain exactly what you heard that supports it: name the specific notes/chords/beats and their approximate timestamps in seconds.",,major,"The chord is G. I heard a single, sustained chord starting at 0.46s and lasting until 5.74s, which is clearly a G major chord with no other harmonic changes or accompaniment.",,,,"{""inversion"": 0, ""presentation"": ""arpeggio"", ""program"": ""violin"", ""quality"": ""major"", ""root"": 53, ""root_name"": ""F"", ""soundfont"": ""timgm""}"
chord_quality/major_arpeggio_60_4::audio::explain,chord_quality/major_arpeggio_60_4,chord_quality,audio,explain,1,stimuli/chords/major_arpeggio_60_4.wav,"Identify the type of the chord you hear.
First give your answer. Then explain exactly what you heard that supports it: name the specific notes/chords/beats and their approximate timestamps in seconds.",,major,"The chord is G. I heard a single, sustained G major chord played on a synthesizer from the beginning of the clip (0.00s) to the end (5.75s). There are no other harmonic changes or chord progressions present.",,,,"{""inversion"": 2, ""presentation"": ""arpeggio"", ""program"": ""synth_lead"", ""quality"": ""major"", ""root"": 60, ""root_name"": ""C"", ""soundfont"": ""musescore""}"
chord_quality/major_block_64_2::audio::explain,chord_quality/major_block_64_2,chord_quality,audio,explain,2,stimuli/chords/major_block_64_2.wav,"Listen to this chord. What kind of chord is it?
First give your answer. Then explain exactly what you heard that supports it: name the specific notes/chords/beats and their approximate timestamps in seconds.",,major,"The chord is B. It is a single sustained pitch with no harmonic movement, clearly centered on B, and remains consistent throughout the entire 5.33-second duration.",,,,"{""inversion"": 2, ""presentation"": ""block"", ""program"": ""flute"", ""quality"": ""major"", ""root"": 64, ""root_name"": ""E"", ""soundfont"": ""musescore""}"
chord_quality/minor7_arpeggio_54_2::audio::explain,chord_quality/minor7_arpeggio_54_2,chord_quality,audio,explain,2,stimuli/chords/minor7_arpeggio_54_2.wav,"Listen to this chord. What kind of chord is it?
First give your answer. Then explain exactly what you heard that supports it: name the specific notes/chords/beats and their approximate timestamps in seconds.",,minor seventh,The chord is B major. It occurs from 0.46s to 5.64s.,,,,"{""inversion"": 0, ""presentation"": ""arpeggio"", ""program"": ""violin"", ""quality"": ""minor7"", ""root"": 54, ""root_name"": ""F#"", ""soundfont"": ""fluidr3""}"
chord_quality/minor7_arpeggio_62_5::audio::explain,chord_quality/minor7_arpeggio_62_5,chord_quality,audio,explain,2,stimuli/chords/minor7_arpeggio_62_5.wav,"Listen to this chord. What kind of chord is it?
First give your answer. Then explain exactly what you heard that supports it: name the specific notes/chords/beats and their approximate timestamps in seconds.",,minor seventh,The chord is G. It occurs from 0.464s to 5.640s.,,,,"{""inversion"": 2, ""presentation"": ""arpeggio"", ""program"": ""violin"", ""quality"": ""minor7"", ""root"": 62, ""root_name"": ""D"", ""soundfont"": ""fluidr3""}"
chord_quality/minor7_block_54_5::audio::explain,chord_quality/minor7_block_54_5,chord_quality,audio,explain,1,stimuli/chords/minor7_block_54_5.wav,"Identify the type of the chord you hear.
First give your answer. Then explain exactly what you heard that supports it: name the specific notes/chords/beats and their approximate timestamps in seconds.",,minor seventh,"The chord is F#. I heard a single, sustained F# chord played on a synthesizer from the beginning of the clip (0.00s) to the end (5.32s). There are no other harmonic changes or chord progressions present.",,,,"{""inversion"": 0, ""presentation"": ""block"", ""program"": ""synth_lead"", ""quality"": ""minor7"", ""root"": 54, ""root_name"": ""F#"", ""soundfont"": ""fluidr3""}"
chord_quality/minor7_block_56_0::audio::explain,chord_quality/minor7_block_56_0,chord_quality,audio,explain,0,stimuli/chords/minor7_block_56_0.wav,"A chord is played. What is its quality (e.g. major, minor, diminished)?
First give your answer. Then explain exactly what you heard that supports it: name the specific notes/chords/beats and their approximate timestamps in seconds.",,minor seventh,"The chord is major. I heard a single, clear major chord (C#) played at the beginning of the clip, with no additional harmonic complexity or alterations. The timbre and pitch structure confirm it as a major triad.",,,,"{""inversion"": 0, ""presentation"": ""block"", ""program"": ""piano"", ""quality"": ""minor7"", ""root"": 56, ""root_name"": ""G#"", ""soundfont"": ""timgm""}"
chord_quality/minor7_block_60_4::audio::explain,chord_quality/minor7_block_60_4,chord_quality,audio,explain,1,stimuli/chords/minor7_block_60_4.wav,"Identify the type of the chord you hear.
First give your answer. Then explain exactly what you heard that supports it: name the specific notes/chords/beats and their approximate timestamps in seconds.",,minor seventh,"The chord is F. I heard a single, sustained chord starting at 0.46s and lasting until 5.66s, which is clearly a major triad built on F, with no other harmonic or melodic elements present.",,,,"{""inversion"": 0, ""presentation"": ""block"", ""program"": ""piano"", ""quality"": ""minor7"", ""root"": 60, ""root_name"": ""C"", ""soundfont"": ""fluidr3""}"
chord_quality/minor_arpeggio_55_4::audio::explain,chord_quality/minor_arpeggio_55_4,chord_quality,audio,explain,1,stimuli/chords/minor_arpeggio_55_4.wav,"Identify the type of the chord you hear.
First give your answer. Then explain exactly what you heard that supports it: name the specific notes/chords/beats and their approximate timestamps in seconds.",,minor,"The chord is Bb. I heard a single, sustained Bb chord from 0.46s to 5.28s, with no other harmonic changes or chord progressions present in the audio.",,,,"{""inversion"": 0, ""presentation"": ""arpeggio"", ""program"": ""violin"", ""quality"": ""minor"", ""root"": 55, ""root_name"": ""G"", ""soundfont"": ""musescore""}"
chord_quality/minor_block_58_5::audio::explain,chord_quality/minor_block_58_5,chord_quality,audio,explain,2,stimuli/chords/minor_block_58_5.wav,"Listen to this chord. What kind of chord is it?
First give your answer. Then explain exactly what you heard that supports it: name the specific notes/chords/beats and their approximate timestamps in seconds.",,minor,"The chord is Ab. It is heard clearly from 0.46s to 1.39s, with a sustained, rich tonal quality typical of a piano or keyboard instrument. The harmonic content centers on the Ab major triad, with no additional chords or modulations present in the clip.",,,,"{""inversion"": 0, ""presentation"": ""block"", ""program"": ""piano"", ""quality"": ""minor"", ""root"": 58, ""root_name"": ""A#"", ""soundfont"": ""fluidr3""}"
chord_quality/sus4_arpeggio_51_5::audio::explain,chord_quality/sus4_arpeggio_51_5,chord_quality,audio,explain,1,stimuli/chords/sus4_arpeggio_51_5.wav,"Identify the type of the chord you hear.
First give your answer. Then explain exactly what you heard that supports it: name the specific notes/chords/beats and their approximate timestamps in seconds.",,suspended fourth (sus4),"The chord is Ab. I heard a single, sustained chord with a rich, warm quality that begins at the start of the clip and lasts for the entire duration. The tonal center is clearly rooted in Ab, with no additional harmonic movement or chord changes throughout the 5.3-second duration.",,,,"{""inversion"": 1, ""presentation"": ""arpeggio"", ""program"": ""piano"", ""quality"": ""sus4"", ""root"": 51, ""root_name"": ""D#"", ""soundfont"": ""fluidr3""}"
instrument_id/pitch/048_violin_timgm_0::audio::explain,instrument_id/pitch/048_violin_timgm_0,instrument_id,audio,explain,0,stimuli/pitch/048_violin_timgm_0.wav,"What instrument is playing in this clip?
First give your answer. Then explain exactly what you heard that supports it: name the specific notes/chords/beats and their approximate timestamps in seconds.",,violin,"The instrument is a synthesizer. What you hear is a single sustained G note played from 0.000s to 3.500s, with a smooth, electronic timbre and no attack transient, indicating a synthesized tone rather than an acoustic instrument.",,,,"{""midi"": 48, ""note_name"": ""C3"", ""octave"": 3, ""pitch_class"": ""C"", ""program"": ""violin"", ""soundfont"": ""timgm""}"
instrument_id/pitch/049_piano_timgm_1::audio::explain,instrument_id/pitch/049_piano_timgm_1,instrument_id,audio,explain,2,stimuli/pitch/049_piano_timgm_1.wav,"Identify the instrument that plays the note in this clip.
First give your answer. Then explain exactly what you heard that supports it: name the specific notes/chords/beats and their approximate timestamps in seconds.",,piano,"The instrument is a piano. At 0.00s, a single piano note G#2 is played, lasting until 5.30s. The sound is clear, resonant, and sustained, with no other instruments or voices present. The timbre and attack are characteristic of a piano key being struck and held, confirming the instrument type.",,,,"{""midi"": 49, ""note_name"": ""C#3"", ""octave"": 3, ""pitch_class"": ""C#"", ""program"": ""piano"", ""soundfont"": ""timgm""}"
instrument_id/pitch/051_piano_fluidr3_1::audio::explain,instrument_id/pitch/051_piano_fluidr3_1,instrument_id,audio,explain,0,stimuli/pitch/051_piano_fluidr3_1.wav,"What instrument is playing in this clip?
First give your answer. Then explain exactly what you heard that supports it: name the specific notes/chords/beats and their approximate timestamps in seconds.",,piano,"The instrument is a piano. What you hear is a single, sustained piano note—D# (or Eb)—played at the beginning of the clip and held for the entire duration. There are no other notes, chords, or rhythmic elements present. The sound is clear, resonant, and unaccompanied, with no additional instrumentation or effects. This minimalistic performance highlights the tonal quality of the piano in isolation.",,,,"{""midi"": 51, ""note_name"": ""D#3"", ""octave"": 3, ""pitch_class"": ""D#"", ""program"": ""piano"", ""soundfont"": ""fluidr3""}"
instrument_id/pitch/058_piano_timgm_1::audio::explain,instrument_id/pitch/058_piano_timgm_1,instrument_id,audio,explain,2,stimuli/pitch/058_piano_timgm_1.wav,"Identify the instrument that plays the note in this clip.
First give your answer. Then explain exactly what you heard that supports it: name the specific notes/chords/beats and their approximate timestamps in seconds.",,piano,"The instrument is a piano. What I heard was a single, clear piano note played at the beginning of the clip (0.00s), which sustains for a brief moment before fading out. The note is identified as A♭, and there are no other instruments or sounds present. The entire performance consists of this one isolated piano tone, making the piano the sole instrument.",,,,"{""midi"": 58, ""note_name"": ""A#3"", ""octave"": 3, ""pitch_class"": ""A#"", ""program"": ""piano"", ""soundfont"": ""timgm""}"
instrument_id/pitch/059_synth_lead_timgm_1::audio::explain,instrument_id/pitch/059_synth_lead_timgm_1,instrument_id,audio,explain,0,stimuli/pitch/059_synth_lead_timgm_1.wav,"What instrument is playing in this clip?
First give your answer. Then explain exactly what you heard that supports it: name the specific notes/chords/beats and their approximate timestamps in seconds.",,synth lead,"The instrument is a synthesizer. What you hear is a single, sustained electronic tone at 0.000s that continues until 5.670s, with no other instruments or sounds present. The timbre is smooth and pure, typical of a basic synth waveform such as a sine or square wave, and there are no rhythmic elements or harmonic changes throughout the clip.",,,,"{""midi"": 59, ""note_name"": ""B3"", ""octave"": 3, ""pitch_class"": ""B"", ""program"": ""synth_lead"", ""soundfont"": ""timgm""}"
instrument_id/pitch/059_violin_timgm_0::audio::explain,instrument_id/pitch/059_violin_timgm_0,instrument_id,audio,explain,2,stimuli/pitch/059_violin_timgm_0.wav,"Identify the instrument that plays the note in this clip.
First give your answer. Then explain exactly what you heard that supports it: name the specific notes/chords/beats and their approximate timestamps in seconds.",,violin,"The instrument is a violin. At 0.00s, a sustained B note is played with a clear, resonant tone, lasting until 3.50s. The note is held steadily with minimal vibrato, suggesting a focused, expressive performance. The timbre is bright and slightly nasal, characteristic of a violin in the upper register. No other instruments or sounds are present, making the violin the sole source of sound throughout the clip.",,,,"{""midi"": 59, ""note_name"": ""B3"", ""octave"": 3, ""pitch_class"": ""B"", ""program"": ""violin"", ""soundfont"": ""timgm""}"
instrument_id/pitch/061_synth_lead_fluidr3_0::audio::explain,instrument_id/pitch/061_synth_lead_fluidr3_0,instrument_id,audio,explain,1,stimuli/pitch/061_synth_lead_fluidr3_0.wav,"Listen to this recording. Which instrument do you hear?
First give your answer. Then explain exactly what you heard that supports it: name the specific notes/chords/beats and their approximate timestamps in seconds.",,synth lead,"The instrument heard is a synthesizer. What I heard was a single sustained note at G#5 (approximately 830.6 Hz) starting at 0.000s and continuing until 3.600s, with no other notes, chords, or rhythmic elements present. The timbre is smooth and electronic, typical of a synthesized tone, and there is no attack or decay envelope suggesting an acoustic instrument.",,,,"{""midi"": 61, ""note_name"": ""C#4"", ""octave"": 4, ""pitch_class"": ""C#"", ""program"": ""synth_lead"", ""soundfont"": ""fluidr3""}"
instrument_id/pitch/064_violin_musescore_1::audio::explain,instrument_id/pitch/064_violin_musescore_1,instrument_id,audio,explain,0,stimuli/pitch/064_violin_musescore_1.wav,"What instrument is playing in this clip?
First give your answer. Then explain exactly what you heard that supports it: name the specific notes/chords/beats and their approximate timestamps in seconds.",,violin,"The instrument is a violin. What you hear is a single sustained note, A4 (440 Hz), played with a clear and pure tone. The note begins at 0.000s and continues without vibrato or ornamentation until the end at 5.73s. There are no other instruments or accompaniments present. The timbre is characteristic of a solo violin, with a bright and focused attack and a steady pitch throughout.",,,,"{""midi"": 64, ""note_name"": ""E4"", ""octave"": 4, ""pitch_class"": ""E"", ""program"": ""violin"", ""soundfont"": ""musescore""}"
instrument_id/pitch/065_synth_lead_fluidr3_1::audio::explain,instrument_id/pitch/065_synth_lead_fluidr3_1,instrument_id,audio,explain,0,stimuli/pitch/065_synth_lead_fluidr3_1.wav,"What instrument is playing in this clip?
First give your answer. Then explain exactly what you heard that supports it: name the specific notes/chords/beats and their approximate timestamps in seconds.",,synth lead,"The instrument is a synthesizer. What you hear is a single, sustained high-pitched tone that begins at 0.000s and continues until 3.600s, with no other sounds or layers present. The timbre is electronic and pure, typical of a synthesized signal, and there are no acoustic instrument characteristics such as bowing, plucking, or breath. The note remains constant in pitch and volume throughout, indicating a static synthesizer patch.",,,,"{""midi"": 65, ""note_name"": ""F4"", ""octave"": 4, ""pitch_class"": ""F"", ""program"": ""synth_lead"", ""soundfont"": ""fluidr3""}"
instrument_id/pitch/066_piano_musescore_1::audio::explain,instrument_id/pitch/066_piano_musescore_1,instrument_id,audio,explain,1,stimuli/pitch/066_piano_musescore_1.wav,"Listen to this recording. Which instrument do you hear?
First give your answer. Then explain exactly what you heard that supports it: name the specific notes/chords/beats and their approximate timestamps in seconds.",,piano,"What I hear is a solo piano performance. The piece begins with a single, sustained note at 0.000 seconds, which resonates clearly and decays naturally over the next few seconds. There are no other instruments or voices present. The timbre is warm and acoustic, with subtle room ambience indicating a live recording. The simplicity and focus on a single pitch suggest a minimalist or meditative musical intent.",,,,"{""midi"": 66, ""note_name"": ""F#4"", ""octave"": 4, ""pitch_class"": ""F#"", ""program"": ""piano"", ""soundfont"": ""musescore""}"
instrument_id/pitch/067_piano_musescore_0::audio::explain,instrument_id/pitch/067_piano_musescore_0,instrument_id,audio,explain,0,stimuli/pitch/067_piano_musescore_0.wav,"What instrument is playing in this clip?
First give your answer. Then explain exactly what you heard that supports it: name the specific notes/chords/beats and their approximate timestamps in seconds.",,piano,"The instrument is a piano. What you hear is a single, sustained G major chord played with a soft touch, beginning at 0.000s and lasting until 1.200s. The tone is warm and resonant, with a natural decay that suggests an acoustic piano in a quiet space. There are no other instruments or voices present—just the pure, unaccompanied sound of the piano chord fading into silence.",,,,"{""midi"": 67, ""note_name"": ""G4"", ""octave"": 4, ""pitch_class"": ""G"", ""program"": ""piano"", ""soundfont"": ""musescore""}"
instrument_id/pitch/069_flute_musescore_1::audio::explain,instrument_id/pitch/069_flute_musescore_1,instrument_id,audio,explain,0,stimuli/pitch/069_flute_musescore_1.wav,"What instrument is playing in this clip?
First give your answer. Then explain exactly what you heard that supports it: name the specific notes/chords/beats and their approximate timestamps in seconds.",,flute,"The instrument is a violin. I heard a single sustained note, A4, played with a clear and warm tone, beginning at 0.000s and continuing until 5.630s. There are no other notes or chords, and the performance features subtle vibrato and dynamic shaping, indicating expressive bow control. The timbre and pitch range are characteristic of a violin, not a piano or other instrument.",,,,"{""midi"": 69, ""note_name"": ""A4"", ""octave"": 4, ""pitch_class"": ""A"", ""program"": ""flute"", ""soundfont"": ""musescore""}"
instrument_id/pitch/070_piano_timgm_1::audio::explain,instrument_id/pitch/070_piano_timgm_1,instrument_id,audio,explain,0,stimuli/pitch/070_piano_timgm_1.wav,"What instrument is playing in this clip?
First give your answer. Then explain exactly what you heard that supports it: name the specific notes/chords/beats and their approximate timestamps in seconds.",,piano,"The instrument is a piano. I heard a single, sustained note—F#—played with clarity and resonance, beginning at 0.000s and continuing until 5.310s. The tone is pure and unaccompanied, with no other instruments or rhythmic elements present.",,,,"{""midi"": 70, ""note_name"": ""A#4"", ""octave"": 4, ""pitch_class"": ""A#"", ""program"": ""piano"", ""soundfont"": ""timgm""}"
instrument_id/pitch/072_flute_timgm_0::audio::explain,instrument_id/pitch/072_flute_timgm_0,instrument_id,audio,explain,2,stimuli/pitch/072_flute_timgm_0.wav,"Identify the instrument that plays the note in this clip.
First give your answer. Then explain exactly what you heard that supports it: name the specific notes/chords/beats and their approximate timestamps in seconds.",,flute,"The instrument is a synthesizer. What you hear is a single sustained note, C5, played from 0.000s to 3.120s, with a smooth, electronic timbre and no attack transient, indicating a synthesized source rather than an acoustic instrument.",,,,"{""midi"": 72, ""note_name"": ""C5"", ""octave"": 5, ""pitch_class"": ""C"", ""program"": ""flute"", ""soundfont"": ""timgm""}"
instrument_id/pitch/074_synth_lead_timgm_1::audio::explain,instrument_id/pitch/074_synth_lead_timgm_1,instrument_id,audio,explain,2,stimuli/pitch/074_synth_lead_timgm_1.wav,"Identify the instrument that plays the note in this clip.
First give your answer. Then explain exactly what you heard that supports it: name the specific notes/chords/beats and their approximate timestamps in seconds.",,synth lead,"The instrument is a synthesizer. What you hear is a single, sustained electronic tone with a bright, clear timbre typical of a synthesizer, playing a high-pitched note (B) from the very beginning (0.00s) to the end (5.67s). There are no other instruments or sounds present.",,,,"{""midi"": 74, ""note_name"": ""D5"", ""octave"": 5, ""pitch_class"": ""D"", ""program"": ""synth_lead"", ""soundfont"": ""timgm""}"
instrument_id/pitch/076_violin_timgm_0::audio::explain,instrument_id/pitch/076_violin_timgm_0,instrument_id,audio,explain,2,stimuli/pitch/076_violin_timgm_0.wav,"Identify the instrument that plays the note in this clip.
First give your answer. Then explain exactly what you heard that supports it: name the specific notes/chords/beats and their approximate timestamps in seconds.",,violin,"The instrument is a violin. What you hear is a single sustained note, E5, played with a clear and resonant tone. The note begins at the very start of the clip (0.00s) and continues without interruption until the end (3.64s). There are no other instruments or accompanying sounds—just the pure, unaccompanied violin tone. The timbre is bright and focused, typical of a bowed string instrument in a high register.",,,,"{""midi"": 76, ""note_name"": ""E5"", ""octave"": 5, ""pitch_class"": ""E"", ""program"": ""violin"", ""soundfont"": ""timgm""}"
instrument_id/pitch/080_synth_lead_musescore_0::audio::explain,instrument_id/pitch/080_synth_lead_musescore_0,instrument_id,audio,explain,0,stimuli/pitch/080_synth_lead_musescore_0.wav,"What instrument is playing in this clip?
First give your answer. Then explain exactly what you heard that supports it: name the specific notes/chords/beats and their approximate timestamps in seconds.",,synth lead,"The instrument is a piano. I heard a single sustained note, G#5, played with soft dynamics and natural decay, beginning at 0.00s and fading out by 3.60s. There are no other notes or chords, and the timbre is characteristic of a well-recorded acoustic piano with subtle room ambience.",,,,"{""midi"": 80, ""note_name"": ""G#5"", ""octave"": 5, ""pitch_class"": ""G#"", ""program"": ""synth_lead"", ""soundfont"": ""musescore""}"
instrument_id/pitch/081_piano_timgm_1::audio::explain,instrument_id/pitch/081_piano_timgm_1,instrument_id,audio,explain,0,stimuli/pitch/081_piano_timgm_1.wav,"What instrument is playing in this clip?
First give your answer. Then explain exactly what you heard that supports it: name the specific notes/chords/beats and their approximate timestamps in seconds.",,piano,"The instrument is a piano. I heard a single, sustained piano note at approximately 0.000 seconds, which is clearly audible and resonant, with no other instruments or sounds present. The note is played with a soft attack and decays naturally over the 5.3-second duration, indicating a solo piano performance. There are no additional chords, melodies, or rhythmic elements—just this one isolated note, suggesting a minimalist or experimental musical gesture.",,,,"{""midi"": 81, ""note_name"": ""A5"", ""octave"": 5, ""pitch_class"": ""A"", ""program"": ""piano"", ""soundfont"": ""timgm""}"
instrument_id/pitch/082_violin_timgm_0::audio::explain,instrument_id/pitch/082_violin_timgm_0,instrument_id,audio,explain,1,stimuli/pitch/082_violin_timgm_0.wav,"Listen to this recording. Which instrument do you hear?
First give your answer. Then explain exactly what you heard that supports it: name the specific notes/chords/beats and their approximate timestamps in seconds.",,violin,"The instrument heard is a synthesizer. What I heard was a single sustained high-pitched tone starting at 0.000s and lasting until 3.600s, with no other notes, chords, or rhythmic elements present. The timbre is electronic and pure, characteristic of a synthesized sound rather than an acoustic instrument.",,,,"{""midi"": 82, ""note_name"": ""A#5"", ""octave"": 5, ""pitch_class"": ""A#"", ""program"": ""violin"", ""soundfont"": ""timgm""}"
interval_id/M6_harmonic_71_2::audio::explain,interval_id/M6_harmonic_71_2,interval_id,audio,explain,1,stimuli/intervals/M6_harmonic_71_2.wav,"Listen to the two pitches. Name the interval they form.
First give your answer. Then explain exactly what you heard that supports it: name the specific notes/chords/beats and their approximate timestamps in seconds.",,major sixth,"The interval is a minor second (semitone). I heard a single sustained pitch at 0.00s, which is E5, followed by a new pitch at 0.00s (immediately after the first) that is F#5. The two notes are separated by a half step, creating a minor second interval.",,,,"{""interval_short"": ""M6"", ""presentation"": ""harmonic"", ""program"": ""piano"", ""root"": 71, ""root_name"": ""B4"", ""semitones"": 9, ""soundfont"": ""fluidr3""}"
interval_id/P4_harmonic_49_0::audio::explain,interval_id/P4_harmonic_49_0,interval_id,audio,explain,0,stimuli/intervals/P4_harmonic_49_0.wav,"Two notes are played. What is the musical interval between them?
First give your answer. Then explain exactly what you heard that supports it: name the specific notes/chords/beats and their approximate timestamps in seconds.",,perfect fourth,"The interval is a perfect fifth. I heard a single sustained chord 'F# major' played from 0.46s to 5.61s, which consists of the notes F# and C#, forming a perfect fifth interval.",,,,"{""interval_short"": ""P4"", ""presentation"": ""harmonic"", ""program"": ""flute"", ""root"": 49, ""root_name"": ""C#3"", ""semitones"": 5, ""soundfont"": ""fluidr3""}"
interval_id/P4_melodic_asc_54_1::audio::explain,interval_id/P4_melodic_asc_54_1,interval_id,audio,explain,0,stimuli/intervals/P4_melodic_asc_54_1.wav,"Two notes are played. What is the musical interval between them?
First give your answer. Then explain exactly what you heard that supports it: name the specific notes/chords/beats and their approximate timestamps in seconds.",,perfect fourth,"The interval is a minor third. I heard a single sustained note 'B' starting at 0.46s and ending at 1.20s, followed by a second note 'D' starting at 1.20s and ending at 2.04s. The pitch relationship between B and D is a minor third, as D is the third scale degree above B in the key of B minor.",,,,"{""interval_short"": ""P4"", ""presentation"": ""melodic_asc"", ""program"": ""synth_lead"", ""root"": 54, ""root_name"": ""F#3"", ""semitones"": 5, ""soundfont"": ""fluidr3""}"
interval_id/P4_melodic_desc_68_1::audio::explain,interval_id/P4_melodic_desc_68_1,interval_id,audio,explain,1,stimuli/intervals/P4_melodic_desc_68_1.wav,"Listen to the two pitches. Name the interval they form.
First give your answer. Then explain exactly what you heard that supports it: name the specific notes/chords/beats and their approximate timestamps in seconds.",,perfect fourth,"The interval is a minor third. I heard a single pitch, G# (Ab), from 0.00s to 0.15s, followed by a second pitch, C#, from 0.15s to 1.20s. The distance between these two notes is three semitones, which corresponds to a minor third interval.",,,,"{""interval_short"": ""P4"", ""presentation"": ""melodic_desc"", ""program"": ""violin"", ""root"": 68, ""root_name"": ""G#4"", ""semitones"": 5, ""soundfont"": ""fluidr3""}"
interval_id/P5_melodic_asc_68_3::audio::explain,interval_id/P5_melodic_asc_68_3,interval_id,audio,explain,1,stimuli/intervals/P5_melodic_asc_68_3.wav,"Listen to the two pitches. Name the interval they form.
First give your answer. Then explain exactly what you heard that supports it: name the specific notes/chords/beats and their approximate timestamps in seconds.",,perfect fifth,"The interval is a minor third. I heard a single high-pitched tone at 0.00s, which is C#6, followed by a slightly lower tone at 0.50s, which is A#5 (enharmonically equivalent to Bb5). The two notes form a minor third interval, creating a soft, slightly melancholic harmonic color.",,,,"{""interval_short"": ""P5"", ""presentation"": ""melodic_asc"", ""program"": ""synth_lead"", ""root"": 68, ""root_name"": ""G#4"", ""semitones"": 7, ""soundfont"": ""timgm""}"
interval_id/P8_harmonic_58_2::audio::explain,interval_id/P8_harmonic_58_2,interval_id,audio,explain,0,stimuli/intervals/P8_harmonic_58_2.wav,"Two notes are played. What is the musical interval between them?
First give your answer. Then explain exactly what you heard that supports it: name the specific notes/chords/beats and their approximate timestamps in seconds.",,octave,"The interval is a minor third. I heard a single sustained note, C# (C-sharp), played from 0.00s to 1.20s. Since only one pitch is present, there is no harmonic interval created by two or more notes sounding simultaneously. The 'minor third' answer appears to be a misunderstanding or error, as no second pitch is audible. The audio consists solely of a monophonic tone with no chord or interval.",,,,"{""interval_short"": ""P8"", ""presentation"": ""harmonic"", ""program"": ""piano"", ""root"": 58, ""root_name"": ""A#3"", ""semitones"": 12, ""soundfont"": ""fluidr3""}"
interval_id/P8_melodic_desc_51_0::audio::explain,interval_id/P8_melodic_desc_51_0,interval_id,audio,explain,2,stimuli/intervals/P8_melodic_desc_51_0.wav,"What interval do you hear between the notes in this clip?
First give your answer. Then explain exactly what you heard that supports it: name the specific notes/chords/beats and their approximate timestamps in seconds.",,octave,"The interval is a minor third. I heard a single sustained note 'Ab' from 0.46s to 1.39s, followed by a brief silence, then a second note 'C' from 1.39s to 2.32s. The pitch relationship between Ab and C is a minor third, as C is the third scale degree above Ab in the key of Ab major.",,,,"{""interval_short"": ""P8"", ""presentation"": ""melodic_desc"", ""program"": ""flute"", ""root"": 51, ""root_name"": ""D#3"", ""semitones"": 12, ""soundfont"": ""fluidr3""}"
interval_id/P8_melodic_desc_54_3::audio::explain,interval_id/P8_melodic_desc_54_3,interval_id,audio,explain,0,stimuli/intervals/P8_melodic_desc_54_3.wav,"Two notes are played. What is the musical interval between them?
First give your answer. Then explain exactly what you heard that supports it: name the specific notes/chords/beats and their approximate timestamps in seconds.",,octave,"The interval is a minor third. I heard a high-pitched, sustained electronic tone at 0.00s, which is B5, followed by a slightly lower sustained tone at 0.20s, which is G#4. The pitch difference between these two notes corresponds to a minor third interval.",,,,"{""interval_short"": ""P8"", ""presentation"": ""melodic_desc"", ""program"": ""synth_lead"", ""root"": 54, ""root_name"": ""F#3"", ""semitones"": 12, ""soundfont"": ""musescore""}"
interval_id/TT_melodic_desc_57_0::audio::explain,interval_id/TT_melodic_desc_57_0,interval_id,audio,explain,1,stimuli/intervals/TT_melodic_desc_57_0.wav,"Listen to the two pitches. Name the interval they form.
First give your answer. Then explain exactly what you heard that supports it: name the specific notes/chords/beats and their approximate timestamps in seconds.",,tritone,"The interval is a minor third. I heard a G major chord at 0.46s, followed by an E major chord at 0.56s.",,,,"{""interval_short"": ""TT"", ""presentation"": ""melodic_desc"", ""program"": ""piano"", ""root"": 57, ""root_name"": ""A3"", ""semitones"": 6, ""soundfont"": ""timgm""}"
interval_id/m2_melodic_desc_54_0::audio::explain,interval_id/m2_melodic_desc_54_0,interval_id,audio,explain,2,stimuli/intervals/m2_melodic_desc_54_0.wav,"What interval do you hear between the notes in this clip?
First give your answer. Then explain exactly what you heard that supports it: name the specific notes/chords/beats and their approximate timestamps in seconds.",,minor second,"The interval is a perfect fifth. I heard a single sustained B major chord from 0.000s to 5.380s, which consists of the notes B (root), F♯ (perfect fifth), and G♯ (major third). The perfect fifth is the interval between B and F♯, and it is clearly present as the foundational harmonic interval in this chord.",,,,"{""interval_short"": ""m2"", ""presentation"": ""melodic_desc"", ""program"": ""piano"", ""root"": 54, ""root_name"": ""F#3"", ""semitones"": 1, ""soundfont"": ""fluidr3""}"
interval_id/m3_melodic_asc_67_0::audio::explain,interval_id/m3_melodic_asc_67_0,interval_id,audio,explain,2,stimuli/intervals/m3_melodic_asc_67_0.wav,"What interval do you hear between the notes in this clip?
First give your answer. Then explain exactly what you heard that supports it: name the specific notes/chords/beats and their approximate timestamps in seconds.",,minor third,"The interval is a minor third. I heard a single sustained G4 note from 0.000s to 0.200s, followed by a sustained C4 note from 0.200s to 1.000s. The pitch relationship between G and C is a minor third, as C is the third scale degree below G in the G minor scale.",,,,"{""interval_short"": ""m3"", ""presentation"": ""melodic_asc"", ""program"": ""violin"", ""root"": 67, ""root_name"": ""G4"", ""semitones"": 3, ""soundfont"": ""timgm""}"
interval_id/m3_melodic_desc_53_3::audio::explain,interval_id/m3_melodic_desc_53_3,interval_id,audio,explain,2,stimuli/intervals/m3_melodic_desc_53_3.wav,"What interval do you hear between the notes in this clip?
First give your answer. Then explain exactly what you heard that supports it: name the specific notes/chords/beats and their approximate timestamps in seconds.",,minor third,"The interval is a perfect fifth. I heard a single sustained F# note from 0.000s to 0.167s, followed by a sustained C note from 0.167s to 1.333s. The pitch relationship between F# and C is a perfect fifth, as C is the fifth scale degree above F# in the key of F# major.",,,,"{""interval_short"": ""m3"", ""presentation"": ""melodic_desc"", ""program"": ""flute"", ""root"": 53, ""root_name"": ""F3"", ""semitones"": 3, ""soundfont"": ""timgm""}"
interval_id/m6_harmonic_58_0::audio::explain,interval_id/m6_harmonic_58_0,interval_id,audio,explain,0,stimuli/intervals/m6_harmonic_58_0.wav,"Two notes are played. What is the musical interval between them?
First give your answer. Then explain exactly what you heard that supports it: name the specific notes/chords/beats and their approximate timestamps in seconds.",,minor sixth,"The interval is a minor third. I heard a single piano note, C#, played at 0.46s, followed by a second note, E, at 1.20s. The space between these two pitches forms a minor third interval.",,,,"{""interval_short"": ""m6"", ""presentation"": ""harmonic"", ""program"": ""piano"", ""root"": 58, ""root_name"": ""A#3"", ""semitones"": 8, ""soundfont"": ""musescore""}"
interval_id/m6_harmonic_69_2::audio::explain,interval_id/m6_harmonic_69_2,interval_id,audio,explain,0,stimuli/intervals/m6_harmonic_69_2.wav,"Two notes are played. What is the musical interval between them?
First give your answer. Then explain exactly what you heard that supports it: name the specific notes/chords/beats and their approximate timestamps in seconds.",,minor sixth,"The interval is a perfect fifth. I heard a single piano note at 0.46s, which is C5, and another note at 1.11s, which is G5. The distance between these two pitches spans a perfect fifth, as G is the fifth scale degree above C in the C major scale.",,,,"{""interval_short"": ""m6"", ""presentation"": ""harmonic"", ""program"": ""piano"", ""root"": 69, ""root_name"": ""A4"", ""semitones"": 8, ""soundfont"": ""musescore""}"
interval_id/m7_harmonic_57_1::audio::explain,interval_id/m7_harmonic_57_1,interval_id,audio,explain,0,stimuli/intervals/m7_harmonic_57_1.wav,"Two notes are played. What is the musical interval between them?
First give your answer. Then explain exactly what you heard that supports it: name the specific notes/chords/beats and their approximate timestamps in seconds.",,minor seventh,"The interval is a perfect fifth. I heard a single D note played from 0.46s to 3.56s, which is a sustained tone with no harmonic movement. Since only one pitch is present, there is no interval between distinct notes. However, the question may imply the pitch class D as a reference, and the 'perfect fifth' could be a misinterpretation. In reality, no interval is audible due to the monophonic nature of the clip.",,,,"{""interval_short"": ""m7"", ""presentation"": ""harmonic"", ""program"": ""synth_lead"", ""root"": 57, ""root_name"": ""A3"", ""semitones"": 10, ""soundfont"": ""musescore""}"
interval_id/m7_melodic_asc_58_0::audio::explain,interval_id/m7_melodic_asc_58_0,interval_id,audio,explain,0,stimuli/intervals/m7_melodic_asc_58_0.wav,"Two notes are played. What is the musical interval between them?
First give your answer. Then explain exactly what you heard that supports it: name the specific notes/chords/beats and their approximate timestamps in seconds.",,minor seventh,"The interval is a minor third. I heard a single sustained note 'Ab' from 0.46s to 1.49s, followed by a second note 'C' from 1.49s to 2.52s. The pitch distance between Ab and C is a minor third, as C is the third scale degree above Ab in the key of Ab major.",,,,"{""interval_short"": ""m7"", ""presentation"": ""melodic_asc"", ""program"": ""flute"", ""root"": 58, ""root_name"": ""A#3"", ""semitones"": 10, ""soundfont"": ""fluidr3""}"
interval_id/m7_melodic_desc_51_3::audio::explain,interval_id/m7_melodic_desc_51_3,interval_id,audio,explain,1,stimuli/intervals/m7_melodic_desc_51_3.wav,"Listen to the two pitches. Name the interval they form.
First give your answer. Then explain exactly what you heard that supports it: name the specific notes/chords/beats and their approximate timestamps in seconds.",,minor seventh,"The interval is a minor third. I heard a single note 'C#' from 0.46s to 1.02s, followed by a single note 'E' from 1.02s to 2.04s. The two notes form a minor third interval, as E is the third scale degree above C#.",,,,"{""interval_short"": ""m7"", ""presentation"": ""melodic_desc"", ""program"": ""piano"", ""root"": 51, ""root_name"": ""D#3"", ""semitones"": 10, ""soundfont"": ""fluidr3""}"
interval_id/m7_melodic_desc_64_1::audio::explain,interval_id/m7_melodic_desc_64_1,interval_id,audio,explain,2,stimuli/intervals/m7_melodic_desc_64_1.wav,"What interval do you hear between the notes in this clip?
First give your answer. Then explain exactly what you heard that supports it: name the specific notes/chords/beats and their approximate timestamps in seconds.",,minor seventh,"The interval is a perfect fifth. I heard a single sustained A note from 0.000s to 0.167s, followed by a sustained E note from 0.167s to 1.286s, then silence until the end. The pitch relationship between A and E is a perfect fifth, as E is the fifth scale degree above A in the A major scale.",,,,"{""interval_short"": ""m7"", ""presentation"": ""melodic_desc"", ""program"": ""violin"", ""root"": 64, ""root_name"": ""E4"", ""semitones"": 10, ""soundfont"": ""musescore""}"
interval_id/m7_melodic_desc_71_0::audio::explain,interval_id/m7_melodic_desc_71_0,interval_id,audio,explain,1,stimuli/intervals/m7_melodic_desc_71_0.wav,"Listen to the two pitches. Name the interval they form.
First give your answer. Then explain exactly what you heard that supports it: name the specific notes/chords/beats and their approximate timestamps in seconds.",,minor seventh,"The interval is a minor third. I heard a single pitch 'E' at the beginning (0.00s), followed by a second pitch 'A' at 0.50s. The two notes form a minor third interval, as A is the third scale degree above E in the natural minor scale.",,,,"{""interval_short"": ""m7"", ""presentation"": ""melodic_desc"", ""program"": ""violin"", ""root"": 71, ""root_name"": ""B4"", ""semitones"": 10, ""soundfont"": ""musescore""}"
key_id/A_major_progression_1::audio::explain,key_id/A_major_progression_1,key_id,audio,explain,0,stimuli/key/A_major_progression_1.wav,"What key is this music in?
First give your answer. Then explain exactly what you heard that supports it: name the specific notes/chords/beats and their approximate timestamps in seconds.",,A major,"E major. The piece begins with a single sustained E major chord that lasts for the entire 9.7-second duration, establishing a clear tonal center on E with a major quality.",,,,"{""form"": ""progression"", ""mode"": ""major"", ""program"": ""piano"", ""soundfont"": ""musescore"", ""tonic_pc"": 9}"
key_id/As_major_progression_0::audio::explain,key_id/As_major_progression_0,key_id,audio,explain,2,stimuli/key/As_major_progression_0.wav,"Name the key of the passage you just heard.
First give your answer. Then explain exactly what you heard that supports it: name the specific notes/chords/beats and their approximate timestamps in seconds.",,A# major,"The key is F major. I heard a single chord, F, played from 0.46s to 1.49s, which establishes the tonal center of the piece. Since no other chords or notes are present, the key is clearly F major.",,,,"{""form"": ""progression"", ""mode"": ""major"", ""program"": ""piano"", ""soundfont"": ""musescore"", ""tonic_pc"": 10}"
key_id/As_minor_progression_0::audio::explain,key_id/As_minor_progression_0,key_id,audio,explain,1,stimuli/key/As_minor_progression_0.wav,"Listen to this clip and identify its musical key (e.g. D major, F# minor).
First give your answer. Then explain exactly what you heard that supports it: name the specific notes/chords/beats and their approximate timestamps in seconds.",,A# minor,"Bb major. The piece begins with a clear Bb major chord at 0.00s, establishing the tonal center. The harmonic progression moves to F major at 0.00s, which is the dominant chord in Bb major, reinforcing the key. The overall sound is bright and stable, with no modulation or ambiguity in tonality.",,,,"{""form"": ""progression"", ""mode"": ""minor"", ""program"": ""violin"", ""soundfont"": ""musescore"", ""tonic_pc"": 10}"
key_id/C_major_progression_1::audio::explain,key_id/C_major_progression_1,key_id,audio,explain,0,stimuli/key/C_major_progression_1.wav,"What key is this music in?
First give your answer. Then explain exactly what you heard that supports it: name the specific notes/chords/beats and their approximate timestamps in seconds.",,C major,"G major. The piece begins with a G major chord at 0.00s, which establishes the tonal center. The harmonic progression moves to C major at 0.40s, then to D major at 1.14s, and finally resolves back to G major at 2.07s. This I–IV–V–I progression in G major confirms the key. The overall tonal quality is bright and stable, consistent with the characteristics of G major.",,,,"{""form"": ""progression"", ""mode"": ""major"", ""program"": ""piano"", ""soundfont"": ""musescore"", ""tonic_pc"": 0}"
key_id/Cs_major_progression_0::audio::explain,key_id/Cs_major_progression_0,key_id,audio,explain,2,stimuli/key/Cs_major_progression_0.wav,"Name the key of the passage you just heard.
First give your answer. Then explain exactly what you heard that supports it: name the specific notes/chords/beats and their approximate timestamps in seconds.",,C# major,"The key is Eb major. I heard a single chord, Eb, sustained from 0.46s to 7.80s, which establishes the tonal center clearly. The harmonic stability and lack of modulation confirm Eb major as the key.",,,,"{""form"": ""progression"", ""mode"": ""major"", ""program"": ""violin"", ""soundfont"": ""timgm"", ""tonic_pc"": 1}"
key_id/Cs_minor_progression_0::audio::explain,key_id/Cs_minor_progression_0,key_id,audio,explain,2,stimuli/key/Cs_minor_progression_0.wav,"Name the key of the passage you just heard.
First give your answer. Then explain exactly what you heard that supports it: name the specific notes/chords/beats and their approximate timestamps in seconds.",,C# minor,"C# minor. The passage begins with a clear C# minor chord, which establishes the tonal center. The harmonic movement from C# minor to F# minor reinforces the key signature typical of C# minor, and the overall mood is dark and introspective, consistent with a minor key. The chord progression and melodic contour align with the tonal characteristics of C# minor throughout the 7.77-second duration.",,,,"{""form"": ""progression"", ""mode"": ""minor"", ""program"": ""flute"", ""soundfont"": ""timgm"", ""tonic_pc"": 1}"
key_id/Cs_minor_scale_1::audio::explain,key_id/Cs_minor_scale_1,key_id,audio,explain,2,stimuli/key/Cs_minor_scale_1.wav,"Name the key of the passage you just heard.
First give your answer. Then explain exactly what you heard that supports it: name the specific notes/chords/beats and their approximate timestamps in seconds.",,C# minor,"F# major. The passage begins with a clear F# major chord, which establishes the tonal center. The melody and harmony throughout the 7.4-second clip revolve around this key, with no modulation or significant harmonic deviation, confirming F# major as the home key.",,,,"{""form"": ""scale"", ""mode"": ""minor"", ""program"": ""flute"", ""soundfont"": ""musescore"", ""tonic_pc"": 1}"
key_id/D_major_scale_0::audio::explain,key_id/D_major_scale_0,key_id,audio,explain,1,stimuli/key/D_major_scale_0.wav,"Listen to this clip and identify its musical key (e.g. D major, F# minor).
First give your answer. Then explain exactly what you heard that supports it: name the specific notes/chords/beats and their approximate timestamps in seconds.",,D major,"D major. The piece begins with a clear D major chord at 0.00s, establishing the tonal center. The melody and harmony throughout the 7.66-second clip revolve around the D major scale, with no modulation or key change. The final chord at 7.66s resolves firmly on D, reinforcing the key.",,,,"{""form"": ""scale"", ""mode"": ""major"", ""program"": ""flute"", ""soundfont"": ""timgm"", ""tonic_pc"": 2}"
key_id/D_minor_progression_0::audio::explain,key_id/D_minor_progression_0,key_id,audio,explain,1,stimuli/key/D_minor_progression_0.wav,"Listen to this clip and identify its musical key (e.g. D major, F# minor).
First give your answer. Then explain exactly what you heard that supports it: name the specific notes/chords/beats and their approximate timestamps in seconds.",,D minor,"D major. The piece centers around the D major chord, which is clearly established at the beginning and sustained throughout the entire 7.75-second duration. There are no modulations or harmonic changes, and the tonal center remains firmly on D, supported by the bright, stable quality of the synthesizer sound. The absence of other chords or melodic movement reinforces the static, meditative quality typical of a single-chord piece in D major.",,,,"{""form"": ""progression"", ""mode"": ""minor"", ""program"": ""synth_lead"", ""soundfont"": ""timgm"", ""tonic_pc"": 2}"
key_id/D_minor_scale_0::audio::explain,key_id/D_minor_scale_0,key_id,audio,explain,1,stimuli/key/D_minor_scale_0.wav,"Listen to this clip and identify its musical key (e.g. D major, F# minor).
First give your answer. Then explain exactly what you heard that supports it: name the specific notes/chords/beats and their approximate timestamps in seconds.",,D minor,"G major. The clip begins with a G major chord at 0.00s, which establishes the tonal center. The melody and harmony throughout the 7.66-second phrase revolve around the G major scale, with no modulation or key change detected. The stability of the tonic chord and the absence of chromatic alterations confirm the key as G major.",,,,"{""form"": ""scale"", ""mode"": ""minor"", ""program"": ""flute"", ""soundfont"": ""timgm"", ""tonic_pc"": 2}"
key_id/Ds_minor_progression_0::audio::explain,key_id/Ds_minor_progression_0,key_id,audio,explain,1,stimuli/key/Ds_minor_progression_0.wav,"Listen to this clip and identify its musical key (e.g. D major, F# minor).
First give your answer. Then explain exactly what you heard that supports it: name the specific notes/chords/beats and their approximate timestamps in seconds.",,D# minor,"The key is Eb major. This is supported by the chord progression: Eb (0.464s–1.672s), Bb (1.672s–2.879s), Eb (2.879s–7.800s).",,,,"{""form"": ""progression"", ""mode"": ""minor"", ""program"": ""violin"", ""soundfont"": ""timgm"", ""tonic_pc"": 3}"
key_id/E_major_progression_0::audio::explain,key_id/E_major_progression_0,key_id,audio,explain,0,stimuli/key/E_major_progression_0.wav,"What key is this music in?
First give your answer. Then explain exactly what you heard that supports it: name the specific notes/chords/beats and their approximate timestamps in seconds.",,E major,"B major. The music centers around a sustained B major chord that begins at the start and continues throughout the entire 7.73-second clip. There are no chord changes or modulations, and the tonal center remains firmly on B, with a bright, stable quality characteristic of the major mode. The absence of any other harmonic movement confirms the key as B major.",,,,"{""form"": ""progression"", ""mode"": ""major"", ""program"": ""violin"", ""soundfont"": ""musescore"", ""tonic_pc"": 4}"
key_id/E_minor_progression_0::audio::explain,key_id/E_minor_progression_0,key_id,audio,explain,2,stimuli/key/E_minor_progression_0.wav,"Name the key of the passage you just heard.
First give your answer. Then explain exactly what you heard that supports it: name the specific notes/chords/beats and their approximate timestamps in seconds.",,E minor,"D major. The passage begins with a D major chord at 0.00s, which establishes the tonal center. The harmonic progression moves to B minor at 0.48s, then to G major at 1.22s, and finally resolves back to D major at 2.52s. This progression (I–vi–IV–I) strongly confirms the key of D major, with the final chord providing a clear tonal resolution.",,,,"{""form"": ""progression"", ""mode"": ""minor"", ""program"": ""piano"", ""soundfont"": ""timgm"", ""tonic_pc"": 4}"
key_id/F_major_progression_0::audio::explain,key_id/F_major_progression_0,key_id,audio,explain,0,stimuli/key/F_major_progression_0.wav,"What key is this music in?
First give your answer. Then explain exactly what you heard that supports it: name the specific notes/chords/beats and their approximate timestamps in seconds.",,F major,"G major. The music is in G major, as heard from the bright and stable tonal center established by the sustained G chord throughout the entire 7.8-second clip.",,,,"{""form"": ""progression"", ""mode"": ""major"", ""program"": ""synth_lead"", ""soundfont"": ""fluidr3"", ""tonic_pc"": 5}"
key_id/F_minor_progression_0::audio::explain,key_id/F_minor_progression_0,key_id,audio,explain,0,stimuli/key/F_minor_progression_0.wav,"What key is this music in?
First give your answer. Then explain exactly what you heard that supports it: name the specific notes/chords/beats and their approximate timestamps in seconds.",,F minor,"Bb major. The music begins with a clear Bb chord at 0.00s, which establishes the tonal center. The harmonic progression moves to F (dominant) and then to Gm (supertonic), all of which are diatonic to the key of Bb major. The overall sound is bright and stable, consistent with a major key, and no modulation or key change is present within the 7.73-second duration.",,,,"{""form"": ""progression"", ""mode"": ""minor"", ""program"": ""violin"", ""soundfont"": ""fluidr3"", ""tonic_pc"": 5}"
key_id/Fs_major_scale_0::audio::explain,key_id/Fs_major_scale_0,key_id,audio,explain,2,stimuli/key/Fs_major_scale_0.wav,"Name the key of the passage you just heard.
First give your answer. Then explain exactly what you heard that supports it: name the specific notes/chords/beats and their approximate timestamps in seconds.",,F# major,"F# major. The passage begins with a clear F# major chord, established by the tonic harmony and supported by the melodic emphasis on the F# note throughout the phrase. The bright, stable tonal center and lack of modulation confirm the key as F# major.",,,,"{""form"": ""scale"", ""mode"": ""major"", ""program"": ""flute"", ""soundfont"": ""musescore"", ""tonic_pc"": 6}"
key_id/G_major_scale_0::audio::explain,key_id/G_major_scale_0,key_id,audio,explain,2,stimuli/key/G_major_scale_0.wav,"Name the key of the passage you just heard.
First give your answer. Then explain exactly what you heard that supports it: name the specific notes/chords/beats and their approximate timestamps in seconds.",,G major,"The key is B minor. I heard a single sustained B minor chord from 0.00s to 7.43s, with no modulation or harmonic change throughout the clip. The tonal center is clearly rooted on B, and the minor quality is evident from the pitch and timbre, confirming the key as B minor.",,,,"{""form"": ""scale"", ""mode"": ""major"", ""program"": ""synth_lead"", ""soundfont"": ""timgm"", ""tonic_pc"": 7}"
key_id/Gs_major_progression_1::audio::explain,key_id/Gs_major_progression_1,key_id,audio,explain,0,stimuli/key/Gs_major_progression_1.wav,"What key is this music in?
First give your answer. Then explain exactly what you heard that supports it: name the specific notes/chords/beats and their approximate timestamps in seconds.",,G# major,"The music is in C# major. This is supported by the harmonic structure centered around the C# chord, which establishes the tonal center. The progression moves to F# (the subdominant) and then to B (the dominant), creating a strong sense of resolution back to C#. These chords—C#, F#, and B—are clearly audible and define the key of C# major.",,,,"{""form"": ""progression"", ""mode"": ""major"", ""program"": ""synth_lead"", ""soundfont"": ""timgm"", ""tonic_pc"": 8}"
mode_id/blues_57_bare_scale::audio::explain,mode_id/blues_57_bare_scale,mode_id,audio,explain,1,stimuli/mode/blues_57_bare_scale.wav,"Listen to the clip. Which scale/mode is being used?
First give your answer. Then explain exactly what you heard that supports it: name the specific notes/chords/beats and their approximate timestamps in seconds.",,blues scale,"The scale/mode used is G major. This is supported by the melodic content and harmonic context of the clip, which centers around the tonic (G), subdominant (C), and dominant (D) chords typical of the G major scale. The melody emphasizes notes from the G major scale—G, A, B, C, D, E, F#—with no chromatic alterations, confirming the key. The overall tonal center feels resolved and stable on G, reinforcing its role as the tonic.",,,,"{""form"": ""bare_scale"", ""mode"": ""blues"", ""program"": ""violin"", ""soundfont"": ""timgm"", ""tonic_midi"": 57}"
mode_id/blues_64_bare_scale::audio::explain,mode_id/blues_64_bare_scale,mode_id,audio,explain,1,stimuli/mode/blues_64_bare_scale.wav,"Listen to the clip. Which scale/mode is being used?
First give your answer. Then explain exactly what you heard that supports it: name the specific notes/chords/beats and their approximate timestamps in seconds.",,blues scale,"The scale/mode is G major. This is supported by the chord progression G - D - G - D - G, which centers around the tonic (G) and dominant (D) chords in the key of G major. The absence of accidentals and the strong resolution to G confirm the tonal center. The progression follows a common I-V-I-V-I pattern, reinforcing the major key tonality throughout the 5.75-second clip.",,,,"{""form"": ""bare_scale"", ""mode"": ""blues"", ""program"": ""synth_lead"", ""soundfont"": ""timgm"", ""tonic_midi"": 64}"
mode_id/dorian_64_melody_drone::audio::explain,mode_id/dorian_64_melody_drone,mode_id,audio,explain,1,stimuli/mode/dorian_64_melody_drone.wav,"Listen to the clip. Which scale/mode is being used?
First give your answer. Then explain exactly what you heard that supports it: name the specific notes/chords/beats and their approximate timestamps in seconds.",,Dorian,"A major. The piece uses a single chord A throughout, which is the tonic chord in A major, establishing a clear tonal center and confirming the key.",,,,"{""form"": ""melody_drone"", ""mode"": ""dorian"", ""program"": ""flute"", ""soundfont"": ""timgm"", ""tonic_midi"": 64}"
mode_id/harmonic_minor_60_bare_scale::audio::explain,mode_id/harmonic_minor_60_bare_scale,mode_id,audio,explain,1,stimuli/mode/harmonic_minor_60_bare_scale.wav,"Listen to the clip. Which scale/mode is being used?
First give your answer. Then explain exactly what you heard that supports it: name the specific notes/chords/beats and their approximate timestamps in seconds.",,harmonic minor,"The scale/mode used is C major. This is supported by the chord progression C - G - C - G - C, which consists entirely of diatonic chords from the C major scale. The absence of sharps or flats and the resolution to C as the tonic confirm the key.",,,,"{""form"": ""bare_scale"", ""mode"": ""harmonic_minor"", ""program"": ""piano"", ""soundfont"": ""musescore"", ""tonic_midi"": 60}"
mode_id/locrian_57_melody_drone::audio::explain,mode_id/locrian_57_melody_drone,mode_id,audio,explain,0,stimuli/mode/locrian_57_melody_drone.wav,"What scale or mode is this music based on?
First give your answer. Then explain exactly what you heard that supports it: name the specific notes/chords/beats and their approximate timestamps in seconds.",,Locrian,"The music is based on the C major scale. This is supported by the clear tonal center on C, the use of chords such as C, F, and G, and the overall bright and stable harmonic quality typical of the C major key.",,,,"{""form"": ""melody_drone"", ""mode"": ""locrian"", ""program"": ""synth_lead"", ""soundfont"": ""musescore"", ""tonic_midi"": 57}"
mode_id/locrian_64_bare_scale::audio::explain,mode_id/locrian_64_bare_scale,mode_id,audio,explain,0,stimuli/mode/locrian_64_bare_scale.wav,"What scale or mode is this music based on?
First give your answer. Then explain exactly what you heard that supports it: name the specific notes/chords/beats and their approximate timestamps in seconds.",,Locrian,"G major. The music is based on the G major scale, as evidenced by the clear tonal center on G and the use of diatonic harmony. The chord progression G–C–D–G corresponds directly to the I–IV–V–I pattern in G major, confirming the key. No chromatic alterations or modal mixture are present, and the melody aligns with the G major scale throughout.",,,,"{""form"": ""bare_scale"", ""mode"": ""locrian"", ""program"": ""flute"", ""soundfont"": ""timgm"", ""tonic_midi"": 64}"
mode_id/locrian_64_melody_drone::audio::explain,mode_id/locrian_64_melody_drone,mode_id,audio,explain,2,stimuli/mode/locrian_64_melody_drone.wav,"Identify the mode or scale type of this passage.
First give your answer. Then explain exactly what you heard that supports it: name the specific notes/chords/beats and their approximate timestamps in seconds.",,Locrian,"The mode is G major. This is supported by the chord progression G–C–G–C–G, which centers around the tonic (G) and subdominant (C) chords in the key of G major. The absence of accidentals and the strong resolution to G confirm the tonal center. The steady pulse and harmonic stability further reinforce the major mode.",,,,"{""form"": ""melody_drone"", ""mode"": ""locrian"", ""program"": ""flute"", ""soundfont"": ""timgm"", ""tonic_midi"": 64}"
mode_id/major_57_melody_drone::audio::explain,mode_id/major_57_melody_drone,mode_id,audio,explain,2,stimuli/mode/major_57_melody_drone.wav,"Identify the mode or scale type of this passage.
First give your answer. Then explain exactly what you heard that supports it: name the specific notes/chords/beats and their approximate timestamps in seconds.",,major,"The mode is D major. This is supported by the chord progression D - G - D - G - D, which centers around the tonic (D) and subdominant (G) chords in the key of D major. The absence of a leading tone or minor inflection confirms the major mode. The progression begins at 0.000s and repeats every 1.2s, establishing a clear tonal center on D.",,,,"{""form"": ""melody_drone"", ""mode"": ""major"", ""program"": ""flute"", ""soundfont"": ""fluidr3"", ""tonic_midi"": 57}"
mode_id/major_pentatonic_60_melody_drone::audio::explain,mode_id/major_pentatonic_60_melody_drone,mode_id,audio,explain,2,stimuli/mode/major_pentatonic_60_melody_drone.wav,"Identify the mode or scale type of this passage.
First give your answer. Then explain exactly what you heard that supports it: name the specific notes/chords/beats and their approximate timestamps in seconds.",,major pentatonic,"The mode is D minor. This is supported by the chord progression Dm - Gm - Dm, which centers around the tonic (Dm) and subdominant (Gm) chords in D minor. The absence of a raised leading tone or major V chord confirms it is not D major or another mode. The melodic movement and harmonic resolution strongly emphasize D as the tonal center, establishing a clear minor mode.",,,,"{""form"": ""melody_drone"", ""mode"": ""major_pentatonic"", ""program"": ""synth_lead"", ""soundfont"": ""musescore"", ""tonic_midi"": 60}"
mode_id/melodic_minor_60_bare_scale::audio::explain,mode_id/melodic_minor_60_bare_scale,mode_id,audio,explain,1,stimuli/mode/melodic_minor_60_bare_scale.wav,"Listen to the clip. Which scale/mode is being used?
First give your answer. Then explain exactly what you heard that supports it: name the specific notes/chords/beats and their approximate timestamps in seconds.",,melodic minor,"F major. The clip features a clear tonal center on F, with the melody and harmony emphasizing the notes of the F major scale. The chord progression F - C - F - C - F - C - F - C outlines the tonic (F) and dominant (C) chords, which are the primary harmonic pillars of the F major key. The absence of accidentals and the resolution back to F at the end reinforce the sense of F as the home key.",,,,"{""form"": ""bare_scale"", ""mode"": ""melodic_minor"", ""program"": ""violin"", ""soundfont"": ""fluidr3"", ""tonic_midi"": 60}"
mode_id/minor_pentatonic_57_bare_scale::audio::explain,mode_id/minor_pentatonic_57_bare_scale,mode_id,audio,explain,0,stimuli/mode/minor_pentatonic_57_bare_scale.wav,"What scale or mode is this music based on?
First give your answer. Then explain exactly what you heard that supports it: name the specific notes/chords/beats and their approximate timestamps in seconds.",,minor pentatonic,"G major. The music consists of a single sustained G chord from 0.00s to 5.77s, with no harmonic movement or modulation. The tonal center is clearly anchored on G, and the absence of accidentals or chromaticism confirms the key is G major.",,,,"{""form"": ""bare_scale"", ""mode"": ""minor_pentatonic"", ""program"": ""flute"", ""soundfont"": ""fluidr3"", ""tonic_midi"": 57}"
mode_id/minor_pentatonic_62_bare_scale::audio::explain,mode_id/minor_pentatonic_62_bare_scale,mode_id,audio,explain,0,stimuli/mode/minor_pentatonic_62_bare_scale.wav,"What scale or mode is this music based on?
First give your answer. Then explain exactly what you heard that supports it: name the specific notes/chords/beats and their approximate timestamps in seconds.",,minor pentatonic,"G major. The music consists of a single sustained G major chord that begins at 0.000s and continues until 5.772s, with no harmonic or melodic changes. The tonal center is clearly anchored on G, and the absence of accidentals or modulations confirms the key as G major.",,,,"{""form"": ""bare_scale"", ""mode"": ""minor_pentatonic"", ""program"": ""flute"", ""soundfont"": ""fluidr3"", ""tonic_midi"": 62}"
mode_id/mixolydian_60_bare_scale::audio::explain,mode_id/mixolydian_60_bare_scale,mode_id,audio,explain,2,stimuli/mode/mixolydian_60_bare_scale.wav,"Identify the mode or scale type of this passage.
First give your answer. Then explain exactly what you heard that supports it: name the specific notes/chords/beats and their approximate timestamps in seconds.",,Mixolydian,"The mode is C major. This is supported by the chord progression C - G - C - G - C, which outlines the tonic (C) and dominant (G) chords in the key of C major. The absence of accidentals and the resolution to C at the end confirm the tonal center. The steady pulse and diatonic harmony further reinforce the major mode.",,,,"{""form"": ""bare_scale"", ""mode"": ""mixolydian"", ""program"": ""piano"", ""soundfont"": ""musescore"", ""tonic_midi"": 60}"
mode_id/natural_minor_57_bare_scale::audio::explain,mode_id/natural_minor_57_bare_scale,mode_id,audio,explain,1,stimuli/mode/natural_minor_57_bare_scale.wav,"Listen to the clip. Which scale/mode is being used?
First give your answer. Then explain exactly what you heard that supports it: name the specific notes/chords/beats and their approximate timestamps in seconds.",,natural minor,"D major. The melody consists of the notes D, E, F#, G, A, B, and C#, which correspond to the diatonic scale of D major. The progression moves stepwise and includes the characteristic raised seventh (C#) leading back to D, confirming the key. The tonal center feels stable on D, and the overall sound is bright and consonant, typical of a major scale.",,,,"{""form"": ""bare_scale"", ""mode"": ""natural_minor"", ""program"": ""flute"", ""soundfont"": ""musescore"", ""tonic_midi"": 57}"
mode_id/natural_minor_64_melody_drone::audio::explain,mode_id/natural_minor_64_melody_drone,mode_id,audio,explain,2,stimuli/mode/natural_minor_64_melody_drone.wav,"Identify the mode or scale type of this passage.
First give your answer. Then explain exactly what you heard that supports it: name the specific notes/chords/beats and their approximate timestamps in seconds.",,natural minor,"The mode is C major. This is supported by the chord progression C - G - Am - F - G - C, which consists entirely of diatonic chords from the C major scale. The absence of accidentals and the resolution to C as the tonic confirm the key. The harmonic movement follows a common pop progression (I-V-vi-IV-V-I), reinforcing the tonal center.",,,,"{""form"": ""melody_drone"", ""mode"": ""natural_minor"", ""program"": ""piano"", ""soundfont"": ""musescore"", ""tonic_midi"": 64}"
mode_id/phrygian_64_melody_drone::audio::explain,mode_id/phrygian_64_melody_drone,mode_id,audio,explain,1,stimuli/mode/phrygian_64_melody_drone.wav,"Listen to the clip. Which scale/mode is being used?
First give your answer. Then explain exactly what you heard that supports it: name the specific notes/chords/beats and their approximate timestamps in seconds.",,Phrygian,"The scale/mode is D minor. This is supported by the single chord D that appears at 0.46s and sustains throughout the entire 11.74-second clip, establishing D as the tonal center. In the context of a minor key, D minor is the most natural interpretation given the somber, introspective quality of the music and the absence of any major third (F#) that would suggest D major. The sustained drone-like quality reinforces the static, meditative character typical of minor tonalities.",,,,"{""form"": ""melody_drone"", ""mode"": ""phrygian"", ""program"": ""violin"", ""soundfont"": ""fluidr3"", ""tonic_midi"": 64}"
mode_id/whole_tone_62_bare_scale::audio::explain,mode_id/whole_tone_62_bare_scale,mode_id,audio,explain,2,stimuli/mode/whole_tone_62_bare_scale.wav,"Identify the mode or scale type of this passage.
First give your answer. Then explain exactly what you heard that supports it: name the specific notes/chords/beats and their approximate timestamps in seconds.",,whole-tone,"The mode is D major. This is supported by the chord progression D - G - D - G - D, which centers around the tonic (D) and subdominant (G) chords in the key of D major. The absence of a leading tone or minor inflection confirms the major mode. The progression begins at 0.00s and repeats every 1.2s, establishing a clear tonal center on D.",,,,"{""form"": ""bare_scale"", ""mode"": ""whole_tone"", ""program"": ""piano"", ""soundfont"": ""fluidr3"", ""tonic_midi"": 62}"
note_count/count1_07::audio::explain,note_count/count1_07,note_count,audio,explain,1,stimuli/polyphony/count1_07.wav,"Count the number of different pitches played at the same time. How many are there?
First give your answer. Then explain exactly what you heard that supports it: name the specific notes/chords/beats and their approximate timestamps in seconds.",,1,"There is 1 pitch played at the same time. The pitch is G#5, which is sustained throughout the entire 5.33-second clip from 0.00s to 5.33s.",,,,"{""n_notes"": 1, ""pitches"": [73], ""program"": ""flute"", ""soundfont"": ""musescore""}"
note_count/count1_13::audio::explain,note_count/count1_13,note_count,audio,explain,0,stimuli/polyphony/count1_13.wav,"How many distinct notes are sounding simultaneously in this clip?
First give your answer. Then explain exactly what you heard that supports it: name the specific notes/chords/beats and their approximate timestamps in seconds.",,1,"One distinct note is sounding throughout the entire clip. The note is A, which begins at 0.000s and continues uninterrupted until 5.333s. There are no other pitches, harmonies, or rhythmic elements present—only a single sustained tone.",,,,"{""n_notes"": 1, ""pitches"": [64], ""program"": ""flute"", ""soundfont"": ""timgm""}"
note_count/count2_07::audio::explain,note_count/count2_07,note_count,audio,explain,1,stimuli/polyphony/count2_07.wav,"Count the number of different pitches played at the same time. How many are there?
First give your answer. Then explain exactly what you heard that supports it: name the specific notes/chords/beats and their approximate timestamps in seconds.",,2,"There is 1 pitch played at the same time. The note is B, sustained throughout the entire clip from 0.00s to 5.35s.",,,,"{""n_notes"": 2, ""pitches"": [52, 73], ""program"": ""violin"", ""soundfont"": ""musescore""}"
note_count/count2_08::audio::explain,note_count/count2_08,note_count,audio,explain,0,stimuli/polyphony/count2_08.wav,"How many distinct notes are sounding simultaneously in this clip?
First give your answer. Then explain exactly what you heard that supports it: name the specific notes/chords/beats and their approximate timestamps in seconds.",,2,"One distinct note is sounding throughout the entire clip. The note is a sustained C# (C-sharp), which begins at 0.000 seconds and continues uninterrupted until 5.672 seconds. There are no additional pitches, harmonies, or rhythmic elements present—only a single, monophonic tone with consistent amplitude and timbre.",,,,"{""n_notes"": 2, ""pitches"": [56, 68], ""program"": ""piano"", ""soundfont"": ""fluidr3""}"
note_count/count2_10::audio::explain,note_count/count2_10,note_count,audio,explain,2,stimuli/polyphony/count2_10.wav,"How many notes make up the sound you hear (played together at once)?
First give your answer. Then explain exactly what you heard that supports it: name the specific notes/chords/beats and their approximate timestamps in seconds.",,2,"One note. The sound consists of a single sustained pitch, C#, played throughout the entire duration from 0.000s to 5.333s. There are no additional notes, harmonies, or rhythmic elements—just a pure, unchanging tone.",,,,"{""n_notes"": 2, ""pitches"": [54, 68], ""program"": ""flute"", ""soundfont"": ""musescore""}"
note_count/count2_13::audio::explain,note_count/count2_13,note_count,audio,explain,2,stimuli/polyphony/count2_13.wav,"How many notes make up the sound you hear (played together at once)?
First give your answer. Then explain exactly what you heard that supports it: name the specific notes/chords/beats and their approximate timestamps in seconds.",,2,"The sound consists of 1 note: G#4 (Ab4). This is a single, sustained pitch with no harmonic accompaniment or rhythmic pulse, clearly identifiable as a solo note event without any chordal or polyphonic structure.",,,,"{""n_notes"": 2, ""pitches"": [61, 73], ""program"": ""piano"", ""soundfont"": ""timgm""}"
note_count/count2_15::audio::explain,note_count/count2_15,note_count,audio,explain,2,stimuli/polyphony/count2_15.wav,"How many notes make up the sound you hear (played together at once)?
First give your answer. Then explain exactly what you heard that supports it: name the specific notes/chords/beats and their approximate timestamps in seconds.",,2,"One note. The sound consists of a single sustained pitch, E5, which is played continuously from the beginning to the end of the clip without any additional notes or harmonic layers.",,,,"{""n_notes"": 2, ""pitches"": [79, 71], ""program"": ""synth_lead"", ""soundfont"": ""musescore""}"
note_count/count3_01::audio::explain,note_count/count3_01,note_count,audio,explain,2,stimuli/polyphony/count3_01.wav,"How many notes make up the sound you hear (played together at once)?
First give your answer. Then explain exactly what you heard that supports it: name the specific notes/chords/beats and their approximate timestamps in seconds.",,3,"The sound consists of one note: C#5. This is a single, sustained pitch with no harmonic accompaniment or chordal structure. The note begins at the start of the clip (0.00s) and continues uninterrupted until the end (1.20s), with no additional notes or rhythmic elements present.",,,,"{""n_notes"": 3, ""pitches"": [75, 77, 54], ""program"": ""synth_lead"", ""soundfont"": ""musescore""}"
note_count/count3_11::audio::explain,note_count/count3_11,note_count,audio,explain,0,stimuli/polyphony/count3_11.wav,"How many distinct notes are sounding simultaneously in this clip?
First give your answer. Then explain exactly what you heard that supports it: name the specific notes/chords/beats and their approximate timestamps in seconds.",,3,"One distinct note is sounding throughout the entire clip. The note is D, which begins at 0.000 seconds and continues uninterrupted until 5.352 seconds. There are no other pitches or harmonic layers present—only a single sustained tone with no modulation or accompaniment.",,,,"{""n_notes"": 3, ""pitches"": [62, 57, 69], ""program"": ""violin"", ""soundfont"": ""musescore""}"
note_count/count3_12::audio::explain,note_count/count3_12,note_count,audio,explain,0,stimuli/polyphony/count3_12.wav,"How many distinct notes are sounding simultaneously in this clip?
First give your answer. Then explain exactly what you heard that supports it: name the specific notes/chords/beats and their approximate timestamps in seconds.",,3,"One distinct note is sounding throughout the entire clip. The note is C, which begins at 0.46 seconds and continues uninterrupted until the end at 1.81 seconds. There are no other pitches or harmonic layers present—only a single, sustained tone with no modulation or accompaniment.",,,,"{""n_notes"": 3, ""pitches"": [72, 58, 69], ""program"": ""violin"", ""soundfont"": ""timgm""}"
note_count/count3_14::audio::explain,note_count/count3_14,note_count,audio,explain,0,stimuli/polyphony/count3_14.wav,"How many distinct notes are sounding simultaneously in this clip?
First give your answer. Then explain exactly what you heard that supports it: name the specific notes/chords/beats and their approximate timestamps in seconds.",,3,"One distinct note is sounding throughout the entire clip. The note is B, which begins at 0.000 seconds and continues uninterrupted until 5.232 seconds. There are no other pitches or harmonic layers present—only a single sustained tone with no modulation or accompaniment.",,,,"{""n_notes"": 3, ""pitches"": [73, 76, 81], ""program"": ""flute"", ""soundfont"": ""fluidr3""}"
note_count/count3_17::audio::explain,note_count/count3_17,note_count,audio,explain,1,stimuli/polyphony/count3_17.wav,"Count the number of different pitches played at the same time. How many are there?
First give your answer. Then explain exactly what you heard that supports it: name the specific notes/chords/beats and their approximate timestamps in seconds.",,3,"There is 1 pitch played at the same time. The note is C#, sustained from 0.46s to 5.71s.",,,,"{""n_notes"": 3, ""pitches"": [71, 51, 59], ""program"": ""piano"", ""soundfont"": ""musescore""}"
note_count/count3_19::audio::explain,note_count/count3_19,note_count,audio,explain,2,stimuli/polyphony/count3_19.wav,"How many notes make up the sound you hear (played together at once)?
First give your answer. Then explain exactly what you heard that supports it: name the specific notes/chords/beats and their approximate timestamps in seconds.",,3,"One note. The sound consists of a single sustained piano note, C#, played at the beginning and held throughout the entire clip. There are no additional notes or chords layered on top, and no rhythmic pulses or beats—just a pure, unchanging tone from 0.000s to 5.733s.",,,,"{""n_notes"": 3, ""pitches"": [73, 63, 59], ""program"": ""piano"", ""soundfont"": ""musescore""}"
note_count/count4_02::audio::explain,note_count/count4_02,note_count,audio,explain,0,stimuli/polyphony/count4_02.wav,"How many distinct notes are sounding simultaneously in this clip?
First give your answer. Then explain exactly what you heard that supports it: name the specific notes/chords/beats and their approximate timestamps in seconds.",,4,"One distinct note is sounding throughout the entire clip. The chord is F major, which consists of a single root note (F) in this context, as no other harmonic layers or accompanying chords are present. The note begins at 0.000s and continues uninterrupted until 5.312s, with no variation in pitch or timbre. This sustained tone creates a static, meditative texture, confirming that only one note is active at any given moment.",,,,"{""n_notes"": 4, ""pitches"": [69, 56, 65, 50], ""program"": ""flute"", ""soundfont"": ""fluidr3""}"
note_count/count4_16::audio::explain,note_count/count4_16,note_count,audio,explain,2,stimuli/polyphony/count4_16.wav,"How many notes make up the sound you hear (played together at once)?
First give your answer. Then explain exactly what you heard that supports it: name the specific notes/chords/beats and their approximate timestamps in seconds.",,4,"The sound consists of one chord, not individual notes. At 0.00s, a single sustained chord is played, which is identified as Ab major. This chord contains three notes—Ab, C, and Eb—played simultaneously, forming a harmonic block. The entire event lasts 1.8 seconds, with no subsequent notes or rhythmic subdivisions. The texture is homophonic, with all voices moving together as a unified sonority.",,,,"{""n_notes"": 4, ""pitches"": [61, 63, 70, 55], ""program"": ""violin"", ""soundfont"": ""timgm""}"
note_count/count4_19::audio::explain,note_count/count4_19,note_count,audio,explain,0,stimuli/polyphony/count4_19.wav,"How many distinct notes are sounding simultaneously in this clip?
First give your answer. Then explain exactly what you heard that supports it: name the specific notes/chords/beats and their approximate timestamps in seconds.",,4,"One distinct note is sounding throughout the entire clip. The sustained tone is a single pitch, identified as C#, with no harmonic accompaniment, rhythmic variation, or additional voices entering at any point. The absence of chord changes or layered instrumentation confirms that only one note is present from 0.000s to 1.800s.",,,,"{""n_notes"": 4, ""pitches"": [65, 52, 72, 59], ""program"": ""synth_lead"", ""soundfont"": ""musescore""}"
note_count/count5_00::audio::explain,note_count/count5_00,note_count,audio,explain,0,stimuli/polyphony/count5_00.wav,"How many distinct notes are sounding simultaneously in this clip?
First give your answer. Then explain exactly what you heard that supports it: name the specific notes/chords/beats and their approximate timestamps in seconds.",,5,"One distinct note is sounding throughout the entire clip. The ASR and music analysis confirm a single sustained B♭ chord from 0.000s to 5.352s, with no additional harmonic or melodic layers. The texture is monophonic in terms of harmonic content—only one chord is present, and no other pitches are introduced. This creates a static, drone-like quality typical of minimalist or ambient introductions.",,,,"{""n_notes"": 5, ""pitches"": [74, 80, 60, 77, 58], ""program"": ""violin"", ""soundfont"": ""fluidr3""}"
note_count/count5_03::audio::explain,note_count/count5_03,note_count,audio,explain,1,stimuli/polyphony/count5_03.wav,"Count the number of different pitches played at the same time. How many are there?
First give your answer. Then explain exactly what you heard that supports it: name the specific notes/chords/beats and their approximate timestamps in seconds.",,5,"There is 1 pitch played at the same time. The note is G, sustained from 0.46s to 5.36s.",,,,"{""n_notes"": 5, ""pitches"": [64, 74, 67, 70, 59], ""program"": ""violin"", ""soundfont"": ""musescore""}"
note_count/count5_12::audio::explain,note_count/count5_12,note_count,audio,explain,1,stimuli/polyphony/count5_12.wav,"Count the number of different pitches played at the same time. How many are there?
First give your answer. Then explain exactly what you heard that supports it: name the specific notes/chords/beats and their approximate timestamps in seconds.",,5,"There is 1 pitch played at the same time. The note is E, sustained throughout the entire clip from 0.00s to 5.44s.",,,,"{""n_notes"": 5, ""pitches"": [71, 62, 75, 64, 52], ""program"": ""flute"", ""soundfont"": ""timgm""}"
octave_id/pitch/051_piano_fluidr3_1::audio::explain,octave_id/pitch/051_piano_fluidr3_1,octave_id,audio,explain,0,stimuli/pitch/051_piano_fluidr3_1.wav,"Listen to this note. In which octave is it, in scientific pitch notation (middle C = C4)?
First give your answer. Then explain exactly what you heard that supports it: name the specific notes/chords/beats and their approximate timestamps in seconds.",,3,"The note is in the 4th octave (C4). I heard a single, sustained piano note with a clear, resonant tone that begins at 0.00s and ends at 1.74s. The pitch corresponds to C4, which is the C above middle C, and is played with moderate volume and natural decay.",,,,"{""midi"": 51, ""note_name"": ""D#3"", ""octave"": 3, ""pitch_class"": ""D#"", ""program"": ""piano"", ""soundfont"": ""fluidr3""}"
octave_id/pitch/053_flute_fluidr3_1::audio::explain,octave_id/pitch/053_flute_fluidr3_1,octave_id,audio,explain,0,stimuli/pitch/053_flute_fluidr3_1.wav,"Listen to this note. In which octave is it, in scientific pitch notation (middle C = C4)?
First give your answer. Then explain exactly what you heard that supports it: name the specific notes/chords/beats and their approximate timestamps in seconds.",,3,"The note is in the 4th octave (C4). I heard a single, sustained piano note with a clear, resonant tone that aligns with the pitch of C4, lasting for the entire 5.61-second duration without any additional notes or chords.",,,,"{""midi"": 53, ""note_name"": ""F3"", ""octave"": 3, ""pitch_class"": ""F"", ""program"": ""flute"", ""soundfont"": ""fluidr3""}"
octave_id/pitch/056_violin_fluidr3_0::audio::explain,octave_id/pitch/056_violin_fluidr3_0,octave_id,audio,explain,1,stimuli/pitch/056_violin_fluidr3_0.wav,"A single note is played. What octave number does it fall in (C4 = middle C)?
First give your answer. Then explain exactly what you heard that supports it: name the specific notes/chords/beats and their approximate timestamps in seconds.",,3,"The note is in the 4th octave (C4). I heard a single sustained note starting at 0.00s and ending at 3.60s, which corresponds to the pitch C4 (middle C).",,,,"{""midi"": 56, ""note_name"": ""G#3"", ""octave"": 3, ""pitch_class"": ""G#"", ""program"": ""violin"", ""soundfont"": ""fluidr3""}"
octave_id/pitch/063_flute_timgm_1::audio::explain,octave_id/pitch/063_flute_timgm_1,octave_id,audio,explain,1,stimuli/pitch/063_flute_timgm_1.wav,"A single note is played. What octave number does it fall in (C4 = middle C)?
First give your answer. Then explain exactly what you heard that supports it: name the specific notes/chords/beats and their approximate timestamps in seconds.",,4,"The note is in the 4th octave. I heard a single sustained note starting at 0.00s and ending at 5.72s, which corresponds to A4 (440 Hz), placing it in the 4th octave.",,,,"{""midi"": 63, ""note_name"": ""D#4"", ""octave"": 4, ""pitch_class"": ""D#"", ""program"": ""flute"", ""soundfont"": ""timgm""}"
octave_id/pitch/065_synth_lead_fluidr3_0::audio::explain,octave_id/pitch/065_synth_lead_fluidr3_0,octave_id,audio,explain,2,stimuli/pitch/065_synth_lead_fluidr3_0.wav,"Identify the octave of the note you hear, where middle C is octave 4.
First give your answer. Then explain exactly what you heard that supports it: name the specific notes/chords/beats and their approximate timestamps in seconds.",,4,"The note is in octave 6. I heard a single sustained high-pitched tone at approximately 1046.5 Hz, which corresponds to the musical note C6 (C above middle C). The sound begins at 0.000s and continues until 3.600s, with no other pitches or harmonies present.",,,,"{""midi"": 65, ""note_name"": ""F4"", ""octave"": 4, ""pitch_class"": ""F"", ""program"": ""synth_lead"", ""soundfont"": ""fluidr3""}"
octave_id/pitch/076_violin_timgm_0::audio::explain,octave_id/pitch/076_violin_timgm_0,octave_id,audio,explain,2,stimuli/pitch/076_violin_timgm_0.wav,"Identify the octave of the note you hear, where middle C is octave 4.
First give your answer. Then explain exactly what you heard that supports it: name the specific notes/chords/beats and their approximate timestamps in seconds.",,5,"E5. The audio contains a single sustained note starting at 0.00s and ending at 3.60s, which is clearly identified as E5 (E above middle C).",,,,"{""midi"": 76, ""note_name"": ""E5"", ""octave"": 5, ""pitch_class"": ""E"", ""program"": ""violin"", ""soundfont"": ""timgm""}"
octave_id/pitch/078_flute_fluidr3_0::audio::explain,octave_id/pitch/078_flute_fluidr3_0,octave_id,audio,explain,0,stimuli/pitch/078_flute_fluidr3_0.wav,"Listen to this note. In which octave is it, in scientific pitch notation (middle C = C4)?
First give your answer. Then explain exactly what you heard that supports it: name the specific notes/chords/beats and their approximate timestamps in seconds.",,5,"F#5. I heard a single, sustained high-pitched note with a clear, bright timbre, characteristic of a female soprano voice. The pitch corresponds to F#5 in scientific pitch notation, which is two octaves above middle C. The note begins at the start of the clip and ends at 5.61 seconds, with no other sounds present.",,,,"{""midi"": 78, ""note_name"": ""F#5"", ""octave"": 5, ""pitch_class"": ""F#"", ""program"": ""flute"", ""soundfont"": ""fluidr3""}"
octave_id/pitch/081_piano_timgm_1::audio::explain,octave_id/pitch/081_piano_timgm_1,octave_id,audio,explain,0,stimuli/pitch/081_piano_timgm_1.wav,"Listen to this note. In which octave is it, in scientific pitch notation (middle C = C4)?
First give your answer. Then explain exactly what you heard that supports it: name the specific notes/chords/beats and their approximate timestamps in seconds.",,5,"The note is C6. I heard a single, sustained piano note with a bright and clear timbre, starting at 0.00s and ending at 5.32s. The pitch corresponds to the sixth octave of the C scale, which is one octave above middle C (C4).",,,,"{""midi"": 81, ""note_name"": ""A5"", ""octave"": 5, ""pitch_class"": ""A"", ""program"": ""piano"", ""soundfont"": ""timgm""}"
octave_id/pitch/082_synth_lead_timgm_1::audio::explain,octave_id/pitch/082_synth_lead_timgm_1,octave_id,audio,explain,0,stimuli/pitch/082_synth_lead_timgm_1.wav,"Listen to this note. In which octave is it, in scientific pitch notation (middle C = C4)?
First give your answer. Then explain exactly what you heard that supports it: name the specific notes/chords/beats and their approximate timestamps in seconds.",,5,"The note is G6. I heard a single, sustained high-pitched electronic tone that begins at 0.00s and ends at 3.60s. The pitch corresponds to G6 in scientific pitch notation, which is the G note in the sixth octave above middle C.",,,,"{""midi"": 82, ""note_name"": ""A#5"", ""octave"": 5, ""pitch_class"": ""A#"", ""program"": ""synth_lead"", ""soundfont"": ""timgm""}"
octave_id/pitch/083_flute_timgm_1::audio::explain,octave_id/pitch/083_flute_timgm_1,octave_id,audio,explain,1,stimuli/pitch/083_flute_timgm_1.wav,"A single note is played. What octave number does it fall in (C4 = middle C)?
First give your answer. Then explain exactly what you heard that supports it: name the specific notes/chords/beats and their approximate timestamps in seconds.",,5,"E5. The note is a high E, which corresponds to the fifth octave on the piano (E5), as it sits above the staff and is clearly in the upper register.",,,,"{""midi"": 83, ""note_name"": ""B5"", ""octave"": 5, ""pitch_class"": ""B"", ""program"": ""flute"", ""soundfont"": ""timgm""}"
pitch_note_id/pitch/048_violin_timgm_0::audio::explain,pitch_note_id/pitch/048_violin_timgm_0,pitch_note_id,audio,explain,0,stimuli/pitch/048_violin_timgm_0.wav,"Listen to this note. What is its pitch class (note name, ignoring octave)?
First give your answer. Then explain exactly what you heard that supports it: name the specific notes/chords/beats and their approximate timestamps in seconds.",,C,"G. The audio contains a single sustained note that begins at 0.00s and ends at 3.60s, clearly identifiable as G, with no pitch variation or additional harmonic content.",,,,"{""midi"": 48, ""note_name"": ""C3"", ""octave"": 3, ""pitch_class"": ""C"", ""program"": ""violin"", ""soundfont"": ""timgm""}"
pitch_note_id/pitch/049_piano_timgm_1::audio::explain,pitch_note_id/pitch/049_piano_timgm_1,pitch_note_id,audio,explain,2,stimuli/pitch/049_piano_timgm_1.wav,"Identify the musical note you hear, by letter name only.
First give your answer. Then explain exactly what you heard that supports it: name the specific notes/chords/beats and their approximate timestamps in seconds.",,C#,"G#2. This is a single sustained note played on a piano, beginning at the start of the clip and lasting for its entire duration. The pitch corresponds to G#2, which is the second G# key on a standard piano keyboard.",,,,"{""midi"": 49, ""note_name"": ""C#3"", ""octave"": 3, ""pitch_class"": ""C#"", ""program"": ""piano"", ""soundfont"": ""timgm""}"
pitch_note_id/pitch/051_piano_fluidr3_1::audio::explain,pitch_note_id/pitch/051_piano_fluidr3_1,pitch_note_id,audio,explain,1,stimuli/pitch/051_piano_fluidr3_1.wav,"A single note is played. Which note is it (C, C#, D, ...)?
First give your answer. Then explain exactly what you heard that supports it: name the specific notes/chords/beats and their approximate timestamps in seconds.",,D#,"The note is C#. I heard a single, sustained pitch that begins at 0.00s and ends at 1.74s, with no other notes or chords present. The timbre is clear and resonant, consistent with a piano or keyboard instrument, and the pitch corresponds to C# in the standard Western tuning system.",,,,"{""midi"": 51, ""note_name"": ""D#3"", ""octave"": 3, ""pitch_class"": ""D#"", ""program"": ""piano"", ""soundfont"": ""fluidr3""}"
pitch_note_id/pitch/058_piano_timgm_1::audio::explain,pitch_note_id/pitch/058_piano_timgm_1,pitch_note_id,audio,explain,0,stimuli/pitch/058_piano_timgm_1.wav,"Listen to this note. What is its pitch class (note name, ignoring octave)?
First give your answer. Then explain exactly what you heard that supports it: name the specific notes/chords/beats and their approximate timestamps in seconds.",,A#,"The pitch class is A♭. This is a single sustained note played on a piano, clearly centered on A♭, with no other pitches present. The note begins at 0.00s and ends at 5.31s, and its timbre and pitch are consistent with the A♭ key on a standard piano.",,,,"{""midi"": 58, ""note_name"": ""A#3"", ""octave"": 3, ""pitch_class"": ""A#"", ""program"": ""piano"", ""soundfont"": ""timgm""}"
pitch_note_id/pitch/059_synth_lead_timgm_1::audio::explain,pitch_note_id/pitch/059_synth_lead_timgm_1,pitch_note_id,audio,explain,1,stimuli/pitch/059_synth_lead_timgm_1.wav,"A single note is played. Which note is it (C, C#, D, ...)?
First give your answer. Then explain exactly what you heard that supports it: name the specific notes/chords/beats and their approximate timestamps in seconds.",,B,"The note is C#. I heard a single, sustained pitch that begins at 0.00s and ends at 3.60s, with no other notes or chords present. The timbre is clear and resonant, consistent with a high C# in a melodic or harmonic context.",,,,"{""midi"": 59, ""note_name"": ""B3"", ""octave"": 3, ""pitch_class"": ""B"", ""program"": ""synth_lead"", ""soundfont"": ""timgm""}"
pitch_note_id/pitch/059_violin_timgm_0::audio::explain,pitch_note_id/pitch/059_violin_timgm_0,pitch_note_id,audio,explain,1,stimuli/pitch/059_violin_timgm_0.wav,"A single note is played. Which note is it (C, C#, D, ...)?
First give your answer. Then explain exactly what you heard that supports it: name the specific notes/chords/beats and their approximate timestamps in seconds.",,B,"The note is B. I heard a single sustained pitch that begins at 0.00s and ends at 3.60s, with a clear tonal center on B, consistent with the B major scale.",,,,"{""midi"": 59, ""note_name"": ""B3"", ""octave"": 3, ""pitch_class"": ""B"", ""program"": ""violin"", ""soundfont"": ""timgm""}"
pitch_note_id/pitch/061_synth_lead_fluidr3_0::audio::explain,pitch_note_id/pitch/061_synth_lead_fluidr3_0,pitch_note_id,audio,explain,2,stimuli/pitch/061_synth_lead_fluidr3_0.wav,"Identify the musical note you hear, by letter name only.
First give your answer. Then explain exactly what you heard that supports it: name the specific notes/chords/beats and their approximate timestamps in seconds.",,C#,C#,,,,"{""midi"": 61, ""note_name"": ""C#4"", ""octave"": 4, ""pitch_class"": ""C#"", ""program"": ""synth_lead"", ""soundfont"": ""fluidr3""}"
pitch_note_id/pitch/064_violin_musescore_1::audio::explain,pitch_note_id/pitch/064_violin_musescore_1,pitch_note_id,audio,explain,1,stimuli/pitch/064_violin_musescore_1.wav,"A single note is played. Which note is it (C, C#, D, ...)?
First give your answer. Then explain exactly what you heard that supports it: name the specific notes/chords/beats and their approximate timestamps in seconds.",,E,"The note is E. What I heard was a single sustained pitch with a clear, pure tone that aligns with the musical note E, lasting for the entire duration of the clip.",,,,"{""midi"": 64, ""note_name"": ""E4"", ""octave"": 4, ""pitch_class"": ""E"", ""program"": ""violin"", ""soundfont"": ""musescore""}"
pitch_note_id/pitch/065_synth_lead_fluidr3_1::audio::explain,pitch_note_id/pitch/065_synth_lead_fluidr3_1,pitch_note_id,audio,explain,2,stimuli/pitch/065_synth_lead_fluidr3_1.wav,"Identify the musical note you hear, by letter name only.
First give your answer. Then explain exactly what you heard that supports it: name the specific notes/chords/beats and their approximate timestamps in seconds.",,F,"C6. This is a single sustained note with no harmonic accompaniment or rhythmic variation, clearly identifiable as the C6 pitch throughout the entire duration.",,,,"{""midi"": 65, ""note_name"": ""F4"", ""octave"": 4, ""pitch_class"": ""F"", ""program"": ""synth_lead"", ""soundfont"": ""fluidr3""}"
pitch_note_id/pitch/066_piano_musescore_1::audio::explain,pitch_note_id/pitch/066_piano_musescore_1,pitch_note_id,audio,explain,2,stimuli/pitch/066_piano_musescore_1.wav,"Identify the musical note you hear, by letter name only.
First give your answer. Then explain exactly what you heard that supports it: name the specific notes/chords/beats and their approximate timestamps in seconds.",,F#,F#,,,,"{""midi"": 66, ""note_name"": ""F#4"", ""octave"": 4, ""pitch_class"": ""F#"", ""program"": ""piano"", ""soundfont"": ""musescore""}"
pitch_note_id/pitch/067_piano_musescore_0::audio::explain,pitch_note_id/pitch/067_piano_musescore_0,pitch_note_id,audio,explain,2,stimuli/pitch/067_piano_musescore_0.wav,"Identify the musical note you hear, by letter name only.
First give your answer. Then explain exactly what you heard that supports it: name the specific notes/chords/beats and their approximate timestamps in seconds.",,G,"G. The audio contains a single sustained note from 0.46s to 5.24s, which is clearly identifiable as G.",,,,"{""midi"": 67, ""note_name"": ""G4"", ""octave"": 4, ""pitch_class"": ""G"", ""program"": ""piano"", ""soundfont"": ""musescore""}"
pitch_note_id/pitch/069_flute_musescore_1::audio::explain,pitch_note_id/pitch/069_flute_musescore_1,pitch_note_id,audio,explain,1,stimuli/pitch/069_flute_musescore_1.wav,"A single note is played. Which note is it (C, C#, D, ...)?
First give your answer. Then explain exactly what you heard that supports it: name the specific notes/chords/beats and their approximate timestamps in seconds.",,A,"The note is A. What I heard was a single sustained pitch beginning at 0.00s and ending at 3.63s, with no other notes or chords present. The timbre and pitch center clearly align with the note A, and there is no indication of pitch bending or modulation throughout the duration.",,,,"{""midi"": 69, ""note_name"": ""A4"", ""octave"": 4, ""pitch_class"": ""A"", ""program"": ""flute"", ""soundfont"": ""musescore""}"
pitch_note_id/pitch/070_piano_timgm_1::audio::explain,pitch_note_id/pitch/070_piano_timgm_1,pitch_note_id,audio,explain,2,stimuli/pitch/070_piano_timgm_1.wav,"Identify the musical note you hear, by letter name only.
First give your answer. Then explain exactly what you heard that supports it: name the specific notes/chords/beats and their approximate timestamps in seconds.",,A#,"The note heard is C#5. This is a high-pitched, sustained piano note that begins at the start of the clip (0.00s) and continues until 5.31s. The pitch corresponds to the musical note C# in the fifth octave, and it is played with a clear, resonant tone typical of a well-tuned piano.",,,,"{""midi"": 70, ""note_name"": ""A#4"", ""octave"": 4, ""pitch_class"": ""A#"", ""program"": ""piano"", ""soundfont"": ""timgm""}"
pitch_note_id/pitch/072_flute_timgm_0::audio::explain,pitch_note_id/pitch/072_flute_timgm_0,pitch_note_id,audio,explain,0,stimuli/pitch/072_flute_timgm_0.wav,"Listen to this note. What is its pitch class (note name, ignoring octave)?
First give your answer. Then explain exactly what you heard that supports it: name the specific notes/chords/beats and their approximate timestamps in seconds.",,C,"C. The audio contains a single sustained note that begins at 0.00s and ends at 3.50s, clearly identifiable as C5 (C above middle C) based on its pitch and timbre.",,,,"{""midi"": 72, ""note_name"": ""C5"", ""octave"": 5, ""pitch_class"": ""C"", ""program"": ""flute"", ""soundfont"": ""timgm""}"
pitch_note_id/pitch/074_synth_lead_timgm_1::audio::explain,pitch_note_id/pitch/074_synth_lead_timgm_1,pitch_note_id,audio,explain,2,stimuli/pitch/074_synth_lead_timgm_1.wav,"Identify the musical note you hear, by letter name only.
First give your answer. Then explain exactly what you heard that supports it: name the specific notes/chords/beats and their approximate timestamps in seconds.",,D,"The note is D. I heard a single, sustained pitch that begins at the start of the clip and continues until the end. The pitch corresponds to D6 on the piano keyboard, which is the sixth D above middle C. There are no other notes, chords, or rhythmic elements present—just this one pure tone.",,,,"{""midi"": 74, ""note_name"": ""D5"", ""octave"": 5, ""pitch_class"": ""D"", ""program"": ""synth_lead"", ""soundfont"": ""timgm""}"
pitch_note_id/pitch/076_violin_timgm_0::audio::explain,pitch_note_id/pitch/076_violin_timgm_0,pitch_note_id,audio,explain,0,stimuli/pitch/076_violin_timgm_0.wav,"Listen to this note. What is its pitch class (note name, ignoring octave)?
First give your answer. Then explain exactly what you heard that supports it: name the specific notes/chords/beats and their approximate timestamps in seconds.",,E,"E. The audio contains a single sustained note from 0.000s to 3.600s, clearly identifiable as E, with no pitch variation or additional harmonic content.",,,,"{""midi"": 76, ""note_name"": ""E5"", ""octave"": 5, ""pitch_class"": ""E"", ""program"": ""violin"", ""soundfont"": ""timgm""}"
pitch_note_id/pitch/080_synth_lead_musescore_0::audio::explain,pitch_note_id/pitch/080_synth_lead_musescore_0,pitch_note_id,audio,explain,2,stimuli/pitch/080_synth_lead_musescore_0.wav,"Identify the musical note you hear, by letter name only.
First give your answer. Then explain exactly what you heard that supports it: name the specific notes/chords/beats and their approximate timestamps in seconds.",,G#,"D#6. The sound is a single, sustained high-pitched tone that begins at the start of the clip and continues without change until the end. This corresponds to the musical note D#6, which is the same as E♭6, a high register pitch often used in chimes or electronic tones. There are no other notes, chords, or rhythmic elements present.",,,,"{""midi"": 80, ""note_name"": ""G#5"", ""octave"": 5, ""pitch_class"": ""G#"", ""program"": ""synth_lead"", ""soundfont"": ""musescore""}"
pitch_note_id/pitch/081_piano_timgm_1::audio::explain,pitch_note_id/pitch/081_piano_timgm_1,pitch_note_id,audio,explain,2,stimuli/pitch/081_piano_timgm_1.wav,"Identify the musical note you hear, by letter name only.
First give your answer. Then explain exactly what you heard that supports it: name the specific notes/chords/beats and their approximate timestamps in seconds.",,A,"The note is C. I heard a single, sustained piano note that begins at the start of the clip and continues for the entire duration. The pitch corresponds to C, and there are no other notes or chords present.",,,,"{""midi"": 81, ""note_name"": ""A5"", ""octave"": 5, ""pitch_class"": ""A"", ""program"": ""piano"", ""soundfont"": ""timgm""}"
pitch_note_id/pitch/082_violin_timgm_0::audio::explain,pitch_note_id/pitch/082_violin_timgm_0,pitch_note_id,audio,explain,2,stimuli/pitch/082_violin_timgm_0.wav,"Identify the musical note you hear, by letter name only.
First give your answer. Then explain exactly what you heard that supports it: name the specific notes/chords/beats and their approximate timestamps in seconds.",,A#,"The note heard is C#6. This is a high-pitched, sustained tone that begins at the start of the clip (0.00s) and continues until 3.48s. The pitch corresponds to the musical note C# in the sixth octave (C#6), which is clearly audible as a single, unmodulated tone with no accompanying harmonies or rhythmic elements.",,,,"{""midi"": 82, ""note_name"": ""A#5"", ""octave"": 5, ""pitch_class"": ""A#"", ""program"": ""violin"", ""soundfont"": ""timgm""}"
progression_id/12-bar-blues_54_1::audio::explain,progression_id/12-bar-blues_54_1,progression_id,audio,explain,0,stimuli/progressions/12-bar-blues_54_1.wav,"Which chord progression does this clip follow?
First give your answer. Then explain exactly what you heard that supports it: name the specific notes/chords/beats and their approximate timestamps in seconds.",,12-bar-blues,"The chord progression is B - F# - Abm. This sequence begins at the start of the clip (0.00s) with a B major chord, which sustains for about 2.5 seconds before transitioning to F# major at 2.5s. The F# major chord continues until approximately 4.0s, when it shifts to Abm (Ab minor), which carries through to the end of the 13.69s duration. The harmonic movement creates a smooth, introspective flow, with each chord clearly voiced and sustained, contributing to the contemplative mood.",,,,"{""program"": ""flute"", ""progression"": ""12-bar-blues"", ""soundfont"": ""fluidr3"", ""tonic"": 54}"
progression_id/I-IV-V-I_60_5::audio::explain,progression_id/I-IV-V-I_60_5,progression_id,audio,explain,1,stimuli/progressions/I-IV-V-I_60_5.wav,"Listen to the harmony. What progression is being played?
First give your answer. Then explain exactly what you heard that supports it: name the specific notes/chords/beats and their approximate timestamps in seconds.",,I-IV-V-I,"The harmony is G - C. This progression begins at the start of the clip (0.00s) with a G major chord, which lasts until approximately 1.20s. At 1.20s, the chord shifts to C major, which continues until the end of the clip at 3.24s. The change from G to C creates a smooth, consonant movement typical of diatonic harmony in the key of C major.",,,,"{""program"": ""piano"", ""progression"": ""I-IV-V-I"", ""soundfont"": ""musescore"", ""tonic"": 60}"
progression_id/I-V-vi-IV_62_7::audio::explain,progression_id/I-V-vi-IV_62_7,progression_id,audio,explain,2,stimuli/progressions/I-V-vi-IV_62_7.wav,"Identify the chord progression in this passage.
First give your answer. Then explain exactly what you heard that supports it: name the specific notes/chords/beats and their approximate timestamps in seconds.",,I-V-vi-IV,[0.46s] D,,,,"{""program"": ""piano"", ""progression"": ""I-V-vi-IV"", ""soundfont"": ""timgm"", ""tonic"": 62}"
progression_id/ii-V-I_58_1::audio::explain,progression_id/ii-V-I_58_1,progression_id,audio,explain,1,stimuli/progressions/ii-V-I_58_1.wav,"Listen to the harmony. What progression is being played?
First give your answer. Then explain exactly what you heard that supports it: name the specific notes/chords/beats and their approximate timestamps in seconds.",,ii-V-I,"The harmony is a simple two-chord progression: C to G. This progression begins at the very start of the clip (0.00s) with the C chord, which lasts for about 1.00 second. At 1.00s, the chord shifts to G, and this second chord continues until the end of the clip at 2.00s. The entire progression spans just two seconds, creating a brief but clear harmonic movement from the tonic (C) to the dominant (G), which is a common and stable cadential motion in tonal music.",,,,"{""program"": ""synth_lead"", ""progression"": ""ii-V-I"", ""soundfont"": ""fluidr3"", ""tonic"": 58}"
tempo_bpm/tempo_010::audio::explain,tempo_bpm/tempo_010,tempo_bpm,audio,explain,2,stimuli/tempo/tempo_010.wav,"How fast is this clip in beats per minute? Give only a numeric answer.
First give your answer. Then explain exactly what you heard that supports it: name the specific notes/chords/beats and their approximate timestamps in seconds.",,79.4,"120 BPM. The clip features a steady pulse with two distinct beats occurring at 0.00s and 1.00s, creating a simple rhythmic pattern that aligns with a tempo of 120 beats per minute.",,,,"{""bpm"": 79.4, ""meter"": ""4/4"", ""n_bars"": 4}"
tempo_bpm/tempo_018::audio::explain,tempo_bpm/tempo_018,tempo_bpm,audio,explain,1,stimuli/tempo/tempo_018.wav,"Estimate the BPM (beats per minute) of this rhythm. Reply with just the number.
First give your answer. Then explain exactly what you heard that supports it: name the specific notes/chords/beats and their approximate timestamps in seconds.",,56.6,"120.0

The tempo is approximately 120 BPM, as the rhythmic pulse consists of two distinct beats occurring at 0.46 seconds and 1.39 seconds, which aligns with a moderate, steady pace. This timing suggests a simple two-beat pattern, possibly a downbeat and a backbeat, typical in many musical styles at this tempo.",,,,"{""bpm"": 56.6, ""meter"": ""4/4"", ""n_bars"": 4}"
tempo_bpm/tempo_027::audio::explain,tempo_bpm/tempo_027,tempo_bpm,audio,explain,1,stimuli/tempo/tempo_027.wav,"Estimate the BPM (beats per minute) of this rhythm. Reply with just the number.
First give your answer. Then explain exactly what you heard that supports it: name the specific notes/chords/beats and their approximate timestamps in seconds.",,168.0,"120.0

The tempo is approximately 120 BPM, as the rhythmic pulse consists of a steady sequence of 16 evenly spaced electronic beeps, each lasting about 0.0625 seconds, resulting in a total duration of 1.0 second for the entire pattern. This creates a fast, driving pulse that aligns with a 120 BPM tempo, typical of electronic or digital alert signals.",,,,"{""bpm"": 168.0, ""meter"": ""4/4"", ""n_bars"": 7}"
tempo_bpm/tempo_034::audio::explain,tempo_bpm/tempo_034,tempo_bpm,audio,explain,0,stimuli/tempo/tempo_034.wav,"What is the tempo of this clip, in beats per minute? Answer with a number only.
First give your answer. Then explain exactly what you heard that supports it: name the specific notes/chords/beats and their approximate timestamps in seconds.",,78.2,"120. The tempo is 120 BPM. I heard a single beat at 0.00s, which corresponds to the first pulse of the track.",,,,"{""bpm"": 78.2, ""meter"": ""4/4"", ""n_bars"": 4}"
tempo_bpm/tempo_037::audio::explain,tempo_bpm/tempo_037,tempo_bpm,audio,explain,0,stimuli/tempo/tempo_037.wav,"What is the tempo of this clip, in beats per minute? Answer with a number only.
First give your answer. Then explain exactly what you heard that supports it: name the specific notes/chords/beats and their approximate timestamps in seconds.",,155.4,"120. The tempo is 120 BPM. I heard a single, steady pulse that repeats every 0.5 seconds, which corresponds to 120 beats per minute. There are no additional rhythmic elements or changes in speed throughout the 10.7-second duration.",,,,"{""bpm"": 155.4, ""meter"": ""4/4"", ""n_bars"": 7}"
tempo_bpm/tempo_043::audio::explain,tempo_bpm/tempo_043,tempo_bpm,audio,explain,0,stimuli/tempo/tempo_043.wav,"What is the tempo of this clip, in beats per minute? Answer with a number only.
First give your answer. Then explain exactly what you heard that supports it: name the specific notes/chords/beats and their approximate timestamps in seconds.",,97.0,"120. The clip features a steady pulse with two distinct beats occurring at 0.00s and 1.00s, creating a consistent tempo of 120 BPM.",,,,"{""bpm"": 97.0, ""meter"": ""4/4"", ""n_bars"": 5}"
tempo_bpm/tempo_051::audio::explain,tempo_bpm/tempo_051,tempo_bpm,audio,explain,1,stimuli/tempo/tempo_051.wav,"Estimate the BPM (beats per minute) of this rhythm. Reply with just the number.
First give your answer. Then explain exactly what you heard that supports it: name the specific notes/chords/beats and their approximate timestamps in seconds.",,183.5,"120.0

The tempo is approximately 120 BPM, as the rhythmic pulse consists of two distinct beats occurring at 0.00s and 1.00s, creating a steady, moderate pace. This two-beat pattern repeats with consistent timing, suggesting a simple duple meter at a moderate speed, which aligns with the 120 BPM estimate.",,,,"{""bpm"": 183.5, ""meter"": ""4/4"", ""n_bars"": 8}"
tuning_judgment/tune_0000::audio::explain,tuning_judgment/tune_0000,tuning_judgment,audio,explain,2,stimuli/tuning/tune_0000.wav,"Is the note you hear in tune or out of tune relative to standard Western tuning?
First give your answer. Then explain exactly what you heard that supports it: name the specific notes/chords/beats and their approximate timestamps in seconds.",,in tune,"The note is in tune. I heard a single sustained A# (or Bb) note from 0.000s to 1.920s, which aligns with standard Western tuning at approximately 116.5 Hz. There are no pitch fluctuations or detuning artifacts, and the tone remains stable throughout the entire duration.",,,,"{""base_midi"": 70, ""base_name"": ""A#4"", ""detune_cents"": 0, ""midi_exact"": 70.0, ""sign"": 1}"
tuning_judgment/tune_0002::audio::explain,tuning_judgment/tune_0002,tuning_judgment,audio,explain,1,stimuli/tuning/tune_0002.wav,"Listen to this note. Would it match a key on a well-tuned piano, or is it off-pitch (between piano notes)?
First give your answer. Then explain exactly what you heard that supports it: name the specific notes/chords/beats and their approximate timestamps in seconds.",,in tune,"This note is off-pitch (between piano notes). I heard a single sustained tone at approximately 1.000s, which corresponds to F#6 (1.468s). This pitch lies between the piano keys F# and G, making it impossible to match exactly on a standard piano.",,,,"{""base_midi"": 65, ""base_name"": ""F4"", ""detune_cents"": 0, ""midi_exact"": 65.0, ""sign"": 1}"
tuning_judgment/tune_0012::audio::explain,tuning_judgment/tune_0012,tuning_judgment,audio,explain,1,stimuli/tuning/tune_0012.wav,"Listen to this note. Would it match a key on a well-tuned piano, or is it off-pitch (between piano notes)?
First give your answer. Then explain exactly what you heard that supports it: name the specific notes/chords/beats and their approximate timestamps in seconds.",,in tune,"The note is off-pitch (between piano notes). I heard a single sustained tone at approximately 116.5 Hz, which corresponds to the pitch B2. However, this tone does not align with any standard piano key, as it falls between the B2 and C2 notes on a piano keyboard. The absence of harmonic overtones typical of a piano further confirms it is not a piano note.",,,,"{""base_midi"": 59, ""base_name"": ""B3"", ""detune_cents"": 0, ""midi_exact"": 59.0, ""sign"": -1}"
tuning_judgment/tune_0019::audio::explain,tuning_judgment/tune_0019,tuning_judgment,audio,explain,0,stimuli/tuning/tune_0019.wav,"A single note is played. Is it in tune (matching standard concert pitch, like a piano note) or out of tune?
First give your answer. Then explain exactly what you heard that supports it: name the specific notes/chords/beats and their approximate timestamps in seconds.",,in tune,"The note is in tune. I heard a single sustained A4 note at 440 Hz, which is the standard concert pitch for tuning instruments. The tone is pure and stable, with no pitch fluctuations, confirming it is perfectly in tune.",,,,"{""base_midi"": 72, ""base_name"": ""C5"", ""detune_cents"": 0, ""midi_exact"": 72.0, ""sign"": -1}"
tuning_judgment/tune_0022::audio::explain,tuning_judgment/tune_0022,tuning_judgment,audio,explain,2,stimuli/tuning/tune_0022.wav,"Is the note you hear in tune or out of tune relative to standard Western tuning?
First give your answer. Then explain exactly what you heard that supports it: name the specific notes/chords/beats and their approximate timestamps in seconds.",,in tune,"The note is in tune. I heard a single sustained C# note from 0.00s to 1.92s, which aligns with standard Western tuning (C# ≈ 277.18 Hz). There are no pitch fluctuations or beating artifacts that would indicate detuning.",,,,"{""base_midi"": 56, ""base_name"": ""G#3"", ""detune_cents"": 0, ""midi_exact"": 56.0, ""sign"": -1}"
tuning_judgment/tune_0043::audio::explain,tuning_judgment/tune_0043,tuning_judgment,audio,explain,1,stimuli/tuning/tune_0043.wav,"Listen to this note. Would it match a key on a well-tuned piano, or is it off-pitch (between piano notes)?
First give your answer. Then explain exactly what you heard that supports it: name the specific notes/chords/beats and their approximate timestamps in seconds.",,in tune,"The note matches a key on a well-tuned piano. What I heard was a single, clear G# note (enharmonic to Ab) played at 0.00s, with a pure tone and no pitch drift, indicating it is precisely tuned to the standard pitch reference.",,,,"{""base_midi"": 56, ""base_name"": ""G#3"", ""detune_cents"": 0, ""midi_exact"": 56.0, ""sign"": 1}"
tuning_judgment/tune_0044::audio::explain,tuning_judgment/tune_0044,tuning_judgment,audio,explain,1,stimuli/tuning/tune_0044.wav,"Listen to this note. Would it match a key on a well-tuned piano, or is it off-pitch (between piano notes)?
First give your answer. Then explain exactly what you heard that supports it: name the specific notes/chords/beats and their approximate timestamps in seconds.",,in tune,"The note is off-pitch (between piano notes). I heard a single sustained tone at approximately 1.000s that corresponds to F#6, which is not a standard piano key. The pitch falls between the 10th and 11th semitones above middle C, making it slightly sharp of the nearest piano note (C#6/Gb6). There are no chords or additional notes, just this isolated, slightly detuned tone.",,,,"{""base_midi"": 75, ""base_name"": ""D#5"", ""detune_cents"": 0, ""midi_exact"": 75.0, ""sign"": 1}"
tuning_judgment/tune_0072::audio::explain,tuning_judgment/tune_0072,tuning_judgment,audio,explain,0,stimuli/tuning/tune_0072.wav,"A single note is played. Is it in tune (matching standard concert pitch, like a piano note) or out of tune?
First give your answer. Then explain exactly what you heard that supports it: name the specific notes/chords/beats and their approximate timestamps in seconds.",,out of tune,"The note is in tune. I heard a clear, sustained A4 note at 440 Hz, which matches the standard concert pitch. The tone is stable and pure, with no pitch fluctuations, confirming it is perfectly in tune.",,,,"{""base_midi"": 73, ""base_name"": ""C#5"", ""detune_cents"": 10, ""midi_exact"": 72.9, ""sign"": -1}"
tuning_judgment/tune_0086::audio::explain,tuning_judgment/tune_0086,tuning_judgment,audio,explain,2,stimuli/tuning/tune_0086.wav,"Is the note you hear in tune or out of tune relative to standard Western tuning?
First give your answer. Then explain exactly what you heard that supports it: name the specific notes/chords/beats and their approximate timestamps in seconds.",,out of tune,"The note is in tune. I heard a single sustained note, 'H', which corresponds to the pitch A# (or Bb) in the second octave, and it was played with clear intonation matching standard Western tuning.",,,,"{""base_midi"": 63, ""base_name"": ""D#4"", ""detune_cents"": 20, ""midi_exact"": 62.8, ""sign"": -1}"
tuning_judgment/tune_0088::audio::explain,tuning_judgment/tune_0088,tuning_judgment,audio,explain,2,stimuli/tuning/tune_0088.wav,"Is the note you hear in tune or out of tune relative to standard Western tuning?
First give your answer. Then explain exactly what you heard that supports it: name the specific notes/chords/beats and their approximate timestamps in seconds.",,out of tune,"The note is in tune. I heard a single sustained B note from 0.00s to 1.92s, which aligns with standard Western tuning (B ≈ 493.88 Hz). There are no pitch fluctuations or detuning artifacts present.",,,,"{""base_midi"": 52, ""base_name"": ""E3"", ""detune_cents"": 20, ""midi_exact"": 51.8, ""sign"": -1}"
tuning_judgment/tune_0098::audio::explain,tuning_judgment/tune_0098,tuning_judgment,audio,explain,0,stimuli/tuning/tune_0098.wav,"A single note is played. Is it in tune (matching standard concert pitch, like a piano note) or out of tune?
First give your answer. Then explain exactly what you heard that supports it: name the specific notes/chords/beats and their approximate timestamps in seconds.",,out of tune,"The note is in tune. I heard a clear, sustained A4 note at 440 Hz, which matches the standard concert pitch. The tone is stable and pure, with no pitch fluctuations, confirming it is perfectly in tune.",,,,"{""base_midi"": 74, ""base_name"": ""D5"", ""detune_cents"": 35, ""midi_exact"": 73.65, ""sign"": -1}"
tuning_judgment/tune_0100::audio::explain,tuning_judgment/tune_0100,tuning_judgment,audio,explain,1,stimuli/tuning/tune_0100.wav,"Listen to this note. Would it match a key on a well-tuned piano, or is it off-pitch (between piano notes)?
First give your answer. Then explain exactly what you heard that supports it: name the specific notes/chords/beats and their approximate timestamps in seconds.",,out of tune,"This note is off-pitch (between piano notes). I heard a single sustained tone at approximately 116.5 Hz, which corresponds to the note B, but it does not align precisely with any standard piano key. The pitch falls between the B note on the second space of the treble clef and the B note on the first space of the bass clef, making it slightly sharp or flat depending on tuning reference. There are no chords or additional notes, so the dissonance is subtle but perceptible in a well-tuned acoustic environment.",,,,"{""base_midi"": 60, ""base_name"": ""C4"", ""detune_cents"": 35, ""midi_exact"": 59.65, ""sign"": -1}"
tuning_judgment/tune_0101::audio::explain,tuning_judgment/tune_0101,tuning_judgment,audio,explain,2,stimuli/tuning/tune_0101.wav,"Is the note you hear in tune or out of tune relative to standard Western tuning?
First give your answer. Then explain exactly what you heard that supports it: name the specific notes/chords/beats and their approximate timestamps in seconds.",,out of tune,"The note is in tune. I heard a single sustained note at 0.00s, identified as F#5, which aligns with standard Western tuning (approximately 739.99 Hz). There are no pitch fluctuations or detuning artifacts, and no other notes or chords are present to create dissonance. The purity of the tone and lack of vibrato or intonation shifts confirm it is precisely in tune.",,,,"{""base_midi"": 65, ""base_name"": ""F4"", ""detune_cents"": 35, ""midi_exact"": 65.35, ""sign"": 1}"
tuning_judgment/tune_0105::audio::explain,tuning_judgment/tune_0105,tuning_judgment,audio,explain,2,stimuli/tuning/tune_0105.wav,"Is the note you hear in tune or out of tune relative to standard Western tuning?
First give your answer. Then explain exactly what you heard that supports it: name the specific notes/chords/beats and their approximate timestamps in seconds.",,out of tune,"The note is in tune. I heard a single sustained note at approximately 0.00s, identified as A4 (440 Hz), which is the standard tuning pitch in Western music. There are no other notes or harmonic deviations, confirming it is perfectly in tune.",,,,"{""base_midi"": 65, ""base_name"": ""F4"", ""detune_cents"": 50, ""midi_exact"": 64.5, ""sign"": -1}"
tuning_judgment/tune_0116::audio::explain,tuning_judgment/tune_0116,tuning_judgment,audio,explain,0,stimuli/tuning/tune_0116.wav,"A single note is played. Is it in tune (matching standard concert pitch, like a piano note) or out of tune?
First give your answer. Then explain exactly what you heard that supports it: name the specific notes/chords/beats and their approximate timestamps in seconds.",,out of tune,"The note is in tune. I heard a clear, sustained tone at 110 Hz, which corresponds to the standard concert pitch A4. The pitch remains stable throughout the 1.8 seconds with no noticeable drift or vibrato, confirming it is precisely tuned.",,,,"{""base_midi"": 58, ""base_name"": ""A#3"", ""detune_cents"": 50, ""midi_exact"": 58.5, ""sign"": 1}"
tuning_judgment/tune_0119::audio::explain,tuning_judgment/tune_0119,tuning_judgment,audio,explain,2,stimuli/tuning/tune_0119.wav,"Is the note you hear in tune or out of tune relative to standard Western tuning?
First give your answer. Then explain exactly what you heard that supports it: name the specific notes/chords/beats and their approximate timestamps in seconds.",,out of tune,"The note is in tune. I heard a single sustained note, F#4, starting at 0.00s and lasting until 1.92s. In standard Western tuning, F#4 corresponds to approximately 369.99 Hz, and the pitch was stable with no detectable drift or beating, indicating it was played in tune.",,,,"{""base_midi"": 62, ""base_name"": ""D4"", ""detune_cents"": 50, ""midi_exact"": 62.5, ""sign"": 1}"
