job_id,stimulus_id,task,condition,format,paraphrase_idx,audio_path,prompt,options,ground_truth,raw_response,parsed,correct,error,factors
interval_id/M2_harmonic_51_0::audio::mcq,interval_id/M2_harmonic_51_0,interval_id,audio,mcq,0,stimuli/intervals/M2_harmonic_51_0.wav,"Two notes are played. What is the musical interval between them?
A. minor second
B. major second
C. minor third
D. perfect fourth
Answer with the letter of the correct option only (A, B, C, or D). Do not explain.",minor second|major second|minor third|perfect fourth,major second,C,minor third,False,,"{""interval_short"": ""M2"", ""presentation"": ""harmonic"", ""program"": ""flute"", ""root"": 51, ""root_name"": ""D#3"", ""semitones"": 2, ""soundfont"": ""musescore""}"
interval_id/M2_harmonic_51_0::audio::open,interval_id/M2_harmonic_51_0,interval_id,audio,open,1,stimuli/intervals/M2_harmonic_51_0.wav,"Listen to the two pitches. Name the interval they form.
Give a short, direct answer.",,major second,minor third,minor third,False,,"{""interval_short"": ""M2"", ""presentation"": ""harmonic"", ""program"": ""flute"", ""root"": 51, ""root_name"": ""D#3"", ""semitones"": 2, ""soundfont"": ""musescore""}"
interval_id/M2_harmonic_58_1::audio::mcq,interval_id/M2_harmonic_58_1,interval_id,audio,mcq,1,stimuli/intervals/M2_harmonic_58_1.wav,"Listen to the two pitches. Name the interval they form.
A. minor third
B. major second
C. tritone
D. minor second
Answer with the letter of the correct option only (A, B, C, or D). Do not explain.",minor third|major second|tritone|minor second,major second,B,major second,True,,"{""interval_short"": ""M2"", ""presentation"": ""harmonic"", ""program"": ""synth_lead"", ""root"": 58, ""root_name"": ""A#3"", ""semitones"": 2, ""soundfont"": ""musescore""}"
interval_id/M2_harmonic_65_3::audio::mcq,interval_id/M2_harmonic_65_3,interval_id,audio,mcq,1,stimuli/intervals/M2_harmonic_65_3.wav,"Listen to the two pitches. Name the interval they form.
A. major second
B. minor third
C. minor second
D. minor seventh
Answer with the letter of the correct option only (A, B, C, or D). Do not explain.",major second|minor third|minor second|minor seventh,major second,C,minor second,False,,"{""interval_short"": ""M2"", ""presentation"": ""harmonic"", ""program"": ""flute"", ""root"": 65, ""root_name"": ""F4"", ""semitones"": 2, ""soundfont"": ""fluidr3""}"
interval_id/M2_harmonic_70_2::audio::mcq,interval_id/M2_harmonic_70_2,interval_id,audio,mcq,1,stimuli/intervals/M2_harmonic_70_2.wav,"Listen to the two pitches. Name the interval they form.
A. minor second
B. major third
C. major second
D. minor third
Answer with the letter of the correct option only (A, B, C, or D). Do not explain.",minor second|major third|major second|minor third,major second,C,major second,True,,"{""interval_short"": ""M2"", ""presentation"": ""harmonic"", ""program"": ""flute"", ""root"": 70, ""root_name"": ""A#4"", ""semitones"": 2, ""soundfont"": ""timgm""}"
interval_id/M2_melodic_asc_53_3::audio::mcq,interval_id/M2_melodic_asc_53_3,interval_id,audio,mcq,1,stimuli/intervals/M2_melodic_asc_53_3.wav,"Listen to the two pitches. Name the interval they form.
A. major second
B. minor second
C. perfect fifth
D. minor third
Answer with the letter of the correct option only (A, B, C, or D). Do not explain.",major second|minor second|perfect fifth|minor third,major second,A,major second,True,,"{""interval_short"": ""M2"", ""presentation"": ""melodic_asc"", ""program"": ""piano"", ""root"": 53, ""root_name"": ""F3"", ""semitones"": 2, ""soundfont"": ""fluidr3""}"
interval_id/M2_melodic_asc_61_0::audio::mcq,interval_id/M2_melodic_asc_61_0,interval_id,audio,mcq,2,stimuli/intervals/M2_melodic_asc_61_0.wav,"What interval do you hear between the notes in this clip?
A. minor third
B. major second
C. major third
D. minor second
Answer with the letter of the correct option only (A, B, C, or D). Do not explain.",minor third|major second|major third|minor second,major second,C,major third,False,,"{""interval_short"": ""M2"", ""presentation"": ""melodic_asc"", ""program"": ""synth_lead"", ""root"": 61, ""root_name"": ""C#4"", ""semitones"": 2, ""soundfont"": ""timgm""}"
interval_id/M2_melodic_asc_62_2::audio::mcq,interval_id/M2_melodic_asc_62_2,interval_id,audio,mcq,1,stimuli/intervals/M2_melodic_asc_62_2.wav,"Listen to the two pitches. Name the interval they form.
A. major second
B. perfect fourth
C. minor second
D. minor third
Answer with the letter of the correct option only (A, B, C, or D). Do not explain.",major second|perfect fourth|minor second|minor third,major second,C,minor second,False,,"{""interval_short"": ""M2"", ""presentation"": ""melodic_asc"", ""program"": ""synth_lead"", ""root"": 62, ""root_name"": ""D4"", ""semitones"": 2, ""soundfont"": ""musescore""}"
interval_id/M2_melodic_asc_64_1::audio::mcq,interval_id/M2_melodic_asc_64_1,interval_id,audio,mcq,2,stimuli/intervals/M2_melodic_asc_64_1.wav,"What interval do you hear between the notes in this clip?
A. minor second
B. major second
C. minor third
D. perfect fifth
Answer with the letter of the correct option only (A, B, C, or D). Do not explain.",minor second|major second|minor third|perfect fifth,major second,B,major second,True,,"{""interval_short"": ""M2"", ""presentation"": ""melodic_asc"", ""program"": ""flute"", ""root"": 64, ""root_name"": ""E4"", ""semitones"": 2, ""soundfont"": ""timgm""}"
interval_id/M2_melodic_desc_49_2::audio::mcq,interval_id/M2_melodic_desc_49_2,interval_id,audio,mcq,0,stimuli/intervals/M2_melodic_desc_49_2.wav,"Two notes are played. What is the musical interval between them?
A. minor third
B. minor second
C. major second
D. major sixth
Answer with the letter of the correct option only (A, B, C, or D). Do not explain.",minor third|minor second|major second|major sixth,major second,C,major second,True,,"{""interval_short"": ""M2"", ""presentation"": ""melodic_desc"", ""program"": ""synth_lead"", ""root"": 49, ""root_name"": ""C#3"", ""semitones"": 2, ""soundfont"": ""fluidr3""}"
interval_id/M2_melodic_desc_56_1::audio::mcq,interval_id/M2_melodic_desc_56_1,interval_id,audio,mcq,1,stimuli/intervals/M2_melodic_desc_56_1.wav,"Listen to the two pitches. Name the interval they form.
A. major second
B. minor second
C. minor third
D. minor sixth
Answer with the letter of the correct option only (A, B, C, or D). Do not explain.",major second|minor second|minor third|minor sixth,major second,B,minor second,False,,"{""interval_short"": ""M2"", ""presentation"": ""melodic_desc"", ""program"": ""synth_lead"", ""root"": 56, ""root_name"": ""G#3"", ""semitones"": 2, ""soundfont"": ""musescore""}"
interval_id/M2_melodic_desc_63_3::audio::mcq,interval_id/M2_melodic_desc_63_3,interval_id,audio,mcq,0,stimuli/intervals/M2_melodic_desc_63_3.wav,"Two notes are played. What is the musical interval between them?
A. minor seventh
B. major second
C. minor third
D. minor second
Answer with the letter of the correct option only (A, B, C, or D). Do not explain.",minor seventh|major second|minor third|minor second,major second,D,minor second,False,,"{""interval_short"": ""M2"", ""presentation"": ""melodic_desc"", ""program"": ""piano"", ""root"": 63, ""root_name"": ""D#4"", ""semitones"": 2, ""soundfont"": ""musescore""}"
interval_id/M2_melodic_desc_68_0::audio::mcq,interval_id/M2_melodic_desc_68_0,interval_id,audio,mcq,1,stimuli/intervals/M2_melodic_desc_68_0.wav,"Listen to the two pitches. Name the interval they form.
A. minor second
B. tritone
C. major second
D. minor third
Answer with the letter of the correct option only (A, B, C, or D). Do not explain.",minor second|tritone|major second|minor third,major second,A,minor second,False,,"{""interval_short"": ""M2"", ""presentation"": ""melodic_desc"", ""program"": ""violin"", ""root"": 68, ""root_name"": ""G#4"", ""semitones"": 2, ""soundfont"": ""musescore""}"
interval_id/M3_harmonic_50_1::audio::mcq,interval_id/M3_harmonic_50_1,interval_id,audio,mcq,0,stimuli/intervals/M3_harmonic_50_1.wav,"Two notes are played. What is the musical interval between them?
A. minor third
B. minor second
C. major third
D. perfect fourth
Answer with the letter of the correct option only (A, B, C, or D). Do not explain.",minor third|minor second|major third|perfect fourth,major third,C,major third,True,,"{""interval_short"": ""M3"", ""presentation"": ""harmonic"", ""program"": ""piano"", ""root"": 50, ""root_name"": ""D3"", ""semitones"": 4, ""soundfont"": ""timgm""}"
interval_id/M3_harmonic_53_2::audio::mcq,interval_id/M3_harmonic_53_2,interval_id,audio,mcq,2,stimuli/intervals/M3_harmonic_53_2.wav,"What interval do you hear between the notes in this clip?
A. minor third
B. minor seventh
C. major third
D. perfect fourth
Answer with the letter of the correct option only (A, B, C, or D). Do not explain.",minor third|minor seventh|major third|perfect fourth,major third,C,major third,True,,"{""interval_short"": ""M3"", ""presentation"": ""harmonic"", ""program"": ""flute"", ""root"": 53, ""root_name"": ""F3"", ""semitones"": 4, ""soundfont"": ""musescore""}"
interval_id/M3_harmonic_53_2::audio::open,interval_id/M3_harmonic_53_2,interval_id,audio,open,2,stimuli/intervals/M3_harmonic_53_2.wav,"What interval do you hear between the notes in this clip?
Give a short, direct answer.",,major third,Perfect fifth,Perfect fifth,False,,"{""interval_short"": ""M3"", ""presentation"": ""harmonic"", ""program"": ""flute"", ""root"": 53, ""root_name"": ""F3"", ""semitones"": 4, ""soundfont"": ""musescore""}"
interval_id/M3_harmonic_60_0::audio::mcq,interval_id/M3_harmonic_60_0,interval_id,audio,mcq,2,stimuli/intervals/M3_harmonic_60_0.wav,"What interval do you hear between the notes in this clip?
A. minor third
B. major third
C. perfect fourth
D. major sixth
Answer with the letter of the correct option only (A, B, C, or D). Do not explain.",minor third|major third|perfect fourth|major sixth,major third,B,major third,True,,"{""interval_short"": ""M3"", ""presentation"": ""harmonic"", ""program"": ""synth_lead"", ""root"": 60, ""root_name"": ""C4"", ""semitones"": 4, ""soundfont"": ""fluidr3""}"
interval_id/M3_harmonic_69_3::audio::mcq,interval_id/M3_harmonic_69_3,interval_id,audio,mcq,1,stimuli/intervals/M3_harmonic_69_3.wav,"Listen to the two pitches. Name the interval they form.
A. major third
B. minor third
C. perfect fourth
D. minor sixth
Answer with the letter of the correct option only (A, B, C, or D). Do not explain.",major third|minor third|perfect fourth|minor sixth,major third,B,minor third,False,,"{""interval_short"": ""M3"", ""presentation"": ""harmonic"", ""program"": ""flute"", ""root"": 69, ""root_name"": ""A4"", ""semitones"": 4, ""soundfont"": ""fluidr3""}"
interval_id/M3_melodic_asc_62_2::audio::mcq,interval_id/M3_melodic_asc_62_2,interval_id,audio,mcq,0,stimuli/intervals/M3_melodic_asc_62_2.wav,"Two notes are played. What is the musical interval between them?
A. major third
B. perfect fourth
C. major sixth
D. minor third
Answer with the letter of the correct option only (A, B, C, or D). Do not explain.",major third|perfect fourth|major sixth|minor third,major third,A,major third,True,,"{""interval_short"": ""M3"", ""presentation"": ""melodic_asc"", ""program"": ""synth_lead"", ""root"": 62, ""root_name"": ""D4"", ""semitones"": 4, ""soundfont"": ""timgm""}"
interval_id/M3_melodic_asc_66_1::audio::mcq,interval_id/M3_melodic_asc_66_1,interval_id,audio,mcq,2,stimuli/intervals/M3_melodic_asc_66_1.wav,"What interval do you hear between the notes in this clip?
A. major third
B. tritone
C. minor third
D. perfect fourth
Answer with the letter of the correct option only (A, B, C, or D). Do not explain.",major third|tritone|minor third|perfect fourth,major third,C,minor third,False,,"{""interval_short"": ""M3"", ""presentation"": ""melodic_asc"", ""program"": ""flute"", ""root"": 66, ""root_name"": ""F#4"", ""semitones"": 4, ""soundfont"": ""timgm""}"
interval_id/M3_melodic_asc_67_0::audio::mcq,interval_id/M3_melodic_asc_67_0,interval_id,audio,mcq,1,stimuli/intervals/M3_melodic_asc_67_0.wav,"Listen to the two pitches. Name the interval they form.
A. major third
B. minor third
C. octave
D. perfect fourth
Answer with the letter of the correct option only (A, B, C, or D). Do not explain.",major third|minor third|octave|perfect fourth,major third,B,minor third,False,,"{""interval_short"": ""M3"", ""presentation"": ""melodic_asc"", ""program"": ""violin"", ""root"": 67, ""root_name"": ""G4"", ""semitones"": 4, ""soundfont"": ""timgm""}"
interval_id/M3_melodic_asc_67_0::audio::open,interval_id/M3_melodic_asc_67_0,interval_id,audio,open,0,stimuli/intervals/M3_melodic_asc_67_0.wav,"Two notes are played. What is the musical interval between them?
Give a short, direct answer.",,major third,Perfect fifth,Perfect fifth,False,,"{""interval_short"": ""M3"", ""presentation"": ""melodic_asc"", ""program"": ""violin"", ""root"": 67, ""root_name"": ""G4"", ""semitones"": 4, ""soundfont"": ""timgm""}"
interval_id/M3_melodic_asc_68_3::audio::mcq,interval_id/M3_melodic_asc_68_3,interval_id,audio,mcq,1,stimuli/intervals/M3_melodic_asc_68_3.wav,"Listen to the two pitches. Name the interval they form.
A. major third
B. minor third
C. perfect fifth
D. perfect fourth
Answer with the letter of the correct option only (A, B, C, or D). Do not explain.",major third|minor third|perfect fifth|perfect fourth,major third,B,minor third,False,,"{""interval_short"": ""M3"", ""presentation"": ""melodic_asc"", ""program"": ""violin"", ""root"": 68, ""root_name"": ""G#4"", ""semitones"": 4, ""soundfont"": ""timgm""}"
interval_id/M3_melodic_desc_52_0::audio::mcq,interval_id/M3_melodic_desc_52_0,interval_id,audio,mcq,2,stimuli/intervals/M3_melodic_desc_52_0.wav,"What interval do you hear between the notes in this clip?
A. perfect fifth
B. perfect fourth
C. minor third
D. major third
Answer with the letter of the correct option only (A, B, C, or D). Do not explain.",perfect fifth|perfect fourth|minor third|major third,major third,B,perfect fourth,False,,"{""interval_short"": ""M3"", ""presentation"": ""melodic_desc"", ""program"": ""synth_lead"", ""root"": 52, ""root_name"": ""E3"", ""semitones"": 4, ""soundfont"": ""fluidr3""}"
interval_id/M3_melodic_desc_52_0::audio::open,interval_id/M3_melodic_desc_52_0,interval_id,audio,open,1,stimuli/intervals/M3_melodic_desc_52_0.wav,"Listen to the two pitches. Name the interval they form.
Give a short, direct answer.",,major third,minor third,minor third,False,,"{""interval_short"": ""M3"", ""presentation"": ""melodic_desc"", ""program"": ""synth_lead"", ""root"": 52, ""root_name"": ""E3"", ""semitones"": 4, ""soundfont"": ""fluidr3""}"
interval_id/M3_melodic_desc_54_2::audio::mcq,interval_id/M3_melodic_desc_54_2,interval_id,audio,mcq,2,stimuli/intervals/M3_melodic_desc_54_2.wav,"What interval do you hear between the notes in this clip?
A. perfect fourth
B. minor third
C. major third
D. major seventh
Answer with the letter of the correct option only (A, B, C, or D). Do not explain.",perfect fourth|minor third|major third|major seventh,major third,C,major third,True,,"{""interval_short"": ""M3"", ""presentation"": ""melodic_desc"", ""program"": ""violin"", ""root"": 54, ""root_name"": ""F#3"", ""semitones"": 4, ""soundfont"": ""fluidr3""}"
interval_id/M3_melodic_desc_55_1::audio::mcq,interval_id/M3_melodic_desc_55_1,interval_id,audio,mcq,1,stimuli/intervals/M3_melodic_desc_55_1.wav,"Listen to the two pitches. Name the interval they form.
A. perfect fourth
B. minor third
C. minor sixth
D. major third
Answer with the letter of the correct option only (A, B, C, or D). Do not explain.",perfect fourth|minor third|minor sixth|major third,major third,B,minor third,False,,"{""interval_short"": ""M3"", ""presentation"": ""melodic_desc"", ""program"": ""flute"", ""root"": 55, ""root_name"": ""G3"", ""semitones"": 4, ""soundfont"": ""timgm""}"
interval_id/M3_melodic_desc_71_3::audio::mcq,interval_id/M3_melodic_desc_71_3,interval_id,audio,mcq,2,stimuli/intervals/M3_melodic_desc_71_3.wav,"What interval do you hear between the notes in this clip?
A. major third
B. major second
C. minor third
D. perfect fourth
Answer with the letter of the correct option only (A, B, C, or D). Do not explain.",major third|major second|minor third|perfect fourth,major third,B,major second,False,,"{""interval_short"": ""M3"", ""presentation"": ""melodic_desc"", ""program"": ""flute"", ""root"": 71, ""root_name"": ""B4"", ""semitones"": 4, ""soundfont"": ""timgm""}"
interval_id/M3_melodic_desc_71_3::audio::open,interval_id/M3_melodic_desc_71_3,interval_id,audio,open,2,stimuli/intervals/M3_melodic_desc_71_3.wav,"What interval do you hear between the notes in this clip?
Give a short, direct answer.",,major third,Perfect fifth,Perfect fifth,False,,"{""interval_short"": ""M3"", ""presentation"": ""melodic_desc"", ""program"": ""flute"", ""root"": 71, ""root_name"": ""B4"", ""semitones"": 4, ""soundfont"": ""timgm""}"
interval_id/M6_harmonic_55_0::audio::mcq,interval_id/M6_harmonic_55_0,interval_id,audio,mcq,0,stimuli/intervals/M6_harmonic_55_0.wav,"Two notes are played. What is the musical interval between them?
A. major sixth
B. minor seventh
C. tritone
D. minor sixth
Answer with the letter of the correct option only (A, B, C, or D). Do not explain.",major sixth|minor seventh|tritone|minor sixth,major sixth,D,minor sixth,False,,"{""interval_short"": ""M6"", ""presentation"": ""harmonic"", ""program"": ""synth_lead"", ""root"": 55, ""root_name"": ""G3"", ""semitones"": 9, ""soundfont"": ""fluidr3""}"
interval_id/M6_harmonic_55_1::audio::mcq,interval_id/M6_harmonic_55_1,interval_id,audio,mcq,0,stimuli/intervals/M6_harmonic_55_1.wav,"Two notes are played. What is the musical interval between them?
A. major sixth
B. minor sixth
C. minor third
D. minor seventh
Answer with the letter of the correct option only (A, B, C, or D). Do not explain.",major sixth|minor sixth|minor third|minor seventh,major sixth,C,minor third,False,,"{""interval_short"": ""M6"", ""presentation"": ""harmonic"", ""program"": ""synth_lead"", ""root"": 55, ""root_name"": ""G3"", ""semitones"": 9, ""soundfont"": ""musescore""}"
interval_id/M6_harmonic_61_3::audio::mcq,interval_id/M6_harmonic_61_3,interval_id,audio,mcq,1,stimuli/intervals/M6_harmonic_61_3.wav,"Listen to the two pitches. Name the interval they form.
A. minor second
B. minor seventh
C. minor sixth
D. major sixth
Answer with the letter of the correct option only (A, B, C, or D). Do not explain.",minor second|minor seventh|minor sixth|major sixth,major sixth,C,minor sixth,False,,"{""interval_short"": ""M6"", ""presentation"": ""harmonic"", ""program"": ""flute"", ""root"": 61, ""root_name"": ""C#4"", ""semitones"": 9, ""soundfont"": ""fluidr3""}"
interval_id/M6_harmonic_71_2::audio::mcq,interval_id/M6_harmonic_71_2,interval_id,audio,mcq,2,stimuli/intervals/M6_harmonic_71_2.wav,"What interval do you hear between the notes in this clip?
A. minor seventh
B. minor sixth
C. major sixth
D. major seventh
Answer with the letter of the correct option only (A, B, C, or D). Do not explain.",minor seventh|minor sixth|major sixth|major seventh,major sixth,C,major sixth,True,,"{""interval_short"": ""M6"", ""presentation"": ""harmonic"", ""program"": ""piano"", ""root"": 71, ""root_name"": ""B4"", ""semitones"": 9, ""soundfont"": ""fluidr3""}"
interval_id/M6_harmonic_71_2::audio::explain,interval_id/M6_harmonic_71_2,interval_id,audio,explain,1,stimuli/intervals/M6_harmonic_71_2.wav,"Listen to the two pitches. Name the interval they form.
First give your answer. Then explain exactly what you heard that supports it: name the specific notes/chords/beats and their approximate timestamps in seconds.",,major sixth,"The interval is a minor second (semitone). I heard a single sustained pitch at 0.00s, which is E5, followed by a new pitch at 0.00s (immediately after the first) that is F#5. The two notes are separated by a half step, creating a minor second interval.",,,,"{""interval_short"": ""M6"", ""presentation"": ""harmonic"", ""program"": ""piano"", ""root"": 71, ""root_name"": ""B4"", ""semitones"": 9, ""soundfont"": ""fluidr3""}"
interval_id/M6_melodic_asc_49_0::audio::mcq,interval_id/M6_melodic_asc_49_0,interval_id,audio,mcq,1,stimuli/intervals/M6_melodic_asc_49_0.wav,"Listen to the two pitches. Name the interval they form.
A. major sixth
B. minor seventh
C. minor sixth
D. major second
Answer with the letter of the correct option only (A, B, C, or D). Do not explain.",major sixth|minor seventh|minor sixth|major second,major sixth,C,minor sixth,False,,"{""interval_short"": ""M6"", ""presentation"": ""melodic_asc"", ""program"": ""synth_lead"", ""root"": 49, ""root_name"": ""C#3"", ""semitones"": 9, ""soundfont"": ""musescore""}"
interval_id/M6_melodic_asc_63_2::audio::mcq,interval_id/M6_melodic_asc_63_2,interval_id,audio,mcq,1,stimuli/intervals/M6_melodic_asc_63_2.wav,"Listen to the two pitches. Name the interval they form.
A. major sixth
B. minor seventh
C. minor sixth
D. perfect fourth
Answer with the letter of the correct option only (A, B, C, or D). Do not explain.",major sixth|minor seventh|minor sixth|perfect fourth,major sixth,C,minor sixth,False,,"{""interval_short"": ""M6"", ""presentation"": ""melodic_asc"", ""program"": ""flute"", ""root"": 63, ""root_name"": ""D#4"", ""semitones"": 9, ""soundfont"": ""timgm""}"
interval_id/M6_melodic_asc_68_3::audio::mcq,interval_id/M6_melodic_asc_68_3,interval_id,audio,mcq,2,stimuli/intervals/M6_melodic_asc_68_3.wav,"What interval do you hear between the notes in this clip?
A. major sixth
B. major seventh
C. minor sixth
D. minor seventh
Answer with the letter of the correct option only (A, B, C, or D). Do not explain.",major sixth|major seventh|minor sixth|minor seventh,major sixth,B,major seventh,False,,"{""interval_short"": ""M6"", ""presentation"": ""melodic_asc"", ""program"": ""piano"", ""root"": 68, ""root_name"": ""G#4"", ""semitones"": 9, ""soundfont"": ""timgm""}"
interval_id/M6_melodic_asc_70_1::audio::mcq,interval_id/M6_melodic_asc_70_1,interval_id,audio,mcq,1,stimuli/intervals/M6_melodic_asc_70_1.wav,"Listen to the two pitches. Name the interval they form.
A. minor seventh
B. tritone
C. minor sixth
D. major sixth
Answer with the letter of the correct option only (A, B, C, or D). Do not explain.",minor seventh|tritone|minor sixth|major sixth,major sixth,C,minor sixth,False,,"{""interval_short"": ""M6"", ""presentation"": ""melodic_asc"", ""program"": ""piano"", ""root"": 70, ""root_name"": ""A#4"", ""semitones"": 9, ""soundfont"": ""fluidr3""}"
interval_id/M6_melodic_asc_70_1::audio::open,interval_id/M6_melodic_asc_70_1,interval_id,audio,open,1,stimuli/intervals/M6_melodic_asc_70_1.wav,"Listen to the two pitches. Name the interval they form.
Give a short, direct answer.",,major sixth,minor third,minor third,False,,"{""interval_short"": ""M6"", ""presentation"": ""melodic_asc"", ""program"": ""piano"", ""root"": 70, ""root_name"": ""A#4"", ""semitones"": 9, ""soundfont"": ""fluidr3""}"
interval_id/M6_melodic_desc_60_1::audio::mcq,interval_id/M6_melodic_desc_60_1,interval_id,audio,mcq,0,stimuli/intervals/M6_melodic_desc_60_1.wav,"Two notes are played. What is the musical interval between them?
A. minor seventh
B. minor sixth
C. octave
D. major sixth
Answer with the letter of the correct option only (A, B, C, or D). Do not explain.",minor seventh|minor sixth|octave|major sixth,major sixth,C,octave,False,,"{""interval_short"": ""M6"", ""presentation"": ""melodic_desc"", ""program"": ""flute"", ""root"": 60, ""root_name"": ""C4"", ""semitones"": 9, ""soundfont"": ""musescore""}"
interval_id/M6_melodic_desc_60_3::audio::mcq,interval_id/M6_melodic_desc_60_3,interval_id,audio,mcq,1,stimuli/intervals/M6_melodic_desc_60_3.wav,"Listen to the two pitches. Name the interval they form.
A. minor third
B. minor sixth
C. major sixth
D. minor seventh
Answer with the letter of the correct option only (A, B, C, or D). Do not explain.",minor third|minor sixth|major sixth|minor seventh,major sixth,B,minor sixth,False,,"{""interval_short"": ""M6"", ""presentation"": ""melodic_desc"", ""program"": ""piano"", ""root"": 60, ""root_name"": ""C4"", ""semitones"": 9, ""soundfont"": ""fluidr3""}"
interval_id/M6_melodic_desc_64_2::audio::mcq,interval_id/M6_melodic_desc_64_2,interval_id,audio,mcq,2,stimuli/intervals/M6_melodic_desc_64_2.wav,"What interval do you hear between the notes in this clip?
A. major sixth
B. major second
C. minor seventh
D. minor sixth
Answer with the letter of the correct option only (A, B, C, or D). Do not explain.",major sixth|major second|minor seventh|minor sixth,major sixth,B,major second,False,,"{""interval_short"": ""M6"", ""presentation"": ""melodic_desc"", ""program"": ""flute"", ""root"": 64, ""root_name"": ""E4"", ""semitones"": 9, ""soundfont"": ""timgm""}"
interval_id/M6_melodic_desc_67_0::audio::mcq,interval_id/M6_melodic_desc_67_0,interval_id,audio,mcq,1,stimuli/intervals/M6_melodic_desc_67_0.wav,"Listen to the two pitches. Name the interval they form.
A. minor seventh
B. major sixth
C. octave
D. minor sixth
Answer with the letter of the correct option only (A, B, C, or D). Do not explain.",minor seventh|major sixth|octave|minor sixth,major sixth,C,octave,False,,"{""interval_short"": ""M6"", ""presentation"": ""melodic_desc"", ""program"": ""piano"", ""root"": 67, ""root_name"": ""G4"", ""semitones"": 9, ""soundfont"": ""fluidr3""}"
interval_id/M6_melodic_desc_67_0::audio::open,interval_id/M6_melodic_desc_67_0,interval_id,audio,open,0,stimuli/intervals/M6_melodic_desc_67_0.wav,"Two notes are played. What is the musical interval between them?
Give a short, direct answer.",,major sixth,Perfect fifth,Perfect fifth,False,,"{""interval_short"": ""M6"", ""presentation"": ""melodic_desc"", ""program"": ""piano"", ""root"": 67, ""root_name"": ""G4"", ""semitones"": 9, ""soundfont"": ""fluidr3""}"
interval_id/M7_harmonic_53_2::audio::mcq,interval_id/M7_harmonic_53_2,interval_id,audio,mcq,1,stimuli/intervals/M7_harmonic_53_2.wav,"Listen to the two pitches. Name the interval they form.
A. minor seventh
B. major seventh
C. minor sixth
D. octave
Answer with the letter of the correct option only (A, B, C, or D). Do not explain.",minor seventh|major seventh|minor sixth|octave,major seventh,D,octave,False,,"{""interval_short"": ""M7"", ""presentation"": ""harmonic"", ""program"": ""violin"", ""root"": 53, ""root_name"": ""F3"", ""semitones"": 11, ""soundfont"": ""musescore""}"
interval_id/M7_harmonic_53_2::audio::open,interval_id/M7_harmonic_53_2,interval_id,audio,open,2,stimuli/intervals/M7_harmonic_53_2.wav,"What interval do you hear between the notes in this clip?
Give a short, direct answer.",,major seventh,Perfect fifth,Perfect fifth,False,,"{""interval_short"": ""M7"", ""presentation"": ""harmonic"", ""program"": ""violin"", ""root"": 53, ""root_name"": ""F3"", ""semitones"": 11, ""soundfont"": ""musescore""}"
interval_id/M7_harmonic_57_1::audio::mcq,interval_id/M7_harmonic_57_1,interval_id,audio,mcq,2,stimuli/intervals/M7_harmonic_57_1.wav,"What interval do you hear between the notes in this clip?
A. major seventh
B. minor seventh
C. octave
D. major second
Answer with the letter of the correct option only (A, B, C, or D). Do not explain.",major seventh|minor seventh|octave|major second,major seventh,C,octave,False,,"{""interval_short"": ""M7"", ""presentation"": ""harmonic"", ""program"": ""synth_lead"", ""root"": 57, ""root_name"": ""A3"", ""semitones"": 11, ""soundfont"": ""timgm""}"
interval_id/M7_harmonic_60_3::audio::mcq,interval_id/M7_harmonic_60_3,interval_id,audio,mcq,2,stimuli/intervals/M7_harmonic_60_3.wav,"What interval do you hear between the notes in this clip?
A. minor seventh
B. minor sixth
C. octave
D. major seventh
Answer with the letter of the correct option only (A, B, C, or D). Do not explain.",minor seventh|minor sixth|octave|major seventh,major seventh,C,octave,False,,"{""interval_short"": ""M7"", ""presentation"": ""harmonic"", ""program"": ""piano"", ""root"": 60, ""root_name"": ""C4"", ""semitones"": 11, ""soundfont"": ""timgm""}"
interval_id/M7_harmonic_64_0::audio::mcq,interval_id/M7_harmonic_64_0,interval_id,audio,mcq,0,stimuli/intervals/M7_harmonic_64_0.wav,"Two notes are played. What is the musical interval between them?
A. major seventh
B. octave
C. minor third
D. minor seventh
Answer with the letter of the correct option only (A, B, C, or D). Do not explain.",major seventh|octave|minor third|minor seventh,major seventh,B,octave,False,,"{""interval_short"": ""M7"", ""presentation"": ""harmonic"", ""program"": ""flute"", ""root"": 64, ""root_name"": ""E4"", ""semitones"": 11, ""soundfont"": ""timgm""}"
interval_id/M7_harmonic_64_0::audio::open,interval_id/M7_harmonic_64_0,interval_id,audio,open,0,stimuli/intervals/M7_harmonic_64_0.wav,"Two notes are played. What is the musical interval between them?
Give a short, direct answer.",,major seventh,Perfect fifth,Perfect fifth,False,,"{""interval_short"": ""M7"", ""presentation"": ""harmonic"", ""program"": ""flute"", ""root"": 64, ""root_name"": ""E4"", ""semitones"": 11, ""soundfont"": ""timgm""}"
interval_id/M7_melodic_asc_56_0::audio::mcq,interval_id/M7_melodic_asc_56_0,interval_id,audio,mcq,0,stimuli/intervals/M7_melodic_asc_56_0.wav,"Two notes are played. What is the musical interval between them?
A. major seventh
B. tritone
C. octave
D. minor seventh
Answer with the letter of the correct option only (A, B, C, or D). Do not explain.",major seventh|tritone|octave|minor seventh,major seventh,C,octave,False,,"{""interval_short"": ""M7"", ""presentation"": ""melodic_asc"", ""program"": ""flute"", ""root"": 56, ""root_name"": ""G#3"", ""semitones"": 11, ""soundfont"": ""fluidr3""}"
interval_id/M7_melodic_asc_62_3::audio::mcq,interval_id/M7_melodic_asc_62_3,interval_id,audio,mcq,2,stimuli/intervals/M7_melodic_asc_62_3.wav,"What interval do you hear between the notes in this clip?
A. octave
B. major seventh
C. tritone
D. minor seventh
Answer with the letter of the correct option only (A, B, C, or D). Do not explain.",octave|major seventh|tritone|minor seventh,major seventh,A,octave,False,,"{""interval_short"": ""M7"", ""presentation"": ""melodic_asc"", ""program"": ""flute"", ""root"": 62, ""root_name"": ""D4"", ""semitones"": 11, ""soundfont"": ""fluidr3""}"
interval_id/M7_melodic_asc_66_1::audio::mcq,interval_id/M7_melodic_asc_66_1,interval_id,audio,mcq,2,stimuli/intervals/M7_melodic_asc_66_1.wav,"What interval do you hear between the notes in this clip?
A. major seventh
B. minor third
C. octave
D. minor seventh
Answer with the letter of the correct option only (A, B, C, or D). Do not explain.",major seventh|minor third|octave|minor seventh,major seventh,B,minor third,False,,"{""interval_short"": ""M7"", ""presentation"": ""melodic_asc"", ""program"": ""piano"", ""root"": 66, ""root_name"": ""F#4"", ""semitones"": 11, ""soundfont"": ""timgm""}"
interval_id/M7_melodic_asc_66_1::audio::open,interval_id/M7_melodic_asc_66_1,interval_id,audio,open,0,stimuli/intervals/M7_melodic_asc_66_1.wav,"Two notes are played. What is the musical interval between them?
Give a short, direct answer.",,major seventh,Perfect fifth,Perfect fifth,False,,"{""interval_short"": ""M7"", ""presentation"": ""melodic_asc"", ""program"": ""piano"", ""root"": 66, ""root_name"": ""F#4"", ""semitones"": 11, ""soundfont"": ""timgm""}"
interval_id/M7_melodic_asc_66_2::audio::mcq,interval_id/M7_melodic_asc_66_2,interval_id,audio,mcq,1,stimuli/intervals/M7_melodic_asc_66_2.wav,"Listen to the two pitches. Name the interval they form.
A. octave
B. major second
C. major seventh
D. minor seventh
Answer with the letter of the correct option only (A, B, C, or D). Do not explain.",octave|major second|major seventh|minor seventh,major seventh,C,major seventh,True,,"{""interval_short"": ""M7"", ""presentation"": ""melodic_asc"", ""program"": ""piano"", ""root"": 66, ""root_name"": ""F#4"", ""semitones"": 11, ""soundfont"": ""musescore""}"
interval_id/M7_melodic_asc_66_2::audio::open,interval_id/M7_melodic_asc_66_2,interval_id,audio,open,1,stimuli/intervals/M7_melodic_asc_66_2.wav,"Listen to the two pitches. Name the interval they form.
Give a short, direct answer.",,major seventh,minor third,minor third,False,,"{""interval_short"": ""M7"", ""presentation"": ""melodic_asc"", ""program"": ""piano"", ""root"": 66, ""root_name"": ""F#4"", ""semitones"": 11, ""soundfont"": ""musescore""}"
interval_id/M7_melodic_desc_48_1::audio::mcq,interval_id/M7_melodic_desc_48_1,interval_id,audio,mcq,1,stimuli/intervals/M7_melodic_desc_48_1.wav,"Listen to the two pitches. Name the interval they form.
A. major seventh
B. minor seventh
C. minor third
D. octave
Answer with the letter of the correct option only (A, B, C, or D). Do not explain.",major seventh|minor seventh|minor third|octave,major seventh,D,octave,False,,"{""interval_short"": ""M7"", ""presentation"": ""melodic_desc"", ""program"": ""flute"", ""root"": 48, ""root_name"": ""C3"", ""semitones"": 11, ""soundfont"": ""musescore""}"
interval_id/M7_melodic_desc_53_2::audio::mcq,interval_id/M7_melodic_desc_53_2,interval_id,audio,mcq,1,stimuli/intervals/M7_melodic_desc_53_2.wav,"Listen to the two pitches. Name the interval they form.
A. minor seventh
B. major seventh
C. minor second
D. octave
Answer with the letter of the correct option only (A, B, C, or D). Do not explain.",minor seventh|major seventh|minor second|octave,major seventh,D,octave,False,,"{""interval_short"": ""M7"", ""presentation"": ""melodic_desc"", ""program"": ""piano"", ""root"": 53, ""root_name"": ""F3"", ""semitones"": 11, ""soundfont"": ""timgm""}"
interval_id/M7_melodic_desc_63_3::audio::mcq,interval_id/M7_melodic_desc_63_3,interval_id,audio,mcq,2,stimuli/intervals/M7_melodic_desc_63_3.wav,"What interval do you hear between the notes in this clip?
A. minor seventh
B. tritone
C. major seventh
D. octave
Answer with the letter of the correct option only (A, B, C, or D). Do not explain.",minor seventh|tritone|major seventh|octave,major seventh,D,octave,False,,"{""interval_short"": ""M7"", ""presentation"": ""melodic_desc"", ""program"": ""piano"", ""root"": 63, ""root_name"": ""D#4"", ""semitones"": 11, ""soundfont"": ""timgm""}"
interval_id/M7_melodic_desc_63_3::audio::open,interval_id/M7_melodic_desc_63_3,interval_id,audio,open,1,stimuli/intervals/M7_melodic_desc_63_3.wav,"Listen to the two pitches. Name the interval they form.
Give a short, direct answer.",,major seventh,minor third,minor third,False,,"{""interval_short"": ""M7"", ""presentation"": ""melodic_desc"", ""program"": ""piano"", ""root"": 63, ""root_name"": ""D#4"", ""semitones"": 11, ""soundfont"": ""timgm""}"
interval_id/M7_melodic_desc_70_0::audio::mcq,interval_id/M7_melodic_desc_70_0,interval_id,audio,mcq,0,stimuli/intervals/M7_melodic_desc_70_0.wav,"Two notes are played. What is the musical interval between them?
A. minor seventh
B. major seventh
C. perfect fourth
D. octave
Answer with the letter of the correct option only (A, B, C, or D). Do not explain.",minor seventh|major seventh|perfect fourth|octave,major seventh,D,octave,False,,"{""interval_short"": ""M7"", ""presentation"": ""melodic_desc"", ""program"": ""synth_lead"", ""root"": 70, ""root_name"": ""A#4"", ""semitones"": 11, ""soundfont"": ""timgm""}"
interval_id/P4_harmonic_49_0::audio::mcq,interval_id/P4_harmonic_49_0,interval_id,audio,mcq,0,stimuli/intervals/P4_harmonic_49_0.wav,"Two notes are played. What is the musical interval between them?
A. major third
B. perfect fourth
C. tritone
D. minor seventh
Answer with the letter of the correct option only (A, B, C, or D). Do not explain.",major third|perfect fourth|tritone|minor seventh,perfect fourth,B,perfect fourth,True,,"{""interval_short"": ""P4"", ""presentation"": ""harmonic"", ""program"": ""flute"", ""root"": 49, ""root_name"": ""C#3"", ""semitones"": 5, ""soundfont"": ""fluidr3""}"
interval_id/P4_harmonic_49_0::audio::explain,interval_id/P4_harmonic_49_0,interval_id,audio,explain,0,stimuli/intervals/P4_harmonic_49_0.wav,"Two notes are played. What is the musical interval between them?
First give your answer. Then explain exactly what you heard that supports it: name the specific notes/chords/beats and their approximate timestamps in seconds.",,perfect fourth,"The interval is a perfect fifth. I heard a single sustained chord 'F# major' played from 0.46s to 5.61s, which consists of the notes F# and C#, forming a perfect fifth interval.",,,,"{""interval_short"": ""P4"", ""presentation"": ""harmonic"", ""program"": ""flute"", ""root"": 49, ""root_name"": ""C#3"", ""semitones"": 5, ""soundfont"": ""fluidr3""}"
interval_id/P4_harmonic_50_3::audio::mcq,interval_id/P4_harmonic_50_3,interval_id,audio,mcq,0,stimuli/intervals/P4_harmonic_50_3.wav,"Two notes are played. What is the musical interval between them?
A. minor second
B. perfect fourth
C. tritone
D. major third
Answer with the letter of the correct option only (A, B, C, or D). Do not explain.",minor second|perfect fourth|tritone|major third,perfect fourth,B,perfect fourth,True,,"{""interval_short"": ""P4"", ""presentation"": ""harmonic"", ""program"": ""flute"", ""root"": 50, ""root_name"": ""D3"", ""semitones"": 5, ""soundfont"": ""musescore""}"
interval_id/P4_harmonic_59_1::audio::mcq,interval_id/P4_harmonic_59_1,interval_id,audio,mcq,2,stimuli/intervals/P4_harmonic_59_1.wav,"What interval do you hear between the notes in this clip?
A. major seventh
B. tritone
C. perfect fourth
D. major third
Answer with the letter of the correct option only (A, B, C, or D). Do not explain.",major seventh|tritone|perfect fourth|major third,perfect fourth,D,major third,False,,"{""interval_short"": ""P4"", ""presentation"": ""harmonic"", ""program"": ""synth_lead"", ""root"": 59, ""root_name"": ""B3"", ""semitones"": 5, ""soundfont"": ""fluidr3""}"
interval_id/P4_harmonic_60_2::audio::mcq,interval_id/P4_harmonic_60_2,interval_id,audio,mcq,2,stimuli/intervals/P4_harmonic_60_2.wav,"What interval do you hear between the notes in this clip?
A. perfect fourth
B. major third
C. tritone
D. minor seventh
Answer with the letter of the correct option only (A, B, C, or D). Do not explain.",perfect fourth|major third|tritone|minor seventh,perfect fourth,B,major third,False,,"{""interval_short"": ""P4"", ""presentation"": ""harmonic"", ""program"": ""synth_lead"", ""root"": 60, ""root_name"": ""C4"", ""semitones"": 5, ""soundfont"": ""timgm""}"
interval_id/P4_melodic_asc_50_2::audio::mcq,interval_id/P4_melodic_asc_50_2,interval_id,audio,mcq,1,stimuli/intervals/P4_melodic_asc_50_2.wav,"Listen to the two pitches. Name the interval they form.
A. minor third
B. tritone
C. major third
D. perfect fourth
Answer with the letter of the correct option only (A, B, C, or D). Do not explain.",minor third|tritone|major third|perfect fourth,perfect fourth,C,major third,False,,"{""interval_short"": ""P4"", ""presentation"": ""melodic_asc"", ""program"": ""piano"", ""root"": 50, ""root_name"": ""D3"", ""semitones"": 5, ""soundfont"": ""musescore""}"
interval_id/P4_melodic_asc_54_1::audio::mcq,interval_id/P4_melodic_asc_54_1,interval_id,audio,mcq,0,stimuli/intervals/P4_melodic_asc_54_1.wav,"Two notes are played. What is the musical interval between them?
A. major third
B. major second
C. perfect fourth
D. tritone
Answer with the letter of the correct option only (A, B, C, or D). Do not explain.",major third|major second|perfect fourth|tritone,perfect fourth,B,major second,False,,"{""interval_short"": ""P4"", ""presentation"": ""melodic_asc"", ""program"": ""synth_lead"", ""root"": 54, ""root_name"": ""F#3"", ""semitones"": 5, ""soundfont"": ""fluidr3""}"
interval_id/P4_melodic_asc_54_1::audio::explain,interval_id/P4_melodic_asc_54_1,interval_id,audio,explain,0,stimuli/intervals/P4_melodic_asc_54_1.wav,"Two notes are played. What is the musical interval between them?
First give your answer. Then explain exactly what you heard that supports it: name the specific notes/chords/beats and their approximate timestamps in seconds.",,perfect fourth,"The interval is a minor third. I heard a single sustained note 'B' starting at 0.46s and ending at 1.20s, followed by a second note 'D' starting at 1.20s and ending at 2.04s. The pitch relationship between B and D is a minor third, as D is the third scale degree above B in the key of B minor.",,,,"{""interval_short"": ""P4"", ""presentation"": ""melodic_asc"", ""program"": ""synth_lead"", ""root"": 54, ""root_name"": ""F#3"", ""semitones"": 5, ""soundfont"": ""fluidr3""}"
interval_id/P4_melodic_asc_59_0::audio::mcq,interval_id/P4_melodic_asc_59_0,interval_id,audio,mcq,1,stimuli/intervals/P4_melodic_asc_59_0.wav,"Listen to the two pitches. Name the interval they form.
A. tritone
B. minor third
C. perfect fourth
D. major third
Answer with the letter of the correct option only (A, B, C, or D). Do not explain.",tritone|minor third|perfect fourth|major third,perfect fourth,D,major third,False,,"{""interval_short"": ""P4"", ""presentation"": ""melodic_asc"", ""program"": ""synth_lead"", ""root"": 59, ""root_name"": ""B3"", ""semitones"": 5, ""soundfont"": ""fluidr3""}"
interval_id/P4_melodic_asc_59_0::audio::open,interval_id/P4_melodic_asc_59_0,interval_id,audio,open,0,stimuli/intervals/P4_melodic_asc_59_0.wav,"Two notes are played. What is the musical interval between them?
Give a short, direct answer.",,perfect fourth,Perfect fifth,Perfect fifth,False,,"{""interval_short"": ""P4"", ""presentation"": ""melodic_asc"", ""program"": ""synth_lead"", ""root"": 59, ""root_name"": ""B3"", ""semitones"": 5, ""soundfont"": ""fluidr3""}"
interval_id/P4_melodic_asc_59_3::audio::mcq,interval_id/P4_melodic_asc_59_3,interval_id,audio,mcq,0,stimuli/intervals/P4_melodic_asc_59_3.wav,"Two notes are played. What is the musical interval between them?
A. octave
B. major third
C. tritone
D. perfect fourth
Answer with the letter of the correct option only (A, B, C, or D). Do not explain.",octave|major third|tritone|perfect fourth,perfect fourth,A,octave,False,,"{""interval_short"": ""P4"", ""presentation"": ""melodic_asc"", ""program"": ""violin"", ""root"": 59, ""root_name"": ""B3"", ""semitones"": 5, ""soundfont"": ""musescore""}"
interval_id/P4_melodic_desc_62_3::audio::mcq,interval_id/P4_melodic_desc_62_3,interval_id,audio,mcq,2,stimuli/intervals/P4_melodic_desc_62_3.wav,"What interval do you hear between the notes in this clip?
A. major third
B. perfect fourth
C. minor sixth
D. tritone
Answer with the letter of the correct option only (A, B, C, or D). Do not explain.",major third|perfect fourth|minor sixth|tritone,perfect fourth,B,perfect fourth,True,,"{""interval_short"": ""P4"", ""presentation"": ""melodic_desc"", ""program"": ""flute"", ""root"": 62, ""root_name"": ""D4"", ""semitones"": 5, ""soundfont"": ""musescore""}"
interval_id/P4_melodic_desc_65_0::audio::mcq,interval_id/P4_melodic_desc_65_0,interval_id,audio,mcq,0,stimuli/intervals/P4_melodic_desc_65_0.wav,"Two notes are played. What is the musical interval between them?
A. tritone
B. major sixth
C. major third
D. perfect fourth
Answer with the letter of the correct option only (A, B, C, or D). Do not explain.",tritone|major sixth|major third|perfect fourth,perfect fourth,C,major third,False,,"{""interval_short"": ""P4"", ""presentation"": ""melodic_desc"", ""program"": ""synth_lead"", ""root"": 65, ""root_name"": ""F4"", ""semitones"": 5, ""soundfont"": ""fluidr3""}"
interval_id/P4_melodic_desc_68_1::audio::mcq,interval_id/P4_melodic_desc_68_1,interval_id,audio,mcq,0,stimuli/intervals/P4_melodic_desc_68_1.wav,"Two notes are played. What is the musical interval between them?
A. major third
B. tritone
C. perfect fourth
D. major second
Answer with the letter of the correct option only (A, B, C, or D). Do not explain.",major third|tritone|perfect fourth|major second,perfect fourth,A,major third,False,,"{""interval_short"": ""P4"", ""presentation"": ""melodic_desc"", ""program"": ""violin"", ""root"": 68, ""root_name"": ""G#4"", ""semitones"": 5, ""soundfont"": ""fluidr3""}"
interval_id/P4_melodic_desc_68_1::audio::explain,interval_id/P4_melodic_desc_68_1,interval_id,audio,explain,1,stimuli/intervals/P4_melodic_desc_68_1.wav,"Listen to the two pitches. Name the interval they form.
First give your answer. Then explain exactly what you heard that supports it: name the specific notes/chords/beats and their approximate timestamps in seconds.",,perfect fourth,"The interval is a minor third. I heard a single pitch, G# (Ab), from 0.00s to 0.15s, followed by a second pitch, C#, from 0.15s to 1.20s. The distance between these two notes is three semitones, which corresponds to a minor third interval.",,,,"{""interval_short"": ""P4"", ""presentation"": ""melodic_desc"", ""program"": ""violin"", ""root"": 68, ""root_name"": ""G#4"", ""semitones"": 5, ""soundfont"": ""fluidr3""}"
interval_id/P4_melodic_desc_71_2::audio::mcq,interval_id/P4_melodic_desc_71_2,interval_id,audio,mcq,2,stimuli/intervals/P4_melodic_desc_71_2.wav,"What interval do you hear between the notes in this clip?
A. perfect fourth
B. major third
C. tritone
D. major seventh
Answer with the letter of the correct option only (A, B, C, or D). Do not explain.",perfect fourth|major third|tritone|major seventh,perfect fourth,B,major third,False,,"{""interval_short"": ""P4"", ""presentation"": ""melodic_desc"", ""program"": ""synth_lead"", ""root"": 71, ""root_name"": ""B4"", ""semitones"": 5, ""soundfont"": ""timgm""}"
interval_id/P5_harmonic_51_2::audio::mcq,interval_id/P5_harmonic_51_2,interval_id,audio,mcq,1,stimuli/intervals/P5_harmonic_51_2.wav,"Listen to the two pitches. Name the interval they form.
A. minor sixth
B. major third
C. perfect fifth
D. tritone
Answer with the letter of the correct option only (A, B, C, or D). Do not explain.",minor sixth|major third|perfect fifth|tritone,perfect fifth,B,major third,False,,"{""interval_short"": ""P5"", ""presentation"": ""harmonic"", ""program"": ""flute"", ""root"": 51, ""root_name"": ""D#3"", ""semitones"": 7, ""soundfont"": ""musescore""}"
interval_id/P5_harmonic_51_2::audio::open,interval_id/P5_harmonic_51_2,interval_id,audio,open,0,stimuli/intervals/P5_harmonic_51_2.wav,"Two notes are played. What is the musical interval between them?
Give a short, direct answer.",,perfect fifth,Perfect fifth,Perfect fifth,True,,"{""interval_short"": ""P5"", ""presentation"": ""harmonic"", ""program"": ""flute"", ""root"": 51, ""root_name"": ""D#3"", ""semitones"": 7, ""soundfont"": ""musescore""}"
interval_id/P5_harmonic_58_1::audio::mcq,interval_id/P5_harmonic_58_1,interval_id,audio,mcq,2,stimuli/intervals/P5_harmonic_58_1.wav,"What interval do you hear between the notes in this clip?
A. minor sixth
B. major sixth
C. perfect fifth
D. tritone
Answer with the letter of the correct option only (A, B, C, or D). Do not explain.",minor sixth|major sixth|perfect fifth|tritone,perfect fifth,B,major sixth,False,,"{""interval_short"": ""P5"", ""presentation"": ""harmonic"", ""program"": ""violin"", ""root"": 58, ""root_name"": ""A#3"", ""semitones"": 7, ""soundfont"": ""fluidr3""}"
interval_id/P5_harmonic_58_1::audio::open,interval_id/P5_harmonic_58_1,interval_id,audio,open,2,stimuli/intervals/P5_harmonic_58_1.wav,"What interval do you hear between the notes in this clip?
Give a short, direct answer.",,perfect fifth,Perfect fifth,Perfect fifth,True,,"{""interval_short"": ""P5"", ""presentation"": ""harmonic"", ""program"": ""violin"", ""root"": 58, ""root_name"": ""A#3"", ""semitones"": 7, ""soundfont"": ""fluidr3""}"
interval_id/P5_harmonic_60_3::audio::mcq,interval_id/P5_harmonic_60_3,interval_id,audio,mcq,2,stimuli/intervals/P5_harmonic_60_3.wav,"What interval do you hear between the notes in this clip?
A. minor sixth
B. minor third
C. perfect fifth
D. tritone
Answer with the letter of the correct option only (A, B, C, or D). Do not explain.",minor sixth|minor third|perfect fifth|tritone,perfect fifth,B,minor third,False,,"{""interval_short"": ""P5"", ""presentation"": ""harmonic"", ""program"": ""flute"", ""root"": 60, ""root_name"": ""C4"", ""semitones"": 7, ""soundfont"": ""fluidr3""}"
interval_id/P5_harmonic_70_0::audio::mcq,interval_id/P5_harmonic_70_0,interval_id,audio,mcq,2,stimuli/intervals/P5_harmonic_70_0.wav,"What interval do you hear between the notes in this clip?
A. minor seventh
B. perfect fifth
C. tritone
D. minor sixth
Answer with the letter of the correct option only (A, B, C, or D). Do not explain.",minor seventh|perfect fifth|tritone|minor sixth,perfect fifth,B,perfect fifth,True,,"{""interval_short"": ""P5"", ""presentation"": ""harmonic"", ""program"": ""synth_lead"", ""root"": 70, ""root_name"": ""A#4"", ""semitones"": 7, ""soundfont"": ""musescore""}"
interval_id/P5_melodic_asc_51_1::audio::mcq,interval_id/P5_melodic_asc_51_1,interval_id,audio,mcq,1,stimuli/intervals/P5_melodic_asc_51_1.wav,"Listen to the two pitches. Name the interval they form.
A. tritone
B. minor third
C. perfect fifth
D. minor sixth
Answer with the letter of the correct option only (A, B, C, or D). Do not explain.",tritone|minor third|perfect fifth|minor sixth,perfect fifth,B,minor third,False,,"{""interval_short"": ""P5"", ""presentation"": ""melodic_asc"", ""program"": ""violin"", ""root"": 51, ""root_name"": ""D#3"", ""semitones"": 7, ""soundfont"": ""timgm""}"
interval_id/P5_melodic_asc_52_2::audio::mcq,interval_id/P5_melodic_asc_52_2,interval_id,audio,mcq,2,stimuli/intervals/P5_melodic_asc_52_2.wav,"What interval do you hear between the notes in this clip?
A. minor sixth
B. octave
C. tritone
D. perfect fifth
Answer with the letter of the correct option only (A, B, C, or D). Do not explain.",minor sixth|octave|tritone|perfect fifth,perfect fifth,B,octave,False,,"{""interval_short"": ""P5"", ""presentation"": ""melodic_asc"", ""program"": ""synth_lead"", ""root"": 52, ""root_name"": ""E3"", ""semitones"": 7, ""soundfont"": ""fluidr3""}"
interval_id/P5_melodic_asc_52_2::audio::open,interval_id/P5_melodic_asc_52_2,interval_id,audio,open,1,stimuli/intervals/P5_melodic_asc_52_2.wav,"Listen to the two pitches. Name the interval they form.
Give a short, direct answer.",,perfect fifth,minor third,minor third,False,,"{""interval_short"": ""P5"", ""presentation"": ""melodic_asc"", ""program"": ""synth_lead"", ""root"": 52, ""root_name"": ""E3"", ""semitones"": 7, ""soundfont"": ""fluidr3""}"
interval_id/P5_melodic_asc_55_0::audio::mcq,interval_id/P5_melodic_asc_55_0,interval_id,audio,mcq,1,stimuli/intervals/P5_melodic_asc_55_0.wav,"Listen to the two pitches. Name the interval they form.
A. perfect fifth
B. minor sixth
C. tritone
D. octave
Answer with the letter of the correct option only (A, B, C, or D). Do not explain.",perfect fifth|minor sixth|tritone|octave,perfect fifth,C,tritone,False,,"{""interval_short"": ""P5"", ""presentation"": ""melodic_asc"", ""program"": ""synth_lead"", ""root"": 55, ""root_name"": ""G3"", ""semitones"": 7, ""soundfont"": ""timgm""}"
interval_id/P5_melodic_asc_55_0::audio::open,interval_id/P5_melodic_asc_55_0,interval_id,audio,open,1,stimuli/intervals/P5_melodic_asc_55_0.wav,"Listen to the two pitches. Name the interval they form.
Give a short, direct answer.",,perfect fifth,minor third,minor third,False,,"{""interval_short"": ""P5"", ""presentation"": ""melodic_asc"", ""program"": ""synth_lead"", ""root"": 55, ""root_name"": ""G3"", ""semitones"": 7, ""soundfont"": ""timgm""}"
interval_id/P5_melodic_asc_68_3::audio::mcq,interval_id/P5_melodic_asc_68_3,interval_id,audio,mcq,1,stimuli/intervals/P5_melodic_asc_68_3.wav,"Listen to the two pitches. Name the interval they form.
A. perfect fifth
B. minor sixth
C. tritone
D. major sixth
Answer with the letter of the correct option only (A, B, C, or D). Do not explain.",perfect fifth|minor sixth|tritone|major sixth,perfect fifth,D,major sixth,False,,"{""interval_short"": ""P5"", ""presentation"": ""melodic_asc"", ""program"": ""synth_lead"", ""root"": 68, ""root_name"": ""G#4"", ""semitones"": 7, ""soundfont"": ""timgm""}"
interval_id/P5_melodic_asc_68_3::audio::explain,interval_id/P5_melodic_asc_68_3,interval_id,audio,explain,1,stimuli/intervals/P5_melodic_asc_68_3.wav,"Listen to the two pitches. Name the interval they form.
First give your answer. Then explain exactly what you heard that supports it: name the specific notes/chords/beats and their approximate timestamps in seconds.",,perfect fifth,"The interval is a minor third. I heard a single high-pitched tone at 0.00s, which is C#6, followed by a slightly lower tone at 0.50s, which is A#5 (enharmonically equivalent to Bb5). The two notes form a minor third interval, creating a soft, slightly melancholic harmonic color.",,,,"{""interval_short"": ""P5"", ""presentation"": ""melodic_asc"", ""program"": ""synth_lead"", ""root"": 68, ""root_name"": ""G#4"", ""semitones"": 7, ""soundfont"": ""timgm""}"
interval_id/P5_melodic_desc_49_3::audio::mcq,interval_id/P5_melodic_desc_49_3,interval_id,audio,mcq,2,stimuli/intervals/P5_melodic_desc_49_3.wav,"What interval do you hear between the notes in this clip?
A. minor sixth
B. major third
C. tritone
D. perfect fifth
Answer with the letter of the correct option only (A, B, C, or D). Do not explain.",minor sixth|major third|tritone|perfect fifth,perfect fifth,B,major third,False,,"{""interval_short"": ""P5"", ""presentation"": ""melodic_desc"", ""program"": ""synth_lead"", ""root"": 49, ""root_name"": ""C#3"", ""semitones"": 7, ""soundfont"": ""fluidr3""}"
interval_id/P5_melodic_desc_52_0::audio::mcq,interval_id/P5_melodic_desc_52_0,interval_id,audio,mcq,0,stimuli/intervals/P5_melodic_desc_52_0.wav,"Two notes are played. What is the musical interval between them?
A. tritone
B. minor seventh
C. minor sixth
D. perfect fifth
Answer with the letter of the correct option only (A, B, C, or D). Do not explain.",tritone|minor seventh|minor sixth|perfect fifth,perfect fifth,D,perfect fifth,True,,"{""interval_short"": ""P5"", ""presentation"": ""melodic_desc"", ""program"": ""synth_lead"", ""root"": 52, ""root_name"": ""E3"", ""semitones"": 7, ""soundfont"": ""musescore""}"
interval_id/P5_melodic_desc_53_1::audio::mcq,interval_id/P5_melodic_desc_53_1,interval_id,audio,mcq,0,stimuli/intervals/P5_melodic_desc_53_1.wav,"Two notes are played. What is the musical interval between them?
A. major sixth
B. tritone
C. perfect fifth
D. minor sixth
Answer with the letter of the correct option only (A, B, C, or D). Do not explain.",major sixth|tritone|perfect fifth|minor sixth,perfect fifth,C,perfect fifth,True,,"{""interval_short"": ""P5"", ""presentation"": ""melodic_desc"", ""program"": ""synth_lead"", ""root"": 53, ""root_name"": ""F3"", ""semitones"": 7, ""soundfont"": ""timgm""}"
interval_id/P5_melodic_desc_53_1::audio::open,interval_id/P5_melodic_desc_53_1,interval_id,audio,open,0,stimuli/intervals/P5_melodic_desc_53_1.wav,"Two notes are played. What is the musical interval between them?
Give a short, direct answer.",,perfect fifth,Perfect fifth,Perfect fifth,True,,"{""interval_short"": ""P5"", ""presentation"": ""melodic_desc"", ""program"": ""synth_lead"", ""root"": 53, ""root_name"": ""F3"", ""semitones"": 7, ""soundfont"": ""timgm""}"
interval_id/P5_melodic_desc_59_2::audio::mcq,interval_id/P5_melodic_desc_59_2,interval_id,audio,mcq,1,stimuli/intervals/P5_melodic_desc_59_2.wav,"Listen to the two pitches. Name the interval they form.
A. perfect fifth
B. minor sixth
C. minor second
D. tritone
Answer with the letter of the correct option only (A, B, C, or D). Do not explain.",perfect fifth|minor sixth|minor second|tritone,perfect fifth,A,perfect fifth,True,,"{""interval_short"": ""P5"", ""presentation"": ""melodic_desc"", ""program"": ""violin"", ""root"": 59, ""root_name"": ""B3"", ""semitones"": 7, ""soundfont"": ""fluidr3""}"
interval_id/P8_harmonic_51_0::audio::mcq,interval_id/P8_harmonic_51_0,interval_id,audio,mcq,1,stimuli/intervals/P8_harmonic_51_0.wav,"Listen to the two pitches. Name the interval they form.
A. octave
B. perfect fourth
C. major seventh
D. minor second
Answer with the letter of the correct option only (A, B, C, or D). Do not explain.",octave|perfect fourth|major seventh|minor second,octave,A,octave,True,,"{""interval_short"": ""P8"", ""presentation"": ""harmonic"", ""program"": ""violin"", ""root"": 51, ""root_name"": ""D#3"", ""semitones"": 12, ""soundfont"": ""musescore""}"
interval_id/P8_harmonic_54_3::audio::mcq,interval_id/P8_harmonic_54_3,interval_id,audio,mcq,0,stimuli/intervals/P8_harmonic_54_3.wav,"Two notes are played. What is the musical interval between them?
A. major seventh
B. perfect fifth
C. minor sixth
D. octave
Answer with the letter of the correct option only (A, B, C, or D). Do not explain.",major seventh|perfect fifth|minor sixth|octave,octave,D,octave,True,,"{""interval_short"": ""P8"", ""presentation"": ""harmonic"", ""program"": ""piano"", ""root"": 54, ""root_name"": ""F#3"", ""semitones"": 12, ""soundfont"": ""musescore""}"
interval_id/P8_harmonic_58_2::audio::mcq,interval_id/P8_harmonic_58_2,interval_id,audio,mcq,1,stimuli/intervals/P8_harmonic_58_2.wav,"Listen to the two pitches. Name the interval they form.
A. major seventh
B. minor second
C. perfect fifth
D. octave
Answer with the letter of the correct option only (A, B, C, or D). Do not explain.",major seventh|minor second|perfect fifth|octave,octave,D,octave,True,,"{""interval_short"": ""P8"", ""presentation"": ""harmonic"", ""program"": ""piano"", ""root"": 58, ""root_name"": ""A#3"", ""semitones"": 12, ""soundfont"": ""fluidr3""}"
interval_id/P8_harmonic_58_2::audio::open,interval_id/P8_harmonic_58_2,interval_id,audio,open,2,stimuli/intervals/P8_harmonic_58_2.wav,"What interval do you hear between the notes in this clip?
Give a short, direct answer.",,octave,Perfect fifth,Perfect fifth,False,,"{""interval_short"": ""P8"", ""presentation"": ""harmonic"", ""program"": ""piano"", ""root"": 58, ""root_name"": ""A#3"", ""semitones"": 12, ""soundfont"": ""fluidr3""}"
interval_id/P8_harmonic_58_2::audio::explain,interval_id/P8_harmonic_58_2,interval_id,audio,explain,0,stimuli/intervals/P8_harmonic_58_2.wav,"Two notes are played. What is the musical interval between them?
First give your answer. Then explain exactly what you heard that supports it: name the specific notes/chords/beats and their approximate timestamps in seconds.",,octave,"The interval is a minor third. I heard a single sustained note, C# (C-sharp), played from 0.00s to 1.20s. Since only one pitch is present, there is no harmonic interval created by two or more notes sounding simultaneously. The 'minor third' answer appears to be a misunderstanding or error, as no second pitch is audible. The audio consists solely of a monophonic tone with no chord or interval.",,,,"{""interval_short"": ""P8"", ""presentation"": ""harmonic"", ""program"": ""piano"", ""root"": 58, ""root_name"": ""A#3"", ""semitones"": 12, ""soundfont"": ""fluidr3""}"
interval_id/P8_harmonic_66_1::audio::mcq,interval_id/P8_harmonic_66_1,interval_id,audio,mcq,0,stimuli/intervals/P8_harmonic_66_1.wav,"Two notes are played. What is the musical interval between them?
A. minor third
B. major seventh
C. major third
D. octave
Answer with the letter of the correct option only (A, B, C, or D). Do not explain.",minor third|major seventh|major third|octave,octave,C,major third,False,,"{""interval_short"": ""P8"", ""presentation"": ""harmonic"", ""program"": ""piano"", ""root"": 66, ""root_name"": ""F#4"", ""semitones"": 12, ""soundfont"": ""timgm""}"
interval_id/P8_melodic_asc_53_2::audio::mcq,interval_id/P8_melodic_asc_53_2,interval_id,audio,mcq,0,stimuli/intervals/P8_melodic_asc_53_2.wav,"Two notes are played. What is the musical interval between them?
A. minor sixth
B. octave
C. major second
D. major seventh
Answer with the letter of the correct option only (A, B, C, or D). Do not explain.",minor sixth|octave|major second|major seventh,octave,C,major second,False,,"{""interval_short"": ""P8"", ""presentation"": ""melodic_asc"", ""program"": ""synth_lead"", ""root"": 53, ""root_name"": ""F3"", ""semitones"": 12, ""soundfont"": ""fluidr3""}"
interval_id/P8_melodic_asc_54_0::audio::mcq,interval_id/P8_melodic_asc_54_0,interval_id,audio,mcq,2,stimuli/intervals/P8_melodic_asc_54_0.wav,"What interval do you hear between the notes in this clip?
A. major sixth
B. major seventh
C. minor sixth
D. octave
Answer with the letter of the correct option only (A, B, C, or D). Do not explain.",major sixth|major seventh|minor sixth|octave,octave,D,octave,True,,"{""interval_short"": ""P8"", ""presentation"": ""melodic_asc"", ""program"": ""synth_lead"", ""root"": 54, ""root_name"": ""F#3"", ""semitones"": 12, ""soundfont"": ""timgm""}"
interval_id/P8_melodic_asc_59_1::audio::mcq,interval_id/P8_melodic_asc_59_1,interval_id,audio,mcq,1,stimuli/intervals/P8_melodic_asc_59_1.wav,"Listen to the two pitches. Name the interval they form.
A. perfect fifth
B. major seventh
C. major second
D. octave
Answer with the letter of the correct option only (A, B, C, or D). Do not explain.",perfect fifth|major seventh|major second|octave,octave,C,major second,False,,"{""interval_short"": ""P8"", ""presentation"": ""melodic_asc"", ""program"": ""synth_lead"", ""root"": 59, ""root_name"": ""B3"", ""semitones"": 12, ""soundfont"": ""timgm""}"
interval_id/P8_melodic_asc_65_3::audio::mcq,interval_id/P8_melodic_asc_65_3,interval_id,audio,mcq,0,stimuli/intervals/P8_melodic_asc_65_3.wav,"Two notes are played. What is the musical interval between them?
A. major seventh
B. major third
C. octave
D. perfect fifth
Answer with the letter of the correct option only (A, B, C, or D). Do not explain.",major seventh|major third|octave|perfect fifth,octave,B,major third,False,,"{""interval_short"": ""P8"", ""presentation"": ""melodic_asc"", ""program"": ""violin"", ""root"": 65, ""root_name"": ""F4"", ""semitones"": 12, ""soundfont"": ""musescore""}"
interval_id/P8_melodic_desc_51_0::audio::mcq,interval_id/P8_melodic_desc_51_0,interval_id,audio,mcq,2,stimuli/intervals/P8_melodic_desc_51_0.wav,"What interval do you hear between the notes in this clip?
A. major seventh
B. minor second
C. octave
D. minor third
Answer with the letter of the correct option only (A, B, C, or D). Do not explain.",major seventh|minor second|octave|minor third,octave,D,minor third,False,,"{""interval_short"": ""P8"", ""presentation"": ""melodic_desc"", ""program"": ""flute"", ""root"": 51, ""root_name"": ""D#3"", ""semitones"": 12, ""soundfont"": ""fluidr3""}"
interval_id/P8_melodic_desc_51_0::audio::explain,interval_id/P8_melodic_desc_51_0,interval_id,audio,explain,2,stimuli/intervals/P8_melodic_desc_51_0.wav,"What interval do you hear between the notes in this clip?
First give your answer. Then explain exactly what you heard that supports it: name the specific notes/chords/beats and their approximate timestamps in seconds.",,octave,"The interval is a minor third. I heard a single sustained note 'Ab' from 0.46s to 1.39s, followed by a brief silence, then a second note 'C' from 1.39s to 2.32s. The pitch relationship between Ab and C is a minor third, as C is the third scale degree above Ab in the key of Ab major.",,,,"{""interval_short"": ""P8"", ""presentation"": ""melodic_desc"", ""program"": ""flute"", ""root"": 51, ""root_name"": ""D#3"", ""semitones"": 12, ""soundfont"": ""fluidr3""}"
interval_id/P8_melodic_desc_54_3::audio::mcq,interval_id/P8_melodic_desc_54_3,interval_id,audio,mcq,1,stimuli/intervals/P8_melodic_desc_54_3.wav,"Listen to the two pitches. Name the interval they form.
A. major seventh
B. octave
C. tritone
D. minor third
Answer with the letter of the correct option only (A, B, C, or D). Do not explain.",major seventh|octave|tritone|minor third,octave,B,octave,True,,"{""interval_short"": ""P8"", ""presentation"": ""melodic_desc"", ""program"": ""synth_lead"", ""root"": 54, ""root_name"": ""F#3"", ""semitones"": 12, ""soundfont"": ""musescore""}"
interval_id/P8_melodic_desc_54_3::audio::open,interval_id/P8_melodic_desc_54_3,interval_id,audio,open,2,stimuli/intervals/P8_melodic_desc_54_3.wav,"What interval do you hear between the notes in this clip?
Give a short, direct answer.",,octave,Minor third,Minor third,False,,"{""interval_short"": ""P8"", ""presentation"": ""melodic_desc"", ""program"": ""synth_lead"", ""root"": 54, ""root_name"": ""F#3"", ""semitones"": 12, ""soundfont"": ""musescore""}"
interval_id/P8_melodic_desc_54_3::audio::explain,interval_id/P8_melodic_desc_54_3,interval_id,audio,explain,0,stimuli/intervals/P8_melodic_desc_54_3.wav,"Two notes are played. What is the musical interval between them?
First give your answer. Then explain exactly what you heard that supports it: name the specific notes/chords/beats and their approximate timestamps in seconds.",,octave,"The interval is a minor third. I heard a high-pitched, sustained electronic tone at 0.00s, which is B5, followed by a slightly lower sustained tone at 0.20s, which is G#4. The pitch difference between these two notes corresponds to a minor third interval.",,,,"{""interval_short"": ""P8"", ""presentation"": ""melodic_desc"", ""program"": ""synth_lead"", ""root"": 54, ""root_name"": ""F#3"", ""semitones"": 12, ""soundfont"": ""musescore""}"
interval_id/P8_melodic_desc_56_1::audio::mcq,interval_id/P8_melodic_desc_56_1,interval_id,audio,mcq,2,stimuli/intervals/P8_melodic_desc_56_1.wav,"What interval do you hear between the notes in this clip?
A. minor second
B. minor sixth
C. octave
D. major seventh
Answer with the letter of the correct option only (A, B, C, or D). Do not explain.",minor second|minor sixth|octave|major seventh,octave,C,octave,True,,"{""interval_short"": ""P8"", ""presentation"": ""melodic_desc"", ""program"": ""piano"", ""root"": 56, ""root_name"": ""G#3"", ""semitones"": 12, ""soundfont"": ""fluidr3""}"
interval_id/P8_melodic_desc_57_2::audio::mcq,interval_id/P8_melodic_desc_57_2,interval_id,audio,mcq,2,stimuli/intervals/P8_melodic_desc_57_2.wav,"What interval do you hear between the notes in this clip?
A. tritone
B. octave
C. major seventh
D. minor second
Answer with the letter of the correct option only (A, B, C, or D). Do not explain.",tritone|octave|major seventh|minor second,octave,B,octave,True,,"{""interval_short"": ""P8"", ""presentation"": ""melodic_desc"", ""program"": ""violin"", ""root"": 57, ""root_name"": ""A3"", ""semitones"": 12, ""soundfont"": ""timgm""}"
interval_id/P8_melodic_desc_57_2::audio::open,interval_id/P8_melodic_desc_57_2,interval_id,audio,open,2,stimuli/intervals/P8_melodic_desc_57_2.wav,"What interval do you hear between the notes in this clip?
Give a short, direct answer.",,octave,Perfect fifth,Perfect fifth,False,,"{""interval_short"": ""P8"", ""presentation"": ""melodic_desc"", ""program"": ""violin"", ""root"": 57, ""root_name"": ""A3"", ""semitones"": 12, ""soundfont"": ""timgm""}"
interval_id/TT_harmonic_54_3::audio::mcq,interval_id/TT_harmonic_54_3,interval_id,audio,mcq,1,stimuli/intervals/TT_harmonic_54_3.wav,"Listen to the two pitches. Name the interval they form.
A. minor seventh
B. perfect fourth
C. tritone
D. perfect fifth
Answer with the letter of the correct option only (A, B, C, or D). Do not explain.",minor seventh|perfect fourth|tritone|perfect fifth,tritone,D,perfect fifth,False,,"{""interval_short"": ""TT"", ""presentation"": ""harmonic"", ""program"": ""flute"", ""root"": 54, ""root_name"": ""F#3"", ""semitones"": 6, ""soundfont"": ""fluidr3""}"
interval_id/TT_harmonic_55_2::audio::mcq,interval_id/TT_harmonic_55_2,interval_id,audio,mcq,2,stimuli/intervals/TT_harmonic_55_2.wav,"What interval do you hear between the notes in this clip?
A. perfect fourth
B. minor third
C. perfect fifth
D. tritone
Answer with the letter of the correct option only (A, B, C, or D). Do not explain.",perfect fourth|minor third|perfect fifth|tritone,tritone,C,perfect fifth,False,,"{""interval_short"": ""TT"", ""presentation"": ""harmonic"", ""program"": ""flute"", ""root"": 55, ""root_name"": ""G3"", ""semitones"": 6, ""soundfont"": ""timgm""}"
interval_id/TT_harmonic_60_1::audio::mcq,interval_id/TT_harmonic_60_1,interval_id,audio,mcq,2,stimuli/intervals/TT_harmonic_60_1.wav,"What interval do you hear between the notes in this clip?
A. tritone
B. perfect fourth
C. perfect fifth
D. major third
Answer with the letter of the correct option only (A, B, C, or D). Do not explain.",tritone|perfect fourth|perfect fifth|major third,tritone,C,perfect fifth,False,,"{""interval_short"": ""TT"", ""presentation"": ""harmonic"", ""program"": ""violin"", ""root"": 60, ""root_name"": ""C4"", ""semitones"": 6, ""soundfont"": ""fluidr3""}"
interval_id/TT_harmonic_64_0::audio::mcq,interval_id/TT_harmonic_64_0,interval_id,audio,mcq,1,stimuli/intervals/TT_harmonic_64_0.wav,"Listen to the two pitches. Name the interval they form.
A. tritone
B. major sixth
C. perfect fourth
D. perfect fifth
Answer with the letter of the correct option only (A, B, C, or D). Do not explain.",tritone|major sixth|perfect fourth|perfect fifth,tritone,D,perfect fifth,False,,"{""interval_short"": ""TT"", ""presentation"": ""harmonic"", ""program"": ""flute"", ""root"": 64, ""root_name"": ""E4"", ""semitones"": 6, ""soundfont"": ""musescore""}"
interval_id/TT_harmonic_64_0::audio::open,interval_id/TT_harmonic_64_0,interval_id,audio,open,0,stimuli/intervals/TT_harmonic_64_0.wav,"Two notes are played. What is the musical interval between them?
Give a short, direct answer.",,tritone,Perfect fifth,Perfect fifth,False,,"{""interval_short"": ""TT"", ""presentation"": ""harmonic"", ""program"": ""flute"", ""root"": 64, ""root_name"": ""E4"", ""semitones"": 6, ""soundfont"": ""musescore""}"
interval_id/TT_melodic_asc_51_0::audio::mcq,interval_id/TT_melodic_asc_51_0,interval_id,audio,mcq,1,stimuli/intervals/TT_melodic_asc_51_0.wav,"Listen to the two pitches. Name the interval they form.
A. perfect fourth
B. perfect fifth
C. minor third
D. tritone
Answer with the letter of the correct option only (A, B, C, or D). Do not explain.",perfect fourth|perfect fifth|minor third|tritone,tritone,B,perfect fifth,False,,"{""interval_short"": ""TT"", ""presentation"": ""melodic_asc"", ""program"": ""synth_lead"", ""root"": 51, ""root_name"": ""D#3"", ""semitones"": 6, ""soundfont"": ""musescore""}"
interval_id/TT_melodic_asc_54_3::audio::mcq,interval_id/TT_melodic_asc_54_3,interval_id,audio,mcq,2,stimuli/intervals/TT_melodic_asc_54_3.wav,"What interval do you hear between the notes in this clip?
A. tritone
B. perfect fifth
C. perfect fourth
D. minor sixth
Answer with the letter of the correct option only (A, B, C, or D). Do not explain.",tritone|perfect fifth|perfect fourth|minor sixth,tritone,C,perfect fourth,False,,"{""interval_short"": ""TT"", ""presentation"": ""melodic_asc"", ""program"": ""synth_lead"", ""root"": 54, ""root_name"": ""F#3"", ""semitones"": 6, ""soundfont"": ""fluidr3""}"
interval_id/TT_melodic_asc_63_1::audio::mcq,interval_id/TT_melodic_asc_63_1,interval_id,audio,mcq,1,stimuli/intervals/TT_melodic_asc_63_1.wav,"Listen to the two pitches. Name the interval they form.
A. tritone
B. minor third
C. perfect fourth
D. perfect fifth
Answer with the letter of the correct option only (A, B, C, or D). Do not explain.",tritone|minor third|perfect fourth|perfect fifth,tritone,D,perfect fifth,False,,"{""interval_short"": ""TT"", ""presentation"": ""melodic_asc"", ""program"": ""piano"", ""root"": 63, ""root_name"": ""D#4"", ""semitones"": 6, ""soundfont"": ""fluidr3""}"
interval_id/TT_melodic_asc_71_2::audio::mcq,interval_id/TT_melodic_asc_71_2,interval_id,audio,mcq,1,stimuli/intervals/TT_melodic_asc_71_2.wav,"Listen to the two pitches. Name the interval they form.
A. minor second
B. perfect fourth
C. tritone
D. perfect fifth
Answer with the letter of the correct option only (A, B, C, or D). Do not explain.",minor second|perfect fourth|tritone|perfect fifth,tritone,D,perfect fifth,False,,"{""interval_short"": ""TT"", ""presentation"": ""melodic_asc"", ""program"": ""flute"", ""root"": 71, ""root_name"": ""B4"", ""semitones"": 6, ""soundfont"": ""musescore""}"
interval_id/TT_melodic_desc_51_3::audio::mcq,interval_id/TT_melodic_desc_51_3,interval_id,audio,mcq,1,stimuli/intervals/TT_melodic_desc_51_3.wav,"Listen to the two pitches. Name the interval they form.
A. perfect fifth
B. minor seventh
C. perfect fourth
D. tritone
Answer with the letter of the correct option only (A, B, C, or D). Do not explain.",perfect fifth|minor seventh|perfect fourth|tritone,tritone,C,perfect fourth,False,,"{""interval_short"": ""TT"", ""presentation"": ""melodic_desc"", ""program"": ""violin"", ""root"": 51, ""root_name"": ""D#3"", ""semitones"": 6, ""soundfont"": ""timgm""}"
interval_id/TT_melodic_desc_52_1::audio::mcq,interval_id/TT_melodic_desc_52_1,interval_id,audio,mcq,1,stimuli/intervals/TT_melodic_desc_52_1.wav,"Listen to the two pitches. Name the interval they form.
A. perfect fifth
B. perfect fourth
C. minor second
D. tritone
Answer with the letter of the correct option only (A, B, C, or D). Do not explain.",perfect fifth|perfect fourth|minor second|tritone,tritone,B,perfect fourth,False,,"{""interval_short"": ""TT"", ""presentation"": ""melodic_desc"", ""program"": ""synth_lead"", ""root"": 52, ""root_name"": ""E3"", ""semitones"": 6, ""soundfont"": ""musescore""}"
interval_id/TT_melodic_desc_52_1::audio::open,interval_id/TT_melodic_desc_52_1,interval_id,audio,open,2,stimuli/intervals/TT_melodic_desc_52_1.wav,"What interval do you hear between the notes in this clip?
Give a short, direct answer.",,tritone,Perfect fifth,Perfect fifth,False,,"{""interval_short"": ""TT"", ""presentation"": ""melodic_desc"", ""program"": ""synth_lead"", ""root"": 52, ""root_name"": ""E3"", ""semitones"": 6, ""soundfont"": ""musescore""}"
interval_id/TT_melodic_desc_52_2::audio::mcq,interval_id/TT_melodic_desc_52_2,interval_id,audio,mcq,2,stimuli/intervals/TT_melodic_desc_52_2.wav,"What interval do you hear between the notes in this clip?
A. perfect fifth
B. perfect fourth
C. tritone
D. major second
Answer with the letter of the correct option only (A, B, C, or D). Do not explain.",perfect fifth|perfect fourth|tritone|major second,tritone,A,perfect fifth,False,,"{""interval_short"": ""TT"", ""presentation"": ""melodic_desc"", ""program"": ""flute"", ""root"": 52, ""root_name"": ""E3"", ""semitones"": 6, ""soundfont"": ""fluidr3""}"
interval_id/TT_melodic_desc_57_0::audio::mcq,interval_id/TT_melodic_desc_57_0,interval_id,audio,mcq,0,stimuli/intervals/TT_melodic_desc_57_0.wav,"Two notes are played. What is the musical interval between them?
A. perfect fifth
B. minor seventh
C. perfect fourth
D. tritone
Answer with the letter of the correct option only (A, B, C, or D). Do not explain.",perfect fifth|minor seventh|perfect fourth|tritone,tritone,C,perfect fourth,False,,"{""interval_short"": ""TT"", ""presentation"": ""melodic_desc"", ""program"": ""piano"", ""root"": 57, ""root_name"": ""A3"", ""semitones"": 6, ""soundfont"": ""timgm""}"
interval_id/TT_melodic_desc_57_0::audio::explain,interval_id/TT_melodic_desc_57_0,interval_id,audio,explain,1,stimuli/intervals/TT_melodic_desc_57_0.wav,"Listen to the two pitches. Name the interval they form.
First give your answer. Then explain exactly what you heard that supports it: name the specific notes/chords/beats and their approximate timestamps in seconds.",,tritone,"The interval is a minor third. I heard a G major chord at 0.46s, followed by an E major chord at 0.56s.",,,,"{""interval_short"": ""TT"", ""presentation"": ""melodic_desc"", ""program"": ""piano"", ""root"": 57, ""root_name"": ""A3"", ""semitones"": 6, ""soundfont"": ""timgm""}"
interval_id/m2_harmonic_57_3::audio::mcq,interval_id/m2_harmonic_57_3,interval_id,audio,mcq,0,stimuli/intervals/m2_harmonic_57_3.wav,"Two notes are played. What is the musical interval between them?
A. major third
B. minor second
C. major sixth
D. major second
Answer with the letter of the correct option only (A, B, C, or D). Do not explain.",major third|minor second|major sixth|major second,minor second,D,major second,False,,"{""interval_short"": ""m2"", ""presentation"": ""harmonic"", ""program"": ""piano"", ""root"": 57, ""root_name"": ""A3"", ""semitones"": 1, ""soundfont"": ""musescore""}"
interval_id/m2_harmonic_59_1::audio::mcq,interval_id/m2_harmonic_59_1,interval_id,audio,mcq,1,stimuli/intervals/m2_harmonic_59_1.wav,"Listen to the two pitches. Name the interval they form.
A. minor second
B. minor third
C. major second
D. octave
Answer with the letter of the correct option only (A, B, C, or D). Do not explain.",minor second|minor third|major second|octave,minor second,D,octave,False,,"{""interval_short"": ""m2"", ""presentation"": ""harmonic"", ""program"": ""violin"", ""root"": 59, ""root_name"": ""B3"", ""semitones"": 1, ""soundfont"": ""musescore""}"
interval_id/m2_harmonic_67_2::audio::mcq,interval_id/m2_harmonic_67_2,interval_id,audio,mcq,2,stimuli/intervals/m2_harmonic_67_2.wav,"What interval do you hear between the notes in this clip?
A. major second
B. minor third
C. minor second
D. major third
Answer with the letter of the correct option only (A, B, C, or D). Do not explain.",major second|minor third|minor second|major third,minor second,C,minor second,True,,"{""interval_short"": ""m2"", ""presentation"": ""harmonic"", ""program"": ""violin"", ""root"": 67, ""root_name"": ""G4"", ""semitones"": 1, ""soundfont"": ""timgm""}"
interval_id/m2_harmonic_69_0::audio::mcq,interval_id/m2_harmonic_69_0,interval_id,audio,mcq,1,stimuli/intervals/m2_harmonic_69_0.wav,"Listen to the two pitches. Name the interval they form.
A. minor third
B. major second
C. minor second
D. major sixth
Answer with the letter of the correct option only (A, B, C, or D). Do not explain.",minor third|major second|minor second|major sixth,minor second,C,minor second,True,,"{""interval_short"": ""m2"", ""presentation"": ""harmonic"", ""program"": ""violin"", ""root"": 69, ""root_name"": ""A4"", ""semitones"": 1, ""soundfont"": ""musescore""}"
interval_id/m2_harmonic_69_0::audio::open,interval_id/m2_harmonic_69_0,interval_id,audio,open,0,stimuli/intervals/m2_harmonic_69_0.wav,"Two notes are played. What is the musical interval between them?
Give a short, direct answer.",,minor second,Perfect fifth,Perfect fifth,False,,"{""interval_short"": ""m2"", ""presentation"": ""harmonic"", ""program"": ""violin"", ""root"": 69, ""root_name"": ""A4"", ""semitones"": 1, ""soundfont"": ""musescore""}"
interval_id/m2_melodic_asc_54_2::audio::mcq,interval_id/m2_melodic_asc_54_2,interval_id,audio,mcq,0,stimuli/intervals/m2_melodic_asc_54_2.wav,"Two notes are played. What is the musical interval between them?
A. minor second
B. major second
C. perfect fourth
D. minor seventh
Answer with the letter of the correct option only (A, B, C, or D). Do not explain.",minor second|major second|perfect fourth|minor seventh,minor second,B,major second,False,,"{""interval_short"": ""m2"", ""presentation"": ""melodic_asc"", ""program"": ""violin"", ""root"": 54, ""root_name"": ""F#3"", ""semitones"": 1, ""soundfont"": ""musescore""}"
interval_id/m2_melodic_asc_55_1::audio::mcq,interval_id/m2_melodic_asc_55_1,interval_id,audio,mcq,0,stimuli/intervals/m2_melodic_asc_55_1.wav,"Two notes are played. What is the musical interval between them?
A. minor second
B. perfect fourth
C. major second
D. minor seventh
Answer with the letter of the correct option only (A, B, C, or D). Do not explain.",minor second|perfect fourth|major second|minor seventh,minor second,C,major second,False,,"{""interval_short"": ""m2"", ""presentation"": ""melodic_asc"", ""program"": ""flute"", ""root"": 55, ""root_name"": ""G3"", ""semitones"": 1, ""soundfont"": ""fluidr3""}"
interval_id/m2_melodic_asc_56_0::audio::mcq,interval_id/m2_melodic_asc_56_0,interval_id,audio,mcq,1,stimuli/intervals/m2_melodic_asc_56_0.wav,"Listen to the two pitches. Name the interval they form.
A. minor second
B. major sixth
C. minor sixth
D. major second
Answer with the letter of the correct option only (A, B, C, or D). Do not explain.",minor second|major sixth|minor sixth|major second,minor second,D,major second,False,,"{""interval_short"": ""m2"", ""presentation"": ""melodic_asc"", ""program"": ""violin"", ""root"": 56, ""root_name"": ""G#3"", ""semitones"": 1, ""soundfont"": ""timgm""}"
interval_id/m2_melodic_asc_56_3::audio::mcq,interval_id/m2_melodic_asc_56_3,interval_id,audio,mcq,1,stimuli/intervals/m2_melodic_asc_56_3.wav,"Listen to the two pitches. Name the interval they form.
A. minor second
B. major sixth
C. major seventh
D. major second
Answer with the letter of the correct option only (A, B, C, or D). Do not explain.",minor second|major sixth|major seventh|major second,minor second,D,major second,False,,"{""interval_short"": ""m2"", ""presentation"": ""melodic_asc"", ""program"": ""flute"", ""root"": 56, ""root_name"": ""G#3"", ""semitones"": 1, ""soundfont"": ""timgm""}"
interval_id/m2_melodic_desc_52_2::audio::mcq,interval_id/m2_melodic_desc_52_2,interval_id,audio,mcq,1,stimuli/intervals/m2_melodic_desc_52_2.wav,"Listen to the two pitches. Name the interval they form.
A. octave
B. minor second
C. major third
D. major second
Answer with the letter of the correct option only (A, B, C, or D). Do not explain.",octave|minor second|major third|major second,minor second,D,major second,False,,"{""interval_short"": ""m2"", ""presentation"": ""melodic_desc"", ""program"": ""piano"", ""root"": 52, ""root_name"": ""E3"", ""semitones"": 1, ""soundfont"": ""musescore""}"
interval_id/m2_melodic_desc_54_0::audio::mcq,interval_id/m2_melodic_desc_54_0,interval_id,audio,mcq,0,stimuli/intervals/m2_melodic_desc_54_0.wav,"Two notes are played. What is the musical interval between them?
A. minor second
B. major second
C. perfect fifth
D. minor seventh
Answer with the letter of the correct option only (A, B, C, or D). Do not explain.",minor second|major second|perfect fifth|minor seventh,minor second,B,major second,False,,"{""interval_short"": ""m2"", ""presentation"": ""melodic_desc"", ""program"": ""piano"", ""root"": 54, ""root_name"": ""F#3"", ""semitones"": 1, ""soundfont"": ""fluidr3""}"
interval_id/m2_melodic_desc_54_0::audio::explain,interval_id/m2_melodic_desc_54_0,interval_id,audio,explain,2,stimuli/intervals/m2_melodic_desc_54_0.wav,"What interval do you hear between the notes in this clip?
First give your answer. Then explain exactly what you heard that supports it: name the specific notes/chords/beats and their approximate timestamps in seconds.",,minor second,"The interval is a perfect fifth. I heard a single sustained B major chord from 0.000s to 5.380s, which consists of the notes B (root), F♯ (perfect fifth), and G♯ (major third). The perfect fifth is the interval between B and F♯, and it is clearly present as the foundational harmonic interval in this chord.",,,,"{""interval_short"": ""m2"", ""presentation"": ""melodic_desc"", ""program"": ""piano"", ""root"": 54, ""root_name"": ""F#3"", ""semitones"": 1, ""soundfont"": ""fluidr3""}"
interval_id/m2_melodic_desc_55_1::audio::mcq,interval_id/m2_melodic_desc_55_1,interval_id,audio,mcq,1,stimuli/intervals/m2_melodic_desc_55_1.wav,"Listen to the two pitches. Name the interval they form.
A. minor second
B. perfect fifth
C. major second
D. octave
Answer with the letter of the correct option only (A, B, C, or D). Do not explain.",minor second|perfect fifth|major second|octave,minor second,C,major second,False,,"{""interval_short"": ""m2"", ""presentation"": ""melodic_desc"", ""program"": ""piano"", ""root"": 55, ""root_name"": ""G3"", ""semitones"": 1, ""soundfont"": ""musescore""}"
interval_id/m2_melodic_desc_57_3::audio::mcq,interval_id/m2_melodic_desc_57_3,interval_id,audio,mcq,2,stimuli/intervals/m2_melodic_desc_57_3.wav,"What interval do you hear between the notes in this clip?
A. major seventh
B. minor second
C. major second
D. tritone
Answer with the letter of the correct option only (A, B, C, or D). Do not explain.",major seventh|minor second|major second|tritone,minor second,C,major second,False,,"{""interval_short"": ""m2"", ""presentation"": ""melodic_desc"", ""program"": ""piano"", ""root"": 57, ""root_name"": ""A3"", ""semitones"": 1, ""soundfont"": ""timgm""}"
interval_id/m2_melodic_desc_57_3::audio::open,interval_id/m2_melodic_desc_57_3,interval_id,audio,open,1,stimuli/intervals/m2_melodic_desc_57_3.wav,"Listen to the two pitches. Name the interval they form.
Give a short, direct answer.",,minor second,minor third,minor third,False,,"{""interval_short"": ""m2"", ""presentation"": ""melodic_desc"", ""program"": ""piano"", ""root"": 57, ""root_name"": ""A3"", ""semitones"": 1, ""soundfont"": ""timgm""}"
interval_id/m3_harmonic_48_3::audio::mcq,interval_id/m3_harmonic_48_3,interval_id,audio,mcq,2,stimuli/intervals/m3_harmonic_48_3.wav,"What interval do you hear between the notes in this clip?
A. major sixth
B. minor third
C. major third
D. major second
Answer with the letter of the correct option only (A, B, C, or D). Do not explain.",major sixth|minor third|major third|major second,minor third,C,major third,False,,"{""interval_short"": ""m3"", ""presentation"": ""harmonic"", ""program"": ""synth_lead"", ""root"": 48, ""root_name"": ""C3"", ""semitones"": 3, ""soundfont"": ""fluidr3""}"
interval_id/m3_harmonic_53_1::audio::mcq,interval_id/m3_harmonic_53_1,interval_id,audio,mcq,0,stimuli/intervals/m3_harmonic_53_1.wav,"Two notes are played. What is the musical interval between them?
A. minor third
B. major third
C. major second
D. major sixth
Answer with the letter of the correct option only (A, B, C, or D). Do not explain.",minor third|major third|major second|major sixth,minor third,B,major third,False,,"{""interval_short"": ""m3"", ""presentation"": ""harmonic"", ""program"": ""piano"", ""root"": 53, ""root_name"": ""F3"", ""semitones"": 3, ""soundfont"": ""timgm""}"
interval_id/m3_harmonic_61_0::audio::mcq,interval_id/m3_harmonic_61_0,interval_id,audio,mcq,1,stimuli/intervals/m3_harmonic_61_0.wav,"Listen to the two pitches. Name the interval they form.
A. major second
B. major seventh
C. major third
D. minor third
Answer with the letter of the correct option only (A, B, C, or D). Do not explain.",major second|major seventh|major third|minor third,minor third,C,major third,False,,"{""interval_short"": ""m3"", ""presentation"": ""harmonic"", ""program"": ""flute"", ""root"": 61, ""root_name"": ""C#4"", ""semitones"": 3, ""soundfont"": ""musescore""}"
interval_id/m3_harmonic_71_2::audio::mcq,interval_id/m3_harmonic_71_2,interval_id,audio,mcq,0,stimuli/intervals/m3_harmonic_71_2.wav,"Two notes are played. What is the musical interval between them?
A. minor third
B. major third
C. octave
D. major second
Answer with the letter of the correct option only (A, B, C, or D). Do not explain.",minor third|major third|octave|major second,minor third,B,major third,False,,"{""interval_short"": ""m3"", ""presentation"": ""harmonic"", ""program"": ""flute"", ""root"": 71, ""root_name"": ""B4"", ""semitones"": 3, ""soundfont"": ""fluidr3""}"
interval_id/m3_melodic_asc_49_1::audio::mcq,interval_id/m3_melodic_asc_49_1,interval_id,audio,mcq,2,stimuli/intervals/m3_melodic_asc_49_1.wav,"What interval do you hear between the notes in this clip?
A. minor third
B. major second
C. major third
D. octave
Answer with the letter of the correct option only (A, B, C, or D). Do not explain.",minor third|major second|major third|octave,minor third,C,major third,False,,"{""interval_short"": ""m3"", ""presentation"": ""melodic_asc"", ""program"": ""piano"", ""root"": 49, ""root_name"": ""C#3"", ""semitones"": 3, ""soundfont"": ""musescore""}"
interval_id/m3_melodic_asc_49_1::audio::open,interval_id/m3_melodic_asc_49_1,interval_id,audio,open,2,stimuli/intervals/m3_melodic_asc_49_1.wav,"What interval do you hear between the notes in this clip?
Give a short, direct answer.",,minor third,Perfect fifth,Perfect fifth,False,,"{""interval_short"": ""m3"", ""presentation"": ""melodic_asc"", ""program"": ""piano"", ""root"": 49, ""root_name"": ""C#3"", ""semitones"": 3, ""soundfont"": ""musescore""}"
interval_id/m3_melodic_asc_49_2::audio::mcq,interval_id/m3_melodic_asc_49_2,interval_id,audio,mcq,1,stimuli/intervals/m3_melodic_asc_49_2.wav,"Listen to the two pitches. Name the interval they form.
A. major third
B. minor third
C. major sixth
D. major second
Answer with the letter of the correct option only (A, B, C, or D). Do not explain.",major third|minor third|major sixth|major second,minor third,D,major second,False,,"{""interval_short"": ""m3"", ""presentation"": ""melodic_asc"", ""program"": ""synth_lead"", ""root"": 49, ""root_name"": ""C#3"", ""semitones"": 3, ""soundfont"": ""musescore""}"
interval_id/m3_melodic_asc_67_0::audio::mcq,interval_id/m3_melodic_asc_67_0,interval_id,audio,mcq,1,stimuli/intervals/m3_melodic_asc_67_0.wav,"Listen to the two pitches. Name the interval they form.
A. major third
B. minor third
C. perfect fourth
D. major second
Answer with the letter of the correct option only (A, B, C, or D). Do not explain.",major third|minor third|perfect fourth|major second,minor third,B,minor third,True,,"{""interval_short"": ""m3"", ""presentation"": ""melodic_asc"", ""program"": ""violin"", ""root"": 67, ""root_name"": ""G4"", ""semitones"": 3, ""soundfont"": ""timgm""}"
interval_id/m3_melodic_asc_67_0::audio::explain,interval_id/m3_melodic_asc_67_0,interval_id,audio,explain,2,stimuli/intervals/m3_melodic_asc_67_0.wav,"What interval do you hear between the notes in this clip?
First give your answer. Then explain exactly what you heard that supports it: name the specific notes/chords/beats and their approximate timestamps in seconds.",,minor third,"The interval is a minor third. I heard a single sustained G4 note from 0.000s to 0.200s, followed by a sustained C4 note from 0.200s to 1.000s. The pitch relationship between G and C is a minor third, as C is the third scale degree below G in the G minor scale.",,,,"{""interval_short"": ""m3"", ""presentation"": ""melodic_asc"", ""program"": ""violin"", ""root"": 67, ""root_name"": ""G4"", ""semitones"": 3, ""soundfont"": ""timgm""}"
interval_id/m3_melodic_asc_71_3::audio::mcq,interval_id/m3_melodic_asc_71_3,interval_id,audio,mcq,0,stimuli/intervals/m3_melodic_asc_71_3.wav,"Two notes are played. What is the musical interval between them?
A. minor third
B. major seventh
C. major third
D. major second
Answer with the letter of the correct option only (A, B, C, or D). Do not explain.",minor third|major seventh|major third|major second,minor third,C,major third,False,,"{""interval_short"": ""m3"", ""presentation"": ""melodic_asc"", ""program"": ""synth_lead"", ""root"": 71, ""root_name"": ""B4"", ""semitones"": 3, ""soundfont"": ""fluidr3""}"
interval_id/m3_melodic_desc_50_2::audio::mcq,interval_id/m3_melodic_desc_50_2,interval_id,audio,mcq,1,stimuli/intervals/m3_melodic_desc_50_2.wav,"Listen to the two pitches. Name the interval they form.
A. minor third
B. major third
C. major sixth
D. major second
Answer with the letter of the correct option only (A, B, C, or D). Do not explain.",minor third|major third|major sixth|major second,minor third,D,major second,False,,"{""interval_short"": ""m3"", ""presentation"": ""melodic_desc"", ""program"": ""piano"", ""root"": 50, ""root_name"": ""D3"", ""semitones"": 3, ""soundfont"": ""musescore""}"
interval_id/m3_melodic_desc_53_3::audio::mcq,interval_id/m3_melodic_desc_53_3,interval_id,audio,mcq,2,stimuli/intervals/m3_melodic_desc_53_3.wav,"What interval do you hear between the notes in this clip?
A. major second
B. minor third
C. major third
D. minor seventh
Answer with the letter of the correct option only (A, B, C, or D). Do not explain.",major second|minor third|major third|minor seventh,minor third,C,major third,False,,"{""interval_short"": ""m3"", ""presentation"": ""melodic_desc"", ""program"": ""flute"", ""root"": 53, ""root_name"": ""F3"", ""semitones"": 3, ""soundfont"": ""timgm""}"
interval_id/m3_melodic_desc_53_3::audio::explain,interval_id/m3_melodic_desc_53_3,interval_id,audio,explain,2,stimuli/intervals/m3_melodic_desc_53_3.wav,"What interval do you hear between the notes in this clip?
First give your answer. Then explain exactly what you heard that supports it: name the specific notes/chords/beats and their approximate timestamps in seconds.",,minor third,"The interval is a perfect fifth. I heard a single sustained F# note from 0.000s to 0.167s, followed by a sustained C note from 0.167s to 1.333s. The pitch relationship between F# and C is a perfect fifth, as C is the fifth scale degree above F# in the key of F# major.",,,,"{""interval_short"": ""m3"", ""presentation"": ""melodic_desc"", ""program"": ""flute"", ""root"": 53, ""root_name"": ""F3"", ""semitones"": 3, ""soundfont"": ""timgm""}"
interval_id/m3_melodic_desc_56_0::audio::mcq,interval_id/m3_melodic_desc_56_0,interval_id,audio,mcq,0,stimuli/intervals/m3_melodic_desc_56_0.wav,"Two notes are played. What is the musical interval between them?
A. major sixth
B. major third
C. minor third
D. major second
Answer with the letter of the correct option only (A, B, C, or D). Do not explain.",major sixth|major third|minor third|major second,minor third,B,major third,False,,"{""interval_short"": ""m3"", ""presentation"": ""melodic_desc"", ""program"": ""violin"", ""root"": 56, ""root_name"": ""G#3"", ""semitones"": 3, ""soundfont"": ""timgm""}"
interval_id/m3_melodic_desc_67_1::audio::mcq,interval_id/m3_melodic_desc_67_1,interval_id,audio,mcq,0,stimuli/intervals/m3_melodic_desc_67_1.wav,"Two notes are played. What is the musical interval between them?
A. minor third
B. major second
C. major third
D. tritone
Answer with the letter of the correct option only (A, B, C, or D). Do not explain.",minor third|major second|major third|tritone,minor third,C,major third,False,,"{""interval_short"": ""m3"", ""presentation"": ""melodic_desc"", ""program"": ""flute"", ""root"": 67, ""root_name"": ""G4"", ""semitones"": 3, ""soundfont"": ""timgm""}"
interval_id/m3_melodic_desc_67_1::audio::open,interval_id/m3_melodic_desc_67_1,interval_id,audio,open,2,stimuli/intervals/m3_melodic_desc_67_1.wav,"What interval do you hear between the notes in this clip?
Give a short, direct answer.",,minor third,Perfect fifth,Perfect fifth,False,,"{""interval_short"": ""m3"", ""presentation"": ""melodic_desc"", ""program"": ""flute"", ""root"": 67, ""root_name"": ""G4"", ""semitones"": 3, ""soundfont"": ""timgm""}"
interval_id/m6_harmonic_58_0::audio::mcq,interval_id/m6_harmonic_58_0,interval_id,audio,mcq,1,stimuli/intervals/m6_harmonic_58_0.wav,"Listen to the two pitches. Name the interval they form.
A. minor sixth
B. major sixth
C. perfect fifth
D. major second
Answer with the letter of the correct option only (A, B, C, or D). Do not explain.",minor sixth|major sixth|perfect fifth|major second,minor sixth,B,major sixth,False,,"{""interval_short"": ""m6"", ""presentation"": ""harmonic"", ""program"": ""piano"", ""root"": 58, ""root_name"": ""A#3"", ""semitones"": 8, ""soundfont"": ""musescore""}"
interval_id/m6_harmonic_58_0::audio::explain,interval_id/m6_harmonic_58_0,interval_id,audio,explain,0,stimuli/intervals/m6_harmonic_58_0.wav,"Two notes are played. What is the musical interval between them?
First give your answer. Then explain exactly what you heard that supports it: name the specific notes/chords/beats and their approximate timestamps in seconds.",,minor sixth,"The interval is a minor third. I heard a single piano note, C#, played at 0.46s, followed by a second note, E, at 1.20s. The space between these two pitches forms a minor third interval.",,,,"{""interval_short"": ""m6"", ""presentation"": ""harmonic"", ""program"": ""piano"", ""root"": 58, ""root_name"": ""A#3"", ""semitones"": 8, ""soundfont"": ""musescore""}"
interval_id/m6_harmonic_58_3::audio::mcq,interval_id/m6_harmonic_58_3,interval_id,audio,mcq,1,stimuli/intervals/m6_harmonic_58_3.wav,"Listen to the two pitches. Name the interval they form.
A. minor sixth
B. perfect fifth
C. major sixth
D. minor second
Answer with the letter of the correct option only (A, B, C, or D). Do not explain.",minor sixth|perfect fifth|major sixth|minor second,minor sixth,B,perfect fifth,False,,"{""interval_short"": ""m6"", ""presentation"": ""harmonic"", ""program"": ""flute"", ""root"": 58, ""root_name"": ""A#3"", ""semitones"": 8, ""soundfont"": ""timgm""}"
interval_id/m6_harmonic_58_3::audio::open,interval_id/m6_harmonic_58_3,interval_id,audio,open,0,stimuli/intervals/m6_harmonic_58_3.wav,"Two notes are played. What is the musical interval between them?
Give a short, direct answer.",,minor sixth,Perfect fifth,Perfect fifth,False,,"{""interval_short"": ""m6"", ""presentation"": ""harmonic"", ""program"": ""flute"", ""root"": 58, ""root_name"": ""A#3"", ""semitones"": 8, ""soundfont"": ""timgm""}"
interval_id/m6_harmonic_61_1::audio::mcq,interval_id/m6_harmonic_61_1,interval_id,audio,mcq,0,stimuli/intervals/m6_harmonic_61_1.wav,"Two notes are played. What is the musical interval between them?
A. perfect fifth
B. major second
C. major sixth
D. minor sixth
Answer with the letter of the correct option only (A, B, C, or D). Do not explain.",perfect fifth|major second|major sixth|minor sixth,minor sixth,C,major sixth,False,,"{""interval_short"": ""m6"", ""presentation"": ""harmonic"", ""program"": ""synth_lead"", ""root"": 61, ""root_name"": ""C#4"", ""semitones"": 8, ""soundfont"": ""timgm""}"
interval_id/m6_harmonic_61_1::audio::open,interval_id/m6_harmonic_61_1,interval_id,audio,open,2,stimuli/intervals/m6_harmonic_61_1.wav,"What interval do you hear between the notes in this clip?
Give a short, direct answer.",,minor sixth,Perfect fifth,Perfect fifth,False,,"{""interval_short"": ""m6"", ""presentation"": ""harmonic"", ""program"": ""synth_lead"", ""root"": 61, ""root_name"": ""C#4"", ""semitones"": 8, ""soundfont"": ""timgm""}"
interval_id/m6_harmonic_69_2::audio::mcq,interval_id/m6_harmonic_69_2,interval_id,audio,mcq,2,stimuli/intervals/m6_harmonic_69_2.wav,"What interval do you hear between the notes in this clip?
A. minor sixth
B. major seventh
C. perfect fifth
D. major sixth
Answer with the letter of the correct option only (A, B, C, or D). Do not explain.",minor sixth|major seventh|perfect fifth|major sixth,minor sixth,D,major sixth,False,,"{""interval_short"": ""m6"", ""presentation"": ""harmonic"", ""program"": ""piano"", ""root"": 69, ""root_name"": ""A4"", ""semitones"": 8, ""soundfont"": ""musescore""}"
interval_id/m6_harmonic_69_2::audio::explain,interval_id/m6_harmonic_69_2,interval_id,audio,explain,0,stimuli/intervals/m6_harmonic_69_2.wav,"Two notes are played. What is the musical interval between them?
First give your answer. Then explain exactly what you heard that supports it: name the specific notes/chords/beats and their approximate timestamps in seconds.",,minor sixth,"The interval is a perfect fifth. I heard a single piano note at 0.46s, which is C5, and another note at 1.11s, which is G5. The distance between these two pitches spans a perfect fifth, as G is the fifth scale degree above C in the C major scale.",,,,"{""interval_short"": ""m6"", ""presentation"": ""harmonic"", ""program"": ""piano"", ""root"": 69, ""root_name"": ""A4"", ""semitones"": 8, ""soundfont"": ""musescore""}"
interval_id/m6_melodic_asc_60_1::audio::mcq,interval_id/m6_melodic_asc_60_1,interval_id,audio,mcq,0,stimuli/intervals/m6_melodic_asc_60_1.wav,"Two notes are played. What is the musical interval between them?
A. major sixth
B. minor sixth
C. perfect fifth
D. major third
Answer with the letter of the correct option only (A, B, C, or D). Do not explain.",major sixth|minor sixth|perfect fifth|major third,minor sixth,B,minor sixth,True,,"{""interval_short"": ""m6"", ""presentation"": ""melodic_asc"", ""program"": ""flute"", ""root"": 60, ""root_name"": ""C4"", ""semitones"": 8, ""soundfont"": ""timgm""}"
interval_id/m6_melodic_asc_61_0::audio::mcq,interval_id/m6_melodic_asc_61_0,interval_id,audio,mcq,1,stimuli/intervals/m6_melodic_asc_61_0.wav,"Listen to the two pitches. Name the interval they form.
A. minor sixth
B. major sixth
C. major third
D. perfect fifth
Answer with the letter of the correct option only (A, B, C, or D). Do not explain.",minor sixth|major sixth|major third|perfect fifth,minor sixth,C,major third,False,,"{""interval_short"": ""m6"", ""presentation"": ""melodic_asc"", ""program"": ""piano"", ""root"": 61, ""root_name"": ""C#4"", ""semitones"": 8, ""soundfont"": ""timgm""}"
interval_id/m6_melodic_asc_61_2::audio::mcq,interval_id/m6_melodic_asc_61_2,interval_id,audio,mcq,0,stimuli/intervals/m6_melodic_asc_61_2.wav,"Two notes are played. What is the musical interval between them?
A. major sixth
B. perfect fifth
C. minor seventh
D. minor sixth
Answer with the letter of the correct option only (A, B, C, or D). Do not explain.",major sixth|perfect fifth|minor seventh|minor sixth,minor sixth,D,minor sixth,True,,"{""interval_short"": ""m6"", ""presentation"": ""melodic_asc"", ""program"": ""flute"", ""root"": 61, ""root_name"": ""C#4"", ""semitones"": 8, ""soundfont"": ""timgm""}"
interval_id/m6_melodic_asc_69_3::audio::mcq,interval_id/m6_melodic_asc_69_3,interval_id,audio,mcq,1,stimuli/intervals/m6_melodic_asc_69_3.wav,"Listen to the two pitches. Name the interval they form.
A. major sixth
B. minor seventh
C. perfect fifth
D. minor sixth
Answer with the letter of the correct option only (A, B, C, or D). Do not explain.",major sixth|minor seventh|perfect fifth|minor sixth,minor sixth,A,major sixth,False,,"{""interval_short"": ""m6"", ""presentation"": ""melodic_asc"", ""program"": ""synth_lead"", ""root"": 69, ""root_name"": ""A4"", ""semitones"": 8, ""soundfont"": ""fluidr3""}"
interval_id/m6_melodic_asc_69_3::audio::open,interval_id/m6_melodic_asc_69_3,interval_id,audio,open,0,stimuli/intervals/m6_melodic_asc_69_3.wav,"Two notes are played. What is the musical interval between them?
Give a short, direct answer.",,minor sixth,minor third,minor third,False,,"{""interval_short"": ""m6"", ""presentation"": ""melodic_asc"", ""program"": ""synth_lead"", ""root"": 69, ""root_name"": ""A4"", ""semitones"": 8, ""soundfont"": ""fluidr3""}"
interval_id/m6_melodic_desc_48_3::audio::mcq,interval_id/m6_melodic_desc_48_3,interval_id,audio,mcq,0,stimuli/intervals/m6_melodic_desc_48_3.wav,"Two notes are played. What is the musical interval between them?
A. tritone
B. minor sixth
C. major sixth
D. perfect fifth
Answer with the letter of the correct option only (A, B, C, or D). Do not explain.",tritone|minor sixth|major sixth|perfect fifth,minor sixth,C,major sixth,False,,"{""interval_short"": ""m6"", ""presentation"": ""melodic_desc"", ""program"": ""piano"", ""root"": 48, ""root_name"": ""C3"", ""semitones"": 8, ""soundfont"": ""fluidr3""}"
interval_id/m6_melodic_desc_48_3::audio::open,interval_id/m6_melodic_desc_48_3,interval_id,audio,open,1,stimuli/intervals/m6_melodic_desc_48_3.wav,"Listen to the two pitches. Name the interval they form.
Give a short, direct answer.",,minor sixth,minor third,minor third,False,,"{""interval_short"": ""m6"", ""presentation"": ""melodic_desc"", ""program"": ""piano"", ""root"": 48, ""root_name"": ""C3"", ""semitones"": 8, ""soundfont"": ""fluidr3""}"
interval_id/m6_melodic_desc_57_2::audio::mcq,interval_id/m6_melodic_desc_57_2,interval_id,audio,mcq,0,stimuli/intervals/m6_melodic_desc_57_2.wav,"Two notes are played. What is the musical interval between them?
A. minor sixth
B. major second
C. major sixth
D. perfect fifth
Answer with the letter of the correct option only (A, B, C, or D). Do not explain.",minor sixth|major second|major sixth|perfect fifth,minor sixth,C,major sixth,False,,"{""interval_short"": ""m6"", ""presentation"": ""melodic_desc"", ""program"": ""piano"", ""root"": 57, ""root_name"": ""A3"", ""semitones"": 8, ""soundfont"": ""fluidr3""}"
interval_id/m6_melodic_desc_62_0::audio::mcq,interval_id/m6_melodic_desc_62_0,interval_id,audio,mcq,0,stimuli/intervals/m6_melodic_desc_62_0.wav,"Two notes are played. What is the musical interval between them?
A. major sixth
B. minor third
C. minor sixth
D. perfect fifth
Answer with the letter of the correct option only (A, B, C, or D). Do not explain.",major sixth|minor third|minor sixth|perfect fifth,minor sixth,C,minor sixth,True,,"{""interval_short"": ""m6"", ""presentation"": ""melodic_desc"", ""program"": ""flute"", ""root"": 62, ""root_name"": ""D4"", ""semitones"": 8, ""soundfont"": ""fluidr3""}"
interval_id/m6_melodic_desc_70_1::audio::mcq,interval_id/m6_melodic_desc_70_1,interval_id,audio,mcq,0,stimuli/intervals/m6_melodic_desc_70_1.wav,"Two notes are played. What is the musical interval between them?
A. perfect fifth
B. major sixth
C. tritone
D. minor sixth
Answer with the letter of the correct option only (A, B, C, or D). Do not explain.",perfect fifth|major sixth|tritone|minor sixth,minor sixth,B,major sixth,False,,"{""interval_short"": ""m6"", ""presentation"": ""melodic_desc"", ""program"": ""synth_lead"", ""root"": 70, ""root_name"": ""A#4"", ""semitones"": 8, ""soundfont"": ""timgm""}"
interval_id/m6_melodic_desc_70_1::audio::open,interval_id/m6_melodic_desc_70_1,interval_id,audio,open,1,stimuli/intervals/m6_melodic_desc_70_1.wav,"Listen to the two pitches. Name the interval they form.
Give a short, direct answer.",,minor sixth,minor third,minor third,False,,"{""interval_short"": ""m6"", ""presentation"": ""melodic_desc"", ""program"": ""synth_lead"", ""root"": 70, ""root_name"": ""A#4"", ""semitones"": 8, ""soundfont"": ""timgm""}"
interval_id/m7_harmonic_48_2::audio::mcq,interval_id/m7_harmonic_48_2,interval_id,audio,mcq,0,stimuli/intervals/m7_harmonic_48_2.wav,"Two notes are played. What is the musical interval between them?
A. major seventh
B. minor seventh
C. major second
D. major sixth
Answer with the letter of the correct option only (A, B, C, or D). Do not explain.",major seventh|minor seventh|major second|major sixth,minor seventh,A,major seventh,False,,"{""interval_short"": ""m7"", ""presentation"": ""harmonic"", ""program"": ""violin"", ""root"": 48, ""root_name"": ""C3"", ""semitones"": 10, ""soundfont"": ""fluidr3""}"
interval_id/m7_harmonic_53_3::audio::mcq,interval_id/m7_harmonic_53_3,interval_id,audio,mcq,2,stimuli/intervals/m7_harmonic_53_3.wav,"What interval do you hear between the notes in this clip?
A. minor seventh
B. perfect fifth
C. major sixth
D. major seventh
Answer with the letter of the correct option only (A, B, C, or D). Do not explain.",minor seventh|perfect fifth|major sixth|major seventh,minor seventh,D,major seventh,False,,"{""interval_short"": ""m7"", ""presentation"": ""harmonic"", ""program"": ""piano"", ""root"": 53, ""root_name"": ""F3"", ""semitones"": 10, ""soundfont"": ""timgm""}"
interval_id/m7_harmonic_53_3::audio::open,interval_id/m7_harmonic_53_3,interval_id,audio,open,0,stimuli/intervals/m7_harmonic_53_3.wav,"Two notes are played. What is the musical interval between them?
Give a short, direct answer.",,minor seventh,minor third,minor third,False,,"{""interval_short"": ""m7"", ""presentation"": ""harmonic"", ""program"": ""piano"", ""root"": 53, ""root_name"": ""F3"", ""semitones"": 10, ""soundfont"": ""timgm""}"
interval_id/m7_harmonic_57_1::audio::mcq,interval_id/m7_harmonic_57_1,interval_id,audio,mcq,1,stimuli/intervals/m7_harmonic_57_1.wav,"Listen to the two pitches. Name the interval they form.
A. major third
B. major sixth
C. major seventh
D. minor seventh
Answer with the letter of the correct option only (A, B, C, or D). Do not explain.",major third|major sixth|major seventh|minor seventh,minor seventh,A,major third,False,,"{""interval_short"": ""m7"", ""presentation"": ""harmonic"", ""program"": ""synth_lead"", ""root"": 57, ""root_name"": ""A3"", ""semitones"": 10, ""soundfont"": ""musescore""}"
interval_id/m7_harmonic_57_1::audio::explain,interval_id/m7_harmonic_57_1,interval_id,audio,explain,0,stimuli/intervals/m7_harmonic_57_1.wav,"Two notes are played. What is the musical interval between them?
First give your answer. Then explain exactly what you heard that supports it: name the specific notes/chords/beats and their approximate timestamps in seconds.",,minor seventh,"The interval is a perfect fifth. I heard a single D note played from 0.46s to 3.56s, which is a sustained tone with no harmonic movement. Since only one pitch is present, there is no interval between distinct notes. However, the question may imply the pitch class D as a reference, and the 'perfect fifth' could be a misinterpretation. In reality, no interval is audible due to the monophonic nature of the clip.",,,,"{""interval_short"": ""m7"", ""presentation"": ""harmonic"", ""program"": ""synth_lead"", ""root"": 57, ""root_name"": ""A3"", ""semitones"": 10, ""soundfont"": ""musescore""}"
interval_id/m7_harmonic_58_0::audio::mcq,interval_id/m7_harmonic_58_0,interval_id,audio,mcq,0,stimuli/intervals/m7_harmonic_58_0.wav,"Two notes are played. What is the musical interval between them?
A. minor seventh
B. major sixth
C. major second
D. major seventh
Answer with the letter of the correct option only (A, B, C, or D). Do not explain.",minor seventh|major sixth|major second|major seventh,minor seventh,C,major second,False,,"{""interval_short"": ""m7"", ""presentation"": ""harmonic"", ""program"": ""synth_lead"", ""root"": 58, ""root_name"": ""A#3"", ""semitones"": 10, ""soundfont"": ""fluidr3""}"
interval_id/m7_harmonic_58_0::audio::open,interval_id/m7_harmonic_58_0,interval_id,audio,open,0,stimuli/intervals/m7_harmonic_58_0.wav,"Two notes are played. What is the musical interval between them?
Give a short, direct answer.",,minor seventh,Perfect fifth,Perfect fifth,False,,"{""interval_short"": ""m7"", ""presentation"": ""harmonic"", ""program"": ""synth_lead"", ""root"": 58, ""root_name"": ""A#3"", ""semitones"": 10, ""soundfont"": ""fluidr3""}"
interval_id/m7_melodic_asc_53_1::audio::mcq,interval_id/m7_melodic_asc_53_1,interval_id,audio,mcq,1,stimuli/intervals/m7_melodic_asc_53_1.wav,"Listen to the two pitches. Name the interval they form.
A. minor sixth
B. major sixth
C. minor seventh
D. major seventh
Answer with the letter of the correct option only (A, B, C, or D). Do not explain.",minor sixth|major sixth|minor seventh|major seventh,minor seventh,B,major sixth,False,,"{""interval_short"": ""m7"", ""presentation"": ""melodic_asc"", ""program"": ""synth_lead"", ""root"": 53, ""root_name"": ""F3"", ""semitones"": 10, ""soundfont"": ""timgm""}"
interval_id/m7_melodic_asc_58_0::audio::mcq,interval_id/m7_melodic_asc_58_0,interval_id,audio,mcq,0,stimuli/intervals/m7_melodic_asc_58_0.wav,"Two notes are played. What is the musical interval between them?
A. perfect fourth
B. major seventh
C. major sixth
D. minor seventh
Answer with the letter of the correct option only (A, B, C, or D). Do not explain.",perfect fourth|major seventh|major sixth|minor seventh,minor seventh,C,major sixth,False,,"{""interval_short"": ""m7"", ""presentation"": ""melodic_asc"", ""program"": ""flute"", ""root"": 58, ""root_name"": ""A#3"", ""semitones"": 10, ""soundfont"": ""fluidr3""}"
interval_id/m7_melodic_asc_58_0::audio::explain,interval_id/m7_melodic_asc_58_0,interval_id,audio,explain,0,stimuli/intervals/m7_melodic_asc_58_0.wav,"Two notes are played. What is the musical interval between them?
First give your answer. Then explain exactly what you heard that supports it: name the specific notes/chords/beats and their approximate timestamps in seconds.",,minor seventh,"The interval is a minor third. I heard a single sustained note 'Ab' from 0.46s to 1.49s, followed by a second note 'C' from 1.49s to 2.52s. The pitch distance between Ab and C is a minor third, as C is the third scale degree above Ab in the key of Ab major.",,,,"{""interval_short"": ""m7"", ""presentation"": ""melodic_asc"", ""program"": ""flute"", ""root"": 58, ""root_name"": ""A#3"", ""semitones"": 10, ""soundfont"": ""fluidr3""}"
interval_id/m7_melodic_asc_59_2::audio::mcq,interval_id/m7_melodic_asc_59_2,interval_id,audio,mcq,2,stimuli/intervals/m7_melodic_asc_59_2.wav,"What interval do you hear between the notes in this clip?
A. minor seventh
B. major seventh
C. major third
D. major sixth
Answer with the letter of the correct option only (A, B, C, or D). Do not explain.",minor seventh|major seventh|major third|major sixth,minor seventh,C,major third,False,,"{""interval_short"": ""m7"", ""presentation"": ""melodic_asc"", ""program"": ""violin"", ""root"": 59, ""root_name"": ""B3"", ""semitones"": 10, ""soundfont"": ""timgm""}"
interval_id/m7_melodic_asc_62_3::audio::mcq,interval_id/m7_melodic_asc_62_3,interval_id,audio,mcq,2,stimuli/intervals/m7_melodic_asc_62_3.wav,"What interval do you hear between the notes in this clip?
A. major seventh
B. perfect fourth
C. minor seventh
D. major sixth
Answer with the letter of the correct option only (A, B, C, or D). Do not explain.",major seventh|perfect fourth|minor seventh|major sixth,minor seventh,B,perfect fourth,False,,"{""interval_short"": ""m7"", ""presentation"": ""melodic_asc"", ""program"": ""synth_lead"", ""root"": 62, ""root_name"": ""D4"", ""semitones"": 10, ""soundfont"": ""timgm""}"
interval_id/m7_melodic_desc_49_2::audio::mcq,interval_id/m7_melodic_desc_49_2,interval_id,audio,mcq,2,stimuli/intervals/m7_melodic_desc_49_2.wav,"What interval do you hear between the notes in this clip?
A. minor third
B. major sixth
C. major seventh
D. minor seventh
Answer with the letter of the correct option only (A, B, C, or D). Do not explain.",minor third|major sixth|major seventh|minor seventh,minor seventh,C,major seventh,False,,"{""interval_short"": ""m7"", ""presentation"": ""melodic_desc"", ""program"": ""piano"", ""root"": 49, ""root_name"": ""C#3"", ""semitones"": 10, ""soundfont"": ""timgm""}"
interval_id/m7_melodic_desc_51_3::audio::mcq,interval_id/m7_melodic_desc_51_3,interval_id,audio,mcq,2,stimuli/intervals/m7_melodic_desc_51_3.wav,"What interval do you hear between the notes in this clip?
A. major seventh
B. major sixth
C. minor seventh
D. octave
Answer with the letter of the correct option only (A, B, C, or D). Do not explain.",major seventh|major sixth|minor seventh|octave,minor seventh,D,octave,False,,"{""interval_short"": ""m7"", ""presentation"": ""melodic_desc"", ""program"": ""piano"", ""root"": 51, ""root_name"": ""D#3"", ""semitones"": 10, ""soundfont"": ""fluidr3""}"
interval_id/m7_melodic_desc_51_3::audio::explain,interval_id/m7_melodic_desc_51_3,interval_id,audio,explain,1,stimuli/intervals/m7_melodic_desc_51_3.wav,"Listen to the two pitches. Name the interval they form.
First give your answer. Then explain exactly what you heard that supports it: name the specific notes/chords/beats and their approximate timestamps in seconds.",,minor seventh,"The interval is a minor third. I heard a single note 'C#' from 0.46s to 1.02s, followed by a single note 'E' from 1.02s to 2.04s. The two notes form a minor third interval, as E is the third scale degree above C#.",,,,"{""interval_short"": ""m7"", ""presentation"": ""melodic_desc"", ""program"": ""piano"", ""root"": 51, ""root_name"": ""D#3"", ""semitones"": 10, ""soundfont"": ""fluidr3""}"
interval_id/m7_melodic_desc_64_1::audio::mcq,interval_id/m7_melodic_desc_64_1,interval_id,audio,mcq,1,stimuli/intervals/m7_melodic_desc_64_1.wav,"Listen to the two pitches. Name the interval they form.
A. minor seventh
B. major second
C. major sixth
D. major seventh
Answer with the letter of the correct option only (A, B, C, or D). Do not explain.",minor seventh|major second|major sixth|major seventh,minor seventh,B,major second,False,,"{""interval_short"": ""m7"", ""presentation"": ""melodic_desc"", ""program"": ""violin"", ""root"": 64, ""root_name"": ""E4"", ""semitones"": 10, ""soundfont"": ""musescore""}"
interval_id/m7_melodic_desc_64_1::audio::explain,interval_id/m7_melodic_desc_64_1,interval_id,audio,explain,2,stimuli/intervals/m7_melodic_desc_64_1.wav,"What interval do you hear between the notes in this clip?
First give your answer. Then explain exactly what you heard that supports it: name the specific notes/chords/beats and their approximate timestamps in seconds.",,minor seventh,"The interval is a perfect fifth. I heard a single sustained A note from 0.000s to 0.167s, followed by a sustained E note from 0.167s to 1.286s, then silence until the end. The pitch relationship between A and E is a perfect fifth, as E is the fifth scale degree above A in the A major scale.",,,,"{""interval_short"": ""m7"", ""presentation"": ""melodic_desc"", ""program"": ""violin"", ""root"": 64, ""root_name"": ""E4"", ""semitones"": 10, ""soundfont"": ""musescore""}"
interval_id/m7_melodic_desc_71_0::audio::mcq,interval_id/m7_melodic_desc_71_0,interval_id,audio,mcq,2,stimuli/intervals/m7_melodic_desc_71_0.wav,"What interval do you hear between the notes in this clip?
A. major sixth
B. minor seventh
C. tritone
D. major seventh
Answer with the letter of the correct option only (A, B, C, or D). Do not explain.",major sixth|minor seventh|tritone|major seventh,minor seventh,D,major seventh,False,,"{""interval_short"": ""m7"", ""presentation"": ""melodic_desc"", ""program"": ""violin"", ""root"": 71, ""root_name"": ""B4"", ""semitones"": 10, ""soundfont"": ""musescore""}"
interval_id/m7_melodic_desc_71_0::audio::explain,interval_id/m7_melodic_desc_71_0,interval_id,audio,explain,1,stimuli/intervals/m7_melodic_desc_71_0.wav,"Listen to the two pitches. Name the interval they form.
First give your answer. Then explain exactly what you heard that supports it: name the specific notes/chords/beats and their approximate timestamps in seconds.",,minor seventh,"The interval is a minor third. I heard a single pitch 'E' at the beginning (0.00s), followed by a second pitch 'A' at 0.50s. The two notes form a minor third interval, as A is the third scale degree above E in the natural minor scale.",,,,"{""interval_short"": ""m7"", ""presentation"": ""melodic_desc"", ""program"": ""violin"", ""root"": 71, ""root_name"": ""B4"", ""semitones"": 10, ""soundfont"": ""musescore""}"
interval_id/M2_harmonic_58_1::no_audio::mcq,interval_id/M2_harmonic_58_1,interval_id,no_audio,mcq,1,,"Listen to the two pitches. Name the interval they form.
A. minor second
B. major second
C. tritone
D. minor third
Answer with the letter of the correct option only (A, B, C, or D). Do not explain.",minor second|major second|tritone|minor third,major second,B,major second,True,,"{""interval_short"": ""M2"", ""presentation"": ""harmonic"", ""program"": ""synth_lead"", ""root"": 58, ""root_name"": ""A#3"", ""semitones"": 2, ""soundfont"": ""musescore""}"
interval_id/M2_melodic_asc_61_0::no_audio::mcq,interval_id/M2_melodic_asc_61_0,interval_id,no_audio,mcq,2,,"What interval do you hear between the notes in this clip?
A. minor third
B. tritone
C. major second
D. minor second
Answer with the letter of the correct option only (A, B, C, or D). Do not explain.",minor third|tritone|major second|minor second,major second,D,minor second,False,,"{""interval_short"": ""M2"", ""presentation"": ""melodic_asc"", ""program"": ""synth_lead"", ""root"": 61, ""root_name"": ""C#4"", ""semitones"": 2, ""soundfont"": ""timgm""}"
interval_id/M2_melodic_asc_64_1::no_audio::mcq,interval_id/M2_melodic_asc_64_1,interval_id,no_audio,mcq,1,,"Listen to the two pitches. Name the interval they form.
A. minor third
B. major second
C. minor seventh
D. minor second
Answer with the letter of the correct option only (A, B, C, or D). Do not explain.",minor third|major second|minor seventh|minor second,major second,D,minor second,False,,"{""interval_short"": ""M2"", ""presentation"": ""melodic_asc"", ""program"": ""flute"", ""root"": 64, ""root_name"": ""E4"", ""semitones"": 2, ""soundfont"": ""timgm""}"
interval_id/M2_melodic_desc_68_0::no_audio::mcq,interval_id/M2_melodic_desc_68_0,interval_id,no_audio,mcq,0,,"Two notes are played. What is the musical interval between them?
A. minor seventh
B. minor third
C. major second
D. minor second
Answer with the letter of the correct option only (A, B, C, or D). Do not explain.",minor seventh|minor third|major second|minor second,major second,D,minor second,False,,"{""interval_short"": ""M2"", ""presentation"": ""melodic_desc"", ""program"": ""violin"", ""root"": 68, ""root_name"": ""G#4"", ""semitones"": 2, ""soundfont"": ""musescore""}"
interval_id/M3_melodic_desc_52_0::no_audio::mcq,interval_id/M3_melodic_desc_52_0,interval_id,no_audio,mcq,2,,"What interval do you hear between the notes in this clip?
A. minor third
B. perfect fourth
C. major third
D. minor seventh
Answer with the letter of the correct option only (A, B, C, or D). Do not explain.",minor third|perfect fourth|major third|minor seventh,major third,C,major third,True,,"{""interval_short"": ""M3"", ""presentation"": ""melodic_desc"", ""program"": ""synth_lead"", ""root"": 52, ""root_name"": ""E3"", ""semitones"": 4, ""soundfont"": ""fluidr3""}"
interval_id/M3_melodic_desc_55_1::no_audio::mcq,interval_id/M3_melodic_desc_55_1,interval_id,no_audio,mcq,1,,"Listen to the two pitches. Name the interval they form.
A. minor third
B. major third
C. perfect fourth
D. octave
Answer with the letter of the correct option only (A, B, C, or D). Do not explain.",minor third|major third|perfect fourth|octave,major third,B,major third,True,,"{""interval_short"": ""M3"", ""presentation"": ""melodic_desc"", ""program"": ""flute"", ""root"": 55, ""root_name"": ""G3"", ""semitones"": 4, ""soundfont"": ""timgm""}"
interval_id/M6_melodic_asc_70_1::no_audio::mcq,interval_id/M6_melodic_asc_70_1,interval_id,no_audio,mcq,2,,"What interval do you hear between the notes in this clip?
A. minor sixth
B. major third
C. minor seventh
D. major sixth
Answer with the letter of the correct option only (A, B, C, or D). Do not explain.",minor sixth|major third|minor seventh|major sixth,major sixth,D,major sixth,True,,"{""interval_short"": ""M6"", ""presentation"": ""melodic_asc"", ""program"": ""piano"", ""root"": 70, ""root_name"": ""A#4"", ""semitones"": 9, ""soundfont"": ""fluidr3""}"
interval_id/M6_melodic_desc_60_1::no_audio::mcq,interval_id/M6_melodic_desc_60_1,interval_id,no_audio,mcq,1,,"Listen to the two pitches. Name the interval they form.
A. major sixth
B. minor second
C. minor sixth
D. minor seventh
Answer with the letter of the correct option only (A, B, C, or D). Do not explain.",major sixth|minor second|minor sixth|minor seventh,major sixth,C,minor sixth,False,,"{""interval_short"": ""M6"", ""presentation"": ""melodic_desc"", ""program"": ""flute"", ""root"": 60, ""root_name"": ""C4"", ""semitones"": 9, ""soundfont"": ""musescore""}"
interval_id/M6_melodic_desc_60_3::no_audio::mcq,interval_id/M6_melodic_desc_60_3,interval_id,no_audio,mcq,2,,"What interval do you hear between the notes in this clip?
A. minor sixth
B. minor second
C. major sixth
D. minor seventh
Answer with the letter of the correct option only (A, B, C, or D). Do not explain.",minor sixth|minor second|major sixth|minor seventh,major sixth,B,minor second,False,,"{""interval_short"": ""M6"", ""presentation"": ""melodic_desc"", ""program"": ""piano"", ""root"": 60, ""root_name"": ""C4"", ""semitones"": 9, ""soundfont"": ""fluidr3""}"
interval_id/M7_melodic_desc_63_3::no_audio::mcq,interval_id/M7_melodic_desc_63_3,interval_id,no_audio,mcq,1,,"Listen to the two pitches. Name the interval they form.
A. minor second
B. major seventh
C. minor seventh
D. octave
Answer with the letter of the correct option only (A, B, C, or D). Do not explain.",minor second|major seventh|minor seventh|octave,major seventh,B,major seventh,True,,"{""interval_short"": ""M7"", ""presentation"": ""melodic_desc"", ""program"": ""piano"", ""root"": 63, ""root_name"": ""D#4"", ""semitones"": 11, ""soundfont"": ""timgm""}"
interval_id/P4_harmonic_59_1::no_audio::mcq,interval_id/P4_harmonic_59_1,interval_id,no_audio,mcq,1,,"Listen to the two pitches. Name the interval they form.
A. major third
B. octave
C. tritone
D. perfect fourth
Answer with the letter of the correct option only (A, B, C, or D). Do not explain.",major third|octave|tritone|perfect fourth,perfect fourth,A,major third,False,,"{""interval_short"": ""P4"", ""presentation"": ""harmonic"", ""program"": ""synth_lead"", ""root"": 59, ""root_name"": ""B3"", ""semitones"": 5, ""soundfont"": ""fluidr3""}"
interval_id/P4_harmonic_60_2::no_audio::mcq,interval_id/P4_harmonic_60_2,interval_id,no_audio,mcq,2,,"What interval do you hear between the notes in this clip?
A. perfect fourth
B. minor sixth
C. tritone
D. major third
Answer with the letter of the correct option only (A, B, C, or D). Do not explain.",perfect fourth|minor sixth|tritone|major third,perfect fourth,C,tritone,False,,"{""interval_short"": ""P4"", ""presentation"": ""harmonic"", ""program"": ""synth_lead"", ""root"": 60, ""root_name"": ""C4"", ""semitones"": 5, ""soundfont"": ""timgm""}"
interval_id/P4_melodic_asc_50_2::no_audio::mcq,interval_id/P4_melodic_asc_50_2,interval_id,no_audio,mcq,1,,"Listen to the two pitches. Name the interval they form.
A. perfect fourth
B. minor second
C. tritone
D. major third
Answer with the letter of the correct option only (A, B, C, or D). Do not explain.",perfect fourth|minor second|tritone|major third,perfect fourth,C,tritone,False,,"{""interval_short"": ""P4"", ""presentation"": ""melodic_asc"", ""program"": ""piano"", ""root"": 50, ""root_name"": ""D3"", ""semitones"": 5, ""soundfont"": ""musescore""}"
interval_id/P5_harmonic_58_1::no_audio::mcq,interval_id/P5_harmonic_58_1,interval_id,no_audio,mcq,1,,"Listen to the two pitches. Name the interval they form.
A. minor sixth
B. tritone
C. major third
D. perfect fifth
Answer with the letter of the correct option only (A, B, C, or D). Do not explain.",minor sixth|tritone|major third|perfect fifth,perfect fifth,C,major third,False,,"{""interval_short"": ""P5"", ""presentation"": ""harmonic"", ""program"": ""violin"", ""root"": 58, ""root_name"": ""A#3"", ""semitones"": 7, ""soundfont"": ""fluidr3""}"
interval_id/P5_melodic_asc_52_2::no_audio::mcq,interval_id/P5_melodic_asc_52_2,interval_id,no_audio,mcq,1,,"Listen to the two pitches. Name the interval they form.
A. tritone
B. perfect fifth
C. minor sixth
D. major third
Answer with the letter of the correct option only (A, B, C, or D). Do not explain.",tritone|perfect fifth|minor sixth|major third,perfect fifth,B,perfect fifth,True,,"{""interval_short"": ""P5"", ""presentation"": ""melodic_asc"", ""program"": ""synth_lead"", ""root"": 52, ""root_name"": ""E3"", ""semitones"": 7, ""soundfont"": ""fluidr3""}"
interval_id/P5_melodic_asc_55_0::no_audio::mcq,interval_id/P5_melodic_asc_55_0,interval_id,no_audio,mcq,0,,"Two notes are played. What is the musical interval between them?
A. perfect fifth
B. minor sixth
C. tritone
D. major seventh
Answer with the letter of the correct option only (A, B, C, or D). Do not explain.",perfect fifth|minor sixth|tritone|major seventh,perfect fifth,C,tritone,False,,"{""interval_short"": ""P5"", ""presentation"": ""melodic_asc"", ""program"": ""synth_lead"", ""root"": 55, ""root_name"": ""G3"", ""semitones"": 7, ""soundfont"": ""timgm""}"
interval_id/P5_melodic_desc_49_3::no_audio::mcq,interval_id/P5_melodic_desc_49_3,interval_id,no_audio,mcq,2,,"What interval do you hear between the notes in this clip?
A. major third
B. perfect fifth
C. minor sixth
D. tritone
Answer with the letter of the correct option only (A, B, C, or D). Do not explain.",major third|perfect fifth|minor sixth|tritone,perfect fifth,B,perfect fifth,True,,"{""interval_short"": ""P5"", ""presentation"": ""melodic_desc"", ""program"": ""synth_lead"", ""root"": 49, ""root_name"": ""C#3"", ""semitones"": 7, ""soundfont"": ""fluidr3""}"
interval_id/P5_melodic_desc_59_2::no_audio::mcq,interval_id/P5_melodic_desc_59_2,interval_id,no_audio,mcq,2,,"What interval do you hear between the notes in this clip?
A. minor sixth
B. perfect fifth
C. major sixth
D. tritone
Answer with the letter of the correct option only (A, B, C, or D). Do not explain.",minor sixth|perfect fifth|major sixth|tritone,perfect fifth,C,major sixth,False,,"{""interval_short"": ""P5"", ""presentation"": ""melodic_desc"", ""program"": ""violin"", ""root"": 59, ""root_name"": ""B3"", ""semitones"": 7, ""soundfont"": ""fluidr3""}"
interval_id/P8_harmonic_54_3::no_audio::mcq,interval_id/P8_harmonic_54_3,interval_id,no_audio,mcq,1,,"Listen to the two pitches. Name the interval they form.
A. octave
B. minor seventh
C. major third
D. major seventh
Answer with the letter of the correct option only (A, B, C, or D). Do not explain.",octave|minor seventh|major third|major seventh,octave,D,major seventh,False,,"{""interval_short"": ""P8"", ""presentation"": ""harmonic"", ""program"": ""piano"", ""root"": 54, ""root_name"": ""F#3"", ""semitones"": 12, ""soundfont"": ""musescore""}"
interval_id/P8_harmonic_58_2::no_audio::mcq,interval_id/P8_harmonic_58_2,interval_id,no_audio,mcq,0,,"Two notes are played. What is the musical interval between them?
A. minor seventh
B. perfect fifth
C. major seventh
D. octave
Answer with the letter of the correct option only (A, B, C, or D). Do not explain.",minor seventh|perfect fifth|major seventh|octave,octave,B,perfect fifth,False,,"{""interval_short"": ""P8"", ""presentation"": ""harmonic"", ""program"": ""piano"", ""root"": 58, ""root_name"": ""A#3"", ""semitones"": 12, ""soundfont"": ""fluidr3""}"
interval_id/P8_harmonic_66_1::no_audio::mcq,interval_id/P8_harmonic_66_1,interval_id,no_audio,mcq,2,,"What interval do you hear between the notes in this clip?
A. tritone
B. octave
C. major seventh
D. perfect fifth
Answer with the letter of the correct option only (A, B, C, or D). Do not explain.",tritone|octave|major seventh|perfect fifth,octave,B,octave,True,,"{""interval_short"": ""P8"", ""presentation"": ""harmonic"", ""program"": ""piano"", ""root"": 66, ""root_name"": ""F#4"", ""semitones"": 12, ""soundfont"": ""timgm""}"
interval_id/P8_melodic_asc_59_1::no_audio::mcq,interval_id/P8_melodic_asc_59_1,interval_id,no_audio,mcq,1,,"Listen to the two pitches. Name the interval they form.
A. perfect fourth
B. octave
C. major third
D. major seventh
Answer with the letter of the correct option only (A, B, C, or D). Do not explain.",perfect fourth|octave|major third|major seventh,octave,C,major third,False,,"{""interval_short"": ""P8"", ""presentation"": ""melodic_asc"", ""program"": ""synth_lead"", ""root"": 59, ""root_name"": ""B3"", ""semitones"": 12, ""soundfont"": ""timgm""}"
interval_id/P8_melodic_asc_65_3::no_audio::mcq,interval_id/P8_melodic_asc_65_3,interval_id,no_audio,mcq,0,,"Two notes are played. What is the musical interval between them?
A. octave
B. minor third
C. major seventh
D. major third
Answer with the letter of the correct option only (A, B, C, or D). Do not explain.",octave|minor third|major seventh|major third,octave,D,major third,False,,"{""interval_short"": ""P8"", ""presentation"": ""melodic_asc"", ""program"": ""violin"", ""root"": 65, ""root_name"": ""F4"", ""semitones"": 12, ""soundfont"": ""musescore""}"
interval_id/TT_harmonic_64_0::no_audio::mcq,interval_id/TT_harmonic_64_0,interval_id,no_audio,mcq,2,,"What interval do you hear between the notes in this clip?
A. major seventh
B. tritone
C. perfect fifth
D. perfect fourth
Answer with the letter of the correct option only (A, B, C, or D). Do not explain.",major seventh|tritone|perfect fifth|perfect fourth,tritone,C,perfect fifth,False,,"{""interval_short"": ""TT"", ""presentation"": ""harmonic"", ""program"": ""flute"", ""root"": 64, ""root_name"": ""E4"", ""semitones"": 6, ""soundfont"": ""musescore""}"
interval_id/TT_melodic_desc_51_3::no_audio::mcq,interval_id/TT_melodic_desc_51_3,interval_id,no_audio,mcq,0,,"Two notes are played. What is the musical interval between them?
A. tritone
B. perfect fourth
C. perfect fifth
D. major sixth
Answer with the letter of the correct option only (A, B, C, or D). Do not explain.",tritone|perfect fourth|perfect fifth|major sixth,tritone,C,perfect fifth,False,,"{""interval_short"": ""TT"", ""presentation"": ""melodic_desc"", ""program"": ""violin"", ""root"": 51, ""root_name"": ""D#3"", ""semitones"": 6, ""soundfont"": ""timgm""}"
interval_id/TT_melodic_desc_52_1::no_audio::mcq,interval_id/TT_melodic_desc_52_1,interval_id,no_audio,mcq,1,,"Listen to the two pitches. Name the interval they form.
A. minor sixth
B. perfect fourth
C. tritone
D. perfect fifth
Answer with the letter of the correct option only (A, B, C, or D). Do not explain.",minor sixth|perfect fourth|tritone|perfect fifth,tritone,D,perfect fifth,False,,"{""interval_short"": ""TT"", ""presentation"": ""melodic_desc"", ""program"": ""synth_lead"", ""root"": 52, ""root_name"": ""E3"", ""semitones"": 6, ""soundfont"": ""musescore""}"
interval_id/m2_harmonic_59_1::no_audio::mcq,interval_id/m2_harmonic_59_1,interval_id,no_audio,mcq,2,,"What interval do you hear between the notes in this clip?
A. minor second
B. major seventh
C. major second
D. major third
Answer with the letter of the correct option only (A, B, C, or D). Do not explain.",minor second|major seventh|major second|major third,minor second,C,major second,False,,"{""interval_short"": ""m2"", ""presentation"": ""harmonic"", ""program"": ""violin"", ""root"": 59, ""root_name"": ""B3"", ""semitones"": 1, ""soundfont"": ""musescore""}"
interval_id/m2_melodic_asc_54_2::no_audio::mcq,interval_id/m2_melodic_asc_54_2,interval_id,no_audio,mcq,1,,"Listen to the two pitches. Name the interval they form.
A. perfect fifth
B. octave
C. major second
D. minor second
Answer with the letter of the correct option only (A, B, C, or D). Do not explain.",perfect fifth|octave|major second|minor second,minor second,C,major second,False,,"{""interval_short"": ""m2"", ""presentation"": ""melodic_asc"", ""program"": ""violin"", ""root"": 54, ""root_name"": ""F#3"", ""semitones"": 1, ""soundfont"": ""musescore""}"
interval_id/m2_melodic_asc_56_3::no_audio::mcq,interval_id/m2_melodic_asc_56_3,interval_id,no_audio,mcq,0,,"Two notes are played. What is the musical interval between them?
A. major sixth
B. major second
C. major seventh
D. minor second
Answer with the letter of the correct option only (A, B, C, or D). Do not explain.",major sixth|major second|major seventh|minor second,minor second,B,major second,False,,"{""interval_short"": ""m2"", ""presentation"": ""melodic_asc"", ""program"": ""flute"", ""root"": 56, ""root_name"": ""G#3"", ""semitones"": 1, ""soundfont"": ""timgm""}"
interval_id/m3_harmonic_61_0::no_audio::mcq,interval_id/m3_harmonic_61_0,interval_id,no_audio,mcq,1,,"Listen to the two pitches. Name the interval they form.
A. major sixth
B. major second
C. minor third
D. major third
Answer with the letter of the correct option only (A, B, C, or D). Do not explain.",major sixth|major second|minor third|major third,minor third,D,major third,False,,"{""interval_short"": ""m3"", ""presentation"": ""harmonic"", ""program"": ""flute"", ""root"": 61, ""root_name"": ""C#4"", ""semitones"": 3, ""soundfont"": ""musescore""}"
interval_id/m3_melodic_desc_67_1::no_audio::mcq,interval_id/m3_melodic_desc_67_1,interval_id,no_audio,mcq,1,,"Listen to the two pitches. Name the interval they form.
A. major third
B. major second
C. minor third
D. octave
Answer with the letter of the correct option only (A, B, C, or D). Do not explain.",major third|major second|minor third|octave,minor third,C,minor third,True,,"{""interval_short"": ""m3"", ""presentation"": ""melodic_desc"", ""program"": ""flute"", ""root"": 67, ""root_name"": ""G4"", ""semitones"": 3, ""soundfont"": ""timgm""}"
interval_id/m6_harmonic_58_0::no_audio::mcq,interval_id/m6_harmonic_58_0,interval_id,no_audio,mcq,2,,"What interval do you hear between the notes in this clip?
A. minor sixth
B. major sixth
C. perfect fifth
D. minor second
Answer with the letter of the correct option only (A, B, C, or D). Do not explain.",minor sixth|major sixth|perfect fifth|minor second,minor sixth,B,major sixth,False,,"{""interval_short"": ""m6"", ""presentation"": ""harmonic"", ""program"": ""piano"", ""root"": 58, ""root_name"": ""A#3"", ""semitones"": 8, ""soundfont"": ""musescore""}"
interval_id/m6_harmonic_61_1::no_audio::mcq,interval_id/m6_harmonic_61_1,interval_id,no_audio,mcq,1,,"Listen to the two pitches. Name the interval they form.
A. major sixth
B. minor sixth
C. minor seventh
D. perfect fifth
Answer with the letter of the correct option only (A, B, C, or D). Do not explain.",major sixth|minor sixth|minor seventh|perfect fifth,minor sixth,B,minor sixth,True,,"{""interval_short"": ""m6"", ""presentation"": ""harmonic"", ""program"": ""synth_lead"", ""root"": 61, ""root_name"": ""C#4"", ""semitones"": 8, ""soundfont"": ""timgm""}"
interval_id/m6_harmonic_69_2::no_audio::mcq,interval_id/m6_harmonic_69_2,interval_id,no_audio,mcq,2,,"What interval do you hear between the notes in this clip?
A. perfect fifth
B. minor seventh
C. minor sixth
D. major sixth
Answer with the letter of the correct option only (A, B, C, or D). Do not explain.",perfect fifth|minor seventh|minor sixth|major sixth,minor sixth,C,minor sixth,True,,"{""interval_short"": ""m6"", ""presentation"": ""harmonic"", ""program"": ""piano"", ""root"": 69, ""root_name"": ""A4"", ""semitones"": 8, ""soundfont"": ""musescore""}"
interval_id/m6_melodic_desc_70_1::no_audio::mcq,interval_id/m6_melodic_desc_70_1,interval_id,no_audio,mcq,2,,"What interval do you hear between the notes in this clip?
A. minor seventh
B. major sixth
C. minor sixth
D. perfect fifth
Answer with the letter of the correct option only (A, B, C, or D). Do not explain.",minor seventh|major sixth|minor sixth|perfect fifth,minor sixth,C,minor sixth,True,,"{""interval_short"": ""m6"", ""presentation"": ""melodic_desc"", ""program"": ""synth_lead"", ""root"": 70, ""root_name"": ""A#4"", ""semitones"": 8, ""soundfont"": ""timgm""}"
interval_id/m7_melodic_asc_53_1::no_audio::mcq,interval_id/m7_melodic_asc_53_1,interval_id,no_audio,mcq,0,,"Two notes are played. What is the musical interval between them?
A. major seventh
B. major sixth
C. tritone
D. minor seventh
Answer with the letter of the correct option only (A, B, C, or D). Do not explain.",major seventh|major sixth|tritone|minor seventh,minor seventh,B,major sixth,False,,"{""interval_short"": ""m7"", ""presentation"": ""melodic_asc"", ""program"": ""synth_lead"", ""root"": 53, ""root_name"": ""F3"", ""semitones"": 10, ""soundfont"": ""timgm""}"
interval_id/M2_melodic_desc_49_2::wrong_audio::mcq,interval_id/M2_melodic_desc_49_2,interval_id,wrong_audio,mcq,1,stimuli/cents/trial_0110.wav,"Listen to the two pitches. Name the interval they form.
A. perfect fifth
B. major second
C. minor second
D. minor third
Answer with the letter of the correct option only (A, B, C, or D). Do not explain.",perfect fifth|major second|minor second|minor third,major second,C,minor second,False,,"{""interval_short"": ""M2"", ""presentation"": ""melodic_desc"", ""program"": ""synth_lead"", ""root"": 49, ""root_name"": ""C#3"", ""semitones"": 2, ""soundfont"": ""fluidr3""}"
interval_id/M3_melodic_desc_71_3::wrong_audio::mcq,interval_id/M3_melodic_desc_71_3,interval_id,wrong_audio,mcq,1,stimuli/cents/trial_0138.wav,"Listen to the two pitches. Name the interval they form.
A. major third
B. perfect fourth
C. minor third
D. perfect fifth
Answer with the letter of the correct option only (A, B, C, or D). Do not explain.",major third|perfect fourth|minor third|perfect fifth,major third,C,minor third,False,,"{""interval_short"": ""M3"", ""presentation"": ""melodic_desc"", ""program"": ""flute"", ""root"": 71, ""root_name"": ""B4"", ""semitones"": 4, ""soundfont"": ""timgm""}"
interval_id/M7_melodic_desc_63_3::wrong_audio::mcq,interval_id/M7_melodic_desc_63_3,interval_id,wrong_audio,mcq,2,stimuli/key/As_major_scale_0.wav,"What interval do you hear between the notes in this clip?
A. octave
B. major seventh
C. perfect fifth
D. minor seventh
Answer with the letter of the correct option only (A, B, C, or D). Do not explain.",octave|major seventh|perfect fifth|minor seventh,major seventh,C,perfect fifth,False,,"{""interval_short"": ""M7"", ""presentation"": ""melodic_desc"", ""program"": ""piano"", ""root"": 63, ""root_name"": ""D#4"", ""semitones"": 11, ""soundfont"": ""timgm""}"
interval_id/P4_harmonic_49_0::wrong_audio::mcq,interval_id/P4_harmonic_49_0,interval_id,wrong_audio,mcq,1,stimuli/chords/sus4_block_49_2.wav,"Listen to the two pitches. Name the interval they form.
A. tritone
B. perfect fourth
C. major second
D. major third
Answer with the letter of the correct option only (A, B, C, or D). Do not explain.",tritone|perfect fourth|major second|major third,perfect fourth,B,perfect fourth,True,,"{""interval_short"": ""P4"", ""presentation"": ""harmonic"", ""program"": ""flute"", ""root"": 49, ""root_name"": ""C#3"", ""semitones"": 5, ""soundfont"": ""fluidr3""}"
interval_id/P4_melodic_desc_65_0::wrong_audio::mcq,interval_id/P4_melodic_desc_65_0,interval_id,wrong_audio,mcq,1,stimuli/tempo/tempo_041.wav,"Listen to the two pitches. Name the interval they form.
A. major third
B. tritone
C. minor seventh
D. perfect fourth
Answer with the letter of the correct option only (A, B, C, or D). Do not explain.",major third|tritone|minor seventh|perfect fourth,perfect fourth,B,tritone,False,,"{""interval_short"": ""P4"", ""presentation"": ""melodic_desc"", ""program"": ""synth_lead"", ""root"": 65, ""root_name"": ""F4"", ""semitones"": 5, ""soundfont"": ""fluidr3""}"
interval_id/P5_melodic_asc_52_2::wrong_audio::mcq,interval_id/P5_melodic_asc_52_2,interval_id,wrong_audio,mcq,0,stimuli/key/G_major_progression_1.wav,"Two notes are played. What is the musical interval between them?
A. major sixth
B. minor sixth
C. tritone
D. perfect fifth
Answer with the letter of the correct option only (A, B, C, or D). Do not explain.",major sixth|minor sixth|tritone|perfect fifth,perfect fifth,B,minor sixth,False,,"{""interval_short"": ""P5"", ""presentation"": ""melodic_asc"", ""program"": ""synth_lead"", ""root"": 52, ""root_name"": ""E3"", ""semitones"": 7, ""soundfont"": ""fluidr3""}"
interval_id/TT_melodic_asc_54_3::wrong_audio::mcq,interval_id/TT_melodic_asc_54_3,interval_id,wrong_audio,mcq,1,stimuli/intervals/M2_melodic_asc_64_1.wav,"Listen to the two pitches. Name the interval they form.
A. perfect fourth
B. minor second
C. tritone
D. perfect fifth
Answer with the letter of the correct option only (A, B, C, or D). Do not explain.",perfect fourth|minor second|tritone|perfect fifth,tritone,B,minor second,False,,"{""interval_short"": ""TT"", ""presentation"": ""melodic_asc"", ""program"": ""synth_lead"", ""root"": 54, ""root_name"": ""F#3"", ""semitones"": 6, ""soundfont"": ""fluidr3""}"
interval_id/m2_melodic_asc_56_0::wrong_audio::mcq,interval_id/m2_melodic_asc_56_0,interval_id,wrong_audio,mcq,2,stimuli/cents/trial_0023.wav,"What interval do you hear between the notes in this clip?
A. major second
B. minor second
C. perfect fifth
D. minor third
Answer with the letter of the correct option only (A, B, C, or D). Do not explain.",major second|minor second|perfect fifth|minor third,minor second,B,minor second,True,,"{""interval_short"": ""m2"", ""presentation"": ""melodic_asc"", ""program"": ""violin"", ""root"": 56, ""root_name"": ""G#3"", ""semitones"": 1, ""soundfont"": ""timgm""}"
interval_id/m2_melodic_desc_57_3::wrong_audio::mcq,interval_id/m2_melodic_desc_57_3,interval_id,wrong_audio,mcq,2,stimuli/meter/meter_3-4_05.wav,"What interval do you hear between the notes in this clip?
A. major seventh
B. major second
C. minor second
D. perfect fourth
Answer with the letter of the correct option only (A, B, C, or D). Do not explain.",major seventh|major second|minor second|perfect fourth,minor second,C,minor second,True,,"{""interval_short"": ""m2"", ""presentation"": ""melodic_desc"", ""program"": ""piano"", ""root"": 57, ""root_name"": ""A3"", ""semitones"": 1, ""soundfont"": ""timgm""}"
interval_id/m3_harmonic_48_3::wrong_audio::mcq,interval_id/m3_harmonic_48_3,interval_id,wrong_audio,mcq,2,stimuli/cents/trial_0090.wav,"What interval do you hear between the notes in this clip?
A. major sixth
B. major second
C. major third
D. minor third
Answer with the letter of the correct option only (A, B, C, or D). Do not explain.",major sixth|major second|major third|minor third,minor third,C,major third,False,,"{""interval_short"": ""m3"", ""presentation"": ""harmonic"", ""program"": ""synth_lead"", ""root"": 48, ""root_name"": ""C3"", ""semitones"": 3, ""soundfont"": ""fluidr3""}"
interval_id/m3_melodic_asc_49_1::wrong_audio::mcq,interval_id/m3_melodic_asc_49_1,interval_id,wrong_audio,mcq,2,stimuli/cents/trial_0134.wav,"What interval do you hear between the notes in this clip?
A. major second
B. major third
C. perfect fifth
D. minor third
Answer with the letter of the correct option only (A, B, C, or D). Do not explain.",major second|major third|perfect fifth|minor third,minor third,B,major third,False,,"{""interval_short"": ""m3"", ""presentation"": ""melodic_asc"", ""program"": ""piano"", ""root"": 49, ""root_name"": ""C#3"", ""semitones"": 3, ""soundfont"": ""musescore""}"
interval_id/m6_melodic_desc_70_1::wrong_audio::mcq,interval_id/m6_melodic_desc_70_1,interval_id,wrong_audio,mcq,1,stimuli/tuning/tune_0028.wav,"Listen to the two pitches. Name the interval they form.
A. major sixth
B. minor sixth
C. perfect fifth
D. major second
Answer with the letter of the correct option only (A, B, C, or D). Do not explain.",major sixth|minor sixth|perfect fifth|major second,minor sixth,D,major second,False,,"{""interval_short"": ""m6"", ""presentation"": ""melodic_desc"", ""program"": ""synth_lead"", ""root"": 70, ""root_name"": ""A#4"", ""semitones"": 8, ""soundfont"": ""timgm""}"
