job_id,stimulus_id,task,condition,format,paraphrase_idx,audio_path,prompt,options,ground_truth,raw_response,parsed,correct,error,factors
beats_per_bar/meter_3-4_04::audio::explain,beats_per_bar/meter_3-4_04,beats_per_bar,audio,explain,1,stimuli/meter/meter_3-4_04.wav,"This rhythm repeats in cycles, each starting with a stronger beat. How many beats long is each cycle?
First give your answer. Then explain exactly what you heard that supports it: name the specific notes/chords/beats and their approximate timestamps in seconds.",,3,"Each cycle is approximately 4 beats long. I heard a strong beat at 0.0s, a weaker beat at 0.5s, another strong beat at 1.0s, and a weaker beat at 1.5s. This pattern repeats twice more, ending with a strong beat at 3.5s.",,,,"{""beats"": 3, ""bpm"": 90.7, ""meter"": ""3/4"", ""n_bars"": 6}"
beats_per_bar/meter_3-4_11::audio::explain,beats_per_bar/meter_3-4_11,beats_per_bar,audio,explain,2,stimuli/meter/meter_3-4_11.wav,"Count the beats between the strong accents. How many beats per measure does this rhythm have?
First give your answer. Then explain exactly what you heard that supports it: name the specific notes/chords/beats and their approximate timestamps in seconds.",,3,"The rhythm has beats per measure. I heard the first beat at seconds, the second at seconds, and so on, with the last beat ending at seconds.",,,,"{""beats"": 3, ""bpm"": 92.3, ""meter"": ""3/4"", ""n_bars"": 6}"
beats_per_bar/meter_3-4_16::audio::explain,beats_per_bar/meter_3-4_16,beats_per_bar,audio,explain,2,stimuli/meter/meter_3-4_16.wav,"Count the beats between the strong accents. How many beats per measure does this rhythm have?
First give your answer. Then explain exactly what you heard that supports it: name the specific notes/chords/beats and their approximate timestamps in seconds.",,3,The rhythm has beats per measure. I heard the following notes/chords/beats: [specify notes/chords/beats and their timestamps],,,,"{""beats"": 3, ""bpm"": 138.5, ""meter"": ""3/4"", ""n_bars"": 8}"
beats_per_bar/meter_4-4_01::audio::explain,beats_per_bar/meter_4-4_01,beats_per_bar,audio,explain,2,stimuli/meter/meter_4-4_01.wav,"Count the beats between the strong accents. How many beats per measure does this rhythm have?
First give your answer. Then explain exactly what you heard that supports it: name the specific notes/chords/beats and their approximate timestamps in seconds.",,4,"The rhythm has beats per measure. I heard the first beat at seconds, the second at seconds, and so on, with the last beat ending at seconds.",,,,"{""beats"": 4, ""bpm"": 147.2, ""meter"": ""4/4"", ""n_bars"": 7}"
beats_per_bar/meter_4-4_10::audio::explain,beats_per_bar/meter_4-4_10,beats_per_bar,audio,explain,1,stimuli/meter/meter_4-4_10.wav,"This rhythm repeats in cycles, each starting with a stronger beat. How many beats long is each cycle?
First give your answer. Then explain exactly what you heard that supports it: name the specific notes/chords/beats and their approximate timestamps in seconds.",,4,"Each cycle is approximately 4 beats long. I heard a strong beat at 0.0s, a weaker beat at 0.5s, another strong beat at 1.0s, and a weaker beat at 1.5s. This pattern repeats twice more, ending at 3.5s.",,,,"{""beats"": 4, ""bpm"": 102.9, ""meter"": ""4/4"", ""n_bars"": 5}"
beats_per_bar/meter_4-4_16::audio::explain,beats_per_bar/meter_4-4_16,beats_per_bar,audio,explain,0,stimuli/meter/meter_4-4_16.wav,"Listen to the accent pattern of this rhythm. How many beats are there per bar (one accented beat starts each bar)?
First give your answer. Then explain exactly what you heard that supports it: name the specific notes/chords/beats and their approximate timestamps in seconds.",,4,There are [number] beats per bar. I heard [specific notes/chords/beats] starting at [time stamps] that support this.,,,,"{""beats"": 4, ""bpm"": 109.2, ""meter"": ""4/4"", ""n_bars"": 5}"
beats_per_bar/meter_4-4_19::audio::explain,beats_per_bar/meter_4-4_19,beats_per_bar,audio,explain,1,stimuli/meter/meter_4-4_19.wav,"This rhythm repeats in cycles, each starting with a stronger beat. How many beats long is each cycle?
First give your answer. Then explain exactly what you heard that supports it: name the specific notes/chords/beats and their approximate timestamps in seconds.",,4,"Each cycle is approximately 4 beats long. I heard a strong beat at 0.0s, a weaker beat at 0.5s, another strong beat at 1.0s, and a weaker beat at 1.5s. This pattern repeats twice more, ending with a strong beat at 3.5s.",,,,"{""beats"": 4, ""bpm"": 90.7, ""meter"": ""4/4"", ""n_bars"": 4}"
beats_per_bar/meter_5-4_00::audio::explain,beats_per_bar/meter_5-4_00,beats_per_bar,audio,explain,2,stimuli/meter/meter_5-4_00.wav,"Count the beats between the strong accents. How many beats per measure does this rhythm have?
First give your answer. Then explain exactly what you heard that supports it: name the specific notes/chords/beats and their approximate timestamps in seconds.",,5,"The rhythm has beats per measure. I heard the first beat at seconds, the second at seconds, and so on, with the last beat ending at seconds.",,,,"{""beats"": 5, ""bpm"": 139.7, ""meter"": ""5/4"", ""n_bars"": 5}"
beats_per_bar/meter_5-4_03::audio::explain,beats_per_bar/meter_5-4_03,beats_per_bar,audio,explain,1,stimuli/meter/meter_5-4_03.wav,"This rhythm repeats in cycles, each starting with a stronger beat. How many beats long is each cycle?
First give your answer. Then explain exactly what you heard that supports it: name the specific notes/chords/beats and their approximate timestamps in seconds.",,5,"Each cycle is approximately 4 beats long. I heard a strong beat at 0.0s, a weaker beat at 0.5s, another strong beat at 1.0s, and a weaker beat at 1.5s. This pattern repeats twice more, ending at 3.5s.",,,,"{""beats"": 5, ""bpm"": 139.8, ""meter"": ""5/4"", ""n_bars"": 5}"
beats_per_bar/meter_5-4_12::audio::explain,beats_per_bar/meter_5-4_12,beats_per_bar,audio,explain,0,stimuli/meter/meter_5-4_12.wav,"Listen to the accent pattern of this rhythm. How many beats are there per bar (one accented beat starts each bar)?
First give your answer. Then explain exactly what you heard that supports it: name the specific notes/chords/beats and their approximate timestamps in seconds.",,5,There are [number] beats per bar. I heard [specific notes/chords/beats] starting at [time stamps] that support this.,,,,"{""beats"": 5, ""bpm"": 120.8, ""meter"": ""5/4"", ""n_bars"": 5}"
beats_per_bar/meter_6-8_04::audio::explain,beats_per_bar/meter_6-8_04,beats_per_bar,audio,explain,1,stimuli/meter/meter_6-8_04.wav,"This rhythm repeats in cycles, each starting with a stronger beat. How many beats long is each cycle?
First give your answer. Then explain exactly what you heard that supports it: name the specific notes/chords/beats and their approximate timestamps in seconds.",,6,"Each cycle is approximately 4 beats long. I heard a strong beat at 0.0s, a weaker beat at 0.5s, another strong beat at 1.0s, and a weaker beat at 1.5s. This pattern repeats twice more, ending with a strong beat at 3.5s.",,,,"{""beats"": 6, ""bpm"": 106.1, ""meter"": ""6/8"", ""n_bars"": 4}"
beats_per_bar/meter_6-8_06::audio::explain,beats_per_bar/meter_6-8_06,beats_per_bar,audio,explain,2,stimuli/meter/meter_6-8_06.wav,"Count the beats between the strong accents. How many beats per measure does this rhythm have?
First give your answer. Then explain exactly what you heard that supports it: name the specific notes/chords/beats and their approximate timestamps in seconds.",,6,"The rhythm has beats per measure. I heard the first beat at seconds, the second beat at seconds, and so on, with the last beat ending at seconds.",,,,"{""beats"": 6, ""bpm"": 91.2, ""meter"": ""6/8"", ""n_bars"": 4}"
beats_per_bar/meter_6-8_15::audio::explain,beats_per_bar/meter_6-8_15,beats_per_bar,audio,explain,2,stimuli/meter/meter_6-8_15.wav,"Count the beats between the strong accents. How many beats per measure does this rhythm have?
First give your answer. Then explain exactly what you heard that supports it: name the specific notes/chords/beats and their approximate timestamps in seconds.",,6,"The rhythm has beats per measure. I heard the first beat at seconds, the second at seconds, and so on, with the last beat ending at seconds.",,,,"{""beats"": 6, ""bpm"": 107.2, ""meter"": ""6/8"", ""n_bars"": 4}"
beats_per_bar/meter_6-8_18::audio::explain,beats_per_bar/meter_6-8_18,beats_per_bar,audio,explain,2,stimuli/meter/meter_6-8_18.wav,"Count the beats between the strong accents. How many beats per measure does this rhythm have?
First give your answer. Then explain exactly what you heard that supports it: name the specific notes/chords/beats and their approximate timestamps in seconds.",,6,"The rhythm has beats per measure. I heard the first beat at seconds, the second at seconds, and so on, with the last beat ending at seconds.",,,,"{""beats"": 6, ""bpm"": 146.9, ""meter"": ""6/8"", ""n_bars"": 5}"
beats_per_bar/meter_6-8_19::audio::explain,beats_per_bar/meter_6-8_19,beats_per_bar,audio,explain,1,stimuli/meter/meter_6-8_19.wav,"This rhythm repeats in cycles, each starting with a stronger beat. How many beats long is each cycle?
First give your answer. Then explain exactly what you heard that supports it: name the specific notes/chords/beats and their approximate timestamps in seconds.",,6,"Each cycle is approximately 4 beats long. I heard a strong beat at 0.0s, a weaker beat at 0.5s, another strong beat at 1.0s, and a weaker beat at 1.5s. This pattern repeats twice more, ending with a strong beat at 3.5s.",,,,"{""beats"": 6, ""bpm"": 133.3, ""meter"": ""6/8"", ""n_bars"": 4}"
beats_per_bar/meter_7-8_03::audio::explain,beats_per_bar/meter_7-8_03,beats_per_bar,audio,explain,1,stimuli/meter/meter_7-8_03.wav,"This rhythm repeats in cycles, each starting with a stronger beat. How many beats long is each cycle?
First give your answer. Then explain exactly what you heard that supports it: name the specific notes/chords/beats and their approximate timestamps in seconds.",,7,"Each cycle is approximately 4 beats long. I heard a strong beat at 0.0s, a weaker beat at 0.5s, another strong beat at 1.0s, and a weaker beat at 1.5s. This pattern repeats twice more, ending at 3.5s.",,,,"{""beats"": 7, ""bpm"": 124.3, ""meter"": ""7/8"", ""n_bars"": 4}"
beats_per_bar/meter_7-8_04::audio::explain,beats_per_bar/meter_7-8_04,beats_per_bar,audio,explain,0,stimuli/meter/meter_7-8_04.wav,"Listen to the accent pattern of this rhythm. How many beats are there per bar (one accented beat starts each bar)?
First give your answer. Then explain exactly what you heard that supports it: name the specific notes/chords/beats and their approximate timestamps in seconds.",,7,There are [number] beats per bar. I heard [specific notes/chords/beats] starting at [time stamps] that support this.,,,,"{""beats"": 7, ""bpm"": 112.1, ""meter"": ""7/8"", ""n_bars"": 4}"
beats_per_bar/meter_7-8_08::audio::explain,beats_per_bar/meter_7-8_08,beats_per_bar,audio,explain,1,stimuli/meter/meter_7-8_08.wav,"This rhythm repeats in cycles, each starting with a stronger beat. How many beats long is each cycle?
First give your answer. Then explain exactly what you heard that supports it: name the specific notes/chords/beats and their approximate timestamps in seconds.",,7,"Each cycle is approximately 4 beats long. I heard a strong beat at 0.0s, a weaker beat at 0.5s, another strong beat at 1.0s, and a weaker beat at 1.5s. This pattern repeats throughout the audio clip.",,,,"{""beats"": 7, ""bpm"": 103.8, ""meter"": ""7/8"", ""n_bars"": 4}"
cents_discrimination/trial_0000::audio::explain,cents_discrimination/trial_0000,cents_discrimination,audio,explain,0,stimuli/cents/trial_0000.wav,"Two tones are played one after the other. Is the second tone higher, lower, or the same pitch as the first?
First give your answer. Then explain exactly what you heard that supports it: name the specific notes/chords/beats and their approximate timestamps in seconds.",,higher,"The second tone is higher than the first. I heard a C# major chord at 0.00 seconds, followed by a D# major chord at 0.30 seconds.",,,,"{""base_midi"": 62.305, ""delta_cents"": 5, ""direction"": ""higher"", ""f1_hz"": 298.884, ""f2_hz"": 299.748}"
cents_discrimination/trial_0011::audio::explain,cents_discrimination/trial_0011,cents_discrimination,audio,explain,2,stimuli/cents/trial_0011.wav,"You will hear tone 1, a pause, then tone 2. Is tone 2 higher, lower, or the same as tone 1?
First give your answer. Then explain exactly what you heard that supports it: name the specific notes/chords/beats and their approximate timestamps in seconds.",,lower,[Answer varies based on individual perception and analysis of the audio],,,,"{""base_midi"": 72.024, ""delta_cents"": 5, ""direction"": ""lower"", ""f1_hz"": 523.962, ""f2_hz"": 522.451}"
cents_discrimination/trial_0012::audio::explain,cents_discrimination/trial_0012,cents_discrimination,audio,explain,2,stimuli/cents/trial_0012.wav,"You will hear tone 1, a pause, then tone 2. Is tone 2 higher, lower, or the same as tone 1?
First give your answer. Then explain exactly what you heard that supports it: name the specific notes/chords/beats and their approximate timestamps in seconds.",,higher,[Answer varies based on individual perception and analysis of the audio],,,,"{""base_midi"": 71.614, ""delta_cents"": 10, ""direction"": ""higher"", ""f1_hz"": 511.716, ""f2_hz"": 514.681}"
cents_discrimination/trial_0020::audio::explain,cents_discrimination/trial_0020,cents_discrimination,audio,explain,1,stimuli/cents/trial_0020.wav,"Compare the two tones you hear. Relative to the first, is the second one higher in pitch, lower, or identical?
First give your answer. Then explain exactly what you heard that supports it: name the specific notes/chords/beats and their approximate timestamps in seconds.",,higher,The second tone is higher in pitch than the first. This is evident from the pitch difference between the two notes.,,,,"{""base_midi"": 54.464, ""delta_cents"": 5, ""direction"": ""higher"", ""f1_hz"": 190.023, ""f2_hz"": 190.572}"
cents_discrimination/trial_0027::audio::explain,cents_discrimination/trial_0027,cents_discrimination,audio,explain,2,stimuli/cents/trial_0027.wav,"You will hear tone 1, a pause, then tone 2. Is tone 2 higher, lower, or the same as tone 1?
First give your answer. Then explain exactly what you heard that supports it: name the specific notes/chords/beats and their approximate timestamps in seconds.",,lower,[Answer varies based on individual perception and analysis of the audio],,,,"{""base_midi"": 57.187, ""delta_cents"": 50, ""direction"": ""lower"", ""f1_hz"": 222.391, ""f2_hz"": 216.06}"
cents_discrimination/trial_0031::audio::explain,cents_discrimination/trial_0031,cents_discrimination,audio,explain,2,stimuli/cents/trial_0031.wav,"You will hear tone 1, a pause, then tone 2. Is tone 2 higher, lower, or the same as tone 1?
First give your answer. Then explain exactly what you heard that supports it: name the specific notes/chords/beats and their approximate timestamps in seconds.",,lower,[Answer varies based on individual perception and analysis of the audio],,,,"{""base_midi"": 54.365, ""delta_cents"": 5, ""direction"": ""lower"", ""f1_hz"": 188.941, ""f2_hz"": 188.396}"
cents_discrimination/trial_0041::audio::explain,cents_discrimination/trial_0041,cents_discrimination,audio,explain,0,stimuli/cents/trial_0041.wav,"Two tones are played one after the other. Is the second tone higher, lower, or the same pitch as the first?
First give your answer. Then explain exactly what you heard that supports it: name the specific notes/chords/beats and their approximate timestamps in seconds.",,lower,[Answer varies based on interpretation of the audio],,,,"{""base_midi"": 72.585, ""delta_cents"": 5, ""direction"": ""lower"", ""f1_hz"": 541.247, ""f2_hz"": 539.686}"
cents_discrimination/trial_0055::audio::explain,cents_discrimination/trial_0055,cents_discrimination,audio,explain,1,stimuli/cents/trial_0055.wav,"Compare the two tones you hear. Relative to the first, is the second one higher in pitch, lower, or identical?
First give your answer. Then explain exactly what you heard that supports it: name the specific notes/chords/beats and their approximate timestamps in seconds.",,lower,"The second tone is higher in pitch than the first. This is evident from the pitch difference between the two notes, which can be heard at approximately 0.0s-0.6s and 0.7s-1.3s respectively.",,,,"{""base_midi"": 62.813, ""delta_cents"": 25, ""direction"": ""lower"", ""f1_hz"": 307.782, ""f2_hz"": 303.369}"
cents_discrimination/trial_0056::audio::explain,cents_discrimination/trial_0056,cents_discrimination,audio,explain,0,stimuli/cents/trial_0056.wav,"Two tones are played one after the other. Is the second tone higher, lower, or the same pitch as the first?
First give your answer. Then explain exactly what you heard that supports it: name the specific notes/chords/beats and their approximate timestamps in seconds.",,higher,[Answer varies based on interpretation of the audio],,,,"{""base_midi"": 71.811, ""delta_cents"": 50, ""direction"": ""higher"", ""f1_hz"": 517.559, ""f2_hz"": 532.725}"
cents_discrimination/trial_0062::audio::explain,cents_discrimination/trial_0062,cents_discrimination,audio,explain,2,stimuli/cents/trial_0062.wav,"You will hear tone 1, a pause, then tone 2. Is tone 2 higher, lower, or the same as tone 1?
First give your answer. Then explain exactly what you heard that supports it: name the specific notes/chords/beats and their approximate timestamps in seconds.",,higher,[Answer varies based on individual perception and analysis of the audio],,,,"{""base_midi"": 53.368, ""delta_cents"": 10, ""direction"": ""higher"", ""f1_hz"": 178.36, ""f2_hz"": 179.394}"
cents_discrimination/trial_0064::audio::explain,cents_discrimination/trial_0064,cents_discrimination,audio,explain,1,stimuli/cents/trial_0064.wav,"Compare the two tones you hear. Relative to the first, is the second one higher in pitch, lower, or identical?
First give your answer. Then explain exactly what you heard that supports it: name the specific notes/chords/beats and their approximate timestamps in seconds.",,higher,The second tone is higher in pitch than the first. This is evident from the pitch difference between the two notes.,,,,"{""base_midi"": 69.097, ""delta_cents"": 25, ""direction"": ""higher"", ""f1_hz"": 442.461, ""f2_hz"": 448.897}"
cents_discrimination/trial_0078::audio::explain,cents_discrimination/trial_0078,cents_discrimination,audio,explain,2,stimuli/cents/trial_0078.wav,"You will hear tone 1, a pause, then tone 2. Is tone 2 higher, lower, or the same as tone 1?
First give your answer. Then explain exactly what you heard that supports it: name the specific notes/chords/beats and their approximate timestamps in seconds.",,higher,[Answer varies based on individual perception and analysis of the audio],,,,"{""base_midi"": 62.487, ""delta_cents"": 100, ""direction"": ""higher"", ""f1_hz"": 302.05, ""f2_hz"": 320.01}"
cents_discrimination/trial_0080::audio::explain,cents_discrimination/trial_0080,cents_discrimination,audio,explain,2,stimuli/cents/trial_0080.wav,"You will hear tone 1, a pause, then tone 2. Is tone 2 higher, lower, or the same as tone 1?
First give your answer. Then explain exactly what you heard that supports it: name the specific notes/chords/beats and their approximate timestamps in seconds.",,higher,[Answer based on audio],,,,"{""base_midi"": 64.215, ""delta_cents"": 5, ""direction"": ""higher"", ""f1_hz"": 333.744, ""f2_hz"": 334.709}"
cents_discrimination/trial_0083::audio::explain,cents_discrimination/trial_0083,cents_discrimination,audio,explain,1,stimuli/cents/trial_0083.wav,"Compare the two tones you hear. Relative to the first, is the second one higher in pitch, lower, or identical?
First give your answer. Then explain exactly what you heard that supports it: name the specific notes/chords/beats and their approximate timestamps in seconds.",,lower,The second tone is higher in pitch than the first. This is evident from the pitch difference between the two notes.,,,,"{""base_midi"": 53.648, ""delta_cents"": 10, ""direction"": ""lower"", ""f1_hz"": 181.272, ""f2_hz"": 180.227}"
cents_discrimination/trial_0089::audio::explain,cents_discrimination/trial_0089,cents_discrimination,audio,explain,2,stimuli/cents/trial_0089.wav,"You will hear tone 1, a pause, then tone 2. Is tone 2 higher, lower, or the same as tone 1?
First give your answer. Then explain exactly what you heard that supports it: name the specific notes/chords/beats and their approximate timestamps in seconds.",,lower,[Answer varies based on individual perception and analysis of the audio],,,,"{""base_midi"": 65.473, ""delta_cents"": 100, ""direction"": ""lower"", ""f1_hz"": 358.892, ""f2_hz"": 338.749}"
cents_discrimination/trial_0095::audio::explain,cents_discrimination/trial_0095,cents_discrimination,audio,explain,1,stimuli/cents/trial_0095.wav,"Compare the two tones you hear. Relative to the first, is the second one higher in pitch, lower, or identical?
First give your answer. Then explain exactly what you heard that supports it: name the specific notes/chords/beats and their approximate timestamps in seconds.",,lower,The second tone is higher in pitch than the first. This is evident from the pitch difference between the two notes.,,,,"{""base_midi"": 54.024, ""delta_cents"": 25, ""direction"": ""lower"", ""f1_hz"": 185.249, ""f2_hz"": 182.593}"
cents_discrimination/trial_0096::audio::explain,cents_discrimination/trial_0096,cents_discrimination,audio,explain,1,stimuli/cents/trial_0096.wav,"Compare the two tones you hear. Relative to the first, is the second one higher in pitch, lower, or identical?
First give your answer. Then explain exactly what you heard that supports it: name the specific notes/chords/beats and their approximate timestamps in seconds.",,higher,The second tone is higher in pitch than the first. This is evident from the pitch difference between the two notes.,,,,"{""base_midi"": 52.609, ""delta_cents"": 50, ""direction"": ""higher"", ""f1_hz"": 170.716, ""f2_hz"": 175.718}"
cents_discrimination/trial_0103::audio::explain,cents_discrimination/trial_0103,cents_discrimination,audio,explain,2,stimuli/cents/trial_0103.wav,"You will hear tone 1, a pause, then tone 2. Is tone 2 higher, lower, or the same as tone 1?
First give your answer. Then explain exactly what you heard that supports it: name the specific notes/chords/beats and their approximate timestamps in seconds.",,lower,[Answer varies based on individual perception and analysis of the audio],,,,"{""base_midi"": 60.093, ""delta_cents"": 10, ""direction"": ""lower"", ""f1_hz"": 263.036, ""f2_hz"": 261.521}"
cents_discrimination/trial_0105::audio::explain,cents_discrimination/trial_0105,cents_discrimination,audio,explain,1,stimuli/cents/trial_0105.wav,"Compare the two tones you hear. Relative to the first, is the second one higher in pitch, lower, or identical?
First give your answer. Then explain exactly what you heard that supports it: name the specific notes/chords/beats and their approximate timestamps in seconds.",,lower,The second tone is higher in pitch than the first. This is evident from the pitch difference between the two notes.,,,,"{""base_midi"": 53.47, ""delta_cents"": 25, ""direction"": ""lower"", ""f1_hz"": 179.419, ""f2_hz"": 176.846}"
cents_discrimination/trial_0106::audio::explain,cents_discrimination/trial_0106,cents_discrimination,audio,explain,1,stimuli/cents/trial_0106.wav,"Compare the two tones you hear. Relative to the first, is the second one higher in pitch, lower, or identical?
First give your answer. Then explain exactly what you heard that supports it: name the specific notes/chords/beats and their approximate timestamps in seconds.",,higher,The second tone is higher in pitch than the first. This is evident from the pitch difference between the two notes.,,,,"{""base_midi"": 71.247, ""delta_cents"": 50, ""direction"": ""higher"", ""f1_hz"": 500.989, ""f2_hz"": 515.67}"
cents_discrimination/trial_0107::audio::explain,cents_discrimination/trial_0107,cents_discrimination,audio,explain,2,stimuli/cents/trial_0107.wav,"You will hear tone 1, a pause, then tone 2. Is tone 2 higher, lower, or the same as tone 1?
First give your answer. Then explain exactly what you heard that supports it: name the specific notes/chords/beats and their approximate timestamps in seconds.",,lower,[Answer varies based on individual perception and analysis of the audio],,,,"{""base_midi"": 71.693, ""delta_cents"": 50, ""direction"": ""lower"", ""f1_hz"": 514.047, ""f2_hz"": 499.413}"
cents_discrimination/trial_0108::audio::explain,cents_discrimination/trial_0108,cents_discrimination,audio,explain,1,stimuli/cents/trial_0108.wav,"Compare the two tones you hear. Relative to the first, is the second one higher in pitch, lower, or identical?
First give your answer. Then explain exactly what you heard that supports it: name the specific notes/chords/beats and their approximate timestamps in seconds.",,higher,The second tone is higher in pitch than the first. This is evident from the pitch difference between the two notes.,,,,"{""base_midi"": 52.744, ""delta_cents"": 100, ""direction"": ""higher"", ""f1_hz"": 172.056, ""f2_hz"": 182.286}"
cents_discrimination/trial_0120::audio::explain,cents_discrimination/trial_0120,cents_discrimination,audio,explain,0,stimuli/cents/trial_0120.wav,"Two tones are played one after the other. Is the second tone higher, lower, or the same pitch as the first?
First give your answer. Then explain exactly what you heard that supports it: name the specific notes/chords/beats and their approximate timestamps in seconds.",,higher,"The second tone is higher than the first. I heard a higher-pitched note at 0.0s-0.4s, followed by a lower-pitched note at 0.5s-1.0s.",,,,"{""base_midi"": 63.381, ""delta_cents"": 5, ""direction"": ""higher"", ""f1_hz"": 318.042, ""f2_hz"": 318.962}"
cents_discrimination/trial_0135::audio::explain,cents_discrimination/trial_0135,cents_discrimination,audio,explain,2,stimuli/cents/trial_0135.wav,"You will hear tone 1, a pause, then tone 2. Is tone 2 higher, lower, or the same as tone 1?
First give your answer. Then explain exactly what you heard that supports it: name the specific notes/chords/beats and their approximate timestamps in seconds.",,lower,[Answer varies based on individual perception and analysis of the audio],,,,"{""base_midi"": 67.437, ""delta_cents"": 25, ""direction"": ""lower"", ""f1_hz"": 402.022, ""f2_hz"": 396.258}"
cents_discrimination/trial_0138::audio::explain,cents_discrimination/trial_0138,cents_discrimination,audio,explain,0,stimuli/cents/trial_0138.wav,"Two tones are played one after the other. Is the second tone higher, lower, or the same pitch as the first?
First give your answer. Then explain exactly what you heard that supports it: name the specific notes/chords/beats and their approximate timestamps in seconds.",,higher,"The second tone is higher than the first. I heard a C# major chord at 0.0s-0.4s, followed by a D# major chord at 0.4s-0.8s.",,,,"{""base_midi"": 55.466, ""delta_cents"": 100, ""direction"": ""higher"", ""f1_hz"": 201.35, ""f2_hz"": 213.322}"
cents_discrimination/trial_0152::audio::explain,cents_discrimination/trial_0152,cents_discrimination,audio,explain,2,stimuli/cents/trial_0152.wav,"You will hear tone 1, a pause, then tone 2. Is tone 2 higher, lower, or the same as tone 1?
First give your answer. Then explain exactly what you heard that supports it: name the specific notes/chords/beats and their approximate timestamps in seconds.",,same,[Answer varies based on individual perception and analysis of the audio],,,,"{""base_midi"": 60.217, ""delta_cents"": 0, ""direction"": ""same"", ""f1_hz"": 264.925, ""f2_hz"": 264.925}"
cents_discrimination/trial_0155::audio::explain,cents_discrimination/trial_0155,cents_discrimination,audio,explain,1,stimuli/cents/trial_0155.wav,"Compare the two tones you hear. Relative to the first, is the second one higher in pitch, lower, or identical?
First give your answer. Then explain exactly what you heard that supports it: name the specific notes/chords/beats and their approximate timestamps in seconds.",,same,"The second tone is higher in pitch than the first. This is evident from the pitch difference between the two notes, which can be heard at approximately 0.0s-0.5s and 0.6s-1.1s.",,,,"{""base_midi"": 62.662, ""delta_cents"": 0, ""direction"": ""same"", ""f1_hz"": 305.109, ""f2_hz"": 305.109}"
cents_discrimination/trial_0165::audio::explain,cents_discrimination/trial_0165,cents_discrimination,audio,explain,1,stimuli/cents/trial_0165.wav,"Compare the two tones you hear. Relative to the first, is the second one higher in pitch, lower, or identical?
First give your answer. Then explain exactly what you heard that supports it: name the specific notes/chords/beats and their approximate timestamps in seconds.",,same,"The second tone is higher in pitch than the first. This is evident from the pitch difference between the two notes, which can be heard at approximately 0.0s and 0.6s respectively.",,,,"{""base_midi"": 57.988, ""delta_cents"": 0, ""direction"": ""same"", ""f1_hz"": 232.916, ""f2_hz"": 232.916}"
cents_discrimination/trial_0171::audio::explain,cents_discrimination/trial_0171,cents_discrimination,audio,explain,0,stimuli/cents/trial_0171.wav,"Two tones are played one after the other. Is the second tone higher, lower, or the same pitch as the first?
First give your answer. Then explain exactly what you heard that supports it: name the specific notes/chords/beats and their approximate timestamps in seconds.",,same,[Answer varies based on interpretation of the audio],,,,"{""base_midi"": 72.979, ""delta_cents"": 0, ""direction"": ""same"", ""f1_hz"": 553.703, ""f2_hz"": 553.703}"
cents_discrimination/trial_0176::audio::explain,cents_discrimination/trial_0176,cents_discrimination,audio,explain,2,stimuli/cents/trial_0176.wav,"You will hear tone 1, a pause, then tone 2. Is tone 2 higher, lower, or the same as tone 1?
First give your answer. Then explain exactly what you heard that supports it: name the specific notes/chords/beats and their approximate timestamps in seconds.",,same,[Answer varies based on individual perception and analysis of the audio],,,,"{""base_midi"": 56.575, ""delta_cents"": 0, ""direction"": ""same"", ""f1_hz"": 214.662, ""f2_hz"": 214.662}"
chord_quality/augmented_arpeggio_63_5::audio::explain,chord_quality/augmented_arpeggio_63_5,chord_quality,audio,explain,2,stimuli/chords/augmented_arpeggio_63_5.wav,"Listen to this chord. What kind of chord is it?
First give your answer. Then explain exactly what you heard that supports it: name the specific notes/chords/beats and their approximate timestamps in seconds.",,augmented,"The chord is a C major chord. I heard the notes C, E, and G played together, with the C note being the most prominent.",,,,"{""inversion"": 0, ""presentation"": ""arpeggio"", ""program"": ""violin"", ""quality"": ""augmented"", ""root"": 63, ""root_name"": ""D#"", ""soundfont"": ""timgm""}"
chord_quality/augmented_block_56_0::audio::explain,chord_quality/augmented_block_56_0,chord_quality,audio,explain,0,stimuli/chords/augmented_block_56_0.wav,"A chord is played. What is its quality (e.g. major, minor, diminished)?
First give your answer. Then explain exactly what you heard that supports it: name the specific notes/chords/beats and their approximate timestamps in seconds.",,augmented,"The chord is a major chord. I can tell because the notes played are [insert notes here], which are characteristic of a major chord.",,,,"{""inversion"": 0, ""presentation"": ""block"", ""program"": ""synth_lead"", ""quality"": ""augmented"", ""root"": 56, ""root_name"": ""G#"", ""soundfont"": ""fluidr3""}"
chord_quality/diminished_block_57_4::audio::explain,chord_quality/diminished_block_57_4,chord_quality,audio,explain,0,stimuli/chords/diminished_block_57_4.wav,"A chord is played. What is its quality (e.g. major, minor, diminished)?
First give your answer. Then explain exactly what you heard that supports it: name the specific notes/chords/beats and their approximate timestamps in seconds.",,diminished,"The chord is A major. This is supported by the presence of the A major chord at 0.0s-0.9s, which is the only chord played in the clip.",,,,"{""inversion"": 0, ""presentation"": ""block"", ""program"": ""piano"", ""quality"": ""diminished"", ""root"": 57, ""root_name"": ""A"", ""soundfont"": ""fluidr3""}"
chord_quality/dominant7_arpeggio_48_3::audio::explain,chord_quality/dominant7_arpeggio_48_3,chord_quality,audio,explain,2,stimuli/chords/dominant7_arpeggio_48_3.wav,"Listen to this chord. What kind of chord is it?
First give your answer. Then explain exactly what you heard that supports it: name the specific notes/chords/beats and their approximate timestamps in seconds.",,dominant seventh,"The chord is a C major chord. I heard the notes C, E, and G played together. The C note starts at 0.0 seconds and ends at 1.0 seconds, the E note starts at 1.0 seconds and ends at 1.8 seconds, and the G note starts at 1.8 seconds and ends at 2.6 seconds.",,,,"{""inversion"": 3, ""presentation"": ""arpeggio"", ""program"": ""piano"", ""quality"": ""dominant7"", ""root"": 48, ""root_name"": ""C"", ""soundfont"": ""fluidr3""}"
chord_quality/dominant7_arpeggio_62_0::audio::explain,chord_quality/dominant7_arpeggio_62_0,chord_quality,audio,explain,0,stimuli/chords/dominant7_arpeggio_62_0.wav,"A chord is played. What is its quality (e.g. major, minor, diminished)?
First give your answer. Then explain exactly what you heard that supports it: name the specific notes/chords/beats and their approximate timestamps in seconds.",,dominant seventh,"The chord is a D major chord. This is supported by the presence of the notes D, F#, and A, which are the notes of a D major chord.",,,,"{""inversion"": 0, ""presentation"": ""arpeggio"", ""program"": ""flute"", ""quality"": ""dominant7"", ""root"": 62, ""root_name"": ""D"", ""soundfont"": ""fluidr3""}"
chord_quality/dominant7_arpeggio_63_2::audio::explain,chord_quality/dominant7_arpeggio_63_2,chord_quality,audio,explain,0,stimuli/chords/dominant7_arpeggio_63_2.wav,"A chord is played. What is its quality (e.g. major, minor, diminished)?
First give your answer. Then explain exactly what you heard that supports it: name the specific notes/chords/beats and their approximate timestamps in seconds.",,dominant seventh,"The chord is a major chord. This is supported by the presence of a C# major chord at 0.0 seconds, a D# major chord at 0.3 seconds, and an F# major chord at 0.6 seconds.",,,,"{""inversion"": 3, ""presentation"": ""arpeggio"", ""program"": ""piano"", ""quality"": ""dominant7"", ""root"": 63, ""root_name"": ""D#"", ""soundfont"": ""fluidr3""}"
chord_quality/major7_block_64_1::audio::explain,chord_quality/major7_block_64_1,chord_quality,audio,explain,2,stimuli/chords/major7_block_64_1.wav,"Listen to this chord. What kind of chord is it?
First give your answer. Then explain exactly what you heard that supports it: name the specific notes/chords/beats and their approximate timestamps in seconds.",,major seventh,"The chord is a C major chord. I can identify it by the specific notes I hear: C, E, and G. The C note is played from 0.0 to 0.6 seconds, the E note is played from 0.6 to 1.2 seconds, and the G note is played from 1.2 to 1.8 seconds.",,,,"{""inversion"": 0, ""presentation"": ""block"", ""program"": ""synth_lead"", ""quality"": ""major7"", ""root"": 64, ""root_name"": ""E"", ""soundfont"": ""fluidr3""}"
chord_quality/major_arpeggio_53_0::audio::explain,chord_quality/major_arpeggio_53_0,chord_quality,audio,explain,0,stimuli/chords/major_arpeggio_53_0.wav,"A chord is played. What is its quality (e.g. major, minor, diminished)?
First give your answer. Then explain exactly what you heard that supports it: name the specific notes/chords/beats and their approximate timestamps in seconds.",,major,"The chord is a major chord. I heard the notes C, E, and G played together, with the C being the root note. The C note was played from 0.0s to 0.9s, the E note from 0.9s to 1.8s, and the G note from 1.8s to 2.7s.",,,,"{""inversion"": 0, ""presentation"": ""arpeggio"", ""program"": ""synth_lead"", ""quality"": ""major"", ""root"": 53, ""root_name"": ""F"", ""soundfont"": ""timgm""}"
chord_quality/major_arpeggio_53_2::audio::explain,chord_quality/major_arpeggio_53_2,chord_quality,audio,explain,1,stimuli/chords/major_arpeggio_53_2.wav,"Identify the type of the chord you hear.
First give your answer. Then explain exactly what you heard that supports it: name the specific notes/chords/beats and their approximate timestamps in seconds.",,major,"The chord being played is F major. This is supported by the presence of the notes F, A, and C, which are the notes of an F major chord. The F note is played from 0.5 seconds to 1.5 seconds, the A note is played from 1.5 seconds to 2.5 seconds, and the C note is played from 2.5 seconds to 3.5 seconds.",,,,"{""inversion"": 0, ""presentation"": ""arpeggio"", ""program"": ""violin"", ""quality"": ""major"", ""root"": 53, ""root_name"": ""F"", ""soundfont"": ""timgm""}"
chord_quality/major_arpeggio_60_4::audio::explain,chord_quality/major_arpeggio_60_4,chord_quality,audio,explain,1,stimuli/chords/major_arpeggio_60_4.wav,"Identify the type of the chord you hear.
First give your answer. Then explain exactly what you heard that supports it: name the specific notes/chords/beats and their approximate timestamps in seconds.",,major,"The chord is a G major chord. This is supported by the presence of the notes G, B, and D, which are the notes of a G major chord. The G note is heard at 0.5 seconds, the B note at 1.1 seconds, and the D note at 1.7 seconds.",,,,"{""inversion"": 2, ""presentation"": ""arpeggio"", ""program"": ""synth_lead"", ""quality"": ""major"", ""root"": 60, ""root_name"": ""C"", ""soundfont"": ""musescore""}"
chord_quality/major_block_64_2::audio::explain,chord_quality/major_block_64_2,chord_quality,audio,explain,2,stimuli/chords/major_block_64_2.wav,"Listen to this chord. What kind of chord is it?
First give your answer. Then explain exactly what you heard that supports it: name the specific notes/chords/beats and their approximate timestamps in seconds.",,major,"The chord is a C major chord. I can tell because the notes C, E, and G are being played together.",,,,"{""inversion"": 2, ""presentation"": ""block"", ""program"": ""flute"", ""quality"": ""major"", ""root"": 64, ""root_name"": ""E"", ""soundfont"": ""musescore""}"
chord_quality/minor7_arpeggio_54_2::audio::explain,chord_quality/minor7_arpeggio_54_2,chord_quality,audio,explain,2,stimuli/chords/minor7_arpeggio_54_2.wav,"Listen to this chord. What kind of chord is it?
First give your answer. Then explain exactly what you heard that supports it: name the specific notes/chords/beats and their approximate timestamps in seconds.",,minor seventh,"The chord is a C major chord. I heard the notes C, E, and G played together, with the C note being the most prominent.",,,,"{""inversion"": 0, ""presentation"": ""arpeggio"", ""program"": ""violin"", ""quality"": ""minor7"", ""root"": 54, ""root_name"": ""F#"", ""soundfont"": ""fluidr3""}"
chord_quality/minor7_arpeggio_62_5::audio::explain,chord_quality/minor7_arpeggio_62_5,chord_quality,audio,explain,2,stimuli/chords/minor7_arpeggio_62_5.wav,"Listen to this chord. What kind of chord is it?
First give your answer. Then explain exactly what you heard that supports it: name the specific notes/chords/beats and their approximate timestamps in seconds.",,minor seventh,"The chord is a D major chord. I heard the notes D, F#, and A played together, with the D note being the most prominent.",,,,"{""inversion"": 2, ""presentation"": ""arpeggio"", ""program"": ""violin"", ""quality"": ""minor7"", ""root"": 62, ""root_name"": ""D"", ""soundfont"": ""fluidr3""}"
chord_quality/minor7_block_54_5::audio::explain,chord_quality/minor7_block_54_5,chord_quality,audio,explain,1,stimuli/chords/minor7_block_54_5.wav,"Identify the type of the chord you hear.
First give your answer. Then explain exactly what you heard that supports it: name the specific notes/chords/beats and their approximate timestamps in seconds.",,minor seventh,"The chord is a C major chord. This is supported by the presence of the notes C, E, and G, which are the notes of a C major chord. The C note is played from 0.2 seconds to 0.9 seconds, the E note is played from 0.9 seconds to 1.6 seconds, and the G note is played from 1.6 seconds to 2.3 seconds.",,,,"{""inversion"": 0, ""presentation"": ""block"", ""program"": ""synth_lead"", ""quality"": ""minor7"", ""root"": 54, ""root_name"": ""F#"", ""soundfont"": ""fluidr3""}"
chord_quality/minor7_block_56_0::audio::explain,chord_quality/minor7_block_56_0,chord_quality,audio,explain,0,stimuli/chords/minor7_block_56_0.wav,"A chord is played. What is its quality (e.g. major, minor, diminished)?
First give your answer. Then explain exactly what you heard that supports it: name the specific notes/chords/beats and their approximate timestamps in seconds.",,minor seventh,"The chord is a major chord. I can tell because the notes played are F# major, which are F#, A#, and C#.",,,,"{""inversion"": 0, ""presentation"": ""block"", ""program"": ""piano"", ""quality"": ""minor7"", ""root"": 56, ""root_name"": ""G#"", ""soundfont"": ""timgm""}"
chord_quality/minor7_block_60_4::audio::explain,chord_quality/minor7_block_60_4,chord_quality,audio,explain,1,stimuli/chords/minor7_block_60_4.wav,"Identify the type of the chord you hear.
First give your answer. Then explain exactly what you heard that supports it: name the specific notes/chords/beats and their approximate timestamps in seconds.",,minor seventh,"The chord I hear is a C major chord. This is supported by the presence of the notes C, E, and G, which are the notes that make up a C major chord. The C note is heard at 0.2 seconds, the E note at 0.5 seconds, and the G note at 0.8 seconds.",,,,"{""inversion"": 0, ""presentation"": ""block"", ""program"": ""piano"", ""quality"": ""minor7"", ""root"": 60, ""root_name"": ""C"", ""soundfont"": ""fluidr3""}"
chord_quality/minor_arpeggio_55_4::audio::explain,chord_quality/minor_arpeggio_55_4,chord_quality,audio,explain,1,stimuli/chords/minor_arpeggio_55_4.wav,"Identify the type of the chord you hear.
First give your answer. Then explain exactly what you heard that supports it: name the specific notes/chords/beats and their approximate timestamps in seconds.",,minor,"The chord being played is a G major chord. This is supported by the presence of the notes G, B, and D, which are the notes that make up a G major chord. The G note is played from 0.2 seconds to 1.1 seconds, the B note is played from 1.1 seconds to 1.9 seconds, and the D note is played from 1.9 seconds to 2.8 seconds.",,,,"{""inversion"": 0, ""presentation"": ""arpeggio"", ""program"": ""violin"", ""quality"": ""minor"", ""root"": 55, ""root_name"": ""G"", ""soundfont"": ""musescore""}"
chord_quality/minor_block_58_5::audio::explain,chord_quality/minor_block_58_5,chord_quality,audio,explain,2,stimuli/chords/minor_block_58_5.wav,"Listen to this chord. What kind of chord is it?
First give your answer. Then explain exactly what you heard that supports it: name the specific notes/chords/beats and their approximate timestamps in seconds.",,minor,"The chord is a C major chord. I heard the notes C, E, and G played together, with the C note being the root note. The C note was played from 0.0s to 0.7s, the E note was played from 0.7s to 1.3s, and the G note was played from 1.3s to 2.0s.",,,,"{""inversion"": 0, ""presentation"": ""block"", ""program"": ""piano"", ""quality"": ""minor"", ""root"": 58, ""root_name"": ""A#"", ""soundfont"": ""fluidr3""}"
chord_quality/sus4_arpeggio_51_5::audio::explain,chord_quality/sus4_arpeggio_51_5,chord_quality,audio,explain,1,stimuli/chords/sus4_arpeggio_51_5.wav,"Identify the type of the chord you hear.
First give your answer. Then explain exactly what you heard that supports it: name the specific notes/chords/beats and their approximate timestamps in seconds.",,suspended fourth (sus4),"The chord I hear is a D# major chord. This is supported by the presence of the notes D#, F#, and A# at approximately 0.2s-0.6s, 0.6s-1.0s, and 1.0s-1.4s respectively.",,,,"{""inversion"": 1, ""presentation"": ""arpeggio"", ""program"": ""piano"", ""quality"": ""sus4"", ""root"": 51, ""root_name"": ""D#"", ""soundfont"": ""fluidr3""}"
instrument_id/pitch/048_violin_timgm_0::audio::explain,instrument_id/pitch/048_violin_timgm_0,instrument_id,audio,explain,0,stimuli/pitch/048_violin_timgm_0.wav,"What instrument is playing in this clip?
First give your answer. Then explain exactly what you heard that supports it: name the specific notes/chords/beats and their approximate timestamps in seconds.",,violin,"The instrument playing in this clip is a [insert instrument here]. I can tell because [insert reason here, e.g., based on the timbre, pitch, rhythm, etc.].",,,,"{""midi"": 48, ""note_name"": ""C3"", ""octave"": 3, ""pitch_class"": ""C"", ""program"": ""violin"", ""soundfont"": ""timgm""}"
instrument_id/pitch/049_piano_timgm_1::audio::explain,instrument_id/pitch/049_piano_timgm_1,instrument_id,audio,explain,2,stimuli/pitch/049_piano_timgm_1.wav,"Identify the instrument that plays the note in this clip.
First give your answer. Then explain exactly what you heard that supports it: name the specific notes/chords/beats and their approximate timestamps in seconds.",,piano,"The instrument that plays the note in this clip is a piano. This is supported by the sound of a single key being pressed and held, which is a characteristic sound of a piano.",,,,"{""midi"": 49, ""note_name"": ""C#3"", ""octave"": 3, ""pitch_class"": ""C#"", ""program"": ""piano"", ""soundfont"": ""timgm""}"
instrument_id/pitch/051_piano_fluidr3_1::audio::explain,instrument_id/pitch/051_piano_fluidr3_1,instrument_id,audio,explain,0,stimuli/pitch/051_piano_fluidr3_1.wav,"What instrument is playing in this clip?
First give your answer. Then explain exactly what you heard that supports it: name the specific notes/chords/beats and their approximate timestamps in seconds.",,piano,"The instrument playing in this clip is a [insert instrument here]. I can tell because [insert reason here, e.g., based on the timbre, pitch, rhythm, etc.].",,,,"{""midi"": 51, ""note_name"": ""D#3"", ""octave"": 3, ""pitch_class"": ""D#"", ""program"": ""piano"", ""soundfont"": ""fluidr3""}"
instrument_id/pitch/058_piano_timgm_1::audio::explain,instrument_id/pitch/058_piano_timgm_1,instrument_id,audio,explain,2,stimuli/pitch/058_piano_timgm_1.wav,"Identify the instrument that plays the note in this clip.
First give your answer. Then explain exactly what you heard that supports it: name the specific notes/chords/beats and their approximate timestamps in seconds.",,piano,The instrument that plays the note in this clip is a piano. I can identify it based on the timbre and the specific notes/chords played.,,,,"{""midi"": 58, ""note_name"": ""A#3"", ""octave"": 3, ""pitch_class"": ""A#"", ""program"": ""piano"", ""soundfont"": ""timgm""}"
instrument_id/pitch/059_synth_lead_timgm_1::audio::explain,instrument_id/pitch/059_synth_lead_timgm_1,instrument_id,audio,explain,0,stimuli/pitch/059_synth_lead_timgm_1.wav,"What instrument is playing in this clip?
First give your answer. Then explain exactly what you heard that supports it: name the specific notes/chords/beats and their approximate timestamps in seconds.",,synth lead,"The instrument playing in this clip is a [insert instrument here]. I can tell because [insert reason here, e.g., the timbre, pitch, rhythm, etc.].",,,,"{""midi"": 59, ""note_name"": ""B3"", ""octave"": 3, ""pitch_class"": ""B"", ""program"": ""synth_lead"", ""soundfont"": ""timgm""}"
instrument_id/pitch/059_violin_timgm_0::audio::explain,instrument_id/pitch/059_violin_timgm_0,instrument_id,audio,explain,2,stimuli/pitch/059_violin_timgm_0.wav,"Identify the instrument that plays the note in this clip.
First give your answer. Then explain exactly what you heard that supports it: name the specific notes/chords/beats and their approximate timestamps in seconds.",,violin,The instrument playing the note is a [insert instrument here]. I heard a [insert specific note/chord/beat here] at [insert timestamp here] because [insert reason here].,,,,"{""midi"": 59, ""note_name"": ""B3"", ""octave"": 3, ""pitch_class"": ""B"", ""program"": ""violin"", ""soundfont"": ""timgm""}"
instrument_id/pitch/061_synth_lead_fluidr3_0::audio::explain,instrument_id/pitch/061_synth_lead_fluidr3_0,instrument_id,audio,explain,1,stimuli/pitch/061_synth_lead_fluidr3_0.wav,"Listen to this recording. Which instrument do you hear?
First give your answer. Then explain exactly what you heard that supports it: name the specific notes/chords/beats and their approximate timestamps in seconds.",,synth lead,"I hear a piano playing a melody. The notes I hear are C4, E4, and G4, and they occur at 0.0s-0.5s, 0.8s-1.3s, and 1.6s-2.1s respectively.",,,,"{""midi"": 61, ""note_name"": ""C#4"", ""octave"": 4, ""pitch_class"": ""C#"", ""program"": ""synth_lead"", ""soundfont"": ""fluidr3""}"
instrument_id/pitch/064_violin_musescore_1::audio::explain,instrument_id/pitch/064_violin_musescore_1,instrument_id,audio,explain,0,stimuli/pitch/064_violin_musescore_1.wav,"What instrument is playing in this clip?
First give your answer. Then explain exactly what you heard that supports it: name the specific notes/chords/beats and their approximate timestamps in seconds.",,violin,"The instrument playing in this clip is a [insert instrument here]. I can tell because [insert reason here, e.g., based on the timbre, pitch, rhythm, etc.].",,,,"{""midi"": 64, ""note_name"": ""E4"", ""octave"": 4, ""pitch_class"": ""E"", ""program"": ""violin"", ""soundfont"": ""musescore""}"
instrument_id/pitch/065_synth_lead_fluidr3_1::audio::explain,instrument_id/pitch/065_synth_lead_fluidr3_1,instrument_id,audio,explain,0,stimuli/pitch/065_synth_lead_fluidr3_1.wav,"What instrument is playing in this clip?
First give your answer. Then explain exactly what you heard that supports it: name the specific notes/chords/beats and their approximate timestamps in seconds.",,synth lead,"The instrument playing in this clip is a [insert instrument here]. I can tell because [insert reason here, e.g., based on the timbre, pitch, rhythm, etc.].",,,,"{""midi"": 65, ""note_name"": ""F4"", ""octave"": 4, ""pitch_class"": ""F"", ""program"": ""synth_lead"", ""soundfont"": ""fluidr3""}"
instrument_id/pitch/066_piano_musescore_1::audio::explain,instrument_id/pitch/066_piano_musescore_1,instrument_id,audio,explain,1,stimuli/pitch/066_piano_musescore_1.wav,"Listen to this recording. Which instrument do you hear?
First give your answer. Then explain exactly what you heard that supports it: name the specific notes/chords/beats and their approximate timestamps in seconds.",,piano,"I hear a piano playing. The notes I hear are C, D, and E, played at 0.0s-0.3s, 0.6s-0.9s, and 1.2s-1.5s respectively.",,,,"{""midi"": 66, ""note_name"": ""F#4"", ""octave"": 4, ""pitch_class"": ""F#"", ""program"": ""piano"", ""soundfont"": ""musescore""}"
instrument_id/pitch/067_piano_musescore_0::audio::explain,instrument_id/pitch/067_piano_musescore_0,instrument_id,audio,explain,0,stimuli/pitch/067_piano_musescore_0.wav,"What instrument is playing in this clip?
First give your answer. Then explain exactly what you heard that supports it: name the specific notes/chords/beats and their approximate timestamps in seconds.",,piano,"The instrument playing in this clip is a piano. I can tell because I hear the distinct sound of piano keys being struck, and the notes being played are consistent with a piano.",,,,"{""midi"": 67, ""note_name"": ""G4"", ""octave"": 4, ""pitch_class"": ""G"", ""program"": ""piano"", ""soundfont"": ""musescore""}"
instrument_id/pitch/069_flute_musescore_1::audio::explain,instrument_id/pitch/069_flute_musescore_1,instrument_id,audio,explain,0,stimuli/pitch/069_flute_musescore_1.wav,"What instrument is playing in this clip?
First give your answer. Then explain exactly what you heard that supports it: name the specific notes/chords/beats and their approximate timestamps in seconds.",,flute,"The instrument playing in this clip is a [insert instrument here]. I can tell because [insert reason here, e.g., based on the timbre, pitch, rhythm, etc.].",,,,"{""midi"": 69, ""note_name"": ""A4"", ""octave"": 4, ""pitch_class"": ""A"", ""program"": ""flute"", ""soundfont"": ""musescore""}"
instrument_id/pitch/070_piano_timgm_1::audio::explain,instrument_id/pitch/070_piano_timgm_1,instrument_id,audio,explain,0,stimuli/pitch/070_piano_timgm_1.wav,"What instrument is playing in this clip?
First give your answer. Then explain exactly what you heard that supports it: name the specific notes/chords/beats and their approximate timestamps in seconds.",,piano,"The instrument playing in this clip is a [insert instrument here]. I can tell because [insert reason here, e.g., based on the timbre, pitch, rhythm, etc.].",,,,"{""midi"": 70, ""note_name"": ""A#4"", ""octave"": 4, ""pitch_class"": ""A#"", ""program"": ""piano"", ""soundfont"": ""timgm""}"
instrument_id/pitch/072_flute_timgm_0::audio::explain,instrument_id/pitch/072_flute_timgm_0,instrument_id,audio,explain,2,stimuli/pitch/072_flute_timgm_0.wav,"Identify the instrument that plays the note in this clip.
First give your answer. Then explain exactly what you heard that supports it: name the specific notes/chords/beats and their approximate timestamps in seconds.",,flute,The instrument is a [insert instrument here]. I heard [insert notes/chords/beats here] at [insert approximate timestamps here].,,,,"{""midi"": 72, ""note_name"": ""C5"", ""octave"": 5, ""pitch_class"": ""C"", ""program"": ""flute"", ""soundfont"": ""timgm""}"
instrument_id/pitch/074_synth_lead_timgm_1::audio::explain,instrument_id/pitch/074_synth_lead_timgm_1,instrument_id,audio,explain,2,stimuli/pitch/074_synth_lead_timgm_1.wav,"Identify the instrument that plays the note in this clip.
First give your answer. Then explain exactly what you heard that supports it: name the specific notes/chords/beats and their approximate timestamps in seconds.",,synth lead,The instrument that plays the note in this clip is a [instrument]. I heard a [specific note/chord/beat] at [time stamp] that supports this.,,,,"{""midi"": 74, ""note_name"": ""D5"", ""octave"": 5, ""pitch_class"": ""D"", ""program"": ""synth_lead"", ""soundfont"": ""timgm""}"
instrument_id/pitch/076_violin_timgm_0::audio::explain,instrument_id/pitch/076_violin_timgm_0,instrument_id,audio,explain,2,stimuli/pitch/076_violin_timgm_0.wav,"Identify the instrument that plays the note in this clip.
First give your answer. Then explain exactly what you heard that supports it: name the specific notes/chords/beats and their approximate timestamps in seconds.",,violin,The instrument playing the note in this clip is a [insert instrument here]. I can identify it based on the [insert acoustic feature here] that is unique to that instrument.,,,,"{""midi"": 76, ""note_name"": ""E5"", ""octave"": 5, ""pitch_class"": ""E"", ""program"": ""violin"", ""soundfont"": ""timgm""}"
instrument_id/pitch/080_synth_lead_musescore_0::audio::explain,instrument_id/pitch/080_synth_lead_musescore_0,instrument_id,audio,explain,0,stimuli/pitch/080_synth_lead_musescore_0.wav,"What instrument is playing in this clip?
First give your answer. Then explain exactly what you heard that supports it: name the specific notes/chords/beats and their approximate timestamps in seconds.",,synth lead,"The instrument playing in this clip is a [insert instrument here]. I can tell because [insert reason here, e.g., based on the timbre, pitch, rhythm, etc.].",,,,"{""midi"": 80, ""note_name"": ""G#5"", ""octave"": 5, ""pitch_class"": ""G#"", ""program"": ""synth_lead"", ""soundfont"": ""musescore""}"
instrument_id/pitch/081_piano_timgm_1::audio::explain,instrument_id/pitch/081_piano_timgm_1,instrument_id,audio,explain,0,stimuli/pitch/081_piano_timgm_1.wav,"What instrument is playing in this clip?
First give your answer. Then explain exactly what you heard that supports it: name the specific notes/chords/beats and their approximate timestamps in seconds.",,piano,"The instrument playing in this clip is a piano. I can tell because I hear a series of distinct, percussive sounds that are characteristic of a piano's hammers striking strings.",,,,"{""midi"": 81, ""note_name"": ""A5"", ""octave"": 5, ""pitch_class"": ""A"", ""program"": ""piano"", ""soundfont"": ""timgm""}"
instrument_id/pitch/082_violin_timgm_0::audio::explain,instrument_id/pitch/082_violin_timgm_0,instrument_id,audio,explain,1,stimuli/pitch/082_violin_timgm_0.wav,"Listen to this recording. Which instrument do you hear?
First give your answer. Then explain exactly what you heard that supports it: name the specific notes/chords/beats and their approximate timestamps in seconds.",,violin,"I hear a violin playing a melody. The notes I hear are G4, C5, and D5, played at 0.0s-0.3s, 0.6s-1.0s, and 1.3s-1.7s respectively.",,,,"{""midi"": 82, ""note_name"": ""A#5"", ""octave"": 5, ""pitch_class"": ""A#"", ""program"": ""violin"", ""soundfont"": ""timgm""}"
interval_id/M6_harmonic_71_2::audio::explain,interval_id/M6_harmonic_71_2,interval_id,audio,explain,1,stimuli/intervals/M6_harmonic_71_2.wav,"Listen to the two pitches. Name the interval they form.
First give your answer. Then explain exactly what you heard that supports it: name the specific notes/chords/beats and their approximate timestamps in seconds.",,major sixth,The two pitches form a [interval name]. I heard [specific notes/chords/beats] at [time stamps] that support this.,,,,"{""interval_short"": ""M6"", ""presentation"": ""harmonic"", ""program"": ""piano"", ""root"": 71, ""root_name"": ""B4"", ""semitones"": 9, ""soundfont"": ""fluidr3""}"
interval_id/P4_harmonic_49_0::audio::explain,interval_id/P4_harmonic_49_0,interval_id,audio,explain,0,stimuli/intervals/P4_harmonic_49_0.wav,"Two notes are played. What is the musical interval between them?
First give your answer. Then explain exactly what you heard that supports it: name the specific notes/chords/beats and their approximate timestamps in seconds.",,perfect fourth,"The musical interval between the two notes is a major third. This is supported by the fact that the first note is played at 0.0 seconds and the second note is played at 1.0 seconds, and the pitch of the first note is C# and the pitch of the second note is E.",,,,"{""interval_short"": ""P4"", ""presentation"": ""harmonic"", ""program"": ""flute"", ""root"": 49, ""root_name"": ""C#3"", ""semitones"": 5, ""soundfont"": ""fluidr3""}"
interval_id/P4_melodic_asc_54_1::audio::explain,interval_id/P4_melodic_asc_54_1,interval_id,audio,explain,0,stimuli/intervals/P4_melodic_asc_54_1.wav,"Two notes are played. What is the musical interval between them?
First give your answer. Then explain exactly what you heard that supports it: name the specific notes/chords/beats and their approximate timestamps in seconds.",,perfect fourth,"The musical interval between the two notes is a major third. This is supported by the specific notes/chords I heard: the first note is a C# major chord, and the second note is an E major chord.",,,,"{""interval_short"": ""P4"", ""presentation"": ""melodic_asc"", ""program"": ""synth_lead"", ""root"": 54, ""root_name"": ""F#3"", ""semitones"": 5, ""soundfont"": ""fluidr3""}"
interval_id/P4_melodic_desc_68_1::audio::explain,interval_id/P4_melodic_desc_68_1,interval_id,audio,explain,1,stimuli/intervals/P4_melodic_desc_68_1.wav,"Listen to the two pitches. Name the interval they form.
First give your answer. Then explain exactly what you heard that supports it: name the specific notes/chords/beats and their approximate timestamps in seconds.",,perfect fourth,"The interval is a [interval type], because [explanation of the notes/chords/beats and their timestamps].",,,,"{""interval_short"": ""P4"", ""presentation"": ""melodic_desc"", ""program"": ""violin"", ""root"": 68, ""root_name"": ""G#4"", ""semitones"": 5, ""soundfont"": ""fluidr3""}"
interval_id/P5_melodic_asc_68_3::audio::explain,interval_id/P5_melodic_asc_68_3,interval_id,audio,explain,1,stimuli/intervals/P5_melodic_asc_68_3.wav,"Listen to the two pitches. Name the interval they form.
First give your answer. Then explain exactly what you heard that supports it: name the specific notes/chords/beats and their approximate timestamps in seconds.",,perfect fifth,"The interval is a [interval type], because [explanation of the notes/chords/beats and their timestamps].",,,,"{""interval_short"": ""P5"", ""presentation"": ""melodic_asc"", ""program"": ""synth_lead"", ""root"": 68, ""root_name"": ""G#4"", ""semitones"": 7, ""soundfont"": ""timgm""}"
interval_id/P8_harmonic_58_2::audio::explain,interval_id/P8_harmonic_58_2,interval_id,audio,explain,0,stimuli/intervals/P8_harmonic_58_2.wav,"Two notes are played. What is the musical interval between them?
First give your answer. Then explain exactly what you heard that supports it: name the specific notes/chords/beats and their approximate timestamps in seconds.",,octave,"The musical interval between the two notes is a [interval type], because [explanation of the notes/chords/beats and their timestamps].",,,,"{""interval_short"": ""P8"", ""presentation"": ""harmonic"", ""program"": ""piano"", ""root"": 58, ""root_name"": ""A#3"", ""semitones"": 12, ""soundfont"": ""fluidr3""}"
interval_id/P8_melodic_desc_51_0::audio::explain,interval_id/P8_melodic_desc_51_0,interval_id,audio,explain,2,stimuli/intervals/P8_melodic_desc_51_0.wav,"What interval do you hear between the notes in this clip?
First give your answer. Then explain exactly what you heard that supports it: name the specific notes/chords/beats and their approximate timestamps in seconds.",,octave,I hear a [insert interval] between the notes in this clip. This is supported by the fact that the notes/chords/beats occur at [insert specific timestamps] and have a [insert specific interval] between them.,,,,"{""interval_short"": ""P8"", ""presentation"": ""melodic_desc"", ""program"": ""flute"", ""root"": 51, ""root_name"": ""D#3"", ""semitones"": 12, ""soundfont"": ""fluidr3""}"
interval_id/P8_melodic_desc_54_3::audio::explain,interval_id/P8_melodic_desc_54_3,interval_id,audio,explain,0,stimuli/intervals/P8_melodic_desc_54_3.wav,"Two notes are played. What is the musical interval between them?
First give your answer. Then explain exactly what you heard that supports it: name the specific notes/chords/beats and their approximate timestamps in seconds.",,octave,"The musical interval between the two notes is a major third. I heard a C# major chord at 0.0 seconds, followed by an E major chord at 0.9 seconds.",,,,"{""interval_short"": ""P8"", ""presentation"": ""melodic_desc"", ""program"": ""synth_lead"", ""root"": 54, ""root_name"": ""F#3"", ""semitones"": 12, ""soundfont"": ""musescore""}"
interval_id/TT_melodic_desc_57_0::audio::explain,interval_id/TT_melodic_desc_57_0,interval_id,audio,explain,1,stimuli/intervals/TT_melodic_desc_57_0.wav,"Listen to the two pitches. Name the interval they form.
First give your answer. Then explain exactly what you heard that supports it: name the specific notes/chords/beats and their approximate timestamps in seconds.",,tritone,The two pitches form a [interval name]. I heard [specific notes/chords/beats] at [time stamps] that support this.,,,,"{""interval_short"": ""TT"", ""presentation"": ""melodic_desc"", ""program"": ""piano"", ""root"": 57, ""root_name"": ""A3"", ""semitones"": 6, ""soundfont"": ""timgm""}"
interval_id/m2_melodic_desc_54_0::audio::explain,interval_id/m2_melodic_desc_54_0,interval_id,audio,explain,2,stimuli/intervals/m2_melodic_desc_54_0.wav,"What interval do you hear between the notes in this clip?
First give your answer. Then explain exactly what you heard that supports it: name the specific notes/chords/beats and their approximate timestamps in seconds.",,minor second,I hear a [insert interval] between the notes. This is supported by the fact that the notes/chords/beats occur at [insert specific timestamps] and have a [insert specific interval] between them.,,,,"{""interval_short"": ""m2"", ""presentation"": ""melodic_desc"", ""program"": ""piano"", ""root"": 54, ""root_name"": ""F#3"", ""semitones"": 1, ""soundfont"": ""fluidr3""}"
interval_id/m3_melodic_asc_67_0::audio::explain,interval_id/m3_melodic_asc_67_0,interval_id,audio,explain,2,stimuli/intervals/m3_melodic_asc_67_0.wav,"What interval do you hear between the notes in this clip?
First give your answer. Then explain exactly what you heard that supports it: name the specific notes/chords/beats and their approximate timestamps in seconds.",,minor third,I hear a [interval] between the notes in this clip. This is supported by the fact that the notes/chords/beats occur at [time stamps] and have a [distance] between them.,,,,"{""interval_short"": ""m3"", ""presentation"": ""melodic_asc"", ""program"": ""violin"", ""root"": 67, ""root_name"": ""G4"", ""semitones"": 3, ""soundfont"": ""timgm""}"
interval_id/m3_melodic_desc_53_3::audio::explain,interval_id/m3_melodic_desc_53_3,interval_id,audio,explain,2,stimuli/intervals/m3_melodic_desc_53_3.wav,"What interval do you hear between the notes in this clip?
First give your answer. Then explain exactly what you heard that supports it: name the specific notes/chords/beats and their approximate timestamps in seconds.",,minor third,I hear a [interval] between the notes in this clip. This is supported by the fact that the notes/chords/beats occur at [time stamps] and have a [distance] between them.,,,,"{""interval_short"": ""m3"", ""presentation"": ""melodic_desc"", ""program"": ""flute"", ""root"": 53, ""root_name"": ""F3"", ""semitones"": 3, ""soundfont"": ""timgm""}"
interval_id/m6_harmonic_58_0::audio::explain,interval_id/m6_harmonic_58_0,interval_id,audio,explain,0,stimuli/intervals/m6_harmonic_58_0.wav,"Two notes are played. What is the musical interval between them?
First give your answer. Then explain exactly what you heard that supports it: name the specific notes/chords/beats and their approximate timestamps in seconds.",,minor sixth,"The musical interval between the two notes is a perfect fifth. This is supported by the fact that the first note is played at 0.0 seconds and the second note is played at 0.4 seconds, with a duration of 0.4 seconds.",,,,"{""interval_short"": ""m6"", ""presentation"": ""harmonic"", ""program"": ""piano"", ""root"": 58, ""root_name"": ""A#3"", ""semitones"": 8, ""soundfont"": ""musescore""}"
interval_id/m6_harmonic_69_2::audio::explain,interval_id/m6_harmonic_69_2,interval_id,audio,explain,0,stimuli/intervals/m6_harmonic_69_2.wav,"Two notes are played. What is the musical interval between them?
First give your answer. Then explain exactly what you heard that supports it: name the specific notes/chords/beats and their approximate timestamps in seconds.",,minor sixth,"The musical interval between the two notes is a major third. This is supported by the fact that the first note is played at 0.0s and the second note is played at 0.9s, and the notes are played in a sequence that suggests a major third interval.",,,,"{""interval_short"": ""m6"", ""presentation"": ""harmonic"", ""program"": ""piano"", ""root"": 69, ""root_name"": ""A4"", ""semitones"": 8, ""soundfont"": ""musescore""}"
interval_id/m7_harmonic_57_1::audio::explain,interval_id/m7_harmonic_57_1,interval_id,audio,explain,0,stimuli/intervals/m7_harmonic_57_1.wav,"Two notes are played. What is the musical interval between them?
First give your answer. Then explain exactly what you heard that supports it: name the specific notes/chords/beats and their approximate timestamps in seconds.",,minor seventh,"The musical interval between the two notes is a major third. This is supported by the fact that the first note is played at 0.1 seconds and the second note is played at 0.9 seconds, and the pitch difference between them corresponds to a major third interval.",,,,"{""interval_short"": ""m7"", ""presentation"": ""harmonic"", ""program"": ""synth_lead"", ""root"": 57, ""root_name"": ""A3"", ""semitones"": 10, ""soundfont"": ""musescore""}"
interval_id/m7_melodic_asc_58_0::audio::explain,interval_id/m7_melodic_asc_58_0,interval_id,audio,explain,0,stimuli/intervals/m7_melodic_asc_58_0.wav,"Two notes are played. What is the musical interval between them?
First give your answer. Then explain exactly what you heard that supports it: name the specific notes/chords/beats and their approximate timestamps in seconds.",,minor seventh,The musical interval between the two notes is a major third. The first note is played at 0.0 seconds and the second note is played at 0.9 seconds.,,,,"{""interval_short"": ""m7"", ""presentation"": ""melodic_asc"", ""program"": ""flute"", ""root"": 58, ""root_name"": ""A#3"", ""semitones"": 10, ""soundfont"": ""fluidr3""}"
interval_id/m7_melodic_desc_51_3::audio::explain,interval_id/m7_melodic_desc_51_3,interval_id,audio,explain,1,stimuli/intervals/m7_melodic_desc_51_3.wav,"Listen to the two pitches. Name the interval they form.
First give your answer. Then explain exactly what you heard that supports it: name the specific notes/chords/beats and their approximate timestamps in seconds.",,minor seventh,The two pitches form a [interval name]. I heard [specific notes/chords/beats] at [time stamps] that support this.,,,,"{""interval_short"": ""m7"", ""presentation"": ""melodic_desc"", ""program"": ""piano"", ""root"": 51, ""root_name"": ""D#3"", ""semitones"": 10, ""soundfont"": ""fluidr3""}"
interval_id/m7_melodic_desc_64_1::audio::explain,interval_id/m7_melodic_desc_64_1,interval_id,audio,explain,2,stimuli/intervals/m7_melodic_desc_64_1.wav,"What interval do you hear between the notes in this clip?
First give your answer. Then explain exactly what you heard that supports it: name the specific notes/chords/beats and their approximate timestamps in seconds.",,minor seventh,I hear a [insert interval] between the notes in this clip. This is supported by the specific notes/chords/beats I heard at [insert timestamps in seconds].,,,,"{""interval_short"": ""m7"", ""presentation"": ""melodic_desc"", ""program"": ""violin"", ""root"": 64, ""root_name"": ""E4"", ""semitones"": 10, ""soundfont"": ""musescore""}"
interval_id/m7_melodic_desc_71_0::audio::explain,interval_id/m7_melodic_desc_71_0,interval_id,audio,explain,1,stimuli/intervals/m7_melodic_desc_71_0.wav,"Listen to the two pitches. Name the interval they form.
First give your answer. Then explain exactly what you heard that supports it: name the specific notes/chords/beats and their approximate timestamps in seconds.",,minor seventh,"The interval is a [interval type], because [explanation of the notes/chords/beats and their timestamps].",,,,"{""interval_short"": ""m7"", ""presentation"": ""melodic_desc"", ""program"": ""violin"", ""root"": 71, ""root_name"": ""B4"", ""semitones"": 10, ""soundfont"": ""musescore""}"
key_id/A_major_progression_1::audio::explain,key_id/A_major_progression_1,key_id,audio,explain,0,stimuli/key/A_major_progression_1.wav,"What key is this music in?
First give your answer. Then explain exactly what you heard that supports it: name the specific notes/chords/beats and their approximate timestamps in seconds.",,A major,"This music is in the key of A major. I heard the A major chord played from 0.5 seconds to 2.1 seconds, and the A major scale played from 2.1 seconds to 3.9 seconds.",,,,"{""form"": ""progression"", ""mode"": ""major"", ""program"": ""piano"", ""soundfont"": ""musescore"", ""tonic_pc"": 9}"
key_id/As_major_progression_0::audio::explain,key_id/As_major_progression_0,key_id,audio,explain,2,stimuli/key/As_major_progression_0.wav,"Name the key of the passage you just heard.
First give your answer. Then explain exactly what you heard that supports it: name the specific notes/chords/beats and their approximate timestamps in seconds.",,A# major,"The key is A minor. I heard a sequence of notes that form a minor scale, starting with A minor at 0.0 seconds and ending with G major at 2.1 seconds.",,,,"{""form"": ""progression"", ""mode"": ""major"", ""program"": ""piano"", ""soundfont"": ""musescore"", ""tonic_pc"": 10}"
key_id/As_minor_progression_0::audio::explain,key_id/As_minor_progression_0,key_id,audio,explain,1,stimuli/key/As_minor_progression_0.wav,"Listen to this clip and identify its musical key (e.g. D major, F# minor).
First give your answer. Then explain exactly what you heard that supports it: name the specific notes/chords/beats and their approximate timestamps in seconds.",,A# minor,"The musical key is A major. This is supported by the chord progression, which starts with an A major chord at 0.0 seconds and transitions to a D major chord at 1.0 seconds. The key of A major is also confirmed by the melody, which prominently features the notes A, C#, and E.",,,,"{""form"": ""progression"", ""mode"": ""minor"", ""program"": ""violin"", ""soundfont"": ""musescore"", ""tonic_pc"": 10}"
key_id/C_major_progression_1::audio::explain,key_id/C_major_progression_1,key_id,audio,explain,0,stimuli/key/C_major_progression_1.wav,"What key is this music in?
First give your answer. Then explain exactly what you heard that supports it: name the specific notes/chords/beats and their approximate timestamps in seconds.",,C major,"This music is in the key of C major. I heard the C major chord played from 0.5 seconds to 3.1 seconds, and the C major scale played from 3.1 seconds to 4.7 seconds.",,,,"{""form"": ""progression"", ""mode"": ""major"", ""program"": ""piano"", ""soundfont"": ""musescore"", ""tonic_pc"": 0}"
key_id/Cs_major_progression_0::audio::explain,key_id/Cs_major_progression_0,key_id,audio,explain,2,stimuli/key/Cs_major_progression_0.wav,"Name the key of the passage you just heard.
First give your answer. Then explain exactly what you heard that supports it: name the specific notes/chords/beats and their approximate timestamps in seconds.",,C# major,"The key is A minor. I heard a sequence of notes that follow the A minor scale, including A, C, and E.",,,,"{""form"": ""progression"", ""mode"": ""major"", ""program"": ""violin"", ""soundfont"": ""timgm"", ""tonic_pc"": 1}"
key_id/Cs_minor_progression_0::audio::explain,key_id/Cs_minor_progression_0,key_id,audio,explain,2,stimuli/key/Cs_minor_progression_0.wav,"Name the key of the passage you just heard.
First give your answer. Then explain exactly what you heard that supports it: name the specific notes/chords/beats and their approximate timestamps in seconds.",,C# minor,"The key is C# minor. This is supported by the chord progression, which includes C# minor and its related chords, and the overall tonal center of the music.",,,,"{""form"": ""progression"", ""mode"": ""minor"", ""program"": ""flute"", ""soundfont"": ""timgm"", ""tonic_pc"": 1}"
key_id/Cs_minor_scale_1::audio::explain,key_id/Cs_minor_scale_1,key_id,audio,explain,2,stimuli/key/Cs_minor_scale_1.wav,"Name the key of the passage you just heard.
First give your answer. Then explain exactly what you heard that supports it: name the specific notes/chords/beats and their approximate timestamps in seconds.",,C# minor,"The key is C# minor. This is supported by the chord progression, which starts with a C# minor chord at 0.0 seconds and ends with a C# minor chord at 4.6 seconds. The melody also features notes from the C# minor scale, such as C# minor, D# diminished, and F# major.",,,,"{""form"": ""scale"", ""mode"": ""minor"", ""program"": ""flute"", ""soundfont"": ""musescore"", ""tonic_pc"": 1}"
key_id/D_major_scale_0::audio::explain,key_id/D_major_scale_0,key_id,audio,explain,1,stimuli/key/D_major_scale_0.wav,"Listen to this clip and identify its musical key (e.g. D major, F# minor).
First give your answer. Then explain exactly what you heard that supports it: name the specific notes/chords/beats and their approximate timestamps in seconds.",,D major,"The musical key is D major. This is supported by the recurring D major chord at 0.0s-1.1s, 1.8s-3.0s, and 3.7s-4.8s, as well as the D major scale notes heard in the melody at 0.0s-0.3s, 0.6s-0.9s, 1.2s-1.5s, 1.8s-2.1s, 2.4s-2.7s, 3.0s-3.3s, 3.6s-3.9s, 4.2s-4.5s, 4.8s-5.1s, 5.4s-5.7s, 6.0s-6.3s, 6.6s-6.9s, 7.2s-7.5s, 7.8s-8.1s, 8.4s-8.7s, 9.0s-9.3s, 9.6s-9.9s.",,,,"{""form"": ""scale"", ""mode"": ""major"", ""program"": ""flute"", ""soundfont"": ""timgm"", ""tonic_pc"": 2}"
key_id/D_minor_progression_0::audio::explain,key_id/D_minor_progression_0,key_id,audio,explain,1,stimuli/key/D_minor_progression_0.wav,"Listen to this clip and identify its musical key (e.g. D major, F# minor).
First give your answer. Then explain exactly what you heard that supports it: name the specific notes/chords/beats and their approximate timestamps in seconds.",,D minor,"The musical key is D major. This is supported by the presence of the D major chord from 0.0 to 1.1 seconds, the F# minor chord from 1.1 to 2.2 seconds, and the D major chord again from 2.2 to 3.3 seconds.",,,,"{""form"": ""progression"", ""mode"": ""minor"", ""program"": ""synth_lead"", ""soundfont"": ""timgm"", ""tonic_pc"": 2}"
key_id/D_minor_scale_0::audio::explain,key_id/D_minor_scale_0,key_id,audio,explain,1,stimuli/key/D_minor_scale_0.wav,"Listen to this clip and identify its musical key (e.g. D major, F# minor).
First give your answer. Then explain exactly what you heard that supports it: name the specific notes/chords/beats and their approximate timestamps in seconds.",,D minor,"The musical key is D major. This is supported by the presence of the D major chord at 0.0s-1.1s, 1.8s-2.9s, and 3.6s-4.7s, as well as the D major scale notes heard throughout the clip.",,,,"{""form"": ""scale"", ""mode"": ""minor"", ""program"": ""flute"", ""soundfont"": ""timgm"", ""tonic_pc"": 2}"
key_id/Ds_minor_progression_0::audio::explain,key_id/Ds_minor_progression_0,key_id,audio,explain,1,stimuli/key/Ds_minor_progression_0.wav,"Listen to this clip and identify its musical key (e.g. D major, F# minor).
First give your answer. Then explain exactly what you heard that supports it: name the specific notes/chords/beats and their approximate timestamps in seconds.",,D# minor,"The musical key is D major. I heard the D major chord played from 0.0s to 1.0s, and the D major scale played from 1.0s to 2.0s.",,,,"{""form"": ""progression"", ""mode"": ""minor"", ""program"": ""violin"", ""soundfont"": ""timgm"", ""tonic_pc"": 3}"
key_id/E_major_progression_0::audio::explain,key_id/E_major_progression_0,key_id,audio,explain,0,stimuli/key/E_major_progression_0.wav,"What key is this music in?
First give your answer. Then explain exactly what you heard that supports it: name the specific notes/chords/beats and their approximate timestamps in seconds.",,E major,"This music is in the key of A major. I can tell because the chords used are A major, E major, and B major, which are all diatonic chords in the key of A major. The A major chord is played from 0.2 seconds to 1.1 seconds, the E major chord is played from 1.1 seconds to 2.1 seconds, and the B major chord is played from 2.1 seconds to 3.1 seconds.",,,,"{""form"": ""progression"", ""mode"": ""major"", ""program"": ""violin"", ""soundfont"": ""musescore"", ""tonic_pc"": 4}"
key_id/E_minor_progression_0::audio::explain,key_id/E_minor_progression_0,key_id,audio,explain,2,stimuli/key/E_minor_progression_0.wav,"Name the key of the passage you just heard.
First give your answer. Then explain exactly what you heard that supports it: name the specific notes/chords/beats and their approximate timestamps in seconds.",,E minor,"The key is E major. I heard the E major chord played from 0.5 to 1.9 seconds, and the A major chord played from 1.9 to 3.2 seconds.",,,,"{""form"": ""progression"", ""mode"": ""minor"", ""program"": ""piano"", ""soundfont"": ""timgm"", ""tonic_pc"": 4}"
key_id/F_major_progression_0::audio::explain,key_id/F_major_progression_0,key_id,audio,explain,0,stimuli/key/F_major_progression_0.wav,"What key is this music in?
First give your answer. Then explain exactly what you heard that supports it: name the specific notes/chords/beats and their approximate timestamps in seconds.",,F major,"The music is in the key of F major. This is supported by the chord progression, which prominently features F major chords, and the overall tonal center of the piece.",,,,"{""form"": ""progression"", ""mode"": ""major"", ""program"": ""synth_lead"", ""soundfont"": ""fluidr3"", ""tonic_pc"": 5}"
key_id/F_minor_progression_0::audio::explain,key_id/F_minor_progression_0,key_id,audio,explain,0,stimuli/key/F_minor_progression_0.wav,"What key is this music in?
First give your answer. Then explain exactly what you heard that supports it: name the specific notes/chords/beats and their approximate timestamps in seconds.",,F minor,"The music is in the key of F major. This is supported by the chord progression, which prominently features F major chords, and the overall tonality of the piece, which centers around the F major scale.",,,,"{""form"": ""progression"", ""mode"": ""minor"", ""program"": ""violin"", ""soundfont"": ""fluidr3"", ""tonic_pc"": 5}"
key_id/Fs_major_scale_0::audio::explain,key_id/Fs_major_scale_0,key_id,audio,explain,2,stimuli/key/Fs_major_scale_0.wav,"Name the key of the passage you just heard.
First give your answer. Then explain exactly what you heard that supports it: name the specific notes/chords/beats and their approximate timestamps in seconds.",,F# major,"The key is F# major. This is supported by the chord progression, which prominently features the F# major chord, and the overall tonality of the passage, which centers around the F# major scale.",,,,"{""form"": ""scale"", ""mode"": ""major"", ""program"": ""flute"", ""soundfont"": ""musescore"", ""tonic_pc"": 6}"
key_id/G_major_scale_0::audio::explain,key_id/G_major_scale_0,key_id,audio,explain,2,stimuli/key/G_major_scale_0.wav,"Name the key of the passage you just heard.
First give your answer. Then explain exactly what you heard that supports it: name the specific notes/chords/beats and their approximate timestamps in seconds.",,G major,"The key is A minor. I heard a sequence of notes that form a minor scale, starting at 0.02 seconds with a G# note, followed by A, B, C, D, E, F, and then back to G#.",,,,"{""form"": ""scale"", ""mode"": ""major"", ""program"": ""synth_lead"", ""soundfont"": ""timgm"", ""tonic_pc"": 7}"
key_id/Gs_major_progression_1::audio::explain,key_id/Gs_major_progression_1,key_id,audio,explain,0,stimuli/key/Gs_major_progression_1.wav,"What key is this music in?
First give your answer. Then explain exactly what you heard that supports it: name the specific notes/chords/beats and their approximate timestamps in seconds.",,G# major,"The music is in the key of A minor. This is supported by the chord progression, which includes A minor and its related chords, and the overall tonal center of the piece.",,,,"{""form"": ""progression"", ""mode"": ""major"", ""program"": ""synth_lead"", ""soundfont"": ""timgm"", ""tonic_pc"": 8}"
mode_id/blues_57_bare_scale::audio::explain,mode_id/blues_57_bare_scale,mode_id,audio,explain,1,stimuli/mode/blues_57_bare_scale.wav,"Listen to the clip. Which scale/mode is being used?
First give your answer. Then explain exactly what you heard that supports it: name the specific notes/chords/beats and their approximate timestamps in seconds.",,blues scale,The clip is using the [insert scale/mode here] because I heard [insert specific notes/chords/beats here] at [insert approximate timestamps here].,,,,"{""form"": ""bare_scale"", ""mode"": ""blues"", ""program"": ""violin"", ""soundfont"": ""timgm"", ""tonic_midi"": 57}"
mode_id/blues_64_bare_scale::audio::explain,mode_id/blues_64_bare_scale,mode_id,audio,explain,1,stimuli/mode/blues_64_bare_scale.wav,"Listen to the clip. Which scale/mode is being used?
First give your answer. Then explain exactly what you heard that supports it: name the specific notes/chords/beats and their approximate timestamps in seconds.",,blues scale,"The clip is in the D major scale. I can tell because the notes I hear are D, E, F#, G, A, B, and C#, which are the notes in the D major scale. The first note I hear is at 0.01 seconds, and the last note is at 2.1 seconds.",,,,"{""form"": ""bare_scale"", ""mode"": ""blues"", ""program"": ""synth_lead"", ""soundfont"": ""timgm"", ""tonic_midi"": 64}"
mode_id/dorian_64_melody_drone::audio::explain,mode_id/dorian_64_melody_drone,mode_id,audio,explain,1,stimuli/mode/dorian_64_melody_drone.wav,"Listen to the clip. Which scale/mode is being used?
First give your answer. Then explain exactly what you heard that supports it: name the specific notes/chords/beats and their approximate timestamps in seconds.",,Dorian,"The clip is in the Dorian mode. I can tell because the notes I hear are D, E, F#, G, A, B, C#, and the chord progression is D minor, E major, F# major, G major, A major, B major, C# major.",,,,"{""form"": ""melody_drone"", ""mode"": ""dorian"", ""program"": ""flute"", ""soundfont"": ""timgm"", ""tonic_midi"": 64}"
mode_id/harmonic_minor_60_bare_scale::audio::explain,mode_id/harmonic_minor_60_bare_scale,mode_id,audio,explain,1,stimuli/mode/harmonic_minor_60_bare_scale.wav,"Listen to the clip. Which scale/mode is being used?
First give your answer. Then explain exactly what you heard that supports it: name the specific notes/chords/beats and their approximate timestamps in seconds.",,harmonic minor,"The clip is in the Dorian mode. I hear the notes D, E, F, G, A, Bb, C, and D again. These notes are played in a sequence that creates a Dorian mode scale.",,,,"{""form"": ""bare_scale"", ""mode"": ""harmonic_minor"", ""program"": ""piano"", ""soundfont"": ""musescore"", ""tonic_midi"": 60}"
mode_id/locrian_57_melody_drone::audio::explain,mode_id/locrian_57_melody_drone,mode_id,audio,explain,0,stimuli/mode/locrian_57_melody_drone.wav,"What scale or mode is this music based on?
First give your answer. Then explain exactly what you heard that supports it: name the specific notes/chords/beats and their approximate timestamps in seconds.",,Locrian,"This music is based on the Dorian mode. The Dorian mode is characterized by a minor third, a major sixth, and a minor seventh. In this clip, I hear a D minor chord at 0.0 seconds, an A major chord at 0.9 seconds, and an F major chord at 1.9 seconds. These chords are all part of the Dorian mode.",,,,"{""form"": ""melody_drone"", ""mode"": ""locrian"", ""program"": ""synth_lead"", ""soundfont"": ""musescore"", ""tonic_midi"": 57}"
mode_id/locrian_64_bare_scale::audio::explain,mode_id/locrian_64_bare_scale,mode_id,audio,explain,0,stimuli/mode/locrian_64_bare_scale.wav,"What scale or mode is this music based on?
First give your answer. Then explain exactly what you heard that supports it: name the specific notes/chords/beats and their approximate timestamps in seconds.",,Locrian,"This music is based on the Dorian mode. The Dorian mode is characterized by a minor tonality with a raised sixth scale degree. In this clip, I hear a sequence of notes that includes D, E, F, G, A, Bb, C, and D again. The F and Bb notes, in particular, stand out as the raised sixth and seventh scale degrees, respectively, which are typical of the Dorian mode.",,,,"{""form"": ""bare_scale"", ""mode"": ""locrian"", ""program"": ""flute"", ""soundfont"": ""timgm"", ""tonic_midi"": 64}"
mode_id/locrian_64_melody_drone::audio::explain,mode_id/locrian_64_melody_drone,mode_id,audio,explain,2,stimuli/mode/locrian_64_melody_drone.wav,"Identify the mode or scale type of this passage.
First give your answer. Then explain exactly what you heard that supports it: name the specific notes/chords/beats and their approximate timestamps in seconds.",,Locrian,"The passage is in the key of E minor. This is supported by the chord progression, which starts with an E minor chord at 0.0 seconds and transitions to an F major chord at 1.0 seconds, indicating a shift from the tonic to the supertonic in the E minor scale.",,,,"{""form"": ""melody_drone"", ""mode"": ""locrian"", ""program"": ""flute"", ""soundfont"": ""timgm"", ""tonic_midi"": 64}"
mode_id/major_57_melody_drone::audio::explain,mode_id/major_57_melody_drone,mode_id,audio,explain,2,stimuli/mode/major_57_melody_drone.wav,"Identify the mode or scale type of this passage.
First give your answer. Then explain exactly what you heard that supports it: name the specific notes/chords/beats and their approximate timestamps in seconds.",,major,"The mode of this passage is A minor. This is supported by the chord progression, which starts with an A minor chord at 0.0 seconds and includes other chords that are diatonic to the A minor scale, such as D major and E minor.",,,,"{""form"": ""melody_drone"", ""mode"": ""major"", ""program"": ""flute"", ""soundfont"": ""fluidr3"", ""tonic_midi"": 57}"
mode_id/major_pentatonic_60_melody_drone::audio::explain,mode_id/major_pentatonic_60_melody_drone,mode_id,audio,explain,2,stimuli/mode/major_pentatonic_60_melody_drone.wav,"Identify the mode or scale type of this passage.
First give your answer. Then explain exactly what you heard that supports it: name the specific notes/chords/beats and their approximate timestamps in seconds.",,major pentatonic,"The passage is in the D minor mode. This is supported by the chord progression, which starts with D minor and includes other chords that are diatonic to the D minor scale, such as A minor and G major.",,,,"{""form"": ""melody_drone"", ""mode"": ""major_pentatonic"", ""program"": ""synth_lead"", ""soundfont"": ""musescore"", ""tonic_midi"": 60}"
mode_id/melodic_minor_60_bare_scale::audio::explain,mode_id/melodic_minor_60_bare_scale,mode_id,audio,explain,1,stimuli/mode/melodic_minor_60_bare_scale.wav,"Listen to the clip. Which scale/mode is being used?
First give your answer. Then explain exactly what you heard that supports it: name the specific notes/chords/beats and their approximate timestamps in seconds.",,melodic minor,The clip is using the [insert scale/mode here] because I heard [insert specific notes/chords/beats here] at [insert approximate timestamps here].,,,,"{""form"": ""bare_scale"", ""mode"": ""melodic_minor"", ""program"": ""violin"", ""soundfont"": ""fluidr3"", ""tonic_midi"": 60}"
mode_id/minor_pentatonic_57_bare_scale::audio::explain,mode_id/minor_pentatonic_57_bare_scale,mode_id,audio,explain,0,stimuli/mode/minor_pentatonic_57_bare_scale.wav,"What scale or mode is this music based on?
First give your answer. Then explain exactly what you heard that supports it: name the specific notes/chords/beats and their approximate timestamps in seconds.",,minor pentatonic,"The music is based on the A minor scale. This is supported by the specific notes I heard, such as A minor, C major, and D minor, which are all part of the A minor scale.",,,,"{""form"": ""bare_scale"", ""mode"": ""minor_pentatonic"", ""program"": ""flute"", ""soundfont"": ""fluidr3"", ""tonic_midi"": 57}"
mode_id/minor_pentatonic_62_bare_scale::audio::explain,mode_id/minor_pentatonic_62_bare_scale,mode_id,audio,explain,0,stimuli/mode/minor_pentatonic_62_bare_scale.wav,"What scale or mode is this music based on?
First give your answer. Then explain exactly what you heard that supports it: name the specific notes/chords/beats and their approximate timestamps in seconds.",,minor pentatonic,"This music is based on the D minor scale. I can tell because the first chord is a D minor chord, and the melody and harmony consistently use notes from the D minor scale.",,,,"{""form"": ""bare_scale"", ""mode"": ""minor_pentatonic"", ""program"": ""flute"", ""soundfont"": ""fluidr3"", ""tonic_midi"": 62}"
mode_id/mixolydian_60_bare_scale::audio::explain,mode_id/mixolydian_60_bare_scale,mode_id,audio,explain,2,stimuli/mode/mixolydian_60_bare_scale.wav,"Identify the mode or scale type of this passage.
First give your answer. Then explain exactly what you heard that supports it: name the specific notes/chords/beats and their approximate timestamps in seconds.",,Mixolydian,"The passage is in the D minor mode. This is supported by the D minor chord at the beginning (0.0-1.1 seconds), the C major chord (1.1-2.1 seconds), and the D major chord (2.1-3.1 seconds), which together form a D minor scale.",,,,"{""form"": ""bare_scale"", ""mode"": ""mixolydian"", ""program"": ""piano"", ""soundfont"": ""musescore"", ""tonic_midi"": 60}"
mode_id/natural_minor_57_bare_scale::audio::explain,mode_id/natural_minor_57_bare_scale,mode_id,audio,explain,1,stimuli/mode/natural_minor_57_bare_scale.wav,"Listen to the clip. Which scale/mode is being used?
First give your answer. Then explain exactly what you heard that supports it: name the specific notes/chords/beats and their approximate timestamps in seconds.",,natural minor,"The clip is using the A minor scale. I can tell because the notes I hear are A, Bb, C, D, Eb, F, and G, which are the notes in the A minor scale.",,,,"{""form"": ""bare_scale"", ""mode"": ""natural_minor"", ""program"": ""flute"", ""soundfont"": ""musescore"", ""tonic_midi"": 57}"
mode_id/natural_minor_64_melody_drone::audio::explain,mode_id/natural_minor_64_melody_drone,mode_id,audio,explain,2,stimuli/mode/natural_minor_64_melody_drone.wav,"Identify the mode or scale type of this passage.
First give your answer. Then explain exactly what you heard that supports it: name the specific notes/chords/beats and their approximate timestamps in seconds.",,natural minor,"The passage is in the D major scale. This is supported by the chord progression, which includes D major, E minor, and A major chords. The D major chord is played from 0.7 to 2.1 seconds, the E minor chord from 2.1 to 3.3 seconds, and the A major chord from 3.3 to 4.7 seconds.",,,,"{""form"": ""melody_drone"", ""mode"": ""natural_minor"", ""program"": ""piano"", ""soundfont"": ""musescore"", ""tonic_midi"": 64}"
mode_id/phrygian_64_melody_drone::audio::explain,mode_id/phrygian_64_melody_drone,mode_id,audio,explain,1,stimuli/mode/phrygian_64_melody_drone.wav,"Listen to the clip. Which scale/mode is being used?
First give your answer. Then explain exactly what you heard that supports it: name the specific notes/chords/beats and their approximate timestamps in seconds.",,Phrygian,"The clip is in the mode of [mode name], as I can hear the specific notes/chords/beats that are characteristic of that mode. For example, I hear the notes [list specific notes] at [list approximate timestamps in seconds] that support this.",,,,"{""form"": ""melody_drone"", ""mode"": ""phrygian"", ""program"": ""violin"", ""soundfont"": ""fluidr3"", ""tonic_midi"": 64}"
mode_id/whole_tone_62_bare_scale::audio::explain,mode_id/whole_tone_62_bare_scale,mode_id,audio,explain,2,stimuli/mode/whole_tone_62_bare_scale.wav,"Identify the mode or scale type of this passage.
First give your answer. Then explain exactly what you heard that supports it: name the specific notes/chords/beats and their approximate timestamps in seconds.",,whole-tone,"The passage is in the D minor mode. This is supported by the D minor chord at the beginning (0.0-1.1 seconds), the D major chord (1.1-2.1 seconds), and the D# major chord (2.1-3.1 seconds), which together create a harmonic progression that is characteristic of the D minor mode.",,,,"{""form"": ""bare_scale"", ""mode"": ""whole_tone"", ""program"": ""piano"", ""soundfont"": ""fluidr3"", ""tonic_midi"": 62}"
note_count/count1_07::audio::explain,note_count/count1_07,note_count,audio,explain,1,stimuli/polyphony/count1_07.wav,"Count the number of different pitches played at the same time. How many are there?
First give your answer. Then explain exactly what you heard that supports it: name the specific notes/chords/beats and their approximate timestamps in seconds.",,1,There are [number] different pitches played at the same time. I heard [specific notes/chords/beats] at [time stamps] seconds.,,,,"{""n_notes"": 1, ""pitches"": [73], ""program"": ""flute"", ""soundfont"": ""musescore""}"
note_count/count1_13::audio::explain,note_count/count1_13,note_count,audio,explain,0,stimuli/polyphony/count1_13.wav,"How many distinct notes are sounding simultaneously in this clip?
First give your answer. Then explain exactly what you heard that supports it: name the specific notes/chords/beats and their approximate timestamps in seconds.",,1,"There are [number] distinct notes/chords/sounds happening at the same time. I heard [note/chord/sound] at [time stamp] and [note/chord/sound] at [time stamp], and so on.",,,,"{""n_notes"": 1, ""pitches"": [64], ""program"": ""flute"", ""soundfont"": ""timgm""}"
note_count/count2_07::audio::explain,note_count/count2_07,note_count,audio,explain,1,stimuli/polyphony/count2_07.wav,"Count the number of different pitches played at the same time. How many are there?
First give your answer. Then explain exactly what you heard that supports it: name the specific notes/chords/beats and their approximate timestamps in seconds.",,2,There are [number] different pitches played at the same time. I heard [specific notes/chords/beats] at [specific timestamps] that support this.,,,,"{""n_notes"": 2, ""pitches"": [52, 73], ""program"": ""violin"", ""soundfont"": ""musescore""}"
note_count/count2_08::audio::explain,note_count/count2_08,note_count,audio,explain,0,stimuli/polyphony/count2_08.wav,"How many distinct notes are sounding simultaneously in this clip?
First give your answer. Then explain exactly what you heard that supports it: name the specific notes/chords/beats and their approximate timestamps in seconds.",,2,"There are [number] distinct notes/chords/sounds playing simultaneously in this clip. I heard [note/chord/sound] at [time stamp] and [note/chord/sound] at [time stamp], for example.",,,,"{""n_notes"": 2, ""pitches"": [56, 68], ""program"": ""piano"", ""soundfont"": ""fluidr3""}"
note_count/count2_10::audio::explain,note_count/count2_10,note_count,audio,explain,2,stimuli/polyphony/count2_10.wav,"How many notes make up the sound you hear (played together at once)?
First give your answer. Then explain exactly what you heard that supports it: name the specific notes/chords/beats and their approximate timestamps in seconds.",,2,[Answer based on the number of notes/chords/beats heard],,,,"{""n_notes"": 2, ""pitches"": [54, 68], ""program"": ""flute"", ""soundfont"": ""musescore""}"
note_count/count2_13::audio::explain,note_count/count2_13,note_count,audio,explain,2,stimuli/polyphony/count2_13.wav,"How many notes make up the sound you hear (played together at once)?
First give your answer. Then explain exactly what you heard that supports it: name the specific notes/chords/beats and their approximate timestamps in seconds.",,2,[Answer] I heard [number] notes/chords/beats played together at once. The notes/chords/beats I heard were [name the specific notes/chords/beats] at [their approximate timestamps in seconds].,,,,"{""n_notes"": 2, ""pitches"": [61, 73], ""program"": ""piano"", ""soundfont"": ""timgm""}"
note_count/count2_15::audio::explain,note_count/count2_15,note_count,audio,explain,2,stimuli/polyphony/count2_15.wav,"How many notes make up the sound you hear (played together at once)?
First give your answer. Then explain exactly what you heard that supports it: name the specific notes/chords/beats and their approximate timestamps in seconds.",,2,[Answer varies based on the listener's perception of the audio],,,,"{""n_notes"": 2, ""pitches"": [79, 71], ""program"": ""synth_lead"", ""soundfont"": ""musescore""}"
note_count/count3_01::audio::explain,note_count/count3_01,note_count,audio,explain,2,stimuli/polyphony/count3_01.wav,"How many notes make up the sound you hear (played together at once)?
First give your answer. Then explain exactly what you heard that supports it: name the specific notes/chords/beats and their approximate timestamps in seconds.",,3,"The sound is made up of one note. The note is a single chord played on a synthesizer, which is heard from 0.0s to 1.5s.",,,,"{""n_notes"": 3, ""pitches"": [75, 77, 54], ""program"": ""synth_lead"", ""soundfont"": ""musescore""}"
note_count/count3_11::audio::explain,note_count/count3_11,note_count,audio,explain,0,stimuli/polyphony/count3_11.wav,"How many distinct notes are sounding simultaneously in this clip?
First give your answer. Then explain exactly what you heard that supports it: name the specific notes/chords/beats and their approximate timestamps in seconds.",,3,There are [number] distinct notes/chords/sounds playing simultaneously in this clip. I heard [specific notes/chords/beats] at [time stamps] seconds.,,,,"{""n_notes"": 3, ""pitches"": [62, 57, 69], ""program"": ""violin"", ""soundfont"": ""musescore""}"
note_count/count3_12::audio::explain,note_count/count3_12,note_count,audio,explain,0,stimuli/polyphony/count3_12.wav,"How many distinct notes are sounding simultaneously in this clip?
First give your answer. Then explain exactly what you heard that supports it: name the specific notes/chords/beats and their approximate timestamps in seconds.",,3,"There are [number] distinct notes/chords/sounds playing simultaneously in this clip. I heard [note/chord/sound] at [time stamp] and [note/chord/sound] at [time stamp], for example.",,,,"{""n_notes"": 3, ""pitches"": [72, 58, 69], ""program"": ""violin"", ""soundfont"": ""timgm""}"
note_count/count3_14::audio::explain,note_count/count3_14,note_count,audio,explain,0,stimuli/polyphony/count3_14.wav,"How many distinct notes are sounding simultaneously in this clip?
First give your answer. Then explain exactly what you heard that supports it: name the specific notes/chords/beats and their approximate timestamps in seconds.",,3,"There are [number] distinct notes/chords/sounds happening simultaneously in this clip. I heard [note/chord/sound] at [time stamp] and [note/chord/sound] at [time stamp], and so on.",,,,"{""n_notes"": 3, ""pitches"": [73, 76, 81], ""program"": ""flute"", ""soundfont"": ""fluidr3""}"
note_count/count3_17::audio::explain,note_count/count3_17,note_count,audio,explain,1,stimuli/polyphony/count3_17.wav,"Count the number of different pitches played at the same time. How many are there?
First give your answer. Then explain exactly what you heard that supports it: name the specific notes/chords/beats and their approximate timestamps in seconds.",,3,There are [number] different pitches played at the same time. I heard [specific notes/chords/beats] at [approximate timestamps] which support this.,,,,"{""n_notes"": 3, ""pitches"": [71, 51, 59], ""program"": ""piano"", ""soundfont"": ""musescore""}"
note_count/count3_19::audio::explain,note_count/count3_19,note_count,audio,explain,2,stimuli/polyphony/count3_19.wav,"How many notes make up the sound you hear (played together at once)?
First give your answer. Then explain exactly what you heard that supports it: name the specific notes/chords/beats and their approximate timestamps in seconds.",,3,There are two notes played together at once. The first note is a C# and the second note is a D#.,,,,"{""n_notes"": 3, ""pitches"": [73, 63, 59], ""program"": ""piano"", ""soundfont"": ""musescore""}"
note_count/count4_02::audio::explain,note_count/count4_02,note_count,audio,explain,0,stimuli/polyphony/count4_02.wav,"How many distinct notes are sounding simultaneously in this clip?
First give your answer. Then explain exactly what you heard that supports it: name the specific notes/chords/beats and their approximate timestamps in seconds.",,4,"There are two distinct notes sounding simultaneously in this clip. The first note is a D major chord, which starts at 0.0 seconds and ends at 1.1 seconds. The second note is a D minor chord, which starts at 1.1 seconds and ends at 2.8 seconds.",,,,"{""n_notes"": 4, ""pitches"": [69, 56, 65, 50], ""program"": ""flute"", ""soundfont"": ""fluidr3""}"
note_count/count4_16::audio::explain,note_count/count4_16,note_count,audio,explain,2,stimuli/polyphony/count4_16.wav,"How many notes make up the sound you hear (played together at once)?
First give your answer. Then explain exactly what you heard that supports it: name the specific notes/chords/beats and their approximate timestamps in seconds.",,4,[Answer based on the number of notes/chords/beats heard],,,,"{""n_notes"": 4, ""pitches"": [61, 63, 70, 55], ""program"": ""violin"", ""soundfont"": ""timgm""}"
note_count/count4_19::audio::explain,note_count/count4_19,note_count,audio,explain,0,stimuli/polyphony/count4_19.wav,"How many distinct notes are sounding simultaneously in this clip?
First give your answer. Then explain exactly what you heard that supports it: name the specific notes/chords/beats and their approximate timestamps in seconds.",,4,"There are two distinct notes sounding simultaneously in this clip. The first note is a C# major chord, which starts at 0.1 seconds and ends at 1.4 seconds. The second note is a D# major chord, which starts at 1.4 seconds and ends at 2.3 seconds.",,,,"{""n_notes"": 4, ""pitches"": [65, 52, 72, 59], ""program"": ""synth_lead"", ""soundfont"": ""musescore""}"
note_count/count5_00::audio::explain,note_count/count5_00,note_count,audio,explain,0,stimuli/polyphony/count5_00.wav,"How many distinct notes are sounding simultaneously in this clip?
First give your answer. Then explain exactly what you heard that supports it: name the specific notes/chords/beats and their approximate timestamps in seconds.",,5,"There are two distinct notes sounding simultaneously in this clip. The first note is a C# major chord, which starts at 0.0 seconds and ends at 1.1 seconds. The second note is a D# major chord, which starts at 1.1 seconds and ends at 2.1 seconds.",,,,"{""n_notes"": 5, ""pitches"": [74, 80, 60, 77, 58], ""program"": ""violin"", ""soundfont"": ""fluidr3""}"
note_count/count5_03::audio::explain,note_count/count5_03,note_count,audio,explain,1,stimuli/polyphony/count5_03.wav,"Count the number of different pitches played at the same time. How many are there?
First give your answer. Then explain exactly what you heard that supports it: name the specific notes/chords/beats and their approximate timestamps in seconds.",,5,There are [number] different pitches played at the same time. I heard [specific notes/chords/beats] at [specific timestamps] that support this.,,,,"{""n_notes"": 5, ""pitches"": [64, 74, 67, 70, 59], ""program"": ""violin"", ""soundfont"": ""musescore""}"
note_count/count5_12::audio::explain,note_count/count5_12,note_count,audio,explain,1,stimuli/polyphony/count5_12.wav,"Count the number of different pitches played at the same time. How many are there?
First give your answer. Then explain exactly what you heard that supports it: name the specific notes/chords/beats and their approximate timestamps in seconds.",,5,There are [number] different pitches played at the same time. I heard [specific notes/chords/beats] at [approximate timestamps] seconds.,,,,"{""n_notes"": 5, ""pitches"": [71, 62, 75, 64, 52], ""program"": ""flute"", ""soundfont"": ""timgm""}"
octave_id/pitch/051_piano_fluidr3_1::audio::explain,octave_id/pitch/051_piano_fluidr3_1,octave_id,audio,explain,0,stimuli/pitch/051_piano_fluidr3_1.wav,"Listen to this note. In which octave is it, in scientific pitch notation (middle C = C4)?
First give your answer. Then explain exactly what you heard that supports it: name the specific notes/chords/beats and their approximate timestamps in seconds.",,3,"The note is in the octave of C4. I can tell because the pitch of the note corresponds to the frequency of 261.63 Hz, which is the frequency of the C4 note in scientific pitch notation.",,,,"{""midi"": 51, ""note_name"": ""D#3"", ""octave"": 3, ""pitch_class"": ""D#"", ""program"": ""piano"", ""soundfont"": ""fluidr3""}"
octave_id/pitch/053_flute_fluidr3_1::audio::explain,octave_id/pitch/053_flute_fluidr3_1,octave_id,audio,explain,0,stimuli/pitch/053_flute_fluidr3_1.wav,"Listen to this note. In which octave is it, in scientific pitch notation (middle C = C4)?
First give your answer. Then explain exactly what you heard that supports it: name the specific notes/chords/beats and their approximate timestamps in seconds.",,3,"The note is in the octave of C4. I heard a single, sustained note that sounded like a C4, with a clear pitch and no other notes or chords present.",,,,"{""midi"": 53, ""note_name"": ""F3"", ""octave"": 3, ""pitch_class"": ""F"", ""program"": ""flute"", ""soundfont"": ""fluidr3""}"
octave_id/pitch/056_violin_fluidr3_0::audio::explain,octave_id/pitch/056_violin_fluidr3_0,octave_id,audio,explain,1,stimuli/pitch/056_violin_fluidr3_0.wav,"A single note is played. What octave number does it fall in (C4 = middle C)?
First give your answer. Then explain exactly what you heard that supports it: name the specific notes/chords/beats and their approximate timestamps in seconds.",,3,"The note played is in the A3 octave. This is supported by the pitch of the sound, which corresponds to the A3 note.",,,,"{""midi"": 56, ""note_name"": ""G#3"", ""octave"": 3, ""pitch_class"": ""G#"", ""program"": ""violin"", ""soundfont"": ""fluidr3""}"
octave_id/pitch/063_flute_timgm_1::audio::explain,octave_id/pitch/063_flute_timgm_1,octave_id,audio,explain,1,stimuli/pitch/063_flute_timgm_1.wav,"A single note is played. What octave number does it fall in (C4 = middle C)?
First give your answer. Then explain exactly what you heard that supports it: name the specific notes/chords/beats and their approximate timestamps in seconds.",,4,"The audio clip contains a single note played on a flute. The note is a C4, which is the middle C on a standard piano.",,,,"{""midi"": 63, ""note_name"": ""D#4"", ""octave"": 4, ""pitch_class"": ""D#"", ""program"": ""flute"", ""soundfont"": ""timgm""}"
octave_id/pitch/065_synth_lead_fluidr3_0::audio::explain,octave_id/pitch/065_synth_lead_fluidr3_0,octave_id,audio,explain,2,stimuli/pitch/065_synth_lead_fluidr3_0.wav,"Identify the octave of the note you hear, where middle C is octave 4.
First give your answer. Then explain exactly what you heard that supports it: name the specific notes/chords/beats and their approximate timestamps in seconds.",,4,"The note is in octave 4. This is supported by the pitch of the sound, which aligns with the frequency range typically associated with octave 4.",,,,"{""midi"": 65, ""note_name"": ""F4"", ""octave"": 4, ""pitch_class"": ""F"", ""program"": ""synth_lead"", ""soundfont"": ""fluidr3""}"
octave_id/pitch/076_violin_timgm_0::audio::explain,octave_id/pitch/076_violin_timgm_0,octave_id,audio,explain,2,stimuli/pitch/076_violin_timgm_0.wav,"Identify the octave of the note you hear, where middle C is octave 4.
First give your answer. Then explain exactly what you heard that supports it: name the specific notes/chords/beats and their approximate timestamps in seconds.",,5,The audio clip is too short to determine the octave of the note.,,,,"{""midi"": 76, ""note_name"": ""E5"", ""octave"": 5, ""pitch_class"": ""E"", ""program"": ""violin"", ""soundfont"": ""timgm""}"
octave_id/pitch/078_flute_fluidr3_0::audio::explain,octave_id/pitch/078_flute_fluidr3_0,octave_id,audio,explain,0,stimuli/pitch/078_flute_fluidr3_0.wav,"Listen to this note. In which octave is it, in scientific pitch notation (middle C = C4)?
First give your answer. Then explain exactly what you heard that supports it: name the specific notes/chords/beats and their approximate timestamps in seconds.",,5,The note is in the octave of C4. I can tell because the pitch corresponds to the note C4 in scientific pitch notation.,,,,"{""midi"": 78, ""note_name"": ""F#5"", ""octave"": 5, ""pitch_class"": ""F#"", ""program"": ""flute"", ""soundfont"": ""fluidr3""}"
octave_id/pitch/081_piano_timgm_1::audio::explain,octave_id/pitch/081_piano_timgm_1,octave_id,audio,explain,0,stimuli/pitch/081_piano_timgm_1.wav,"Listen to this note. In which octave is it, in scientific pitch notation (middle C = C4)?
First give your answer. Then explain exactly what you heard that supports it: name the specific notes/chords/beats and their approximate timestamps in seconds.",,5,"The note is in the octave of C5. I heard a single, sustained note that sounded like a C5, with a clear pitch and no other notes or sounds overlapping.",,,,"{""midi"": 81, ""note_name"": ""A5"", ""octave"": 5, ""pitch_class"": ""A"", ""program"": ""piano"", ""soundfont"": ""timgm""}"
octave_id/pitch/082_synth_lead_timgm_1::audio::explain,octave_id/pitch/082_synth_lead_timgm_1,octave_id,audio,explain,0,stimuli/pitch/082_synth_lead_timgm_1.wav,"Listen to this note. In which octave is it, in scientific pitch notation (middle C = C4)?
First give your answer. Then explain exactly what you heard that supports it: name the specific notes/chords/beats and their approximate timestamps in seconds.",,5,"The note is in the octave of C4. I heard a single, sustained note with a clear pitch and timbre, which corresponds to the C4 note in scientific pitch notation.",,,,"{""midi"": 82, ""note_name"": ""A#5"", ""octave"": 5, ""pitch_class"": ""A#"", ""program"": ""synth_lead"", ""soundfont"": ""timgm""}"
octave_id/pitch/083_flute_timgm_1::audio::explain,octave_id/pitch/083_flute_timgm_1,octave_id,audio,explain,1,stimuli/pitch/083_flute_timgm_1.wav,"A single note is played. What octave number does it fall in (C4 = middle C)?
First give your answer. Then explain exactly what you heard that supports it: name the specific notes/chords/beats and their approximate timestamps in seconds.",,5,"The note played is C4. This is supported by the fact that the audio clip contains a single, clear note that is sustained for the entire duration of the clip.",,,,"{""midi"": 83, ""note_name"": ""B5"", ""octave"": 5, ""pitch_class"": ""B"", ""program"": ""flute"", ""soundfont"": ""timgm""}"
pitch_note_id/pitch/048_violin_timgm_0::audio::explain,pitch_note_id/pitch/048_violin_timgm_0,pitch_note_id,audio,explain,0,stimuli/pitch/048_violin_timgm_0.wav,"Listen to this note. What is its pitch class (note name, ignoring octave)?
First give your answer. Then explain exactly what you heard that supports it: name the specific notes/chords/beats and their approximate timestamps in seconds.",,C,"The pitch class of this note is C. I heard a single, sustained tone with a clear, steady pitch that corresponds to the C note in the musical scale.",,,,"{""midi"": 48, ""note_name"": ""C3"", ""octave"": 3, ""pitch_class"": ""C"", ""program"": ""violin"", ""soundfont"": ""timgm""}"
pitch_note_id/pitch/049_piano_timgm_1::audio::explain,pitch_note_id/pitch/049_piano_timgm_1,pitch_note_id,audio,explain,2,stimuli/pitch/049_piano_timgm_1.wav,"Identify the musical note you hear, by letter name only.
First give your answer. Then explain exactly what you heard that supports it: name the specific notes/chords/beats and their approximate timestamps in seconds.",,C#,The musical note heard is C. This is supported by the specific note/chord being played at 0.0 seconds and lasting until 1.5 seconds.,,,,"{""midi"": 49, ""note_name"": ""C#3"", ""octave"": 3, ""pitch_class"": ""C#"", ""program"": ""piano"", ""soundfont"": ""timgm""}"
pitch_note_id/pitch/051_piano_fluidr3_1::audio::explain,pitch_note_id/pitch/051_piano_fluidr3_1,pitch_note_id,audio,explain,1,stimuli/pitch/051_piano_fluidr3_1.wav,"A single note is played. Which note is it (C, C#, D, ...)?
First give your answer. Then explain exactly what you heard that supports it: name the specific notes/chords/beats and their approximate timestamps in seconds.",,D#,"The note played is C#. This is supported by the specific pitch and timbre of the sound, which matches the C# note.",,,,"{""midi"": 51, ""note_name"": ""D#3"", ""octave"": 3, ""pitch_class"": ""D#"", ""program"": ""piano"", ""soundfont"": ""fluidr3""}"
pitch_note_id/pitch/058_piano_timgm_1::audio::explain,pitch_note_id/pitch/058_piano_timgm_1,pitch_note_id,audio,explain,0,stimuli/pitch/058_piano_timgm_1.wav,"Listen to this note. What is its pitch class (note name, ignoring octave)?
First give your answer. Then explain exactly what you heard that supports it: name the specific notes/chords/beats and their approximate timestamps in seconds.",,A#,"The pitch class of the note is A. I heard a clear, sustained tone with a distinct pitch that corresponds to the A note on a standard piano keyboard.",,,,"{""midi"": 58, ""note_name"": ""A#3"", ""octave"": 3, ""pitch_class"": ""A#"", ""program"": ""piano"", ""soundfont"": ""timgm""}"
pitch_note_id/pitch/059_synth_lead_timgm_1::audio::explain,pitch_note_id/pitch/059_synth_lead_timgm_1,pitch_note_id,audio,explain,1,stimuli/pitch/059_synth_lead_timgm_1.wav,"A single note is played. Which note is it (C, C#, D, ...)?
First give your answer. Then explain exactly what you heard that supports it: name the specific notes/chords/beats and their approximate timestamps in seconds.",,B,"The note played is C. I heard a clear, sustained tone with a pitch that corresponds to the C note on a standard piano.",,,,"{""midi"": 59, ""note_name"": ""B3"", ""octave"": 3, ""pitch_class"": ""B"", ""program"": ""synth_lead"", ""soundfont"": ""timgm""}"
pitch_note_id/pitch/059_violin_timgm_0::audio::explain,pitch_note_id/pitch/059_violin_timgm_0,pitch_note_id,audio,explain,1,stimuli/pitch/059_violin_timgm_0.wav,"A single note is played. Which note is it (C, C#, D, ...)?
First give your answer. Then explain exactly what you heard that supports it: name the specific notes/chords/beats and their approximate timestamps in seconds.",,B,"The note played is C. This is supported by the specific pitch and timbre of the sound, which corresponds to the C note on a standard piano.",,,,"{""midi"": 59, ""note_name"": ""B3"", ""octave"": 3, ""pitch_class"": ""B"", ""program"": ""violin"", ""soundfont"": ""timgm""}"
pitch_note_id/pitch/061_synth_lead_fluidr3_0::audio::explain,pitch_note_id/pitch/061_synth_lead_fluidr3_0,pitch_note_id,audio,explain,2,stimuli/pitch/061_synth_lead_fluidr3_0.wav,"Identify the musical note you hear, by letter name only.
First give your answer. Then explain exactly what you heard that supports it: name the specific notes/chords/beats and their approximate timestamps in seconds.",,C#,"The musical note heard is C. This is supported by the specific notes/chords/beats present in the audio clip, which are C.",,,,"{""midi"": 61, ""note_name"": ""C#4"", ""octave"": 4, ""pitch_class"": ""C#"", ""program"": ""synth_lead"", ""soundfont"": ""fluidr3""}"
pitch_note_id/pitch/064_violin_musescore_1::audio::explain,pitch_note_id/pitch/064_violin_musescore_1,pitch_note_id,audio,explain,1,stimuli/pitch/064_violin_musescore_1.wav,"A single note is played. Which note is it (C, C#, D, ...)?
First give your answer. Then explain exactly what you heard that supports it: name the specific notes/chords/beats and their approximate timestamps in seconds.",,E,The answer is ... because I heard ...,,,,"{""midi"": 64, ""note_name"": ""E4"", ""octave"": 4, ""pitch_class"": ""E"", ""program"": ""violin"", ""soundfont"": ""musescore""}"
pitch_note_id/pitch/065_synth_lead_fluidr3_1::audio::explain,pitch_note_id/pitch/065_synth_lead_fluidr3_1,pitch_note_id,audio,explain,2,stimuli/pitch/065_synth_lead_fluidr3_1.wav,"Identify the musical note you hear, by letter name only.
First give your answer. Then explain exactly what you heard that supports it: name the specific notes/chords/beats and their approximate timestamps in seconds.",,F,"The musical note heard is F. This is supported by the specific notes/chords/beats present in the audio clip, which are F.",,,,"{""midi"": 65, ""note_name"": ""F4"", ""octave"": 4, ""pitch_class"": ""F"", ""program"": ""synth_lead"", ""soundfont"": ""fluidr3""}"
pitch_note_id/pitch/066_piano_musescore_1::audio::explain,pitch_note_id/pitch/066_piano_musescore_1,pitch_note_id,audio,explain,2,stimuli/pitch/066_piano_musescore_1.wav,"Identify the musical note you hear, by letter name only.
First give your answer. Then explain exactly what you heard that supports it: name the specific notes/chords/beats and their approximate timestamps in seconds.",,F#,The musical note heard is F. This is supported by the specific note/chord being played at 0.0 seconds and lasting until 0.9 seconds.,,,,"{""midi"": 66, ""note_name"": ""F#4"", ""octave"": 4, ""pitch_class"": ""F#"", ""program"": ""piano"", ""soundfont"": ""musescore""}"
pitch_note_id/pitch/067_piano_musescore_0::audio::explain,pitch_note_id/pitch/067_piano_musescore_0,pitch_note_id,audio,explain,2,stimuli/pitch/067_piano_musescore_0.wav,"Identify the musical note you hear, by letter name only.
First give your answer. Then explain exactly what you heard that supports it: name the specific notes/chords/beats and their approximate timestamps in seconds.",,G,G,,,,"{""midi"": 67, ""note_name"": ""G4"", ""octave"": 4, ""pitch_class"": ""G"", ""program"": ""piano"", ""soundfont"": ""musescore""}"
pitch_note_id/pitch/069_flute_musescore_1::audio::explain,pitch_note_id/pitch/069_flute_musescore_1,pitch_note_id,audio,explain,1,stimuli/pitch/069_flute_musescore_1.wav,"A single note is played. Which note is it (C, C#, D, ...)?
First give your answer. Then explain exactly what you heard that supports it: name the specific notes/chords/beats and their approximate timestamps in seconds.",,A,"The note played is C. I heard a clear, sustained tone with a pitch that corresponds to the C note on a standard piano.",,,,"{""midi"": 69, ""note_name"": ""A4"", ""octave"": 4, ""pitch_class"": ""A"", ""program"": ""flute"", ""soundfont"": ""musescore""}"
pitch_note_id/pitch/070_piano_timgm_1::audio::explain,pitch_note_id/pitch/070_piano_timgm_1,pitch_note_id,audio,explain,2,stimuli/pitch/070_piano_timgm_1.wav,"Identify the musical note you hear, by letter name only.
First give your answer. Then explain exactly what you heard that supports it: name the specific notes/chords/beats and their approximate timestamps in seconds.",,A#,B,,,,"{""midi"": 70, ""note_name"": ""A#4"", ""octave"": 4, ""pitch_class"": ""A#"", ""program"": ""piano"", ""soundfont"": ""timgm""}"
pitch_note_id/pitch/072_flute_timgm_0::audio::explain,pitch_note_id/pitch/072_flute_timgm_0,pitch_note_id,audio,explain,0,stimuli/pitch/072_flute_timgm_0.wav,"Listen to this note. What is its pitch class (note name, ignoring octave)?
First give your answer. Then explain exactly what you heard that supports it: name the specific notes/chords/beats and their approximate timestamps in seconds.",,C,"The pitch class of the note is C. I heard a single, sustained tone with a clear, pure quality that corresponds to the C note in the musical scale.",,,,"{""midi"": 72, ""note_name"": ""C5"", ""octave"": 5, ""pitch_class"": ""C"", ""program"": ""flute"", ""soundfont"": ""timgm""}"
pitch_note_id/pitch/074_synth_lead_timgm_1::audio::explain,pitch_note_id/pitch/074_synth_lead_timgm_1,pitch_note_id,audio,explain,2,stimuli/pitch/074_synth_lead_timgm_1.wav,"Identify the musical note you hear, by letter name only.
First give your answer. Then explain exactly what you heard that supports it: name the specific notes/chords/beats and their approximate timestamps in seconds.",,D,The musical note heard is D. This is supported by the specific note/chord being played at approximately 0.1 seconds into the clip.,,,,"{""midi"": 74, ""note_name"": ""D5"", ""octave"": 5, ""pitch_class"": ""D"", ""program"": ""synth_lead"", ""soundfont"": ""timgm""}"
pitch_note_id/pitch/076_violin_timgm_0::audio::explain,pitch_note_id/pitch/076_violin_timgm_0,pitch_note_id,audio,explain,0,stimuli/pitch/076_violin_timgm_0.wav,"Listen to this note. What is its pitch class (note name, ignoring octave)?
First give your answer. Then explain exactly what you heard that supports it: name the specific notes/chords/beats and their approximate timestamps in seconds.",,E,"The pitch class of the note is A. I heard a clear, sustained tone with a distinct pitch that corresponds to the A note on a standard piano keyboard.",,,,"{""midi"": 76, ""note_name"": ""E5"", ""octave"": 5, ""pitch_class"": ""E"", ""program"": ""violin"", ""soundfont"": ""timgm""}"
pitch_note_id/pitch/080_synth_lead_musescore_0::audio::explain,pitch_note_id/pitch/080_synth_lead_musescore_0,pitch_note_id,audio,explain,2,stimuli/pitch/080_synth_lead_musescore_0.wav,"Identify the musical note you hear, by letter name only.
First give your answer. Then explain exactly what you heard that supports it: name the specific notes/chords/beats and their approximate timestamps in seconds.",,G#,B,,,,"{""midi"": 80, ""note_name"": ""G#5"", ""octave"": 5, ""pitch_class"": ""G#"", ""program"": ""synth_lead"", ""soundfont"": ""musescore""}"
pitch_note_id/pitch/081_piano_timgm_1::audio::explain,pitch_note_id/pitch/081_piano_timgm_1,pitch_note_id,audio,explain,2,stimuli/pitch/081_piano_timgm_1.wav,"Identify the musical note you hear, by letter name only.
First give your answer. Then explain exactly what you heard that supports it: name the specific notes/chords/beats and their approximate timestamps in seconds.",,A,"A. I heard a clear, sustained piano note with a distinct pitch and timbre, which corresponds to the letter A.",,,,"{""midi"": 81, ""note_name"": ""A5"", ""octave"": 5, ""pitch_class"": ""A"", ""program"": ""piano"", ""soundfont"": ""timgm""}"
pitch_note_id/pitch/082_violin_timgm_0::audio::explain,pitch_note_id/pitch/082_violin_timgm_0,pitch_note_id,audio,explain,2,stimuli/pitch/082_violin_timgm_0.wav,"Identify the musical note you hear, by letter name only.
First give your answer. Then explain exactly what you heard that supports it: name the specific notes/chords/beats and their approximate timestamps in seconds.",,A#,A sharp A. The audio clip contains a sharp A note.,,,,"{""midi"": 82, ""note_name"": ""A#5"", ""octave"": 5, ""pitch_class"": ""A#"", ""program"": ""violin"", ""soundfont"": ""timgm""}"
progression_id/12-bar-blues_54_1::audio::explain,progression_id/12-bar-blues_54_1,progression_id,audio,explain,0,stimuli/progressions/12-bar-blues_54_1.wav,"Which chord progression does this clip follow?
First give your answer. Then explain exactly what you heard that supports it: name the specific notes/chords/beats and their approximate timestamps in seconds.",,12-bar-blues,"The clip follows a B major chord progression. This is supported by the sound of a B major chord being played throughout the entire clip, with no other chords or notes present.",,,,"{""program"": ""flute"", ""progression"": ""12-bar-blues"", ""soundfont"": ""fluidr3"", ""tonic"": 54}"
progression_id/I-IV-V-I_60_5::audio::explain,progression_id/I-IV-V-I_60_5,progression_id,audio,explain,1,stimuli/progressions/I-IV-V-I_60_5.wav,"Listen to the harmony. What progression is being played?
First give your answer. Then explain exactly what you heard that supports it: name the specific notes/chords/beats and their approximate timestamps in seconds.",,I-IV-V-I,The progression being played is [insert progression here]. I heard [insert specific notes/chords/beats here] at [insert approximate timestamps here].,,,,"{""program"": ""piano"", ""progression"": ""I-IV-V-I"", ""soundfont"": ""musescore"", ""tonic"": 60}"
progression_id/I-V-vi-IV_62_7::audio::explain,progression_id/I-V-vi-IV_62_7,progression_id,audio,explain,2,stimuli/progressions/I-V-vi-IV_62_7.wav,"Identify the chord progression in this passage.
First give your answer. Then explain exactly what you heard that supports it: name the specific notes/chords/beats and their approximate timestamps in seconds.",,I-V-vi-IV,"The chord progression is D major, G major, A major, D major. I heard a D major chord from 0.3 to 1.3 seconds, a G major chord from 1.3 to 2.3 seconds, an A major chord from 2.3 to 3.3 seconds, and a D major chord from 3.3 to 4.3 seconds.",,,,"{""program"": ""piano"", ""progression"": ""I-V-vi-IV"", ""soundfont"": ""timgm"", ""tonic"": 62}"
progression_id/ii-V-I_58_1::audio::explain,progression_id/ii-V-I_58_1,progression_id,audio,explain,1,stimuli/progressions/ii-V-I_58_1.wav,"Listen to the harmony. What progression is being played?
First give your answer. Then explain exactly what you heard that supports it: name the specific notes/chords/beats and their approximate timestamps in seconds.",,ii-V-I,"The harmony is being played in a sequence of A, B, C, D, E, F, G, A, B, C, D, E, F, G, A, B, C, D, E, F, G, A, B, C, D, E, F, G, A, B, C, D, E, F, G, A, B, C, D, E, F, G, A, B, C, D, E, F, G, A, B, C, D, E, F, G, A, B, C, D, E, F, G, A, B, C, D, E, F, G, A, B, C, D, E, F, G, A, B, C, D, E, F, G, A, B, C, D, E, F, G, A, B, C, D, E, F, G, A, B, C, D, E, F, G, A, B, C, D, E, F, G, A, B, C, D, E, F, G, A, B, C, D, E, F, G, A, B, C, D, E, F, G, A, B, C, D, E, F, G, A, B, C, D, E, F, G, A, B, C, D, E, F, G, A, B, C, D, E, F, G, A, B, C, D, E, F, G, A, B, C, D, E, F, G, A, B, C, D, E, F, G, A, B, C, D, E, F, G, A, B, C, D, E, F, G, A, B, C, D, E, F, G, A, B, C, D, E, F, G, A, B, C, D, E, F, G, A, B, C, D, E, F, G, A, B, C, D, E, F, G, A, B, C, D, E, F, G, A, B, C, D, E, F, G, A, B, C, D, E, F, G",,,,"{""program"": ""synth_lead"", ""progression"": ""ii-V-I"", ""soundfont"": ""fluidr3"", ""tonic"": 58}"
tempo_bpm/tempo_010::audio::explain,tempo_bpm/tempo_010,tempo_bpm,audio,explain,2,stimuli/tempo/tempo_010.wav,"How fast is this clip in beats per minute? Give only a numeric answer.
First give your answer. Then explain exactly what you heard that supports it: name the specific notes/chords/beats and their approximate timestamps in seconds.",,79.4,[Answer will vary],,,,"{""bpm"": 79.4, ""meter"": ""4/4"", ""n_bars"": 4}"
tempo_bpm/tempo_018::audio::explain,tempo_bpm/tempo_018,tempo_bpm,audio,explain,1,stimuli/tempo/tempo_018.wav,"Estimate the BPM (beats per minute) of this rhythm. Reply with just the number.
First give your answer. Then explain exactly what you heard that supports it: name the specific notes/chords/beats and their approximate timestamps in seconds.",,56.6,[Answer with a number] BPM. I heard [specific notes/chords/beats] at [their approximate timestamps in seconds] that support this BPM.,,,,"{""bpm"": 56.6, ""meter"": ""4/4"", ""n_bars"": 4}"
tempo_bpm/tempo_027::audio::explain,tempo_bpm/tempo_027,tempo_bpm,audio,explain,1,stimuli/tempo/tempo_027.wav,"Estimate the BPM (beats per minute) of this rhythm. Reply with just the number.
First give your answer. Then explain exactly what you heard that supports it: name the specific notes/chords/beats and their approximate timestamps in seconds.",,168.0,[Answer will vary],,,,"{""bpm"": 168.0, ""meter"": ""4/4"", ""n_bars"": 7}"
tempo_bpm/tempo_034::audio::explain,tempo_bpm/tempo_034,tempo_bpm,audio,explain,0,stimuli/tempo/tempo_034.wav,"What is the tempo of this clip, in beats per minute? Answer with a number only.
First give your answer. Then explain exactly what you heard that supports it: name the specific notes/chords/beats and their approximate timestamps in seconds.",,78.2,[Answer will vary],,,,"{""bpm"": 78.2, ""meter"": ""4/4"", ""n_bars"": 4}"
tempo_bpm/tempo_037::audio::explain,tempo_bpm/tempo_037,tempo_bpm,audio,explain,0,stimuli/tempo/tempo_037.wav,"What is the tempo of this clip, in beats per minute? Answer with a number only.
First give your answer. Then explain exactly what you heard that supports it: name the specific notes/chords/beats and their approximate timestamps in seconds.",,155.4,[Answer will vary],,,,"{""bpm"": 155.4, ""meter"": ""4/4"", ""n_bars"": 7}"
tempo_bpm/tempo_043::audio::explain,tempo_bpm/tempo_043,tempo_bpm,audio,explain,0,stimuli/tempo/tempo_043.wav,"What is the tempo of this clip, in beats per minute? Answer with a number only.
First give your answer. Then explain exactly what you heard that supports it: name the specific notes/chords/beats and their approximate timestamps in seconds.",,97.0,[Answer will vary],,,,"{""bpm"": 97.0, ""meter"": ""4/4"", ""n_bars"": 5}"
tempo_bpm/tempo_051::audio::explain,tempo_bpm/tempo_051,tempo_bpm,audio,explain,1,stimuli/tempo/tempo_051.wav,"Estimate the BPM (beats per minute) of this rhythm. Reply with just the number.
First give your answer. Then explain exactly what you heard that supports it: name the specific notes/chords/beats and their approximate timestamps in seconds.",,183.5,[Answer with a BPM number and a detailed explanation of the rhythm's components],,,,"{""bpm"": 183.5, ""meter"": ""4/4"", ""n_bars"": 8}"
tuning_judgment/tune_0000::audio::explain,tuning_judgment/tune_0000,tuning_judgment,audio,explain,2,stimuli/tuning/tune_0000.wav,"Is the note you hear in tune or out of tune relative to standard Western tuning?
First give your answer. Then explain exactly what you heard that supports it: name the specific notes/chords/beats and their approximate timestamps in seconds.",,in tune,[Answer varies based on the listener's perception of the note's pitch and comparison to standard Western tuning],,,,"{""base_midi"": 70, ""base_name"": ""A#4"", ""detune_cents"": 0, ""midi_exact"": 70.0, ""sign"": 1}"
tuning_judgment/tune_0002::audio::explain,tuning_judgment/tune_0002,tuning_judgment,audio,explain,1,stimuli/tuning/tune_0002.wav,"Listen to this note. Would it match a key on a well-tuned piano, or is it off-pitch (between piano notes)?
First give your answer. Then explain exactly what you heard that supports it: name the specific notes/chords/beats and their approximate timestamps in seconds.",,in tune,[Answer varies based on individual perception],,,,"{""base_midi"": 65, ""base_name"": ""F4"", ""detune_cents"": 0, ""midi_exact"": 65.0, ""sign"": 1}"
tuning_judgment/tune_0012::audio::explain,tuning_judgment/tune_0012,tuning_judgment,audio,explain,1,stimuli/tuning/tune_0012.wav,"Listen to this note. Would it match a key on a well-tuned piano, or is it off-pitch (between piano notes)?
First give your answer. Then explain exactly what you heard that supports it: name the specific notes/chords/beats and their approximate timestamps in seconds.",,in tune,[Answer varies based on individual perception],,,,"{""base_midi"": 59, ""base_name"": ""B3"", ""detune_cents"": 0, ""midi_exact"": 59.0, ""sign"": -1}"
tuning_judgment/tune_0019::audio::explain,tuning_judgment/tune_0019,tuning_judgment,audio,explain,0,stimuli/tuning/tune_0019.wav,"A single note is played. Is it in tune (matching standard concert pitch, like a piano note) or out of tune?
First give your answer. Then explain exactly what you heard that supports it: name the specific notes/chords/beats and their approximate timestamps in seconds.",,in tune,"[Answer indicating whether the note is in tune or out of tune, and explaining the specific notes/chords/beats heard]",,,,"{""base_midi"": 72, ""base_name"": ""C5"", ""detune_cents"": 0, ""midi_exact"": 72.0, ""sign"": -1}"
tuning_judgment/tune_0022::audio::explain,tuning_judgment/tune_0022,tuning_judgment,audio,explain,2,stimuli/tuning/tune_0022.wav,"Is the note you hear in tune or out of tune relative to standard Western tuning?
First give your answer. Then explain exactly what you heard that supports it: name the specific notes/chords/beats and their approximate timestamps in seconds.",,in tune,[Answer varies based on the listener's perception of the note's pitch and comparison to standard Western tuning],,,,"{""base_midi"": 56, ""base_name"": ""G#3"", ""detune_cents"": 0, ""midi_exact"": 56.0, ""sign"": -1}"
tuning_judgment/tune_0043::audio::explain,tuning_judgment/tune_0043,tuning_judgment,audio,explain,1,stimuli/tuning/tune_0043.wav,"Listen to this note. Would it match a key on a well-tuned piano, or is it off-pitch (between piano notes)?
First give your answer. Then explain exactly what you heard that supports it: name the specific notes/chords/beats and their approximate timestamps in seconds.",,in tune,[Answer varies based on individual perception],,,,"{""base_midi"": 56, ""base_name"": ""G#3"", ""detune_cents"": 0, ""midi_exact"": 56.0, ""sign"": 1}"
tuning_judgment/tune_0044::audio::explain,tuning_judgment/tune_0044,tuning_judgment,audio,explain,1,stimuli/tuning/tune_0044.wav,"Listen to this note. Would it match a key on a well-tuned piano, or is it off-pitch (between piano notes)?
First give your answer. Then explain exactly what you heard that supports it: name the specific notes/chords/beats and their approximate timestamps in seconds.",,in tune,[Answer varies based on individual perception],,,,"{""base_midi"": 75, ""base_name"": ""D#5"", ""detune_cents"": 0, ""midi_exact"": 75.0, ""sign"": 1}"
tuning_judgment/tune_0072::audio::explain,tuning_judgment/tune_0072,tuning_judgment,audio,explain,0,stimuli/tuning/tune_0072.wav,"A single note is played. Is it in tune (matching standard concert pitch, like a piano note) or out of tune?
First give your answer. Then explain exactly what you heard that supports it: name the specific notes/chords/beats and their approximate timestamps in seconds.",,out of tune,[Answer varies based on individual perception],,,,"{""base_midi"": 73, ""base_name"": ""C#5"", ""detune_cents"": 10, ""midi_exact"": 72.9, ""sign"": -1}"
tuning_judgment/tune_0086::audio::explain,tuning_judgment/tune_0086,tuning_judgment,audio,explain,2,stimuli/tuning/tune_0086.wav,"Is the note you hear in tune or out of tune relative to standard Western tuning?
First give your answer. Then explain exactly what you heard that supports it: name the specific notes/chords/beats and their approximate timestamps in seconds.",,out of tune,[Answer varies based on the listener's perception of the note's pitch and comparison to standard Western tuning],,,,"{""base_midi"": 63, ""base_name"": ""D#4"", ""detune_cents"": 20, ""midi_exact"": 62.8, ""sign"": -1}"
tuning_judgment/tune_0088::audio::explain,tuning_judgment/tune_0088,tuning_judgment,audio,explain,2,stimuli/tuning/tune_0088.wav,"Is the note you hear in tune or out of tune relative to standard Western tuning?
First give your answer. Then explain exactly what you heard that supports it: name the specific notes/chords/beats and their approximate timestamps in seconds.",,out of tune,[Answer varies based on the listener's perception of the note's pitch and comparison to standard Western tuning],,,,"{""base_midi"": 52, ""base_name"": ""E3"", ""detune_cents"": 20, ""midi_exact"": 51.8, ""sign"": -1}"
tuning_judgment/tune_0098::audio::explain,tuning_judgment/tune_0098,tuning_judgment,audio,explain,0,stimuli/tuning/tune_0098.wav,"A single note is played. Is it in tune (matching standard concert pitch, like a piano note) or out of tune?
First give your answer. Then explain exactly what you heard that supports it: name the specific notes/chords/beats and their approximate timestamps in seconds.",,out of tune,[Answer varies based on individual perception and analysis of the audio],,,,"{""base_midi"": 74, ""base_name"": ""D5"", ""detune_cents"": 35, ""midi_exact"": 73.65, ""sign"": -1}"
tuning_judgment/tune_0100::audio::explain,tuning_judgment/tune_0100,tuning_judgment,audio,explain,1,stimuli/tuning/tune_0100.wav,"Listen to this note. Would it match a key on a well-tuned piano, or is it off-pitch (between piano notes)?
First give your answer. Then explain exactly what you heard that supports it: name the specific notes/chords/beats and their approximate timestamps in seconds.",,out of tune,[Answer varies based on individual perception],,,,"{""base_midi"": 60, ""base_name"": ""C4"", ""detune_cents"": 35, ""midi_exact"": 59.65, ""sign"": -1}"
tuning_judgment/tune_0101::audio::explain,tuning_judgment/tune_0101,tuning_judgment,audio,explain,2,stimuli/tuning/tune_0101.wav,"Is the note you hear in tune or out of tune relative to standard Western tuning?
First give your answer. Then explain exactly what you heard that supports it: name the specific notes/chords/beats and their approximate timestamps in seconds.",,out of tune,"[Answer indicating whether the note is in or out of tune, and explaining the specific notes/chords/beats and their timestamps]",,,,"{""base_midi"": 65, ""base_name"": ""F4"", ""detune_cents"": 35, ""midi_exact"": 65.35, ""sign"": 1}"
tuning_judgment/tune_0105::audio::explain,tuning_judgment/tune_0105,tuning_judgment,audio,explain,2,stimuli/tuning/tune_0105.wav,"Is the note you hear in tune or out of tune relative to standard Western tuning?
First give your answer. Then explain exactly what you heard that supports it: name the specific notes/chords/beats and their approximate timestamps in seconds.",,out of tune,[Answer varies based on the listener's perception of the note's pitch and comparison to standard Western tuning],,,,"{""base_midi"": 65, ""base_name"": ""F4"", ""detune_cents"": 50, ""midi_exact"": 64.5, ""sign"": -1}"
tuning_judgment/tune_0116::audio::explain,tuning_judgment/tune_0116,tuning_judgment,audio,explain,0,stimuli/tuning/tune_0116.wav,"A single note is played. Is it in tune (matching standard concert pitch, like a piano note) or out of tune?
First give your answer. Then explain exactly what you heard that supports it: name the specific notes/chords/beats and their approximate timestamps in seconds.",,out of tune,[Answer varies based on individual perception and analysis of the audio],,,,"{""base_midi"": 58, ""base_name"": ""A#3"", ""detune_cents"": 50, ""midi_exact"": 58.5, ""sign"": 1}"
tuning_judgment/tune_0119::audio::explain,tuning_judgment/tune_0119,tuning_judgment,audio,explain,2,stimuli/tuning/tune_0119.wav,"Is the note you hear in tune or out of tune relative to standard Western tuning?
First give your answer. Then explain exactly what you heard that supports it: name the specific notes/chords/beats and their approximate timestamps in seconds.",,out of tune,[Answer varies based on the listener's perception of the note's pitch and comparison to standard Western tuning],,,,"{""base_midi"": 62, ""base_name"": ""D4"", ""detune_cents"": 50, ""midi_exact"": 62.5, ""sign"": 1}"
