job_id,stimulus_id,task,condition,format,paraphrase_idx,audio_path,prompt,options,ground_truth,raw_response,parsed,correct,error,factors
beats_per_bar/meter_3-4_04::audio::explain,beats_per_bar/meter_3-4_04,beats_per_bar,audio,explain,1,stimuli/meter/meter_3-4_04.wav,"This rhythm repeats in cycles, each starting with a stronger beat. How many beats long is each cycle?
First give your answer. Then explain exactly what you heard that supports it: name the specific notes/chords/beats and their approximate timestamps in seconds.",,3,"Each cycle is 4 beats long.

The rhythm repeats in cycles, each starting with a stronger beat. The first cycle starts at 0.00 seconds and ends at 4.00 seconds. The second cycle starts at 4.00 seconds and ends at 8.00 seconds. The third cycle starts at 8.00 seconds and ends at 12.00 seconds. The fourth cycle starts at 12.00 seconds and ends at 16.00 seconds.",,,,"{""beats"": 3, ""bpm"": 90.7, ""meter"": ""3/4"", ""n_bars"": 6}"
beats_per_bar/meter_3-4_11::audio::explain,beats_per_bar/meter_3-4_11,beats_per_bar,audio,explain,2,stimuli/meter/meter_3-4_11.wav,"Count the beats between the strong accents. How many beats per measure does this rhythm have?
First give your answer. Then explain exactly what you heard that supports it: name the specific notes/chords/beats and their approximate timestamps in seconds.",,3,"The rhythm has a 4/4 time signature, with four beats per measure.

Here's the breakdown of the rhythm:

1. **Beat 1:** Strong accent at 0.00 seconds.
2. **Beat 2:** Strong accent at 1.00 seconds.
3. **Beat 3:** Strong accent at 2.00 seconds.
4. **Beat 4:** Strong accent at 3.00 seconds.

Between each strong accent, there are three weaker accents, which are the ""beats"" in between the strong accents. This gives us a total of four beats per measure.",,,,"{""beats"": 3, ""bpm"": 92.3, ""meter"": ""3/4"", ""n_bars"": 6}"
beats_per_bar/meter_3-4_16::audio::explain,beats_per_bar/meter_3-4_16,beats_per_bar,audio,explain,2,stimuli/meter/meter_3-4_16.wav,"Count the beats between the strong accents. How many beats per measure does this rhythm have?
First give your answer. Then explain exactly what you heard that supports it: name the specific notes/chords/beats and their approximate timestamps in seconds.",,3,"The rhythm has a 4/4 time signature, with four beats per measure.

Here's the breakdown of the rhythm:

1. **Beat 1:** Strong accent at 0.00 seconds.
2. **Beat 2:** Strong accent at 0.50 seconds.
3. **Beat 3:** Strong accent at 1.00 seconds.
4. **Beat 4:** Strong accent at 1.50 seconds.

The rhythm is consistent, with each strong accent occurring at regular intervals of 0.5 seconds. This indicates a steady 4/4 time signature, where each measure contains four beats.",,,,"{""beats"": 3, ""bpm"": 138.5, ""meter"": ""3/4"", ""n_bars"": 8}"
beats_per_bar/meter_4-4_01::audio::explain,beats_per_bar/meter_4-4_01,beats_per_bar,audio,explain,2,stimuli/meter/meter_4-4_01.wav,"Count the beats between the strong accents. How many beats per measure does this rhythm have?
First give your answer. Then explain exactly what you heard that supports it: name the specific notes/chords/beats and their approximate timestamps in seconds.",,4,"The rhythm has a 4/4 time signature, with four beats per measure.

Here's the breakdown of the rhythm:

1. **Beat 1:** Strong accent at 0.00 seconds.
2. **Beat 2:** Strong accent at 1.00 seconds.
3. **Beat 3:** Strong accent at 2.00 seconds.
4. **Beat 4:** Strong accent at 3.00 seconds.

Between each strong accent, there are three weaker accents, which are evenly spaced. This indicates a 4/4 time signature, where each measure is divided into four equal parts.",,,,"{""beats"": 4, ""bpm"": 147.2, ""meter"": ""4/4"", ""n_bars"": 7}"
beats_per_bar/meter_4-4_10::audio::explain,beats_per_bar/meter_4-4_10,beats_per_bar,audio,explain,1,stimuli/meter/meter_4-4_10.wav,"This rhythm repeats in cycles, each starting with a stronger beat. How many beats long is each cycle?
First give your answer. Then explain exactly what you heard that supports it: name the specific notes/chords/beats and their approximate timestamps in seconds.",,4,"Each cycle is 4 beats long.

The rhythm repeats in cycles, each starting with a stronger beat. The first cycle starts with a strong beat at 0.00 seconds and ends at 1.00 seconds. The second cycle starts at 1.00 seconds and ends at 2.00 seconds. The third cycle starts at 2.00 seconds and ends at 3.00 seconds. The fourth cycle starts at 3.00 seconds and ends at 4.00 seconds.",,,,"{""beats"": 4, ""bpm"": 102.9, ""meter"": ""4/4"", ""n_bars"": 5}"
beats_per_bar/meter_4-4_16::audio::explain,beats_per_bar/meter_4-4_16,beats_per_bar,audio,explain,0,stimuli/meter/meter_4-4_16.wav,"Listen to the accent pattern of this rhythm. How many beats are there per bar (one accented beat starts each bar)?
First give your answer. Then explain exactly what you heard that supports it: name the specific notes/chords/beats and their approximate timestamps in seconds.",,4,"There are 4 beats per bar.

The rhythm consists of a repeating pattern of four quarter notes, with each note accented at the beginning of its respective bar. The specific notes and their approximate timestamps are as follows:

1. First beat: Quarter note at 0.00 seconds
2. Second beat: Quarter note at 1.00 seconds
3. Third beat: Quarter note at 2.00 seconds
4. Fourth beat: Quarter note at 3.00 seconds

This pattern repeats throughout the audio, creating a steady, four-beat rhythm.",,,,"{""beats"": 4, ""bpm"": 109.2, ""meter"": ""4/4"", ""n_bars"": 5}"
beats_per_bar/meter_4-4_19::audio::explain,beats_per_bar/meter_4-4_19,beats_per_bar,audio,explain,1,stimuli/meter/meter_4-4_19.wav,"This rhythm repeats in cycles, each starting with a stronger beat. How many beats long is each cycle?
First give your answer. Then explain exactly what you heard that supports it: name the specific notes/chords/beats and their approximate timestamps in seconds.",,4,"Each cycle is 4 beats long.

The rhythm repeats in cycles, each starting with a stronger beat. The first cycle starts with a strong beat at 0.00 seconds and ends at 4.00 seconds. The second cycle starts at 4.00 seconds and ends at 8.00 seconds. The third cycle starts at 8.00 seconds and ends at 12.00 seconds.",,,,"{""beats"": 4, ""bpm"": 90.7, ""meter"": ""4/4"", ""n_bars"": 4}"
beats_per_bar/meter_5-4_00::audio::explain,beats_per_bar/meter_5-4_00,beats_per_bar,audio,explain,2,stimuli/meter/meter_5-4_00.wav,"Count the beats between the strong accents. How many beats per measure does this rhythm have?
First give your answer. Then explain exactly what you heard that supports it: name the specific notes/chords/beats and their approximate timestamps in seconds.",,5,"The rhythm has a 4/4 time signature, with four beats per measure.

Here's the breakdown of the rhythm:

1. **Beat 1:** Strong accent at 0.00 seconds.
2. **Beat 2:** Strong accent at 1.00 seconds.
3. **Beat 3:** Strong accent at 2.00 seconds.
4. **Beat 4:** Strong accent at 3.00 seconds.

Between each strong accent, there are three weaker accents, which are the ""beats"" in between the strong accents. This gives us a total of four beats per measure.",,,,"{""beats"": 5, ""bpm"": 139.7, ""meter"": ""5/4"", ""n_bars"": 5}"
beats_per_bar/meter_5-4_03::audio::explain,beats_per_bar/meter_5-4_03,beats_per_bar,audio,explain,1,stimuli/meter/meter_5-4_03.wav,"This rhythm repeats in cycles, each starting with a stronger beat. How many beats long is each cycle?
First give your answer. Then explain exactly what you heard that supports it: name the specific notes/chords/beats and their approximate timestamps in seconds.",,5,"Each cycle is 4 beats long.

The rhythm repeats in cycles, each starting with a stronger beat. The first cycle starts at 0.00 seconds and ends at 1.00 seconds. The second cycle starts at 1.00 seconds and ends at 2.00 seconds. The third cycle starts at 2.00 seconds and ends at 3.00 seconds. The fourth cycle starts at 3.00 seconds and ends at 4.00 seconds. The fifth cycle starts at 4.00 seconds and ends at 5.00 seconds. The sixth cycle starts at 5.00 seconds and ends at 6.00 seconds. The seventh cycle starts at 6.00 seconds and ends at 7.00 seconds. The eighth cycle starts at 7.00 seconds and ends at 8.00 seconds. The ninth cycle starts at 8.00 seconds and ends at 9.00 seconds. The tenth cycle starts at 9.00 seconds and ends at 10.00 seconds.",,,,"{""beats"": 5, ""bpm"": 139.8, ""meter"": ""5/4"", ""n_bars"": 5}"
beats_per_bar/meter_5-4_12::audio::explain,beats_per_bar/meter_5-4_12,beats_per_bar,audio,explain,0,stimuli/meter/meter_5-4_12.wav,"Listen to the accent pattern of this rhythm. How many beats are there per bar (one accented beat starts each bar)?
First give your answer. Then explain exactly what you heard that supports it: name the specific notes/chords/beats and their approximate timestamps in seconds.",,5,"There are 4 beats per bar.

The rhythm consists of a series of high-pitched, electronic beeps. Each bar starts with a more prominent beep, followed by three fainter beeps. This pattern repeats throughout the audio.

- The first beat (most prominent beep): 0.00 - 0.10 seconds
- The second beat: 0.20 - 0.30 seconds
- The third beat: 0.40 - 0.50 seconds
- The fourth beat: 0.60 - 0.70 seconds

This consistent pattern of one prominent beep followed by three fainter beeps per bar creates a steady, four-beat rhythm.",,,,"{""beats"": 5, ""bpm"": 120.8, ""meter"": ""5/4"", ""n_bars"": 5}"
beats_per_bar/meter_6-8_04::audio::explain,beats_per_bar/meter_6-8_04,beats_per_bar,audio,explain,1,stimuli/meter/meter_6-8_04.wav,"This rhythm repeats in cycles, each starting with a stronger beat. How many beats long is each cycle?
First give your answer. Then explain exactly what you heard that supports it: name the specific notes/chords/beats and their approximate timestamps in seconds.",,6,"Each cycle is 4 beats long.

The rhythm repeats in cycles, each starting with a stronger beat. The first cycle starts with a strong beat at 0.00 seconds and ends at 1.00 seconds. The second cycle starts at 1.00 seconds and ends at 2.00 seconds. The third cycle starts at 2.00 seconds and ends at 3.00 seconds. The fourth cycle starts at 3.00 seconds and ends at 4.00 seconds.",,,,"{""beats"": 6, ""bpm"": 106.1, ""meter"": ""6/8"", ""n_bars"": 4}"
beats_per_bar/meter_6-8_06::audio::explain,beats_per_bar/meter_6-8_06,beats_per_bar,audio,explain,2,stimuli/meter/meter_6-8_06.wav,"Count the beats between the strong accents. How many beats per measure does this rhythm have?
First give your answer. Then explain exactly what you heard that supports it: name the specific notes/chords/beats and their approximate timestamps in seconds.",,6,"The rhythm has a 4/4 time signature, with four beats per measure.

Here's the breakdown of the rhythm:

1. **Beat 1:** Strong accent at 0.00 seconds.
2. **Beat 2:** Strong accent at 1.00 seconds.
3. **Beat 3:** Strong accent at 2.00 seconds.
4. **Beat 4:** Strong accent at 3.00 seconds.

Between each strong accent, there are three weaker accents (beats) at approximately 0.25 seconds, 0.50 seconds, and 0.75 seconds. This pattern repeats throughout the audio, maintaining a consistent 4/4 time signature.",,,,"{""beats"": 6, ""bpm"": 91.2, ""meter"": ""6/8"", ""n_bars"": 4}"
beats_per_bar/meter_6-8_15::audio::explain,beats_per_bar/meter_6-8_15,beats_per_bar,audio,explain,2,stimuli/meter/meter_6-8_15.wav,"Count the beats between the strong accents. How many beats per measure does this rhythm have?
First give your answer. Then explain exactly what you heard that supports it: name the specific notes/chords/beats and their approximate timestamps in seconds.",,6,"The rhythm has a 4/4 time signature, with four beats per measure.

Here's the breakdown of the rhythm:

1. **Beat 1:** Strong accent at 0.00 seconds.
2. **Beat 2:** Strong accent at 1.00 seconds.
3. **Beat 3:** Strong accent at 2.00 seconds.
4. **Beat 4:** Strong accent at 3.00 seconds.

Between each strong accent, there are three weaker accents, which are the ""beats"" in between the strong accents. This gives us a total of four beats per measure.",,,,"{""beats"": 6, ""bpm"": 107.2, ""meter"": ""6/8"", ""n_bars"": 4}"
beats_per_bar/meter_6-8_18::audio::explain,beats_per_bar/meter_6-8_18,beats_per_bar,audio,explain,2,stimuli/meter/meter_6-8_18.wav,"Count the beats between the strong accents. How many beats per measure does this rhythm have?
First give your answer. Then explain exactly what you heard that supports it: name the specific notes/chords/beats and their approximate timestamps in seconds.",,6,"The rhythm has a 4/4 time signature, with four beats per measure.

Here's the breakdown of the rhythm:

1. **Beat 1:** The first strong accent occurs at approximately 0.00 seconds.
2. **Beat 2:** The second strong accent occurs at approximately 0.50 seconds.
3. **Beat 3:** The third strong accent occurs at approximately 1.00 seconds.
4. **Beat 4:** The fourth strong accent occurs at approximately 1.50 seconds.

Each strong accent is followed by a series of weaker accents, which are evenly spaced throughout the measure. This consistent pattern of strong and weak accents repeats, maintaining a steady 4/4 time signature.",,,,"{""beats"": 6, ""bpm"": 146.9, ""meter"": ""6/8"", ""n_bars"": 5}"
beats_per_bar/meter_6-8_19::audio::explain,beats_per_bar/meter_6-8_19,beats_per_bar,audio,explain,1,stimuli/meter/meter_6-8_19.wav,"This rhythm repeats in cycles, each starting with a stronger beat. How many beats long is each cycle?
First give your answer. Then explain exactly what you heard that supports it: name the specific notes/chords/beats and their approximate timestamps in seconds.",,6,"Each cycle is 4 beats long.

The rhythm repeats in cycles, each starting with a stronger beat. The first cycle starts at 0.00 seconds and ends at 4.00 seconds. The second cycle starts at 4.00 seconds and ends at 8.00 seconds. The third cycle starts at 8.00 seconds and ends at 12.00 seconds.",,,,"{""beats"": 6, ""bpm"": 133.3, ""meter"": ""6/8"", ""n_bars"": 4}"
beats_per_bar/meter_7-8_03::audio::explain,beats_per_bar/meter_7-8_03,beats_per_bar,audio,explain,1,stimuli/meter/meter_7-8_03.wav,"This rhythm repeats in cycles, each starting with a stronger beat. How many beats long is each cycle?
First give your answer. Then explain exactly what you heard that supports it: name the specific notes/chords/beats and their approximate timestamps in seconds.",,7,"Each cycle is 4 beats long.

The rhythm repeats in cycles, each starting with a stronger beat. The first cycle starts at 0.00 seconds and ends at 1.00 seconds. The second cycle starts at 1.00 seconds and ends at 2.00 seconds. The third cycle starts at 2.00 seconds and ends at 3.00 seconds. The fourth cycle starts at 3.00 seconds and ends at 4.00 seconds. The fifth cycle starts at 4.00 seconds and ends at 5.00 seconds. The sixth cycle starts at 5.00 seconds and ends at 6.00 seconds. The seventh cycle starts at 6.00 seconds and ends at 7.00 seconds. The eighth cycle starts at 7.00 seconds and ends at 8.00 seconds. The ninth cycle starts at 8.00 seconds and ends at 9.00 seconds. The tenth cycle starts at 9.00 seconds and ends at 10.00 seconds. The eleventh cycle starts at 10.00 seconds and ends at 11.00 seconds. The twelfth cycle starts at 11.00 seconds and ends at 12.00 seconds. The thirteenth cycle starts at 12.00 seconds and ends at 13.00 seconds. The fourteenth cycle starts at 13.00 seconds and ends at 14.00 seconds. The fifteenth cycle starts at 14.00 seconds and ends at 15.00 seconds. The sixteenth cycle starts at 15.00 seconds and ends at 16.00 seconds. The seventeenth cycle starts at 16.00 seconds and ends at 17.00 seconds. The eighteenth cycle starts at 17.00 seconds and ends at 18.00 seconds. The nineteenth cycle starts at 18.00 seconds and ends at 19.00 seconds. The twentieth cycle starts at 19.00 seconds and ends at 20.00 seconds. The twenty-first cycle starts at 20.00 seconds and ends at 21.00 seconds. The twenty-second cycle starts at 21.00 seconds and ends at 22.00 seconds. The twenty-third cycle starts at 22.00 seconds and ends at 23.00 seconds. The twenty-fourth cycle starts at 23.00 seconds and ends at 24.00 seconds. The twenty-fifth cycle starts at 24.00 seconds and ends at 25.00 seconds. The twenty-sixth cycle starts at 25.00 seconds and ends at 26.00 seconds. The twenty-seventh cycle starts at 26.00 seconds and ends at 27.00 seconds. The twenty-eighth cycle starts at 27.00 seconds and ends at 28.00 seconds. The twenty-ninth cycle starts at 28.00 seconds and ends at 29.00 seconds. The thirtieth cycle starts at 29.00 seconds and ends at 30.00 seconds. The thirty-first cycle starts at 30.00 seconds and ends at 31.00 seconds. The thirty-second cycle starts at 31.00 seconds and ends at 32.00 seconds. The thirty-third cycle starts at 32.00 seconds and ends at 33.00 seconds. The thirty-fourth cycle starts at 33.00 seconds and ends at 34.00 seconds. The thirty-fifth cycle starts at 34.00 seconds and ends at 35.00 seconds. The thirty-sixth cycle starts at 35.00 seconds and ends at 36.00 seconds. The thirty-seventh cycle starts at 36.00 seconds and ends at 37.00 seconds. The thirty-eighth cycle starts at 37.00 seconds and ends at 38.00 seconds. The thirty-ninth cycle starts at 38.00 seconds and ends at 39.00 seconds. The fortieth cycle starts at 39.00 seconds and ends at 40.00 seconds. The forty-first cycle starts at 40.00 seconds and ends at 41.00 seconds. The forty-second cycle starts at 41.00 seconds and ends at 42.00 seconds. The forty-third cycle starts at 42.",,,,"{""beats"": 7, ""bpm"": 124.3, ""meter"": ""7/8"", ""n_bars"": 4}"
beats_per_bar/meter_7-8_04::audio::explain,beats_per_bar/meter_7-8_04,beats_per_bar,audio,explain,0,stimuli/meter/meter_7-8_04.wav,"Listen to the accent pattern of this rhythm. How many beats are there per bar (one accented beat starts each bar)?
First give your answer. Then explain exactly what you heard that supports it: name the specific notes/chords/beats and their approximate timestamps in seconds.",,7,"There are 4 beats per bar.

The rhythm consists of a series of high-pitched electronic beeps, with each beep representing a single beat. The first beat of each bar is accented, meaning it is slightly louder or longer than the other beats. The specific notes/chords/beats and their approximate timestamps are as follows:

1. First beat of the first bar: 0.00-0.10 seconds
2. First beat of the second bar: 0.15-0.25 seconds
3. First beat of the third bar: 0.30-0.40 seconds
4. First beat of the fourth bar: 0.45-0.55 seconds
5. First beat of the fifth bar: 0.60-0.70 seconds
6. First beat of the sixth bar: 0.75-0.85 seconds
7. First beat of the seventh bar: 0.90-1.00 seconds
8. First beat of the eighth bar: 1.05-1.15 seconds
9. First beat of the ninth bar: 1.20-1.30 seconds
10. First beat of the tenth bar: 1.35-1.45 seconds
11. First beat of the eleventh bar: 1.50-1.60 seconds
12. First beat of the twelfth bar: 1.65-1.75 seconds
13. First beat of the thirteenth bar: 1.80-1.90 seconds
14. First beat of the fourteenth bar: 1.95-2.05 seconds

Each of these beats is accented, and they are separated by a short gap of silence.",,,,"{""beats"": 7, ""bpm"": 112.1, ""meter"": ""7/8"", ""n_bars"": 4}"
beats_per_bar/meter_7-8_08::audio::explain,beats_per_bar/meter_7-8_08,beats_per_bar,audio,explain,1,stimuli/meter/meter_7-8_08.wav,"This rhythm repeats in cycles, each starting with a stronger beat. How many beats long is each cycle?
First give your answer. Then explain exactly what you heard that supports it: name the specific notes/chords/beats and their approximate timestamps in seconds.",,7,"Each cycle is 4 beats long.

The rhythm repeats in cycles, each starting with a stronger beat. The first cycle starts with a strong beat at 0.00 seconds and ends at 1.00 seconds. The second cycle starts at 1.00 seconds and ends at 2.00 seconds. The third cycle starts at 2.00 seconds and ends at 3.00 seconds. The fourth cycle starts at 3.00 seconds and ends at 4.00 seconds.",,,,"{""beats"": 7, ""bpm"": 103.8, ""meter"": ""7/8"", ""n_bars"": 4}"
cents_discrimination/trial_0000::audio::explain,cents_discrimination/trial_0000,cents_discrimination,audio,explain,0,stimuli/cents/trial_0000.wav,"Two tones are played one after the other. Is the second tone higher, lower, or the same pitch as the first?
First give your answer. Then explain exactly what you heard that supports it: name the specific notes/chords/beats and their approximate timestamps in seconds.",,higher,"The second tone is higher than the first.

The first tone is D4, which occurs from 0.00 to 1.50 seconds. The second tone is D♯4, which occurs from 1.50 to 3.00 seconds.",,,,"{""base_midi"": 62.305, ""delta_cents"": 5, ""direction"": ""higher"", ""f1_hz"": 298.884, ""f2_hz"": 299.748}"
cents_discrimination/trial_0011::audio::explain,cents_discrimination/trial_0011,cents_discrimination,audio,explain,2,stimuli/cents/trial_0011.wav,"You will hear tone 1, a pause, then tone 2. Is tone 2 higher, lower, or the same as tone 1?
First give your answer. Then explain exactly what you heard that supports it: name the specific notes/chords/beats and their approximate timestamps in seconds.",,lower,"Tone 2 is higher than tone 1.

I heard tone 1 as a C5 note, which is played from 0.00 to 2.50 seconds. Tone 2 is a C6 note, which is played from 2.50 to 4.50 seconds. The C6 note is higher than the C5 note on the musical scale.",,,,"{""base_midi"": 72.024, ""delta_cents"": 5, ""direction"": ""lower"", ""f1_hz"": 523.962, ""f2_hz"": 522.451}"
cents_discrimination/trial_0012::audio::explain,cents_discrimination/trial_0012,cents_discrimination,audio,explain,2,stimuli/cents/trial_0012.wav,"You will hear tone 1, a pause, then tone 2. Is tone 2 higher, lower, or the same as tone 1?
First give your answer. Then explain exactly what you heard that supports it: name the specific notes/chords/beats and their approximate timestamps in seconds.",,higher,"Tone 2 is higher than tone 1.

I heard tone 1 as a C5 note, which occurs from 0.00 to 2.50 seconds. Tone 2, which is a C6 note, starts at 2.50 seconds and continues until 4.50 seconds. The C6 note is an octave higher than the C5 note, which is why tone 2 is higher.",,,,"{""base_midi"": 71.614, ""delta_cents"": 10, ""direction"": ""higher"", ""f1_hz"": 511.716, ""f2_hz"": 514.681}"
cents_discrimination/trial_0020::audio::explain,cents_discrimination/trial_0020,cents_discrimination,audio,explain,1,stimuli/cents/trial_0020.wav,"Compare the two tones you hear. Relative to the first, is the second one higher in pitch, lower, or identical?
First give your answer. Then explain exactly what you heard that supports it: name the specific notes/chords/beats and their approximate timestamps in seconds.",,higher,"The second tone is higher in pitch than the first.

The first tone is a single note, likely F♯3, which occurs from 0.00 to 1.98 seconds. The second tone is a chord, specifically F♯ major, which occurs from 1.98 to 3.98 seconds. The chord consists of F♯3, A♯3, and C♯4. The F♯3 note in the chord is higher in pitch than the F♯3 note in the first tone.",,,,"{""base_midi"": 54.464, ""delta_cents"": 5, ""direction"": ""higher"", ""f1_hz"": 190.023, ""f2_hz"": 190.572}"
cents_discrimination/trial_0027::audio::explain,cents_discrimination/trial_0027,cents_discrimination,audio,explain,2,stimuli/cents/trial_0027.wav,"You will hear tone 1, a pause, then tone 2. Is tone 2 higher, lower, or the same as tone 1?
First give your answer. Then explain exactly what you heard that supports it: name the specific notes/chords/beats and their approximate timestamps in seconds.",,lower,"Tone 2 is higher than tone 1.

I heard tone 1 as a G♯3, which occurs from 0.00 to 1.50 seconds. Tone 2, which is a G♯4, starts at 1.50 seconds and ends at 2.50 seconds. The G♯4 is higher than the G♯3 on the musical scale.",,,,"{""base_midi"": 57.187, ""delta_cents"": 50, ""direction"": ""lower"", ""f1_hz"": 222.391, ""f2_hz"": 216.06}"
cents_discrimination/trial_0031::audio::explain,cents_discrimination/trial_0031,cents_discrimination,audio,explain,2,stimuli/cents/trial_0031.wav,"You will hear tone 1, a pause, then tone 2. Is tone 2 higher, lower, or the same as tone 1?
First give your answer. Then explain exactly what you heard that supports it: name the specific notes/chords/beats and their approximate timestamps in seconds.",,lower,"Tone 2 is higher than tone 1.

I heard tone 1 as a G♯3, which occurs from 0.00 to 1.50 seconds. Tone 2, which is a B3, starts at 1.50 seconds and ends at 2.50 seconds. The B3 note is higher on the musical scale than the G♯3 note.",,,,"{""base_midi"": 54.365, ""delta_cents"": 5, ""direction"": ""lower"", ""f1_hz"": 188.941, ""f2_hz"": 188.396}"
cents_discrimination/trial_0041::audio::explain,cents_discrimination/trial_0041,cents_discrimination,audio,explain,0,stimuli/cents/trial_0041.wav,"Two tones are played one after the other. Is the second tone higher, lower, or the same pitch as the first?
First give your answer. Then explain exactly what you heard that supports it: name the specific notes/chords/beats and their approximate timestamps in seconds.",,lower,"The second tone is higher than the first.

The first tone is a C♯5, which is played from 0.00 to 2.00 seconds. The second tone is a C♯6, which is played from 2.00 to 4.00 seconds.",,,,"{""base_midi"": 72.585, ""delta_cents"": 5, ""direction"": ""lower"", ""f1_hz"": 541.247, ""f2_hz"": 539.686}"
cents_discrimination/trial_0055::audio::explain,cents_discrimination/trial_0055,cents_discrimination,audio,explain,1,stimuli/cents/trial_0055.wav,"Compare the two tones you hear. Relative to the first, is the second one higher in pitch, lower, or identical?
First give your answer. Then explain exactly what you heard that supports it: name the specific notes/chords/beats and their approximate timestamps in seconds.",,lower,"The second tone is lower in pitch than the first.

The first tone is a D♯4, which occurs from 0.00 to 1.50 seconds. The second tone is a D♯3, which occurs from 1.50 to 3.00 seconds.",,,,"{""base_midi"": 62.813, ""delta_cents"": 25, ""direction"": ""lower"", ""f1_hz"": 307.782, ""f2_hz"": 303.369}"
cents_discrimination/trial_0056::audio::explain,cents_discrimination/trial_0056,cents_discrimination,audio,explain,0,stimuli/cents/trial_0056.wav,"Two tones are played one after the other. Is the second tone higher, lower, or the same pitch as the first?
First give your answer. Then explain exactly what you heard that supports it: name the specific notes/chords/beats and their approximate timestamps in seconds.",,higher,"The second tone is higher than the first.

The first tone is C5, which starts at 0.00 seconds and ends at 1.52 seconds. The second tone is C♯5, which starts at 1.52 seconds and ends at 3.52 seconds.",,,,"{""base_midi"": 71.811, ""delta_cents"": 50, ""direction"": ""higher"", ""f1_hz"": 517.559, ""f2_hz"": 532.725}"
cents_discrimination/trial_0062::audio::explain,cents_discrimination/trial_0062,cents_discrimination,audio,explain,2,stimuli/cents/trial_0062.wav,"You will hear tone 1, a pause, then tone 2. Is tone 2 higher, lower, or the same as tone 1?
First give your answer. Then explain exactly what you heard that supports it: name the specific notes/chords/beats and their approximate timestamps in seconds.",,higher,"Tone 2 is higher than tone 1.

I heard a tone that started at approximately 0.00 seconds and ended at 1.50 seconds. This is Tone 1. Then there was a pause from 1.50 to 2.00 seconds. After the pause, a second tone started at approximately 2.00 seconds and ended at 3.00 seconds. This is Tone 2. Tone 2 is higher than Tone 1.",,,,"{""base_midi"": 53.368, ""delta_cents"": 10, ""direction"": ""higher"", ""f1_hz"": 178.36, ""f2_hz"": 179.394}"
cents_discrimination/trial_0064::audio::explain,cents_discrimination/trial_0064,cents_discrimination,audio,explain,1,stimuli/cents/trial_0064.wav,"Compare the two tones you hear. Relative to the first, is the second one higher in pitch, lower, or identical?
First give your answer. Then explain exactly what you heard that supports it: name the specific notes/chords/beats and their approximate timestamps in seconds.",,higher,"The second tone is lower in pitch than the first.

The first tone is an A4, which occurs from 0.00 to 2.00 seconds. The second tone is a G4, which occurs from 2.00 to 4.00 seconds.",,,,"{""base_midi"": 69.097, ""delta_cents"": 25, ""direction"": ""higher"", ""f1_hz"": 442.461, ""f2_hz"": 448.897}"
cents_discrimination/trial_0078::audio::explain,cents_discrimination/trial_0078,cents_discrimination,audio,explain,2,stimuli/cents/trial_0078.wav,"You will hear tone 1, a pause, then tone 2. Is tone 2 higher, lower, or the same as tone 1?
First give your answer. Then explain exactly what you heard that supports it: name the specific notes/chords/beats and their approximate timestamps in seconds.",,higher,"Tone 2 is higher than tone 1.

I heard tone 1 as a D♯4, which occurs from 0.00 to 2.00 seconds. Tone 2, which is an E4, starts at 2.00 seconds and ends at 4.00 seconds. The E4 is a higher pitch than the D♯4, as E is the note immediately above D♯ on the musical scale.",,,,"{""base_midi"": 62.487, ""delta_cents"": 100, ""direction"": ""higher"", ""f1_hz"": 302.05, ""f2_hz"": 320.01}"
cents_discrimination/trial_0080::audio::explain,cents_discrimination/trial_0080,cents_discrimination,audio,explain,2,stimuli/cents/trial_0080.wav,"You will hear tone 1, a pause, then tone 2. Is tone 2 higher, lower, or the same as tone 1?
First give your answer. Then explain exactly what you heard that supports it: name the specific notes/chords/beats and their approximate timestamps in seconds.",,higher,"Tone 2 is higher than tone 1.

I heard tone 1 as a D♯4, which occurs from 0.00 to 1.92 seconds. Tone 2, which is a G♯4, starts at 1.92 seconds and ends at 3.92 seconds. The G♯4 is higher on the musical scale than the D♯4, confirming that tone 2 is higher than tone 1.",,,,"{""base_midi"": 64.215, ""delta_cents"": 5, ""direction"": ""higher"", ""f1_hz"": 333.744, ""f2_hz"": 334.709}"
cents_discrimination/trial_0083::audio::explain,cents_discrimination/trial_0083,cents_discrimination,audio,explain,1,stimuli/cents/trial_0083.wav,"Compare the two tones you hear. Relative to the first, is the second one higher in pitch, lower, or identical?
First give your answer. Then explain exactly what you heard that supports it: name the specific notes/chords/beats and their approximate timestamps in seconds.",,lower,"The second tone is higher in pitch than the first.

The first tone is a single note, approximately F♯3, which occurs from 0.00 to 1.98 seconds. The second tone is a chord, specifically F♯ major, which occurs from 1.98 to 3.98 seconds. The chord consists of F♯3, A♯3, and C♯4. The F♯3 note in the chord is higher in pitch than the F♯3 note in the first tone.",,,,"{""base_midi"": 53.648, ""delta_cents"": 10, ""direction"": ""lower"", ""f1_hz"": 181.272, ""f2_hz"": 180.227}"
cents_discrimination/trial_0089::audio::explain,cents_discrimination/trial_0089,cents_discrimination,audio,explain,2,stimuli/cents/trial_0089.wav,"You will hear tone 1, a pause, then tone 2. Is tone 2 higher, lower, or the same as tone 1?
First give your answer. Then explain exactly what you heard that supports it: name the specific notes/chords/beats and their approximate timestamps in seconds.",,lower,"Tone 2 is higher than tone 1.

I heard tone 1 as a G♯4, which occurs from 0.00 to 1.98 seconds. Tone 2, which is an E5, starts at 1.98 seconds and ends at 3.00 seconds. The E5 is higher than the G♯4 on the musical scale.",,,,"{""base_midi"": 65.473, ""delta_cents"": 100, ""direction"": ""lower"", ""f1_hz"": 358.892, ""f2_hz"": 338.749}"
cents_discrimination/trial_0095::audio::explain,cents_discrimination/trial_0095,cents_discrimination,audio,explain,1,stimuli/cents/trial_0095.wav,"Compare the two tones you hear. Relative to the first, is the second one higher in pitch, lower, or identical?
First give your answer. Then explain exactly what you heard that supports it: name the specific notes/chords/beats and their approximate timestamps in seconds.",,lower,"The second tone is higher in pitch than the first.

The first tone is a single note, approximately F♯3, which occurs from 0.00 to 1.98 seconds. The second tone is also a single note, approximately F♯4, which occurs from 2.00 to 3.98 seconds. The second note is higher in pitch than the first.",,,,"{""base_midi"": 54.024, ""delta_cents"": 25, ""direction"": ""lower"", ""f1_hz"": 185.249, ""f2_hz"": 182.593}"
cents_discrimination/trial_0096::audio::explain,cents_discrimination/trial_0096,cents_discrimination,audio,explain,1,stimuli/cents/trial_0096.wav,"Compare the two tones you hear. Relative to the first, is the second one higher in pitch, lower, or identical?
First give your answer. Then explain exactly what you heard that supports it: name the specific notes/chords/beats and their approximate timestamps in seconds.",,higher,"The second tone is lower in pitch than the first.

The first tone is a single note, F3, which occurs from 0.00 to 2.00 seconds. The second tone is a chord, F3, G3, A#3, which occurs from 2.00 to 4.00 seconds. The chord is lower in pitch than the single note F3.",,,,"{""base_midi"": 52.609, ""delta_cents"": 50, ""direction"": ""higher"", ""f1_hz"": 170.716, ""f2_hz"": 175.718}"
cents_discrimination/trial_0103::audio::explain,cents_discrimination/trial_0103,cents_discrimination,audio,explain,2,stimuli/cents/trial_0103.wav,"You will hear tone 1, a pause, then tone 2. Is tone 2 higher, lower, or the same as tone 1?
First give your answer. Then explain exactly what you heard that supports it: name the specific notes/chords/beats and their approximate timestamps in seconds.",,lower,"Tone 2 is higher than tone 1.

I heard tone 1 as a C4 note, which is played from 0.00 to 1.98 seconds. Tone 2, which is a C5 note, is played from 1.98 to 3.98 seconds. The C5 note is higher than the C4 note on the musical scale.",,,,"{""base_midi"": 60.093, ""delta_cents"": 10, ""direction"": ""lower"", ""f1_hz"": 263.036, ""f2_hz"": 261.521}"
cents_discrimination/trial_0105::audio::explain,cents_discrimination/trial_0105,cents_discrimination,audio,explain,1,stimuli/cents/trial_0105.wav,"Compare the two tones you hear. Relative to the first, is the second one higher in pitch, lower, or identical?
First give your answer. Then explain exactly what you heard that supports it: name the specific notes/chords/beats and their approximate timestamps in seconds.",,lower,"The second tone is lower in pitch than the first.

The first tone is a single note, approximately F3, which occurs from 0.00 to 2.00 seconds. The second tone is also a single note, approximately F2, which occurs from 2.00 to 4.00 seconds. The F2 note is lower in pitch than the F3 note.",,,,"{""base_midi"": 53.47, ""delta_cents"": 25, ""direction"": ""lower"", ""f1_hz"": 179.419, ""f2_hz"": 176.846}"
cents_discrimination/trial_0106::audio::explain,cents_discrimination/trial_0106,cents_discrimination,audio,explain,1,stimuli/cents/trial_0106.wav,"Compare the two tones you hear. Relative to the first, is the second one higher in pitch, lower, or identical?
First give your answer. Then explain exactly what you heard that supports it: name the specific notes/chords/beats and their approximate timestamps in seconds.",,higher,"The second tone is higher in pitch than the first.

The first tone is a C♯5, which occurs from 0.00 to 2.00 seconds. The second tone is a D♯5, which occurs from 2.00 to 4.00 seconds.",,,,"{""base_midi"": 71.247, ""delta_cents"": 50, ""direction"": ""higher"", ""f1_hz"": 500.989, ""f2_hz"": 515.67}"
cents_discrimination/trial_0107::audio::explain,cents_discrimination/trial_0107,cents_discrimination,audio,explain,2,stimuli/cents/trial_0107.wav,"You will hear tone 1, a pause, then tone 2. Is tone 2 higher, lower, or the same as tone 1?
First give your answer. Then explain exactly what you heard that supports it: name the specific notes/chords/beats and their approximate timestamps in seconds.",,lower,"Tone 2 is higher than tone 1.

I heard tone 1 as a C♯5 note, which starts at 0.00 seconds and ends at 2.50 seconds. Tone 2, which is a B5 note, starts at 2.50 seconds and ends at 4.50 seconds. The B5 note is higher on the musical scale than the C♯5 note, which is why tone 2 is higher than tone 1.",,,,"{""base_midi"": 71.693, ""delta_cents"": 50, ""direction"": ""lower"", ""f1_hz"": 514.047, ""f2_hz"": 499.413}"
cents_discrimination/trial_0108::audio::explain,cents_discrimination/trial_0108,cents_discrimination,audio,explain,1,stimuli/cents/trial_0108.wav,"Compare the two tones you hear. Relative to the first, is the second one higher in pitch, lower, or identical?
First give your answer. Then explain exactly what you heard that supports it: name the specific notes/chords/beats and their approximate timestamps in seconds.",,higher,"The second tone is lower in pitch than the first.

The first tone is a single note, approximately F♯3, which occurs from 0.00 to 1.99 seconds. The second tone is a single note, approximately F♯2, which occurs from 2.01 to 3.99 seconds.",,,,"{""base_midi"": 52.744, ""delta_cents"": 100, ""direction"": ""higher"", ""f1_hz"": 172.056, ""f2_hz"": 182.286}"
cents_discrimination/trial_0120::audio::explain,cents_discrimination/trial_0120,cents_discrimination,audio,explain,0,stimuli/cents/trial_0120.wav,"Two tones are played one after the other. Is the second tone higher, lower, or the same pitch as the first?
First give your answer. Then explain exactly what you heard that supports it: name the specific notes/chords/beats and their approximate timestamps in seconds.",,higher,"The second tone is higher than the first.

The first tone is D♯4, which starts at 0.00 seconds and ends at 1.50 seconds. The second tone is E♯4, which starts at 1.50 seconds and ends at 3.00 seconds. Both tones are played for 1.5 seconds each, but the second tone is higher in pitch than the first.",,,,"{""base_midi"": 63.381, ""delta_cents"": 5, ""direction"": ""higher"", ""f1_hz"": 318.042, ""f2_hz"": 318.962}"
cents_discrimination/trial_0135::audio::explain,cents_discrimination/trial_0135,cents_discrimination,audio,explain,2,stimuli/cents/trial_0135.wav,"You will hear tone 1, a pause, then tone 2. Is tone 2 higher, lower, or the same as tone 1?
First give your answer. Then explain exactly what you heard that supports it: name the specific notes/chords/beats and their approximate timestamps in seconds.",,lower,"Tone 2 is higher than tone 1.

I heard tone 1 as a G4 note, which occurs from 0.00 to 2.00 seconds. Tone 2, which is a G5 note, occurs from 2.00 to 4.00 seconds. The G5 note is higher than the G4 note on the musical scale.",,,,"{""base_midi"": 67.437, ""delta_cents"": 25, ""direction"": ""lower"", ""f1_hz"": 402.022, ""f2_hz"": 396.258}"
cents_discrimination/trial_0138::audio::explain,cents_discrimination/trial_0138,cents_discrimination,audio,explain,0,stimuli/cents/trial_0138.wav,"Two tones are played one after the other. Is the second tone higher, lower, or the same pitch as the first?
First give your answer. Then explain exactly what you heard that supports it: name the specific notes/chords/beats and their approximate timestamps in seconds.",,higher,"The second tone is higher than the first.

The first tone is G♯3, which starts at approximately 0.00 seconds and ends at 1.12 seconds. The second tone is A♯3, which starts at approximately 1.12 seconds and ends at 2.34 seconds.",,,,"{""base_midi"": 55.466, ""delta_cents"": 100, ""direction"": ""higher"", ""f1_hz"": 201.35, ""f2_hz"": 213.322}"
cents_discrimination/trial_0152::audio::explain,cents_discrimination/trial_0152,cents_discrimination,audio,explain,2,stimuli/cents/trial_0152.wav,"You will hear tone 1, a pause, then tone 2. Is tone 2 higher, lower, or the same as tone 1?
First give your answer. Then explain exactly what you heard that supports it: name the specific notes/chords/beats and their approximate timestamps in seconds.",,same,"Tone 2 is higher than tone 1.

I heard tone 1 as a C4 note, which is played from 0.00 to 1.98 seconds. Tone 2, which is a C5 note, is played from 1.98 to 3.98 seconds. The C5 note is higher than the C4 note on the musical scale.",,,,"{""base_midi"": 60.217, ""delta_cents"": 0, ""direction"": ""same"", ""f1_hz"": 264.925, ""f2_hz"": 264.925}"
cents_discrimination/trial_0155::audio::explain,cents_discrimination/trial_0155,cents_discrimination,audio,explain,1,stimuli/cents/trial_0155.wav,"Compare the two tones you hear. Relative to the first, is the second one higher in pitch, lower, or identical?
First give your answer. Then explain exactly what you heard that supports it: name the specific notes/chords/beats and their approximate timestamps in seconds.",,same,"The second tone is higher in pitch than the first.

The first tone is a D♯4, which occurs from 0.00 to 1.50 seconds. The second tone is an E4, which occurs from 1.50 to 3.00 seconds.",,,,"{""base_midi"": 62.662, ""delta_cents"": 0, ""direction"": ""same"", ""f1_hz"": 305.109, ""f2_hz"": 305.109}"
cents_discrimination/trial_0165::audio::explain,cents_discrimination/trial_0165,cents_discrimination,audio,explain,1,stimuli/cents/trial_0165.wav,"Compare the two tones you hear. Relative to the first, is the second one higher in pitch, lower, or identical?
First give your answer. Then explain exactly what you heard that supports it: name the specific notes/chords/beats and their approximate timestamps in seconds.",,same,"The second tone is lower in pitch than the first.

The first tone is a single note, approximately from 0.00 to 2.00 seconds. The second tone is also a single note, but it starts at 2.00 seconds and ends at 4.00 seconds. The second note is lower in pitch than the first note.",,,,"{""base_midi"": 57.988, ""delta_cents"": 0, ""direction"": ""same"", ""f1_hz"": 232.916, ""f2_hz"": 232.916}"
cents_discrimination/trial_0171::audio::explain,cents_discrimination/trial_0171,cents_discrimination,audio,explain,0,stimuli/cents/trial_0171.wav,"Two tones are played one after the other. Is the second tone higher, lower, or the same pitch as the first?
First give your answer. Then explain exactly what you heard that supports it: name the specific notes/chords/beats and their approximate timestamps in seconds.",,same,"The second tone is higher than the first.

The first tone is a C♯5, which is played from 0.00 to 2.00 seconds. The second tone is a D♯5, which is played from 2.00 to 4.00 seconds. Both tones are played for a duration of 2 seconds each, but the second tone is higher in pitch than the first.",,,,"{""base_midi"": 72.979, ""delta_cents"": 0, ""direction"": ""same"", ""f1_hz"": 553.703, ""f2_hz"": 553.703}"
cents_discrimination/trial_0176::audio::explain,cents_discrimination/trial_0176,cents_discrimination,audio,explain,2,stimuli/cents/trial_0176.wav,"You will hear tone 1, a pause, then tone 2. Is tone 2 higher, lower, or the same as tone 1?
First give your answer. Then explain exactly what you heard that supports it: name the specific notes/chords/beats and their approximate timestamps in seconds.",,same,"Tone 2 is higher than tone 1.

I heard tone 1 as a G♯3, which occurs from 0.00 to 1.50 seconds. Tone 2, which is a G♯4, starts at 1.50 seconds and ends at 2.50 seconds. The G♯4 is higher than the G♯3 on the musical scale.",,,,"{""base_midi"": 56.575, ""delta_cents"": 0, ""direction"": ""same"", ""f1_hz"": 214.662, ""f2_hz"": 214.662}"
chord_quality/augmented_arpeggio_63_5::audio::explain,chord_quality/augmented_arpeggio_63_5,chord_quality,audio,explain,2,stimuli/chords/augmented_arpeggio_63_5.wav,"Listen to this chord. What kind of chord is it?
First give your answer. Then explain exactly what you heard that supports it: name the specific notes/chords/beats and their approximate timestamps in seconds.",,augmented,"The chord is a B major chord. I hear the notes B4, D5, and G5.",,,,"{""inversion"": 0, ""presentation"": ""arpeggio"", ""program"": ""violin"", ""quality"": ""augmented"", ""root"": 63, ""root_name"": ""D#"", ""soundfont"": ""timgm""}"
chord_quality/augmented_block_56_0::audio::explain,chord_quality/augmented_block_56_0,chord_quality,audio,explain,0,stimuli/chords/augmented_block_56_0.wav,"A chord is played. What is its quality (e.g. major, minor, diminished)?
First give your answer. Then explain exactly what you heard that supports it: name the specific notes/chords/beats and their approximate timestamps in seconds.",,augmented,"The quality of the chord is major.

The chord progression starts at 0.25 seconds and ends at 4.25 seconds. The specific notes in this chord are C♯3, E♯3, and G♯3. These notes are played simultaneously, forming a major triad.",,,,"{""inversion"": 0, ""presentation"": ""block"", ""program"": ""synth_lead"", ""quality"": ""augmented"", ""root"": 56, ""root_name"": ""G#"", ""soundfont"": ""fluidr3""}"
chord_quality/diminished_block_57_4::audio::explain,chord_quality/diminished_block_57_4,chord_quality,audio,explain,0,stimuli/chords/diminished_block_57_4.wav,"A chord is played. What is its quality (e.g. major, minor, diminished)?
First give your answer. Then explain exactly what you heard that supports it: name the specific notes/chords/beats and their approximate timestamps in seconds.",,diminished,"The chord quality is major.

The chord is played on a piano and consists of the notes C, E, and G. The C is played at the beginning of the chord, the E is played at approximately 0.12 seconds, and the G is played at approximately 0.24 seconds. The chord is played for a total of approximately 0.32 seconds.",,,,"{""inversion"": 0, ""presentation"": ""block"", ""program"": ""piano"", ""quality"": ""diminished"", ""root"": 57, ""root_name"": ""A"", ""soundfont"": ""fluidr3""}"
chord_quality/dominant7_arpeggio_48_3::audio::explain,chord_quality/dominant7_arpeggio_48_3,chord_quality,audio,explain,2,stimuli/chords/dominant7_arpeggio_48_3.wav,"Listen to this chord. What kind of chord is it?
First give your answer. Then explain exactly what you heard that supports it: name the specific notes/chords/beats and their approximate timestamps in seconds.",,dominant seventh,"The chord is a C major chord.

From 0.00 to 6.79 seconds, the chord progression is C major.",,,,"{""inversion"": 3, ""presentation"": ""arpeggio"", ""program"": ""piano"", ""quality"": ""dominant7"", ""root"": 48, ""root_name"": ""C"", ""soundfont"": ""fluidr3""}"
chord_quality/dominant7_arpeggio_62_0::audio::explain,chord_quality/dominant7_arpeggio_62_0,chord_quality,audio,explain,0,stimuli/chords/dominant7_arpeggio_62_0.wav,"A chord is played. What is its quality (e.g. major, minor, diminished)?
First give your answer. Then explain exactly what you heard that supports it: name the specific notes/chords/beats and their approximate timestamps in seconds.",,dominant seventh,"The quality of the chord is major.

The chord consists of the notes D, F#, and A. The specific timestamps for these notes are as follows:
- D: 0.25 - 0.50
- F#: 0.50 - 0.75
- A: 0.75 - 1.00

These notes are played in a sequence that forms a major chord.",,,,"{""inversion"": 0, ""presentation"": ""arpeggio"", ""program"": ""flute"", ""quality"": ""dominant7"", ""root"": 62, ""root_name"": ""D"", ""soundfont"": ""fluidr3""}"
chord_quality/dominant7_arpeggio_63_2::audio::explain,chord_quality/dominant7_arpeggio_63_2,chord_quality,audio,explain,0,stimuli/chords/dominant7_arpeggio_63_2.wav,"A chord is played. What is its quality (e.g. major, minor, diminished)?
First give your answer. Then explain exactly what you heard that supports it: name the specific notes/chords/beats and their approximate timestamps in seconds.",,dominant seventh,"The chord quality is major.

The chord consists of the notes C♯ (middle C♯), E♯ (F), and G♯ (G♯). These notes are played at the following approximate timestamps:
- C♯: 0.00-0.20 seconds
- E♯: 0.00-0.20 seconds
- G♯: 0.00-0.20 seconds

The presence of the major third (E♯) and the perfect fifth (G♯) above the root (C♯) confirms that the chord is major.",,,,"{""inversion"": 3, ""presentation"": ""arpeggio"", ""program"": ""piano"", ""quality"": ""dominant7"", ""root"": 63, ""root_name"": ""D#"", ""soundfont"": ""fluidr3""}"
chord_quality/major7_block_64_1::audio::explain,chord_quality/major7_block_64_1,chord_quality,audio,explain,2,stimuli/chords/major7_block_64_1.wav,"Listen to this chord. What kind of chord is it?
First give your answer. Then explain exactly what you heard that supports it: name the specific notes/chords/beats and their approximate timestamps in seconds.",,major seventh,"The chord is a major chord. I heard the notes G♯3, B3, and D♯4.",,,,"{""inversion"": 0, ""presentation"": ""block"", ""program"": ""synth_lead"", ""quality"": ""major7"", ""root"": 64, ""root_name"": ""E"", ""soundfont"": ""fluidr3""}"
chord_quality/major_arpeggio_53_0::audio::explain,chord_quality/major_arpeggio_53_0,chord_quality,audio,explain,0,stimuli/chords/major_arpeggio_53_0.wav,"A chord is played. What is its quality (e.g. major, minor, diminished)?
First give your answer. Then explain exactly what you heard that supports it: name the specific notes/chords/beats and their approximate timestamps in seconds.",,major,"The quality of the chord is major.

The chord is played from approximately 0.25 to 5.25 seconds. The specific notes are F3, A3, and C4. The F3 and A3 form a major third interval, and the A3 and C4 form a major third interval as well, confirming the major quality of the chord.",,,,"{""inversion"": 0, ""presentation"": ""arpeggio"", ""program"": ""synth_lead"", ""quality"": ""major"", ""root"": 53, ""root_name"": ""F"", ""soundfont"": ""timgm""}"
chord_quality/major_arpeggio_53_2::audio::explain,chord_quality/major_arpeggio_53_2,chord_quality,audio,explain,1,stimuli/chords/major_arpeggio_53_2.wav,"Identify the type of the chord you hear.
First give your answer. Then explain exactly what you heard that supports it: name the specific notes/chords/beats and their approximate timestamps in seconds.",,major,"The chord is a D minor chord. I heard D3 at 0.00-0.33, F3 at 0.33-0.66, A2 at 0.66-1.00, and D3 at 1.00-1.33.",,,,"{""inversion"": 0, ""presentation"": ""arpeggio"", ""program"": ""violin"", ""quality"": ""major"", ""root"": 53, ""root_name"": ""F"", ""soundfont"": ""timgm""}"
chord_quality/major_arpeggio_60_4::audio::explain,chord_quality/major_arpeggio_60_4,chord_quality,audio,explain,1,stimuli/chords/major_arpeggio_60_4.wav,"Identify the type of the chord you hear.
First give your answer. Then explain exactly what you heard that supports it: name the specific notes/chords/beats and their approximate timestamps in seconds.",,major,"The chord is a C major chord. I heard the notes C, E, and G played together, which are the notes of a C major chord.",,,,"{""inversion"": 2, ""presentation"": ""arpeggio"", ""program"": ""synth_lead"", ""quality"": ""major"", ""root"": 60, ""root_name"": ""C"", ""soundfont"": ""musescore""}"
chord_quality/major_block_64_2::audio::explain,chord_quality/major_block_64_2,chord_quality,audio,explain,2,stimuli/chords/major_block_64_2.wav,"Listen to this chord. What kind of chord is it?
First give your answer. Then explain exactly what you heard that supports it: name the specific notes/chords/beats and their approximate timestamps in seconds.",,major,"The chord is a major chord. I hear a progression starting with a note at 0.00 seconds, followed by a note at 0.16 seconds, and then a note at 0.32 seconds. These notes are part of a major chord.",,,,"{""inversion"": 2, ""presentation"": ""block"", ""program"": ""flute"", ""quality"": ""major"", ""root"": 64, ""root_name"": ""E"", ""soundfont"": ""musescore""}"
chord_quality/minor7_arpeggio_54_2::audio::explain,chord_quality/minor7_arpeggio_54_2,chord_quality,audio,explain,2,stimuli/chords/minor7_arpeggio_54_2.wav,"Listen to this chord. What kind of chord is it?
First give your answer. Then explain exactly what you heard that supports it: name the specific notes/chords/beats and their approximate timestamps in seconds.",,minor seventh,"The chord is a F# major chord.

From 0.24 to 6.24 seconds, the chord is played. The notes are F# (root), A (major third), and C# (major seventh).",,,,"{""inversion"": 0, ""presentation"": ""arpeggio"", ""program"": ""violin"", ""quality"": ""minor7"", ""root"": 54, ""root_name"": ""F#"", ""soundfont"": ""fluidr3""}"
chord_quality/minor7_arpeggio_62_5::audio::explain,chord_quality/minor7_arpeggio_62_5,chord_quality,audio,explain,2,stimuli/chords/minor7_arpeggio_62_5.wav,"Listen to this chord. What kind of chord is it?
First give your answer. Then explain exactly what you heard that supports it: name the specific notes/chords/beats and their approximate timestamps in seconds.",,minor seventh,"The chord is a D minor chord. 

I heard the following notes:
- D (root note) at approximately 0.24 seconds
- F (minor third) at approximately 0.36 seconds
- A (minor sixth) at approximately 0.48 seconds
- C (minor seventh) at approximately 0.60 seconds

These notes together form a D minor chord.",,,,"{""inversion"": 2, ""presentation"": ""arpeggio"", ""program"": ""violin"", ""quality"": ""minor7"", ""root"": 62, ""root_name"": ""D"", ""soundfont"": ""fluidr3""}"
chord_quality/minor7_block_54_5::audio::explain,chord_quality/minor7_block_54_5,chord_quality,audio,explain,1,stimuli/chords/minor7_block_54_5.wav,"Identify the type of the chord you hear.
First give your answer. Then explain exactly what you heard that supports it: name the specific notes/chords/beats and their approximate timestamps in seconds.",,minor seventh,"The chord is a major chord. I heard the notes C♯4, E4, and G♯4. The chord starts at 0.25 seconds and ends at 4.25 seconds.",,,,"{""inversion"": 0, ""presentation"": ""block"", ""program"": ""synth_lead"", ""quality"": ""minor7"", ""root"": 54, ""root_name"": ""F#"", ""soundfont"": ""fluidr3""}"
chord_quality/minor7_block_56_0::audio::explain,chord_quality/minor7_block_56_0,chord_quality,audio,explain,0,stimuli/chords/minor7_block_56_0.wav,"A chord is played. What is its quality (e.g. major, minor, diminished)?
First give your answer. Then explain exactly what you heard that supports it: name the specific notes/chords/beats and their approximate timestamps in seconds.",,minor seventh,"The chord quality is major.

The chord consists of the notes C♯, E, and G♯. The specific timestamps for these notes are as follows:
- C♯: 0.00-0.25
- E: 0.00-0.25
- G♯: 0.25-0.50

These notes are played in a way that creates a major chord, which is characterized by the interval of a perfect fifth between the root and the third, and a major third between the root and the fifth.",,,,"{""inversion"": 0, ""presentation"": ""block"", ""program"": ""piano"", ""quality"": ""minor7"", ""root"": 56, ""root_name"": ""G#"", ""soundfont"": ""timgm""}"
chord_quality/minor7_block_60_4::audio::explain,chord_quality/minor7_block_60_4,chord_quality,audio,explain,1,stimuli/chords/minor7_block_60_4.wav,"Identify the type of the chord you hear.
First give your answer. Then explain exactly what you heard that supports it: name the specific notes/chords/beats and their approximate timestamps in seconds.",,minor seventh,"The chord is a C minor chord. I heard the notes C, E, and G played together, which are the characteristic notes of a C minor chord.",,,,"{""inversion"": 0, ""presentation"": ""block"", ""program"": ""piano"", ""quality"": ""minor7"", ""root"": 60, ""root_name"": ""C"", ""soundfont"": ""fluidr3""}"
chord_quality/minor_arpeggio_55_4::audio::explain,chord_quality/minor_arpeggio_55_4,chord_quality,audio,explain,1,stimuli/chords/minor_arpeggio_55_4.wav,"Identify the type of the chord you hear.
First give your answer. Then explain exactly what you heard that supports it: name the specific notes/chords/beats and their approximate timestamps in seconds.",,minor,"The chord is a G minor chord. I heard the notes G, Bb, and D played together. The G note is played from 0.25 to 0.50 seconds, the Bb note is played from 0.50 to 0.75 seconds, and the D note is played from 0.75 to 1.00 seconds.",,,,"{""inversion"": 0, ""presentation"": ""arpeggio"", ""program"": ""violin"", ""quality"": ""minor"", ""root"": 55, ""root_name"": ""G"", ""soundfont"": ""musescore""}"
chord_quality/minor_block_58_5::audio::explain,chord_quality/minor_block_58_5,chord_quality,audio,explain,2,stimuli/chords/minor_block_58_5.wav,"Listen to this chord. What kind of chord is it?
First give your answer. Then explain exactly what you heard that supports it: name the specific notes/chords/beats and their approximate timestamps in seconds.",,minor,"The chord is a C# major chord.

From 0.00 to 3.53 seconds, the chord is played.",,,,"{""inversion"": 0, ""presentation"": ""block"", ""program"": ""piano"", ""quality"": ""minor"", ""root"": 58, ""root_name"": ""A#"", ""soundfont"": ""fluidr3""}"
chord_quality/sus4_arpeggio_51_5::audio::explain,chord_quality/sus4_arpeggio_51_5,chord_quality,audio,explain,1,stimuli/chords/sus4_arpeggio_51_5.wav,"Identify the type of the chord you hear.
First give your answer. Then explain exactly what you heard that supports it: name the specific notes/chords/beats and their approximate timestamps in seconds.",,suspended fourth (sus4),"The chord is a major triad. I heard the notes A# (A♯), C♯ (C♯), and E (E) played together. The A# is played from 0.25 to 0.50 seconds, the C♯ is played from 0.50 to 0.75 seconds, and the E is played from 0.75 to 1.00 seconds.",,,,"{""inversion"": 1, ""presentation"": ""arpeggio"", ""program"": ""piano"", ""quality"": ""sus4"", ""root"": 51, ""root_name"": ""D#"", ""soundfont"": ""fluidr3""}"
instrument_id/pitch/048_violin_timgm_0::audio::explain,instrument_id/pitch/048_violin_timgm_0,instrument_id,audio,explain,0,stimuli/pitch/048_violin_timgm_0.wav,"What instrument is playing in this clip?
First give your answer. Then explain exactly what you heard that supports it: name the specific notes/chords/beats and their approximate timestamps in seconds.",,violin,"The instrument is a keyboard.

I heard a keyboard playing a note from C3 to C4.",,,,"{""midi"": 48, ""note_name"": ""C3"", ""octave"": 3, ""pitch_class"": ""C"", ""program"": ""violin"", ""soundfont"": ""timgm""}"
instrument_id/pitch/049_piano_timgm_1::audio::explain,instrument_id/pitch/049_piano_timgm_1,instrument_id,audio,explain,2,stimuli/pitch/049_piano_timgm_1.wav,"Identify the instrument that plays the note in this clip.
First give your answer. Then explain exactly what you heard that supports it: name the specific notes/chords/beats and their approximate timestamps in seconds.",,piano,"The instrument is a piano.

The note played is C♯3, which is played from 0.40 to 1.00 seconds.",,,,"{""midi"": 49, ""note_name"": ""C#3"", ""octave"": 3, ""pitch_class"": ""C#"", ""program"": ""piano"", ""soundfont"": ""timgm""}"
instrument_id/pitch/051_piano_fluidr3_1::audio::explain,instrument_id/pitch/051_piano_fluidr3_1,instrument_id,audio,explain,0,stimuli/pitch/051_piano_fluidr3_1.wav,"What instrument is playing in this clip?
First give your answer. Then explain exactly what you heard that supports it: name the specific notes/chords/beats and their approximate timestamps in seconds.",,piano,"The instrument is a piano.

The audio features a piano playing a single note, which is an E4. The note starts at approximately 0.34 seconds and ends at about 1.02 seconds.",,,,"{""midi"": 51, ""note_name"": ""D#3"", ""octave"": 3, ""pitch_class"": ""D#"", ""program"": ""piano"", ""soundfont"": ""fluidr3""}"
instrument_id/pitch/058_piano_timgm_1::audio::explain,instrument_id/pitch/058_piano_timgm_1,instrument_id,audio,explain,2,stimuli/pitch/058_piano_timgm_1.wav,"Identify the instrument that plays the note in this clip.
First give your answer. Then explain exactly what you heard that supports it: name the specific notes/chords/beats and their approximate timestamps in seconds.",,piano,"The instrument is a piano.

The note played is A♯3, which is played from 0.44 to 1.00 seconds.",,,,"{""midi"": 58, ""note_name"": ""A#3"", ""octave"": 3, ""pitch_class"": ""A#"", ""program"": ""piano"", ""soundfont"": ""timgm""}"
instrument_id/pitch/059_synth_lead_timgm_1::audio::explain,instrument_id/pitch/059_synth_lead_timgm_1,instrument_id,audio,explain,0,stimuli/pitch/059_synth_lead_timgm_1.wav,"What instrument is playing in this clip?
First give your answer. Then explain exactly what you heard that supports it: name the specific notes/chords/beats and their approximate timestamps in seconds.",,synth lead,"The instrument is a synthesizer.

I heard a synthesizer playing a chord. The chord is a major chord, specifically a B major chord. The chord is played from 0.36 to 3.64 seconds.",,,,"{""midi"": 59, ""note_name"": ""B3"", ""octave"": 3, ""pitch_class"": ""B"", ""program"": ""synth_lead"", ""soundfont"": ""timgm""}"
instrument_id/pitch/059_violin_timgm_0::audio::explain,instrument_id/pitch/059_violin_timgm_0,instrument_id,audio,explain,2,stimuli/pitch/059_violin_timgm_0.wav,"Identify the instrument that plays the note in this clip.
First give your answer. Then explain exactly what you heard that supports it: name the specific notes/chords/beats and their approximate timestamps in seconds.",,violin,"The instrument is a saxophone.

The saxophone plays a note from 0.40 to 3.40 seconds.",,,,"{""midi"": 59, ""note_name"": ""B3"", ""octave"": 3, ""pitch_class"": ""B"", ""program"": ""violin"", ""soundfont"": ""timgm""}"
instrument_id/pitch/061_synth_lead_fluidr3_0::audio::explain,instrument_id/pitch/061_synth_lead_fluidr3_0,instrument_id,audio,explain,1,stimuli/pitch/061_synth_lead_fluidr3_0.wav,"Listen to this recording. Which instrument do you hear?
First give your answer. Then explain exactly what you heard that supports it: name the specific notes/chords/beats and their approximate timestamps in seconds.",,synth lead,"I hear a synthesizer. The specific notes/chords are C♯4 and D♯4, with the synthesizer playing from 0.08 to 4.56 seconds.",,,,"{""midi"": 61, ""note_name"": ""C#4"", ""octave"": 4, ""pitch_class"": ""C#"", ""program"": ""synth_lead"", ""soundfont"": ""fluidr3""}"
instrument_id/pitch/064_violin_musescore_1::audio::explain,instrument_id/pitch/064_violin_musescore_1,instrument_id,audio,explain,0,stimuli/pitch/064_violin_musescore_1.wav,"What instrument is playing in this clip?
First give your answer. Then explain exactly what you heard that supports it: name the specific notes/chords/beats and their approximate timestamps in seconds.",,violin,"The instrument is a violin. The specific notes/chords played are E4, which occurs from 0.11 to 4.86 seconds.",,,,"{""midi"": 64, ""note_name"": ""E4"", ""octave"": 4, ""pitch_class"": ""E"", ""program"": ""violin"", ""soundfont"": ""musescore""}"
instrument_id/pitch/065_synth_lead_fluidr3_1::audio::explain,instrument_id/pitch/065_synth_lead_fluidr3_1,instrument_id,audio,explain,0,stimuli/pitch/065_synth_lead_fluidr3_1.wav,"What instrument is playing in this clip?
First give your answer. Then explain exactly what you heard that supports it: name the specific notes/chords/beats and their approximate timestamps in seconds.",,synth lead,"The instrument is a synthesizer. 

I heard a high-pitched, sustained sound that is characteristic of a synthesizer. The sound is bright and has a long release, which is typical of a synthesizer's sustain function. The specific notes played are F♯4 and F♯5, which are part of the chord progression. The sound is played from 0.26 to 4.56 seconds.",,,,"{""midi"": 65, ""note_name"": ""F4"", ""octave"": 4, ""pitch_class"": ""F"", ""program"": ""synth_lead"", ""soundfont"": ""fluidr3""}"
instrument_id/pitch/066_piano_musescore_1::audio::explain,instrument_id/pitch/066_piano_musescore_1,instrument_id,audio,explain,1,stimuli/pitch/066_piano_musescore_1.wav,"Listen to this recording. Which instrument do you hear?
First give your answer. Then explain exactly what you heard that supports it: name the specific notes/chords/beats and their approximate timestamps in seconds.",,piano,"piano. The audio features a piano playing a single note, F♯4, from 0.00 to 3.18 seconds.",,,,"{""midi"": 66, ""note_name"": ""F#4"", ""octave"": 4, ""pitch_class"": ""F#"", ""program"": ""piano"", ""soundfont"": ""musescore""}"
instrument_id/pitch/067_piano_musescore_0::audio::explain,instrument_id/pitch/067_piano_musescore_0,instrument_id,audio,explain,0,stimuli/pitch/067_piano_musescore_0.wav,"What instrument is playing in this clip?
First give your answer. Then explain exactly what you heard that supports it: name the specific notes/chords/beats and their approximate timestamps in seconds.",,piano,"The instrument is a piano. The audio features a piano playing a single note, G4, which is played from 0.00 to 3.16 seconds.",,,,"{""midi"": 67, ""note_name"": ""G4"", ""octave"": 4, ""pitch_class"": ""G"", ""program"": ""piano"", ""soundfont"": ""musescore""}"
instrument_id/pitch/069_flute_musescore_1::audio::explain,instrument_id/pitch/069_flute_musescore_1,instrument_id,audio,explain,0,stimuli/pitch/069_flute_musescore_1.wav,"What instrument is playing in this clip?
First give your answer. Then explain exactly what you heard that supports it: name the specific notes/chords/beats and their approximate timestamps in seconds.",,flute,"The instrument is a horn. The specific notes/chords are A4, with the following timestamps: A4 starts at 0.45s and ends at 4.76s.",,,,"{""midi"": 69, ""note_name"": ""A4"", ""octave"": 4, ""pitch_class"": ""A"", ""program"": ""flute"", ""soundfont"": ""musescore""}"
instrument_id/pitch/070_piano_timgm_1::audio::explain,instrument_id/pitch/070_piano_timgm_1,instrument_id,audio,explain,0,stimuli/pitch/070_piano_timgm_1.wav,"What instrument is playing in this clip?
First give your answer. Then explain exactly what you heard that supports it: name the specific notes/chords/beats and their approximate timestamps in seconds.",,piano,"The instrument is a piano. 

The audio features a single note played on a piano, which is a B flat note. The note is played from approximately 0.25 seconds to 1.00 seconds.",,,,"{""midi"": 70, ""note_name"": ""A#4"", ""octave"": 4, ""pitch_class"": ""A#"", ""program"": ""piano"", ""soundfont"": ""timgm""}"
instrument_id/pitch/072_flute_timgm_0::audio::explain,instrument_id/pitch/072_flute_timgm_0,instrument_id,audio,explain,2,stimuli/pitch/072_flute_timgm_0.wav,"Identify the instrument that plays the note in this clip.
First give your answer. Then explain exactly what you heard that supports it: name the specific notes/chords/beats and their approximate timestamps in seconds.",,flute,reed. The audio features a reed instrument playing a note from 0.24 to 4.82 seconds.,,,,"{""midi"": 72, ""note_name"": ""C5"", ""octave"": 5, ""pitch_class"": ""C"", ""program"": ""flute"", ""soundfont"": ""timgm""}"
instrument_id/pitch/074_synth_lead_timgm_1::audio::explain,instrument_id/pitch/074_synth_lead_timgm_1,instrument_id,audio,explain,2,stimuli/pitch/074_synth_lead_timgm_1.wav,"Identify the instrument that plays the note in this clip.
First give your answer. Then explain exactly what you heard that supports it: name the specific notes/chords/beats and their approximate timestamps in seconds.",,synth lead,"The instrument is a synthesizer.

The synthesizer plays a note from 0.00 to 4.64 seconds.",,,,"{""midi"": 74, ""note_name"": ""D5"", ""octave"": 5, ""pitch_class"": ""D"", ""program"": ""synth_lead"", ""soundfont"": ""timgm""}"
instrument_id/pitch/076_violin_timgm_0::audio::explain,instrument_id/pitch/076_violin_timgm_0,instrument_id,audio,explain,2,stimuli/pitch/076_violin_timgm_0.wav,"Identify the instrument that plays the note in this clip.
First give your answer. Then explain exactly what you heard that supports it: name the specific notes/chords/beats and their approximate timestamps in seconds.",,violin,"The instrument is a saxophone.

The saxophone plays a note from 0.40 to 2.40 seconds.",,,,"{""midi"": 76, ""note_name"": ""E5"", ""octave"": 5, ""pitch_class"": ""E"", ""program"": ""violin"", ""soundfont"": ""timgm""}"
instrument_id/pitch/080_synth_lead_musescore_0::audio::explain,instrument_id/pitch/080_synth_lead_musescore_0,instrument_id,audio,explain,0,stimuli/pitch/080_synth_lead_musescore_0.wav,"What instrument is playing in this clip?
First give your answer. Then explain exactly what you heard that supports it: name the specific notes/chords/beats and their approximate timestamps in seconds.",,synth lead,"The instrument is a glockenspiel.

I heard a bright, metallic sound that is characteristic of a glockenspiel. The sound is clear and resonant, with a high pitch. The glockenspiel is played by striking the metal bars with mallets, which creates a bright and clear sound. The sound is sustained for a few seconds, and then fades out.",,,,"{""midi"": 80, ""note_name"": ""G#5"", ""octave"": 5, ""pitch_class"": ""G#"", ""program"": ""synth_lead"", ""soundfont"": ""musescore""}"
instrument_id/pitch/081_piano_timgm_1::audio::explain,instrument_id/pitch/081_piano_timgm_1,instrument_id,audio,explain,0,stimuli/pitch/081_piano_timgm_1.wav,"What instrument is playing in this clip?
First give your answer. Then explain exactly what you heard that supports it: name the specific notes/chords/beats and their approximate timestamps in seconds.",,piano,"The instrument is a piano. The specific notes played are A4, which occurs from 0.41 to 3.41 seconds.",,,,"{""midi"": 81, ""note_name"": ""A5"", ""octave"": 5, ""pitch_class"": ""A"", ""program"": ""piano"", ""soundfont"": ""timgm""}"
instrument_id/pitch/082_violin_timgm_0::audio::explain,instrument_id/pitch/082_violin_timgm_0,instrument_id,audio,explain,1,stimuli/pitch/082_violin_timgm_0.wav,"Listen to this recording. Which instrument do you hear?
First give your answer. Then explain exactly what you heard that supports it: name the specific notes/chords/beats and their approximate timestamps in seconds.",,violin,"I hear a trumpet. The specific notes/chords/beats are: B5 (4.00-4.52), A♯5 (4.52-5.04), and G♯5 (5.04-5.56).",,,,"{""midi"": 82, ""note_name"": ""A#5"", ""octave"": 5, ""pitch_class"": ""A#"", ""program"": ""violin"", ""soundfont"": ""timgm""}"
interval_id/M6_harmonic_71_2::audio::explain,interval_id/M6_harmonic_71_2,interval_id,audio,explain,1,stimuli/intervals/M6_harmonic_71_2.wav,"Listen to the two pitches. Name the interval they form.
First give your answer. Then explain exactly what you heard that supports it: name the specific notes/chords/beats and their approximate timestamps in seconds.",,major sixth,"The interval between the two pitches is a major third.

The first pitch is a B4, which occurs from 0.38 to 1.00 seconds. The second pitch is an E5, which occurs from 1.00 to 3.00 seconds.",,,,"{""interval_short"": ""M6"", ""presentation"": ""harmonic"", ""program"": ""piano"", ""root"": 71, ""root_name"": ""B4"", ""semitones"": 9, ""soundfont"": ""fluidr3""}"
interval_id/P4_harmonic_49_0::audio::explain,interval_id/P4_harmonic_49_0,interval_id,audio,explain,0,stimuli/intervals/P4_harmonic_49_0.wav,"Two notes are played. What is the musical interval between them?
First give your answer. Then explain exactly what you heard that supports it: name the specific notes/chords/beats and their approximate timestamps in seconds.",,perfect fourth,"The musical interval between the two notes is a major third.

The first note is F♯2, which starts at 0.22 seconds and ends at 0.52 seconds. The second note is A♯2, which starts at 0.52 seconds and ends at 0.82 seconds. The interval between F♯2 and A♯2 is a major third.",,,,"{""interval_short"": ""P4"", ""presentation"": ""harmonic"", ""program"": ""flute"", ""root"": 49, ""root_name"": ""C#3"", ""semitones"": 5, ""soundfont"": ""fluidr3""}"
interval_id/P4_melodic_asc_54_1::audio::explain,interval_id/P4_melodic_asc_54_1,interval_id,audio,explain,0,stimuli/intervals/P4_melodic_asc_54_1.wav,"Two notes are played. What is the musical interval between them?
First give your answer. Then explain exactly what you heard that supports it: name the specific notes/chords/beats and their approximate timestamps in seconds.",,perfect fourth,"The musical interval between the two notes is a major third.

The first note is F♯4, which starts at 0.27 seconds and ends at 0.64 seconds. The second note is B4, which starts at 0.64 seconds and ends at 2.81 seconds. The interval between F♯4 and B4 is a major third.",,,,"{""interval_short"": ""P4"", ""presentation"": ""melodic_asc"", ""program"": ""synth_lead"", ""root"": 54, ""root_name"": ""F#3"", ""semitones"": 5, ""soundfont"": ""fluidr3""}"
interval_id/P4_melodic_desc_68_1::audio::explain,interval_id/P4_melodic_desc_68_1,interval_id,audio,explain,1,stimuli/intervals/P4_melodic_desc_68_1.wav,"Listen to the two pitches. Name the interval they form.
First give your answer. Then explain exactly what you heard that supports it: name the specific notes/chords/beats and their approximate timestamps in seconds.",,perfect fourth,"The interval formed by the two pitches is a major third.

The first pitch is C♯4, which occurs from 0.24 to 1.44 seconds. The second pitch is E5, which occurs from 1.44 to 4.24 seconds. The interval between these two pitches is a major third, as the distance between C♯4 and E5 is three half-steps.",,,,"{""interval_short"": ""P4"", ""presentation"": ""melodic_desc"", ""program"": ""violin"", ""root"": 68, ""root_name"": ""G#4"", ""semitones"": 5, ""soundfont"": ""fluidr3""}"
interval_id/P5_melodic_asc_68_3::audio::explain,interval_id/P5_melodic_asc_68_3,interval_id,audio,explain,1,stimuli/intervals/P5_melodic_asc_68_3.wav,"Listen to the two pitches. Name the interval they form.
First give your answer. Then explain exactly what you heard that supports it: name the specific notes/chords/beats and their approximate timestamps in seconds.",,perfect fifth,"The interval formed by the two pitches is a minor third.

The first pitch is a G♯5, which occurs from 0.00 to 1.00 seconds. The second pitch is a B5, which occurs from 1.00 to 2.00 seconds. The interval between G♯5 and B5 is a minor third.",,,,"{""interval_short"": ""P5"", ""presentation"": ""melodic_asc"", ""program"": ""synth_lead"", ""root"": 68, ""root_name"": ""G#4"", ""semitones"": 7, ""soundfont"": ""timgm""}"
interval_id/P8_harmonic_58_2::audio::explain,interval_id/P8_harmonic_58_2,interval_id,audio,explain,0,stimuli/intervals/P8_harmonic_58_2.wav,"Two notes are played. What is the musical interval between them?
First give your answer. Then explain exactly what you heard that supports it: name the specific notes/chords/beats and their approximate timestamps in seconds.",,octave,"The musical interval between the two notes is a perfect fifth.

The first note is a B flat (Bb) and it is played from 0.20 to 0.70 seconds. The second note is an F (F) and it is played from 0.80 to 1.30 seconds. The interval between Bb and F is a perfect fifth.",,,,"{""interval_short"": ""P8"", ""presentation"": ""harmonic"", ""program"": ""piano"", ""root"": 58, ""root_name"": ""A#3"", ""semitones"": 12, ""soundfont"": ""fluidr3""}"
interval_id/P8_melodic_desc_51_0::audio::explain,interval_id/P8_melodic_desc_51_0,interval_id,audio,explain,2,stimuli/intervals/P8_melodic_desc_51_0.wav,"What interval do you hear between the notes in this clip?
First give your answer. Then explain exactly what you heard that supports it: name the specific notes/chords/beats and their approximate timestamps in seconds.",,octave,"The interval between the notes is a major third.

The notes are:
- C♯3 (0.00 - 0.83)
- E♯3 (0.83 - 2.83)

The interval between C♯3 and E♯3 is a major third.",,,,"{""interval_short"": ""P8"", ""presentation"": ""melodic_desc"", ""program"": ""flute"", ""root"": 51, ""root_name"": ""D#3"", ""semitones"": 12, ""soundfont"": ""fluidr3""}"
interval_id/P8_melodic_desc_54_3::audio::explain,interval_id/P8_melodic_desc_54_3,interval_id,audio,explain,0,stimuli/intervals/P8_melodic_desc_54_3.wav,"Two notes are played. What is the musical interval between them?
First give your answer. Then explain exactly what you heard that supports it: name the specific notes/chords/beats and their approximate timestamps in seconds.",,octave,"The musical interval between the two notes is a major third.

The first note is F♯4, which starts at 0.09 seconds and ends at 0.76 seconds. The second note is B4, which starts at 0.81 seconds and ends at 1.48 seconds. The interval between F♯4 and B4 is a major third.",,,,"{""interval_short"": ""P8"", ""presentation"": ""melodic_desc"", ""program"": ""synth_lead"", ""root"": 54, ""root_name"": ""F#3"", ""semitones"": 12, ""soundfont"": ""musescore""}"
interval_id/TT_melodic_desc_57_0::audio::explain,interval_id/TT_melodic_desc_57_0,interval_id,audio,explain,1,stimuli/intervals/TT_melodic_desc_57_0.wav,"Listen to the two pitches. Name the interval they form.
First give your answer. Then explain exactly what you heard that supports it: name the specific notes/chords/beats and their approximate timestamps in seconds.",,tritone,"The interval between the two pitches is a major second.

The first pitch is A♯3, which occurs from 0.00 to 1.50 seconds. The second pitch is B3, which occurs from 1.50 to 3.50 seconds.",,,,"{""interval_short"": ""TT"", ""presentation"": ""melodic_desc"", ""program"": ""piano"", ""root"": 57, ""root_name"": ""A3"", ""semitones"": 6, ""soundfont"": ""timgm""}"
interval_id/m2_melodic_desc_54_0::audio::explain,interval_id/m2_melodic_desc_54_0,interval_id,audio,explain,2,stimuli/intervals/m2_melodic_desc_54_0.wav,"What interval do you hear between the notes in this clip?
First give your answer. Then explain exactly what you heard that supports it: name the specific notes/chords/beats and their approximate timestamps in seconds.",,minor second,"The interval between the notes is a major third.

The first note is G♯3, which starts at 0.00 seconds and ends at 1.25 seconds. The second note is B3, which starts at 1.25 seconds and ends at 4.31 seconds. The interval between G♯3 and B3 is a major third.",,,,"{""interval_short"": ""m2"", ""presentation"": ""melodic_desc"", ""program"": ""piano"", ""root"": 54, ""root_name"": ""F#3"", ""semitones"": 1, ""soundfont"": ""fluidr3""}"
interval_id/m3_melodic_asc_67_0::audio::explain,interval_id/m3_melodic_asc_67_0,interval_id,audio,explain,2,stimuli/intervals/m3_melodic_asc_67_0.wav,"What interval do you hear between the notes in this clip?
First give your answer. Then explain exactly what you heard that supports it: name the specific notes/chords/beats and their approximate timestamps in seconds.",,minor third,"The interval between the notes is a major third.

The notes are G♯4 and B4.

The first note G♯4 starts at 0.41 seconds and ends at 1.76 seconds. The second note B4 starts at 1.76 seconds and ends at 3.01 seconds.",,,,"{""interval_short"": ""m3"", ""presentation"": ""melodic_asc"", ""program"": ""violin"", ""root"": 67, ""root_name"": ""G4"", ""semitones"": 3, ""soundfont"": ""timgm""}"
interval_id/m3_melodic_desc_53_3::audio::explain,interval_id/m3_melodic_desc_53_3,interval_id,audio,explain,2,stimuli/intervals/m3_melodic_desc_53_3.wav,"What interval do you hear between the notes in this clip?
First give your answer. Then explain exactly what you heard that supports it: name the specific notes/chords/beats and their approximate timestamps in seconds.",,minor third,"The interval between the notes is a major third.

The first note is F♯3, which starts at 0.34 seconds and ends at 1.42 seconds. The second note is A♯3, which starts at 1.56 seconds and ends at 4.56 seconds. The interval between F♯3 and A♯3 is a major third.",,,,"{""interval_short"": ""m3"", ""presentation"": ""melodic_desc"", ""program"": ""flute"", ""root"": 53, ""root_name"": ""F3"", ""semitones"": 3, ""soundfont"": ""timgm""}"
interval_id/m6_harmonic_58_0::audio::explain,interval_id/m6_harmonic_58_0,interval_id,audio,explain,0,stimuli/intervals/m6_harmonic_58_0.wav,"Two notes are played. What is the musical interval between them?
First give your answer. Then explain exactly what you heard that supports it: name the specific notes/chords/beats and their approximate timestamps in seconds.",,minor sixth,"The musical interval between the two notes is a perfect fifth.

The first note is a G♯4, which starts at 0.00 seconds and ends at 0.96 seconds. The second note is a D♯5, which starts at 0.96 seconds and ends at 1.92 seconds. The interval between G♯4 and D♯5 is a perfect fifth.",,,,"{""interval_short"": ""m6"", ""presentation"": ""harmonic"", ""program"": ""piano"", ""root"": 58, ""root_name"": ""A#3"", ""semitones"": 8, ""soundfont"": ""musescore""}"
interval_id/m6_harmonic_69_2::audio::explain,interval_id/m6_harmonic_69_2,interval_id,audio,explain,0,stimuli/intervals/m6_harmonic_69_2.wav,"Two notes are played. What is the musical interval between them?
First give your answer. Then explain exactly what you heard that supports it: name the specific notes/chords/beats and their approximate timestamps in seconds.",,minor sixth,"The musical interval between the two notes is a perfect fifth.

The first note is a C4, which is played from 0.00 to 1.50 seconds. The second note is an F4, which is played from 1.50 to 3.00 seconds. The interval between these two notes is a perfect fifth, which is the distance between the C and F notes on a piano keyboard.",,,,"{""interval_short"": ""m6"", ""presentation"": ""harmonic"", ""program"": ""piano"", ""root"": 69, ""root_name"": ""A4"", ""semitones"": 8, ""soundfont"": ""musescore""}"
interval_id/m7_harmonic_57_1::audio::explain,interval_id/m7_harmonic_57_1,interval_id,audio,explain,0,stimuli/intervals/m7_harmonic_57_1.wav,"Two notes are played. What is the musical interval between them?
First give your answer. Then explain exactly what you heard that supports it: name the specific notes/chords/beats and their approximate timestamps in seconds.",,minor seventh,"The musical interval between the two notes is a major third.

The first note is G4, which starts at 0.36 seconds and ends at 0.62 seconds. The second note is B4, which starts at 0.62 seconds and ends at 1.00 seconds. The interval between G4 and B4 is a major third.",,,,"{""interval_short"": ""m7"", ""presentation"": ""harmonic"", ""program"": ""synth_lead"", ""root"": 57, ""root_name"": ""A3"", ""semitones"": 10, ""soundfont"": ""musescore""}"
interval_id/m7_melodic_asc_58_0::audio::explain,interval_id/m7_melodic_asc_58_0,interval_id,audio,explain,0,stimuli/intervals/m7_melodic_asc_58_0.wav,"Two notes are played. What is the musical interval between them?
First give your answer. Then explain exactly what you heard that supports it: name the specific notes/chords/beats and their approximate timestamps in seconds.",,minor seventh,"The musical interval between the two notes is a major third.

The first note is A♯4, which starts at 0.42 seconds and ends at 0.92 seconds. The second note is C♯5, which starts at 1.00 seconds and ends at 3.91 seconds. The interval between A♯4 and C♯5 is a major third.",,,,"{""interval_short"": ""m7"", ""presentation"": ""melodic_asc"", ""program"": ""flute"", ""root"": 58, ""root_name"": ""A#3"", ""semitones"": 10, ""soundfont"": ""fluidr3""}"
interval_id/m7_melodic_desc_51_3::audio::explain,interval_id/m7_melodic_desc_51_3,interval_id,audio,explain,1,stimuli/intervals/m7_melodic_desc_51_3.wav,"Listen to the two pitches. Name the interval they form.
First give your answer. Then explain exactly what you heard that supports it: name the specific notes/chords/beats and their approximate timestamps in seconds.",,minor seventh,"The interval is a major second.

The first pitch is C♯3, which occurs from 0.00 to 1.50 seconds. The second pitch is D♯3, which occurs from 1.50 to 4.31 seconds. The interval between these two pitches is a major second.",,,,"{""interval_short"": ""m7"", ""presentation"": ""melodic_desc"", ""program"": ""piano"", ""root"": 51, ""root_name"": ""D#3"", ""semitones"": 10, ""soundfont"": ""fluidr3""}"
interval_id/m7_melodic_desc_64_1::audio::explain,interval_id/m7_melodic_desc_64_1,interval_id,audio,explain,2,stimuli/intervals/m7_melodic_desc_64_1.wav,"What interval do you hear between the notes in this clip?
First give your answer. Then explain exactly what you heard that supports it: name the specific notes/chords/beats and their approximate timestamps in seconds.",,minor seventh,"The interval between the notes in this clip is a major third.

The notes are D♯4 and G♯4. D♯4 starts at 0.35s and ends at 1.40s. G♯4 starts at 1.40s and ends at 2.45s.",,,,"{""interval_short"": ""m7"", ""presentation"": ""melodic_desc"", ""program"": ""violin"", ""root"": 64, ""root_name"": ""E4"", ""semitones"": 10, ""soundfont"": ""musescore""}"
interval_id/m7_melodic_desc_71_0::audio::explain,interval_id/m7_melodic_desc_71_0,interval_id,audio,explain,1,stimuli/intervals/m7_melodic_desc_71_0.wav,"Listen to the two pitches. Name the interval they form.
First give your answer. Then explain exactly what you heard that supports it: name the specific notes/chords/beats and their approximate timestamps in seconds.",,minor seventh,"The interval formed by the two pitches is a major third.

The first pitch is A♯4, which occurs from 0.20 to 1.36 seconds. The second pitch is B4, which occurs from 1.40 to 4.11 seconds. The interval between these two pitches is a major third, as the distance between A♯ and B on the piano keyboard is three whole steps.",,,,"{""interval_short"": ""m7"", ""presentation"": ""melodic_desc"", ""program"": ""violin"", ""root"": 71, ""root_name"": ""B4"", ""semitones"": 10, ""soundfont"": ""musescore""}"
key_id/A_major_progression_1::audio::explain,key_id/A_major_progression_1,key_id,audio,explain,0,stimuli/key/A_major_progression_1.wav,"What key is this music in?
First give your answer. Then explain exactly what you heard that supports it: name the specific notes/chords/beats and their approximate timestamps in seconds.",,A major,"The music is in the key of A major.

The specific notes/chords and their approximate timestamps are:
- A major chord at 0:00 to 0:02
- D major chord at 0:02 to 0:04
- E major chord at 0:04 to 0:06
- A major chord at 0:06 to 0:08
- D major chord at 0:08 to 0:10
- E major chord at 0:10 to 0:12
- A major chord at 0:12 to 0:14",,,,"{""form"": ""progression"", ""mode"": ""major"", ""program"": ""piano"", ""soundfont"": ""musescore"", ""tonic_pc"": 9}"
key_id/As_major_progression_0::audio::explain,key_id/As_major_progression_0,key_id,audio,explain,2,stimuli/key/As_major_progression_0.wav,"Name the key of the passage you just heard.
First give your answer. Then explain exactly what you heard that supports it: name the specific notes/chords/beats and their approximate timestamps in seconds.",,A# major,"The key is F major. The F major chord is played from 0.00 to 2.00 seconds, and the F major chord is played again from 2.08 to 4.08 seconds.",,,,"{""form"": ""progression"", ""mode"": ""major"", ""program"": ""piano"", ""soundfont"": ""musescore"", ""tonic_pc"": 10}"
key_id/As_minor_progression_0::audio::explain,key_id/As_minor_progression_0,key_id,audio,explain,1,stimuli/key/As_minor_progression_0.wav,"Listen to this clip and identify its musical key (e.g. D major, F# minor).
First give your answer. Then explain exactly what you heard that supports it: name the specific notes/chords/beats and their approximate timestamps in seconds.",,A# minor,"The musical key is Bb minor.

The music begins with a descending chord progression starting from a high Bb major chord (Bb major) at around 0.24 seconds. This is followed by a series of chords that include a D# major chord (D# major) at approximately 0.48 seconds, an F# major chord (F# major) at around 0.72 seconds, and a G# major chord (G# major) at approximately 0.96 seconds. These chords are played in a descending pattern, creating a minor tonality. The music continues with a series of chords that include a C# major chord (C# major) at around 1.20 seconds, an E major chord (E major) at approximately 1.44 seconds, and a G# major chord (G# major) at around 1.68 seconds. The music then returns to the initial Bb major chord at around 1.92 seconds, followed by a series of chords that include a D# major chord (D# major) at approximately 2.16 seconds, an F# major chord (F# major) at around 2.40 seconds, and a G# major chord (G# major) at around 2.64 seconds. The music continues with a series of chords that include a C# major chord (C# major) at around 2.88 seconds, an E major chord (E major) at approximately 3.12 seconds, and a G# major chord (G# major) at around 3.36 seconds. The music then returns to the initial Bb major chord at around 3.60 seconds, followed by a series of chords that include a D# major chord (D# major) at approximately 3.84 seconds, an F# major chord (F# major) at around 4.08 seconds, and a G# major chord (G# major) at around 4.32 seconds. The music continues with a series of chords that include a C# major chord (C# major) at around 4.56 seconds, an E major chord (E major) at approximately 4.80 seconds, and a G# major chord (G# major) at around 5.04 seconds. The music then returns to the initial Bb major chord at around 5.28 seconds, followed by a series of chords that include a D# major chord (D# major) at approximately 5.52 seconds, an F# major chord (F# major) at around 5.76 seconds, and a G# major chord (G# major) at around 6.00 seconds. The music continues with a series of chords that include a C# major chord (C# major) at around 6.24 seconds, an E major chord (E major) at approximately 6.48 seconds, and a G# major chord (G# major) at around 6.72 seconds. The music then returns to the initial Bb major chord at around 6.96 seconds, followed by a series of chords that include a D# major chord (D# major) at approximately 7.20 seconds, an F# major chord (F# major) at around 7.44 seconds, and a G# major chord (G# major) at around 7.68 seconds. The music continues with a series of chords that include a C# major chord (C# major) at around 7.92 seconds, an E major chord (E major) at approximately 8.16 seconds, and a G# major chord (G# major) at around 8.40 seconds. The music then returns to the initial Bb major chord at around 8.64 seconds, followed by a series of chords that include a D# major chord (D# major) at approximately 8.88 seconds, an F# major chord (F# major) at around 9.12 seconds, and a G# major chord (G# major) at around 9.36 seconds. The music continues with a series of chords that include a C# major chord (C# major) at around 9.60 seconds, an E major chord (E major) at approximately 9.84 seconds, and a G# major chord (G# major) at around 10.08 seconds. The music then returns to the initial Bb major chord at around 10.32 seconds, followed by a series of chords that include a D# major chord (D# major) at approximately 10.56 seconds, an F# major chord (F# major) at around 10.80 seconds, and a G# major chord (",,,,"{""form"": ""progression"", ""mode"": ""minor"", ""program"": ""violin"", ""soundfont"": ""musescore"", ""tonic_pc"": 10}"
key_id/C_major_progression_1::audio::explain,key_id/C_major_progression_1,key_id,audio,explain,0,stimuli/key/C_major_progression_1.wav,"What key is this music in?
First give your answer. Then explain exactly what you heard that supports it: name the specific notes/chords/beats and their approximate timestamps in seconds.",,C major,"The music is in the key of C major.

The specific notes/chords and their approximate timestamps are as follows:
- C major chord at 0:00 to 0:02
- G major chord at 0:02 to 0:04
- F major chord at 0:04 to 0:06
- C major chord at 0:06 to 0:08
- G major chord at 0:08 to 0:10
- F major chord at 0:10 to 0:12
- C major chord at 0:12 to 0:14
- G major chord at 0:14 to 0:16
- F major chord at 0:16 to 0:18
- C major chord at 0:18 to 0:20
- G major chord at 0:20 to 0:22
- F major chord at 0:22 to 0:24
- C major chord at 0:24 to 0:26
- G major chord at 0:26 to 0:28
- F major chord at 0:28 to 0:30
- C major chord at 0:30 to 0:32
- G major chord at 0:32 to 0:34
- F major chord at 0:34 to 0:36
- C major chord at 0:36 to 0:38
- G major chord at 0:38 to 0:40
- F major chord at 0:40 to 0:42
- C major chord at 0:42 to 0:44
- G major chord at 0:44 to 0:46
- F major chord at 0:46 to 0:48
- C major chord at 0:48 to 0:50
- G major chord at 0:50 to 0:52
- F major chord at 0:52 to 0:54
- C major chord at 0:54 to 0:56
- G major chord at 0:56 to 0:58
- F major chord at 0:58 to 1:00
- C major chord at 1:00 to 1:02",,,,"{""form"": ""progression"", ""mode"": ""major"", ""program"": ""piano"", ""soundfont"": ""musescore"", ""tonic_pc"": 0}"
key_id/Cs_major_progression_0::audio::explain,key_id/Cs_major_progression_0,key_id,audio,explain,2,stimuli/key/Cs_major_progression_0.wav,"Name the key of the passage you just heard.
First give your answer. Then explain exactly what you heard that supports it: name the specific notes/chords/beats and their approximate timestamps in seconds.",,C# major,"The key of the passage is F minor. The music features a progression of chords that are characteristic of F minor, including F minor, A# major, and C# major. The chord progression starts at 0.14 seconds and ends at 8.98 seconds.",,,,"{""form"": ""progression"", ""mode"": ""major"", ""program"": ""violin"", ""soundfont"": ""timgm"", ""tonic_pc"": 1}"
key_id/Cs_minor_progression_0::audio::explain,key_id/Cs_minor_progression_0,key_id,audio,explain,2,stimuli/key/Cs_minor_progression_0.wav,"Name the key of the passage you just heard.
First give your answer. Then explain exactly what you heard that supports it: name the specific notes/chords/beats and their approximate timestamps in seconds.",,C# minor,"The key of the passage is C# minor. The music features a flute playing a melody in C# minor, with the notes C#4, E4, and G#4. The flute plays a C#4 at the beginning, followed by an E4, and then a G#4. The rhythm is in 4/4 time, with a tempo of approximately 176.47 bpm.",,,,"{""form"": ""progression"", ""mode"": ""minor"", ""program"": ""flute"", ""soundfont"": ""timgm"", ""tonic_pc"": 1}"
key_id/Cs_minor_scale_1::audio::explain,key_id/Cs_minor_scale_1,key_id,audio,explain,2,stimuli/key/Cs_minor_scale_1.wav,"Name the key of the passage you just heard.
First give your answer. Then explain exactly what you heard that supports it: name the specific notes/chords/beats and their approximate timestamps in seconds.",,C# minor,"The key of the passage is C# minor.

The melody begins with a C# major chord at the start (0:00-0:02), followed by an E major chord (0:02-0:04), then an F# major chord (0:04-0:06), and finally a G major chord (0:06-0:08). These chords are played in a sequence that suggests a progression within the key of C# minor.",,,,"{""form"": ""scale"", ""mode"": ""minor"", ""program"": ""flute"", ""soundfont"": ""musescore"", ""tonic_pc"": 1}"
key_id/D_major_scale_0::audio::explain,key_id/D_major_scale_0,key_id,audio,explain,1,stimuli/key/D_major_scale_0.wav,"Listen to this clip and identify its musical key (e.g. D major, F# minor).
First give your answer. Then explain exactly what you heard that supports it: name the specific notes/chords/beats and their approximate timestamps in seconds.",,D major,"The musical key is D major.

The melody begins with a D major chord at the start of the clip, which is played on the flute. The notes of the D major chord are D, F#, and A. The D major chord is played from 0.20 to 0.36 seconds. The melody then transitions to a G major chord, which is played from 0.36 to 0.52 seconds. The notes of the G major chord are G, B, and D. The melody then transitions to an A major chord, which is played from 0.52 to 0.68 seconds. The notes of the A major chord are A, C#, and E. The melody then transitions to a D major chord again, which is played from 0.68 to 0.84 seconds. The notes of the D major chord are D, F#, and A. The melody then transitions to a G major chord again, which is played from 0.84 to 1.00 seconds. The notes of the G major chord are G, B, and D. The melody then transitions to an A major chord again, which is played from 1.00 to 1.16 seconds. The notes of the A major chord are A, C#, and E. The melody then transitions to a D major chord again, which is played from 1.16 to 1.32 seconds. The notes of the D major chord are D, F#, and A. The melody then transitions to a G major chord again, which is played from 1.32 to 1.48 seconds. The notes of the G major chord are G, B, and D. The melody then transitions to an A major chord again, which is played from 1.48 to 1.64 seconds. The notes of the A major chord are A, C#, and E. The melody then transitions to a D major chord again, which is played from 1.64 to 1.80 seconds. The notes of the D major chord are D, F#, and A. The melody then transitions to a G major chord again, which is played from 1.80 to 1.96 seconds. The notes of the G major chord are G, B, and D. The melody then transitions to an A major chord again, which is played from 1.96 to 2.12 seconds. The notes of the A major chord are A, C#, and E. The melody then transitions to a D major chord again, which is played from 2.12 to 2.28 seconds. The notes of the D major chord are D, F#, and A. The melody then transitions to a G major chord again, which is played from 2.28 to 2.44 seconds. The notes of the G major chord are G, B, and D. The melody then transitions to an A major chord again, which is played from 2.44 to 2.60 seconds. The notes of the A major chord are A, C#, and E. The melody then transitions to a D major chord again, which is played from 2.60 to 2.76 seconds. The notes of the D major chord are D, F#, and A. The melody then transitions to a G major chord again, which is played from 2.76 to 2.92 seconds. The notes of the G major chord are G, B, and D. The melody then transitions to an A major chord again, which is played from 2.92 to 3.08 seconds. The notes of the A major chord are A, C#, and E. The melody then transitions to a D major chord again, which is played from 3.08 to 3.24 seconds. The notes of the D major chord are D, F#, and A. The melody then transitions to a G major chord again, which is played from 3.24 to 3.40 seconds. The notes of the G major chord are G, B, and D. The melody then transitions to an A major chord again, which is played from 3.40 to 3.56 seconds. The notes of the A major chord are A, C#, and E. The melody then transitions to a D major chord again, which is played from 3.56 to 3.72 seconds. The notes of the D major chord are D, F#, and A. The melody then transitions to a G major chord again, which is played from 3.72 to 3.88 seconds. The notes of the G major chord are G, B, and D. The melody then transitions to an A major chord again, which is played from ",,,,"{""form"": ""scale"", ""mode"": ""major"", ""program"": ""flute"", ""soundfont"": ""timgm"", ""tonic_pc"": 2}"
key_id/D_minor_progression_0::audio::explain,key_id/D_minor_progression_0,key_id,audio,explain,1,stimuli/key/D_minor_progression_0.wav,"Listen to this clip and identify its musical key (e.g. D major, F# minor).
First give your answer. Then explain exactly what you heard that supports it: name the specific notes/chords/beats and their approximate timestamps in seconds.",,D minor,"The musical key is A minor.

The melody begins with a descending pattern of notes starting from A4, moving down to G3, F3, and E3. This sequence repeats, creating a minor tonality. The chords primarily consist of A minor, G major, and F major, which are characteristic of the A minor key. The rhythm is steady, with a consistent beat throughout the clip.",,,,"{""form"": ""progression"", ""mode"": ""minor"", ""program"": ""synth_lead"", ""soundfont"": ""timgm"", ""tonic_pc"": 2}"
key_id/D_minor_scale_0::audio::explain,key_id/D_minor_scale_0,key_id,audio,explain,1,stimuli/key/D_minor_scale_0.wav,"Listen to this clip and identify its musical key (e.g. D major, F# minor).
First give your answer. Then explain exactly what you heard that supports it: name the specific notes/chords/beats and their approximate timestamps in seconds.",,D minor,"The musical key is D minor.

The melody begins with a D major chord at the start of the clip, which transitions into a D minor chord. The melody then alternates between D major and D minor chords, with the D minor chord being the dominant one. The melody is played on a flute, and the notes are D, E, F, G, A, B, C, D, E, F, G, A, B, C, D, E, F, G, A, B, C, D, E, F, G, A, B, C, D, E, F, G, A, B, C, D, E, F, G, A, B, C, D, E, F, G, A, B, C, D, E, F, G, A, B, C, D, E, F, G, A, B, C, D, E, F, G, A, B, C, D, E, F, G, A, B, C, D, E, F, G, A, B, C, D, E, F, G, A, B, C, D, E, F, G, A, B, C, D, E, F, G, A, B, C, D, E, F, G, A, B, C, D, E, F, G, A, B, C, D, E, F, G, A, B, C, D, E, F, G, A, B, C, D, E, F, G, A, B, C, D, E, F, G, A, B, C, D, E, F, G, A, B, C, D, E, F, G, A, B, C, D, E, F, G, A, B, C, D, E, F, G, A, B, C, D, E, F, G, A, B, C, D, E, F, G, A, B, C, D, E, F, G, A, B, C, D, E, F, G, A, B, C, D, E, F, G, A, B, C, D, E, F, G, A, B, C, D, E, F, G, A, B, C, D, E, F, G, A, B, C, D, E, F, G, A, B, C, D, E, F, G, A, B, C, D, E, F, G, A, B, C, D, E, F, G, A, B, C, D, E, F, G, A, B, C, D, E, F, G, A, B, C, D, E, F, G, A, B, C, D, E, F, G, A, B, C, D, E, F, G, A, B, C, D, E, F, G, A, B, C, D, E, F, G, A, B, C, D, E, F, G, A, B, C, D, E, F, G, A, B, C, D, E, F, G, A, B, C, D, E, F, G, A, B, C, D, E, F, G, A, B, C, D, E, F, G, A, B, C, D, E, F, G, A, B, C, D, E, F, G, A, B, C, D, E, F, G, A, B, C, D, E, F, G, A, B, C, D, E, F, G, A, B, C, D, E, F, G, A, B, C, D, E, F, G, A, B, C, D, E, F, G, A, B, C, D, E, F, G, A, B, C, D, E, F, G, A, B, C, D, E, F, G, A, B, C, D, E, F, G, A, B, C, D, E, F, G, A, B, C, D, E, F, G, A, B, C, D, E, F, G, A, B, C, D, E, F, G, A, B, C, D, E, F, G, A, B, C, D, E, F, G, A, B, C, D, E, F, G",,,,"{""form"": ""scale"", ""mode"": ""minor"", ""program"": ""flute"", ""soundfont"": ""timgm"", ""tonic_pc"": 2}"
key_id/Ds_minor_progression_0::audio::explain,key_id/Ds_minor_progression_0,key_id,audio,explain,1,stimuli/key/Ds_minor_progression_0.wav,"Listen to this clip and identify its musical key (e.g. D major, F# minor).
First give your answer. Then explain exactly what you heard that supports it: name the specific notes/chords/beats and their approximate timestamps in seconds.",,D# minor,"The musical key is D# minor.

The audio features a melody that starts at 0.00 seconds and ends at 8.13 seconds. The melody is played on a keyboard instrument, likely a piano or organ, and it consists of the following notes: D# major, A# major, and G# major. The melody is played in a 4/4 time signature with a tempo of 120.0 bpm. The melody is played in a descending pattern, starting with a D# major chord, followed by an A# major chord, and then a G# major chord. The melody is played in a descending pattern, starting with a D# major chord, followed by an A# major chord, and then a G# major chord. The melody is played in a descending pattern, starting with a D# major chord, followed by an A# major chord, and then a G# major chord. The melody is played in a descending pattern, starting with a D# major chord, followed by an A# major chord, and then a G# major chord. The melody is played in a descending pattern, starting with a D# major chord, followed by an A# major chord, and then a G# major chord. The melody is played in a descending pattern, starting with a D# major chord, followed by an A# major chord, and then a G# major chord. The melody is played in a descending pattern, starting with a D# major chord, followed by an A# major chord, and then a G# major chord. The melody is played in a descending pattern, starting with a D# major chord, followed by an A# major chord, and then a G# major chord. The melody is played in a descending pattern, starting with a D# major chord, followed by an A# major chord, and then a G# major chord. The melody is played in a descending pattern, starting with a D# major chord, followed by an A# major chord, and then a G# major chord. The melody is played in a descending pattern, starting with a D# major chord, followed by an A# major chord, and then a G# major chord. The melody is played in a descending pattern, starting with a D# major chord, followed by an A# major chord, and then a G# major chord. The melody is played in a descending pattern, starting with a D# major chord, followed by an A# major chord, and then a G# major chord. The melody is played in a descending pattern, starting with a D# major chord, followed by an A# major chord, and then a G# major chord. The melody is played in a descending pattern, starting with a D# major chord, followed by an A# major chord, and then a G# major chord. The melody is played in a descending pattern, starting with a D# major chord, followed by an A# major chord, and then a G# major chord. The melody is played in a descending pattern, starting with a D# major chord, followed by an A# major chord, and then a G# major chord. The melody is played in a descending pattern, starting with a D# major chord, followed by an A# major chord, and then a G# major chord. The melody is played in a descending pattern, starting with a D# major chord, followed by an A# major chord, and then a G# major chord. The melody is played in a descending pattern, starting with a D# major chord, followed by an A# major chord, and then a G# major chord. The melody is played in a descending pattern, starting with a D# major chord, followed by an A# major chord, and then a G# major chord. The melody is played in a descending pattern, starting with a D# major chord, followed by an A# major chord, and then a G# major chord. The melody is played in a descending pattern, starting with a D# major chord, followed by an A# major chord, and then a G# major chord. The melody is played in a descending pattern, starting with a D# major chord, followed by an A# major chord, and then a G# major chord. The melody is played in a descending pattern, starting with a D# major chord, followed by an A# major chord, and then a G# major chord. The melody is played in a descending pattern, starting with a D# major chord, followed by an A# major chord, and then a G# major chord. The melody is played in a descending pattern, starting with a D# major chord, followed by an A# major chord, and then a G# major chord. The melody is played in a descending pattern, starting with a D# major chord, followed by an A# major chord, and then a G# major chord. The melody is played in a descending pattern",,,,"{""form"": ""progression"", ""mode"": ""minor"", ""program"": ""violin"", ""soundfont"": ""timgm"", ""tonic_pc"": 3}"
key_id/E_major_progression_0::audio::explain,key_id/E_major_progression_0,key_id,audio,explain,0,stimuli/key/E_major_progression_0.wav,"What key is this music in?
First give your answer. Then explain exactly what you heard that supports it: name the specific notes/chords/beats and their approximate timestamps in seconds.",,E major,"The music is in the key of E major.

The specific notes/chords/beats that support this are:
- From 0.24 to 0.44 seconds, the music features a C# major chord.
- From 0.52 to 0.68 seconds, the music features a D major chord.
- From 0.76 to 0.92 seconds, the music features an E major chord.
- From 0.98 to 1.14 seconds, the music features a G major chord.
- From 1.22 to 1.38 seconds, the music features a C# major chord.
- From 1.46 to 1.62 seconds, the music features a D major chord.
- From 1.70 to 1.86 seconds, the music features an E major chord.
- From 1.94 to 2.10 seconds, the music features a G major chord.
- From 2.18 to 2.34 seconds, the music features a C# major chord.
- From 2.42 to 2.58 seconds, the music features a D major chord.
- From 2.66 to 2.82 seconds, the music features an E major chord.
- From 2.90 to 3.06 seconds, the music features a G major chord.
- From 3.14 to 3.30 seconds, the music features a C# major chord.
- From 3.38 to 3.54 seconds, the music features a D major chord.
- From 3.62 to 3.78 seconds, the music features an E major chord.
- From 3.86 to 4.02 seconds, the music features a G major chord.
- From 4.10 to 4.26 seconds, the music features a C# major chord.
- From 4.34 to 4.50 seconds, the music features a D major chord.
- From 4.58 to 4.74 seconds, the music features an E major chord.
- From 4.82 to 4.98 seconds, the music features a G major chord.
- From 5.06 to 5.22 seconds, the music features a C# major chord.
- From 5.30 to 5.46 seconds, the music features a D major chord.
- From 5.54 to 5.70 seconds, the music features an E major chord.
- From 5.78 to 5.94 seconds, the music features a G major chord.
- From 6.02 to 6.18 seconds, the music features a C# major chord.
- From 6.26 to 6.42 seconds, the music features a D major chord.
- From 6.50 to 6.66 seconds, the music features an E major chord.
- From 6.74 to 6.90 seconds, the music features a G major chord.
- From 6.98 to 7.14 seconds, the music features a C# major chord.
- From 7.22 to 7.38 seconds, the music features a D major chord.
- From 7.46 to 7.62 seconds, the music features an E major chord.
- From 7.70 to 7.86 seconds, the music features a G major chord.
- From 7.94 to 8.10 seconds, the music features a C# major chord.
- From 8.18 to 8.34 seconds, the music features a D major chord.
- From 8.42 to 8.58 seconds, the music features an E major chord.
- From 8.66 to 8.82 seconds, the music features a G major chord.
- From 8.90 to 9.06 seconds, the music features a C# major chord.
- From 9.14 to 9.30 seconds, the music features a D major chord.
- From 9.38 to 9.54 seconds, the music features an E major chord.
- From 9.62 to 9.78 seconds, the music features a G major chord.
- From 9.86 to 10.02 seconds, the music features a C# major chord.
- From 10.10 to 10.26 seconds, the music features a D major chord.
- From 10.34 to 10.50 seconds, the music features an E",,,,"{""form"": ""progression"", ""mode"": ""major"", ""program"": ""violin"", ""soundfont"": ""musescore"", ""tonic_pc"": 4}"
key_id/E_minor_progression_0::audio::explain,key_id/E_minor_progression_0,key_id,audio,explain,2,stimuli/key/E_minor_progression_0.wav,"Name the key of the passage you just heard.
First give your answer. Then explain exactly what you heard that supports it: name the specific notes/chords/beats and their approximate timestamps in seconds.",,E minor,"The key of the passage is E minor.

The music begins with a chord progression that starts at 0.00 seconds and ends at 8.88 seconds. The first chord is E minor, which is played from 0.00 to 0.88 seconds. This is followed by a progression to A major, which is played from 0.88 to 2.08 seconds. Then, the music transitions to B major, which is played from 2.08 to 3.28 seconds. After that, the music returns to E minor, which is played from 3.28 to 4.48 seconds. Finally, the music transitions to G major, which is played from 4.48 to 8.88 seconds.",,,,"{""form"": ""progression"", ""mode"": ""minor"", ""program"": ""piano"", ""soundfont"": ""timgm"", ""tonic_pc"": 4}"
key_id/F_major_progression_0::audio::explain,key_id/F_major_progression_0,key_id,audio,explain,0,stimuli/key/F_major_progression_0.wav,"What key is this music in?
First give your answer. Then explain exactly what you heard that supports it: name the specific notes/chords/beats and their approximate timestamps in seconds.",,F major,"The music is in the key of C major.

The melody features a repetitive pattern of notes that are characteristic of the C major scale. The first note is C4, which is played at the beginning of the audio. The second note is E4, which is played at approximately 0.3 seconds into the audio. The third note is G4, which is played at approximately 0.7 seconds into the audio. The fourth note is C5, which is played at approximately 1.1 seconds into the audio. The fifth note is E5, which is played at approximately 1.5 seconds into the audio. The sixth note is G5, which is played at approximately 1.9 seconds into the audio. The seventh note is C6, which is played at approximately 2.3 seconds into the audio. The eighth note is E6, which is played at approximately 2.7 seconds into the audio. The ninth note is G6, which is played at approximately 3.1 seconds into the audio. The tenth note is C7, which is played at approximately 3.5 seconds into the audio. The eleventh note is E7, which is played at approximately 3.9 seconds into the audio. The twelfth note is G7, which is played at approximately 4.3 seconds into the audio. The thirteenth note is C8, which is played at approximately 4.7 seconds into the audio. The fourteenth note is E8, which is played at approximately 5.1 seconds into the audio. The fifteenth note is G8, which is played at approximately 5.5 seconds into the audio. The sixteenth note is C9, which is played at approximately 5.9 seconds into the audio. The seventeenth note is E9, which is played at approximately 6.3 seconds into the audio. The eighteenth note is G9, which is played at approximately 6.7 seconds into the audio. The nineteenth note is C10, which is played at approximately 7.1 seconds into the audio. The twentieth note is E10, which is played at approximately 7.5 seconds into the audio. The twenty-first note is G10, which is played at approximately 7.9 seconds into the audio. The twenty-second note is C11, which is played at approximately 8.3 seconds into the audio. The twenty-third note is E11, which is played at approximately 8.7 seconds into the audio. The twenty-fourth note is G11, which is played at approximately 9.1 seconds into the audio. The twenty-fifth note is C12, which is played at approximately 9.5 seconds into the audio. The twenty-sixth note is E12, which is played at approximately 9.9 seconds into the audio. The twenty-seventh note is G12, which is played at approximately 10.3 seconds into the audio. The twenty-eighth note is C13, which is played at approximately 10.7 seconds into the audio. The twenty-ninth note is E13, which is played at approximately 11.1 seconds into the audio. The thirtieth note is G13, which is played at approximately 11.5 seconds into the audio. The thirty-first note is C14, which is played at approximately 11.9 seconds into the audio. The thirty-second note is E14, which is played at approximately 12.3 seconds into the audio. The thirty-third note is G14, which is played at approximately 12.7 seconds into the audio. The thirty-fourth note is C15, which is played at approximately 13.1 seconds into the audio. The thirty-fifth note is E15, which is played at approximately 13.5 seconds into the audio. The thirty-sixth note is G15, which is played at approximately 13.9 seconds into the audio. The thirty-seventh note is C16, which is played at approximately 14.3 seconds into the audio. The thirty-eighth note is E16, which is played at approximately 14.7 seconds into the audio. The thirty-ninth note is G16, which is played at approximately 15.1 seconds into the audio. The fortieth note is C17, which is played at approximately 15.5 seconds into the audio. The forty-first note is E17, which is played at approximately 15.9 seconds into the audio. The forty-second note is G17, which is played at approximately 16.3 seconds into the audio. The forty-third note is C18, which is played at approximately 16.7 seconds into the audio. The forty-fourth note is E18",,,,"{""form"": ""progression"", ""mode"": ""major"", ""program"": ""synth_lead"", ""soundfont"": ""fluidr3"", ""tonic_pc"": 5}"
key_id/F_minor_progression_0::audio::explain,key_id/F_minor_progression_0,key_id,audio,explain,0,stimuli/key/F_minor_progression_0.wav,"What key is this music in?
First give your answer. Then explain exactly what you heard that supports it: name the specific notes/chords/beats and their approximate timestamps in seconds.",,F minor,"The music is in the key of F minor.

The music begins with a chord progression that starts at 0.24 seconds and ends at 1.56 seconds. The chord is a C# major chord, which is a common chord in F minor music. The music then transitions to a chord progression that starts at 1.56 seconds and ends at 3.00 seconds. The chord is a D# major chord, which is also a common chord in F minor music. The music then transitions to a chord progression that starts at 3.00 seconds and ends at 4.44 seconds. The chord is a G# major chord, which is also a common chord in F minor music. The music then transitions to a chord progression that starts at 4.44 seconds and ends at 6.00 seconds. The chord is a C# major chord, which is also a common chord in F minor music. The music then transitions to a chord progression that starts at 6.00 seconds and ends at 7.20 seconds. The chord is a D# major chord, which is also a common chord in F minor music. The music then transitions to a chord progression that starts at 7.20 seconds and ends at 8.48 seconds. The chord is a G# major chord, which is also a common chord in F minor music. The music then transitions to a chord progression that starts at 8.48 seconds and ends at 9.48 seconds. The chord is a C# major chord, which is also a common chord in F minor music.",,,,"{""form"": ""progression"", ""mode"": ""minor"", ""program"": ""violin"", ""soundfont"": ""fluidr3"", ""tonic_pc"": 5}"
key_id/Fs_major_scale_0::audio::explain,key_id/Fs_major_scale_0,key_id,audio,explain,2,stimuli/key/Fs_major_scale_0.wav,"Name the key of the passage you just heard.
First give your answer. Then explain exactly what you heard that supports it: name the specific notes/chords/beats and their approximate timestamps in seconds.",,F# major,"The key of the passage is F# major.

The music features a flute playing a melody in F# major. The specific notes and their approximate timestamps are as follows:
- F#4 (0.00-0.50)
- A#3 (0.50-1.00)
- G#3 (1.00-1.50)
- F#4 (1.50-2.00)
- A#3 (2.00-2.50)
- F#4 (2.50-3.00)
- A#3 (3.00-3.50)
- G#3 (3.50-4.00)
- F#4 (4.00-4.50)
- A#3 (4.50-5.00)
- F#4 (5.00-5.50)
- A#3 (5.50-6.00)
- G#3 (6.00-6.50)
- F#4 (6.50-7.00)
- A#3 (7.00-7.50)
- F#4 (7.50-8.00)
- A#3 (8.00-8.50)
- G#3 (8.50-9.00)
- F#4 (9.00-9.50)
- A#3 (9.50-10.00)

These notes are played in a sequence that is characteristic of the F# major scale.",,,,"{""form"": ""scale"", ""mode"": ""major"", ""program"": ""flute"", ""soundfont"": ""musescore"", ""tonic_pc"": 6}"
key_id/G_major_scale_0::audio::explain,key_id/G_major_scale_0,key_id,audio,explain,2,stimuli/key/G_major_scale_0.wav,"Name the key of the passage you just heard.
First give your answer. Then explain exactly what you heard that supports it: name the specific notes/chords/beats and their approximate timestamps in seconds.",,G major,"The key of the passage is G major.

The melody begins with a G major chord at 0.00 seconds, which is the root note of the key. The melody then transitions to a D major chord at 0.88 seconds, which is the fifth note of the G major scale. The melody then returns to a G major chord at 1.67 seconds, which is the root note of the key. The melody then transitions to a C major chord at 2.46 seconds, which is the fourth note of the G major scale. The melody then returns to a G major chord at 3.25 seconds, which is the root note of the key. The melody then transitions to a D major chord at 4.04 seconds, which is the fifth note of the G major scale. The melody then returns to a G major chord at 4.83 seconds, which is the root note of the key. The melody then transitions to a C major chord at 5.62 seconds, which is the fourth note of the G major scale. The melody then returns to a G major chord at 6.41 seconds, which is the root note of the key. The melody then transitions to a D major chord at 7.20 seconds, which is the fifth note of the G major scale. The melody then returns to a G major chord at 8.00 seconds, which is the root note of the key.",,,,"{""form"": ""scale"", ""mode"": ""major"", ""program"": ""synth_lead"", ""soundfont"": ""timgm"", ""tonic_pc"": 7}"
key_id/Gs_major_progression_1::audio::explain,key_id/Gs_major_progression_1,key_id,audio,explain,0,stimuli/key/Gs_major_progression_1.wav,"What key is this music in?
First give your answer. Then explain exactly what you heard that supports it: name the specific notes/chords/beats and their approximate timestamps in seconds.",,G# major,"The music is in the key of F minor.

From 0.25 to 8.25 seconds, the music features a repetitive chord progression. The first chord is F minor, which is played from 0.25 to 1.25 seconds. The second chord is A# major, which is played from 1.25 to 2.25 seconds. The third chord is C major, which is played from 2.25 to 3.25 seconds. The fourth chord is D# major, which is played from 3.25 to 4.25 seconds. The fifth chord is F minor, which is played from 4.25 to 5.25 seconds. The sixth chord is A# major, which is played from 5.25 to 6.25 seconds. The seventh chord is C major, which is played from 6.25 to 7.25 seconds. The eighth chord is D# major, which is played from 7.25 to 8.25 seconds. This pattern repeats throughout the music, creating a repetitive and rhythmic feel.",,,,"{""form"": ""progression"", ""mode"": ""major"", ""program"": ""synth_lead"", ""soundfont"": ""timgm"", ""tonic_pc"": 8}"
mode_id/blues_57_bare_scale::audio::explain,mode_id/blues_57_bare_scale,mode_id,audio,explain,1,stimuli/mode/blues_57_bare_scale.wav,"Listen to the clip. Which scale/mode is being used?
First give your answer. Then explain exactly what you heard that supports it: name the specific notes/chords/beats and their approximate timestamps in seconds.",,blues scale,"The scale/mode being used is A minor. 

The audio features a melody that starts with a high A (A4) at 0:00, followed by a C (C4) at 0:02, then a D (D4) at 0:04, and finally an E (E4) at 0:06. This sequence of notes is characteristic of the A minor scale.",,,,"{""form"": ""bare_scale"", ""mode"": ""blues"", ""program"": ""violin"", ""soundfont"": ""timgm"", ""tonic_midi"": 57}"
mode_id/blues_64_bare_scale::audio::explain,mode_id/blues_64_bare_scale,mode_id,audio,explain,1,stimuli/mode/blues_64_bare_scale.wav,"Listen to the clip. Which scale/mode is being used?
First give your answer. Then explain exactly what you heard that supports it: name the specific notes/chords/beats and their approximate timestamps in seconds.",,blues scale,"The scale/mode being used is D major.

I heard a melody that starts with a D major chord, which is played from 0.00 to 0.33 seconds. This is followed by a series of notes that ascend and descend within the D major scale, creating a harmonious and uplifting melody. The melody continues with a series of notes that are all within the D major scale, including G, A, B, and E, which are played from 0.33 to 6.81 seconds. The melody then returns to the D major chord, which is played from 6.81 to 8.81 seconds.",,,,"{""form"": ""bare_scale"", ""mode"": ""blues"", ""program"": ""synth_lead"", ""soundfont"": ""timgm"", ""tonic_midi"": 64}"
mode_id/dorian_64_melody_drone::audio::explain,mode_id/dorian_64_melody_drone,mode_id,audio,explain,1,stimuli/mode/dorian_64_melody_drone.wav,"Listen to the clip. Which scale/mode is being used?
First give your answer. Then explain exactly what you heard that supports it: name the specific notes/chords/beats and their approximate timestamps in seconds.",,Dorian,"The scale/mode being used is E minor.

The melody begins with a flute playing a descending pattern starting from a high E (E5) at approximately 0.2 seconds, followed by a G (G5) at around 0.4 seconds, and then an A (A5) at about 0.6 seconds. This pattern repeats with slight variations, including a D (D5) at around 1.0 seconds, a C (C5) at approximately 1.2 seconds, and a B (B5) at around 1.4 seconds. The melody then returns to the initial E (E5) at about 1.6 seconds, followed by a G (G5) at around 1.8 seconds, and an A (A5) at approximately 2.0 seconds. This sequence of notes is characteristic of the E minor scale, which includes the notes E, G, A, B, C, D, and E.",,,,"{""form"": ""melody_drone"", ""mode"": ""dorian"", ""program"": ""flute"", ""soundfont"": ""timgm"", ""tonic_midi"": 64}"
mode_id/harmonic_minor_60_bare_scale::audio::explain,mode_id/harmonic_minor_60_bare_scale,mode_id,audio,explain,1,stimuli/mode/harmonic_minor_60_bare_scale.wav,"Listen to the clip. Which scale/mode is being used?
First give your answer. Then explain exactly what you heard that supports it: name the specific notes/chords/beats and their approximate timestamps in seconds.",,harmonic minor,"The scale/mode being used is C minor. The audio features a melody that includes the notes C, D, E, F, G, and A, which are characteristic of the C minor scale. The melody begins at 0.01 seconds and ends at 10.01 seconds, with the notes progressing through the scale in a typical minor key pattern.",,,,"{""form"": ""bare_scale"", ""mode"": ""harmonic_minor"", ""program"": ""piano"", ""soundfont"": ""musescore"", ""tonic_midi"": 60}"
mode_id/locrian_57_melody_drone::audio::explain,mode_id/locrian_57_melody_drone,mode_id,audio,explain,0,stimuli/mode/locrian_57_melody_drone.wav,"What scale or mode is this music based on?
First give your answer. Then explain exactly what you heard that supports it: name the specific notes/chords/beats and their approximate timestamps in seconds.",,Locrian,"The music is based on the C major scale. 

The specific notes/chords/beats that support this are:
- C major chord at 0.25s-0.33s
- G major chord at 0.33s-0.41s
- A minor chord at 0.41s-0.49s
- C major chord at 0.49s-0.57s
- G major chord at 0.57s-0.65s
- A minor chord at 0.65s-0.73s
- C major chord at 0.73s-0.81s
- G major chord at 0.81s-0.89s
- A minor chord at 0.89s-0.97s
- C major chord at 0.97s-1.05s
- G major chord at 1.05s-1.13s
- A minor chord at 1.13s-1.21s
- C major chord at 1.21s-1.29s
- G major chord at 1.29s-1.37s
- A minor chord at 1.37s-1.45s
- C major chord at 1.45s-1.53s
- G major chord at 1.53s-1.61s
- A minor chord at 1.61s-1.69s
- C major chord at 1.69s-1.77s
- G major chord at 1.77s-1.85s
- A minor chord at 1.85s-1.93s
- C major chord at 1.93s-2.01s
- G major chord at 2.01s-2.09s
- A minor chord at 2.09s-2.17s
- C major chord at 2.17s-2.25s
- G major chord at 2.25s-2.33s
- A minor chord at 2.33s-2.41s
- C major chord at 2.41s-2.49s
- G major chord at 2.49s-2.57s
- A minor chord at 2.57s-2.65s
- C major chord at 2.65s-2.73s
- G major chord at 2.73s-2.81s
- A minor chord at 2.81s-2.89s
- C major chord at 2.89s-2.97s
- G major chord at 2.97s-3.05s
- A minor chord at 3.05s-3.13s
- C major chord at 3.13s-3.21s
- G major chord at 3.21s-3.29s
- A minor chord at 3.29s-3.37s
- C major chord at 3.37s-3.45s
- G major chord at 3.45s-3.53s
- A minor chord at 3.53s-3.61s
- C major chord at 3.61s-3.69s
- G major chord at 3.69s-3.77s
- A minor chord at 3.77s-3.85s
- C major chord at 3.85s-3.93s
- G major chord at 3.93s-4.01s
- A minor chord at 4.01s-4.09s
- C major chord at 4.09s-4.17s
- G major chord at 4.17s-4.25s
- A minor chord at 4.25s-4.33s
- C major chord at 4.33s-4.41s
- G major chord at 4.41s-4.49s
- A minor chord at 4.49s-4.57s
- C major chord at 4.57s-4.65s
- G major chord at 4.65s",,,,"{""form"": ""melody_drone"", ""mode"": ""locrian"", ""program"": ""synth_lead"", ""soundfont"": ""musescore"", ""tonic_midi"": 57}"
mode_id/locrian_64_bare_scale::audio::explain,mode_id/locrian_64_bare_scale,mode_id,audio,explain,0,stimuli/mode/locrian_64_bare_scale.wav,"What scale or mode is this music based on?
First give your answer. Then explain exactly what you heard that supports it: name the specific notes/chords/beats and their approximate timestamps in seconds.",,Locrian,"The music is based on the D minor scale.

From 0.23 to 7.23 seconds, the music features a flute playing a melody that follows the D minor scale. The specific notes played are D, E, F, G, A, B, and C, which are all part of the D minor scale.",,,,"{""form"": ""bare_scale"", ""mode"": ""locrian"", ""program"": ""flute"", ""soundfont"": ""timgm"", ""tonic_midi"": 64}"
mode_id/locrian_64_melody_drone::audio::explain,mode_id/locrian_64_melody_drone,mode_id,audio,explain,2,stimuli/mode/locrian_64_melody_drone.wav,"Identify the mode or scale type of this passage.
First give your answer. Then explain exactly what you heard that supports it: name the specific notes/chords/beats and their approximate timestamps in seconds.",,Locrian,"The mode of this passage is C major. The specific notes/chords/beats that support this are: C major (0.00-0.20), G major (0.20-0.40), F major (0.40-0.60), C major (0.60-0.80), D major (0.80-1.00), E major (1.00-1.20), F major (1.20-1.40), G major (1.40-1.60), C major (1.60-1.80), D major (1.80-2.00), E major (2.00-2.20), F major (2.20-2.40), G major (2.40-2.60), C major (2.60-2.80), D major (2.80-3.00), E major (3.00-3.20), F major (3.20-3.40), G major (3.40-3.60), C major (3.60-3.80), D major (3.80-4.00), E major (4.00-4.20), F major (4.20-4.40), G major (4.40-4.60), C major (4.60-4.80), D major (4.80-5.00), E major (5.00-5.20), F major (5.20-5.40), G major (5.40-5.60), C major (5.60-5.80), D major (5.80-6.00), E major (6.00-6.20), F major (6.20-6.40), G major (6.40-6.60), C major (6.60-6.80), D major (6.80-7.00), E major (7.00-7.20), F major (7.20-7.40), G major (7.40-7.60), C major (7.60-7.80), D major (7.80-8.00), E major (8.00-8.20), F major (8.20-8.40), G major (8.40-8.60), C major (8.60-8.80), D major (8.80-9.00), E major (9.00-9.20), F major (9.20-9.40), G major (9.40-9.60), C major (9.60-9.80), D major (9.80-10.00).",,,,"{""form"": ""melody_drone"", ""mode"": ""locrian"", ""program"": ""flute"", ""soundfont"": ""timgm"", ""tonic_midi"": 64}"
mode_id/major_57_melody_drone::audio::explain,mode_id/major_57_melody_drone,mode_id,audio,explain,2,stimuli/mode/major_57_melody_drone.wav,"Identify the mode or scale type of this passage.
First give your answer. Then explain exactly what you heard that supports it: name the specific notes/chords/beats and their approximate timestamps in seconds.",,major,"The mode of this passage is D major. The specific notes/chords/beats that support this are: D major (0.00-0.25), A major (0.25-0.50), G major (0.50-0.75), E major (0.75-1.00), D major (1.00-1.25), A major (1.25-1.50), G major (1.50-1.75), E major (1.75-2.00), D major (2.00-2.25), A major (2.25-2.50), G major (2.50-2.75), E major (2.75-3.00), D major (3.00-3.25), A major (3.25-3.50), G major (3.50-3.75), E major (3.75-4.00), D major (4.00-4.25), A major (4.25-4.50), G major (4.50-4.75), E major (4.75-5.00), D major (5.00-5.25), A major (5.25-5.50), G major (5.50-5.75), E major (5.75-6.00), D major (6.00-6.25), A major (6.25-6.50), G major (6.50-6.75), E major (6.75-7.00), D major (7.00-7.25), A major (7.25-7.50), G major (7.50-7.75), E major (7.75-8.00), D major (8.00-8.25), A major (8.25-8.50), G major (8.50-8.75), E major (8.75-9.00), D major (9.00-9.25), A major (9.25-9.50), G major (9.50-9.75), E major (9.75-10.00).",,,,"{""form"": ""melody_drone"", ""mode"": ""major"", ""program"": ""flute"", ""soundfont"": ""fluidr3"", ""tonic_midi"": 57}"
mode_id/major_pentatonic_60_melody_drone::audio::explain,mode_id/major_pentatonic_60_melody_drone,mode_id,audio,explain,2,stimuli/mode/major_pentatonic_60_melody_drone.wav,"Identify the mode or scale type of this passage.
First give your answer. Then explain exactly what you heard that supports it: name the specific notes/chords/beats and their approximate timestamps in seconds.",,major pentatonic,"The mode is D major. The audio features a D major chord progression, with the notes D, A, and G, which are characteristic of the D major scale.",,,,"{""form"": ""melody_drone"", ""mode"": ""major_pentatonic"", ""program"": ""synth_lead"", ""soundfont"": ""musescore"", ""tonic_midi"": 60}"
mode_id/melodic_minor_60_bare_scale::audio::explain,mode_id/melodic_minor_60_bare_scale,mode_id,audio,explain,1,stimuli/mode/melodic_minor_60_bare_scale.wav,"Listen to the clip. Which scale/mode is being used?
First give your answer. Then explain exactly what you heard that supports it: name the specific notes/chords/beats and their approximate timestamps in seconds.",,melodic minor,"The scale/mode being used is C major.

I heard a melody that starts with a descending pattern from C5 to A4, then G4, F4, and E4. This sequence of notes is characteristic of the C major scale. The melody then ascends back up to C5, completing the scale. The specific notes/chords/beats are as follows:
- C5 (0.00-0.50)
- A4 (0.50-1.00)
- G4 (1.00-1.50)
- F4 (1.50-2.00)
- E4 (2.00-2.50)
- C5 (2.50-3.00)
- A4 (3.00-3.50)
- G4 (3.50-4.00)
- F4 (4.00-4.50)
- E4 (4.50-5.00)
- C5 (5.00-5.50)
- A4 (5.50-6.00)
- G4 (6.00-6.50)
- F4 (6.50-7.00)
- E4 (7.00-7.50)
- C5 (7.50-8.00)",,,,"{""form"": ""bare_scale"", ""mode"": ""melodic_minor"", ""program"": ""violin"", ""soundfont"": ""fluidr3"", ""tonic_midi"": 60}"
mode_id/minor_pentatonic_57_bare_scale::audio::explain,mode_id/minor_pentatonic_57_bare_scale,mode_id,audio,explain,0,stimuli/mode/minor_pentatonic_57_bare_scale.wav,"What scale or mode is this music based on?
First give your answer. Then explain exactly what you heard that supports it: name the specific notes/chords/beats and their approximate timestamps in seconds.",,minor pentatonic,"The music is based on the A minor scale.

From 0.25 to 4.12 seconds, the music features a melody that follows the A minor scale. The notes played are A, C, D, and G, which are all part of the A minor scale.",,,,"{""form"": ""bare_scale"", ""mode"": ""minor_pentatonic"", ""program"": ""flute"", ""soundfont"": ""fluidr3"", ""tonic_midi"": 57}"
mode_id/minor_pentatonic_62_bare_scale::audio::explain,mode_id/minor_pentatonic_62_bare_scale,mode_id,audio,explain,0,stimuli/mode/minor_pentatonic_62_bare_scale.wav,"What scale or mode is this music based on?
First give your answer. Then explain exactly what you heard that supports it: name the specific notes/chords/beats and their approximate timestamps in seconds.",,minor pentatonic,"The music is based on the D minor scale.

From 0:00 to 0:02, the music features a D minor chord.
From 0:02 to 0:04, the music features a G major chord.
From 0:04 to 0:06, the music features an A minor chord.
From 0:06 to 0:08, the music features a C major chord.
From 0:08 to 0:10, the music features a D minor chord.
From 0:10 to 0:12, the music features a G major chord.
From 0:12 to 0:14, the music features an A minor chord.
From 0:14 to 0:16, the music features a D minor chord.",,,,"{""form"": ""bare_scale"", ""mode"": ""minor_pentatonic"", ""program"": ""flute"", ""soundfont"": ""fluidr3"", ""tonic_midi"": 62}"
mode_id/mixolydian_60_bare_scale::audio::explain,mode_id/mixolydian_60_bare_scale,mode_id,audio,explain,2,stimuli/mode/mixolydian_60_bare_scale.wav,"Identify the mode or scale type of this passage.
First give your answer. Then explain exactly what you heard that supports it: name the specific notes/chords/beats and their approximate timestamps in seconds.",,Mixolydian,"The mode is F major. The audio features a progression of notes that align with the F major scale, including F, G, A, Bb, C, D, and E, which are characteristic of this key.",,,,"{""form"": ""bare_scale"", ""mode"": ""mixolydian"", ""program"": ""piano"", ""soundfont"": ""musescore"", ""tonic_midi"": 60}"
mode_id/natural_minor_57_bare_scale::audio::explain,mode_id/natural_minor_57_bare_scale,mode_id,audio,explain,1,stimuli/mode/natural_minor_57_bare_scale.wav,"Listen to the clip. Which scale/mode is being used?
First give your answer. Then explain exactly what you heard that supports it: name the specific notes/chords/beats and their approximate timestamps in seconds.",,natural minor,"The scale/mode being used is A minor.

The melody begins with a descending pattern from A to G, which is a common starting point in A minor. The notes are played in the following order: A, G, F, E, D, C, B, A. This sequence is characteristic of the A minor scale. The melody then repeats the same pattern, emphasizing the minor quality of the scale.",,,,"{""form"": ""bare_scale"", ""mode"": ""natural_minor"", ""program"": ""flute"", ""soundfont"": ""musescore"", ""tonic_midi"": 57}"
mode_id/natural_minor_64_melody_drone::audio::explain,mode_id/natural_minor_64_melody_drone,mode_id,audio,explain,2,stimuli/mode/natural_minor_64_melody_drone.wav,"Identify the mode or scale type of this passage.
First give your answer. Then explain exactly what you heard that supports it: name the specific notes/chords/beats and their approximate timestamps in seconds.",,natural minor,"The mode is E minor. The audio features a progression of notes that includes E4, A3, F3, E2, G2, G2, B2, E2, D'2, and F2, which are characteristic of the E minor scale.",,,,"{""form"": ""melody_drone"", ""mode"": ""natural_minor"", ""program"": ""piano"", ""soundfont"": ""musescore"", ""tonic_midi"": 64}"
mode_id/phrygian_64_melody_drone::audio::explain,mode_id/phrygian_64_melody_drone,mode_id,audio,explain,1,stimuli/mode/phrygian_64_melody_drone.wav,"Listen to the clip. Which scale/mode is being used?
First give your answer. Then explain exactly what you heard that supports it: name the specific notes/chords/beats and their approximate timestamps in seconds.",,Phrygian,"The scale/mode being used is A minor. The audio features a progression of notes that follow the A minor scale, with the following approximate timestamps: A4 at 0.25s, C#4 at 0.35s, E4 at 0.45s, G4 at 0.55s, A4 at 0.65s, C#4 at 0.75s, E4 at 0.85s, G4 at 0.95s, A4 at 1.05s, C#4 at 1.15s, E4 at 1.25s, G4 at 1.35s, A4 at 1.45s, C#4 at 1.55s, E4 at 1.65s, G4 at 1.75s, A4 at 1.85s, C#4 at 1.95s, E4 at 2.05s, G4 at 2.15s, A4 at 2.25s, C#4 at 2.35s, E4 at 2.45s, G4 at 2.55s, A4 at 2.65s, C#4 at 2.75s, E4 at 2.85s, G4 at 2.95s, A4 at 3.05s, C#4 at 3.15s, E4 at 3.25s, G4 at 3.35s, A4 at 3.45s, C#4 at 3.55s, E4 at 3.65s, G4 at 3.75s, A4 at 3.85s, C#4 at 3.95s, E4 at 4.05s, G4 at 4.15s, A4 at 4.25s, C#4 at 4.35s, E4 at 4.45s, G4 at 4.55s, A4 at 4.65s, C#4 at 4.75s, E4 at 4.85s, G4 at 4.95s, A4 at 5.05s, C#4 at 5.15s, E4 at 5.25s, G4 at 5.35s, A4 at 5.45s, C#4 at 5.55s, E4 at 5.65s, G4 at 5.75s, A4 at 5.85s, C#4 at 5.95s, E4 at 6.05s, G4 at 6.15s, A4 at 6.25s, C#4 at 6.35s, E4 at 6.45s, G4 at 6.55s, A4 at 6.65s, C#4 at 6.75s, E4 at 6.85s, G4 at 6.95s, A4 at 7.05s, C#4 at 7.15s, E4 at 7.25s, G4 at 7.35s, A4 at 7.45s, C#4 at 7.55s, E4 at 7.65s, G4 at 7.75s, A4 at 7.85s, C#4 at 7.95s, E4 at 8.05s, G4 at 8.15s, A4 at 8.25s, C#4 at 8.35s, E4 at 8.45s, G4 at 8.55s, A4 at 8.65s, C#4 at 8.75s, E4 at 8.85s, G4 at 8.95s, A4 at 9.05s, C#4 at 9.15s, E4 at 9.25s, G4 at 9.35s, A4 at 9.45s, C#4 at 9.55s, E4 at 9.65s, G4 at 9.75s, A4 at 9.85s,",,,,"{""form"": ""melody_drone"", ""mode"": ""phrygian"", ""program"": ""violin"", ""soundfont"": ""fluidr3"", ""tonic_midi"": 64}"
mode_id/whole_tone_62_bare_scale::audio::explain,mode_id/whole_tone_62_bare_scale,mode_id,audio,explain,2,stimuli/mode/whole_tone_62_bare_scale.wav,"Identify the mode or scale type of this passage.
First give your answer. Then explain exactly what you heard that supports it: name the specific notes/chords/beats and their approximate timestamps in seconds.",,whole-tone,"The mode is D# minor. The audio features a D# major chord at the beginning, followed by a D# minor chord, and then a D# major chord again. These chords are played in a sequence that suggests a transition from a major to a minor and back to major, which is characteristic of a D# minor scale.",,,,"{""form"": ""bare_scale"", ""mode"": ""whole_tone"", ""program"": ""piano"", ""soundfont"": ""fluidr3"", ""tonic_midi"": 62}"
note_count/count1_07::audio::explain,note_count/count1_07,note_count,audio,explain,1,stimuli/polyphony/count1_07.wav,"Count the number of different pitches played at the same time. How many are there?
First give your answer. Then explain exactly what you heard that supports it: name the specific notes/chords/beats and their approximate timestamps in seconds.",,1,"There is one pitch played at the same time.

The note is C♯5, which is played from 0.25 to 3.25 seconds.",,,,"{""n_notes"": 1, ""pitches"": [73], ""program"": ""flute"", ""soundfont"": ""musescore""}"
note_count/count1_13::audio::explain,note_count/count1_13,note_count,audio,explain,0,stimuli/polyphony/count1_13.wav,"How many distinct notes are sounding simultaneously in this clip?
First give your answer. Then explain exactly what you heard that supports it: name the specific notes/chords/beats and their approximate timestamps in seconds.",,1,"There is one distinct note sounding simultaneously in this clip.

The note is E4, which is played from 0.32 to 5.32 seconds.",,,,"{""n_notes"": 1, ""pitches"": [64], ""program"": ""flute"", ""soundfont"": ""timgm""}"
note_count/count2_07::audio::explain,note_count/count2_07,note_count,audio,explain,1,stimuli/polyphony/count2_07.wav,"Count the number of different pitches played at the same time. How many are there?
First give your answer. Then explain exactly what you heard that supports it: name the specific notes/chords/beats and their approximate timestamps in seconds.",,2,"There are two different pitches played at the same time.

The first pitch is C♯4, which starts at 0.21 seconds and ends at 3.21 seconds.

The second pitch is E5, which starts at 0.21 seconds and ends at 3.21 seconds.",,,,"{""n_notes"": 2, ""pitches"": [52, 73], ""program"": ""violin"", ""soundfont"": ""musescore""}"
note_count/count2_08::audio::explain,note_count/count2_08,note_count,audio,explain,0,stimuli/polyphony/count2_08.wav,"How many distinct notes are sounding simultaneously in this clip?
First give your answer. Then explain exactly what you heard that supports it: name the specific notes/chords/beats and their approximate timestamps in seconds.",,2,"There is one distinct note sounding simultaneously in this clip.

The note is G♯4, which is played from 0.00 to 3.53 seconds.",,,,"{""n_notes"": 2, ""pitches"": [56, 68], ""program"": ""piano"", ""soundfont"": ""fluidr3""}"
note_count/count2_10::audio::explain,note_count/count2_10,note_count,audio,explain,2,stimuli/polyphony/count2_10.wav,"How many notes make up the sound you hear (played together at once)?
First give your answer. Then explain exactly what you heard that supports it: name the specific notes/chords/beats and their approximate timestamps in seconds.",,2,"The sound consists of two notes played together at once. The notes are G♯3 and B3. The G♯3 note is played from 0.40 to 3.40 seconds, and the B3 note is played from 0.40 to 3.40 seconds.",,,,"{""n_notes"": 2, ""pitches"": [54, 68], ""program"": ""flute"", ""soundfont"": ""musescore""}"
note_count/count2_13::audio::explain,note_count/count2_13,note_count,audio,explain,2,stimuli/polyphony/count2_13.wav,"How many notes make up the sound you hear (played together at once)?
First give your answer. Then explain exactly what you heard that supports it: name the specific notes/chords/beats and their approximate timestamps in seconds.",,2,"The sound consists of one note.

The note is C♯4, which is played from 0.00 to 3.72 seconds.",,,,"{""n_notes"": 2, ""pitches"": [61, 73], ""program"": ""piano"", ""soundfont"": ""timgm""}"
note_count/count2_15::audio::explain,note_count/count2_15,note_count,audio,explain,2,stimuli/polyphony/count2_15.wav,"How many notes make up the sound you hear (played together at once)?
First give your answer. Then explain exactly what you heard that supports it: name the specific notes/chords/beats and their approximate timestamps in seconds.",,2,"<time>000</time> - <time>500</time> seconds: One note is played.

<time>500</time> - <time>750</time> seconds: The same note is played again.",,,,"{""n_notes"": 2, ""pitches"": [79, 71], ""program"": ""synth_lead"", ""soundfont"": ""musescore""}"
note_count/count3_01::audio::explain,note_count/count3_01,note_count,audio,explain,2,stimuli/polyphony/count3_01.wav,"How many notes make up the sound you hear (played together at once)?
First give your answer. Then explain exactly what you heard that supports it: name the specific notes/chords/beats and their approximate timestamps in seconds.",,3,"The sound consists of two notes played together at once.

The first note is a D♯4, which starts at 0.37 seconds and ends at 1.00 seconds.

The second note is an F♯4, which starts at 0.37 seconds and ends at 1.00 seconds.",,,,"{""n_notes"": 3, ""pitches"": [75, 77, 54], ""program"": ""synth_lead"", ""soundfont"": ""musescore""}"
note_count/count3_11::audio::explain,note_count/count3_11,note_count,audio,explain,0,stimuli/polyphony/count3_11.wav,"How many distinct notes are sounding simultaneously in this clip?
First give your answer. Then explain exactly what you heard that supports it: name the specific notes/chords/beats and their approximate timestamps in seconds.",,3,"There are two distinct notes sounding simultaneously in this clip.

The first note is D4, which starts at 0.25 seconds and ends at 3.25 seconds. The second note is A3, which starts at 0.25 seconds and ends at 3.25 seconds. Both notes are played together, creating a chord.",,,,"{""n_notes"": 3, ""pitches"": [62, 57, 69], ""program"": ""violin"", ""soundfont"": ""musescore""}"
note_count/count3_12::audio::explain,note_count/count3_12,note_count,audio,explain,0,stimuli/polyphony/count3_12.wav,"How many distinct notes are sounding simultaneously in this clip?
First give your answer. Then explain exactly what you heard that supports it: name the specific notes/chords/beats and their approximate timestamps in seconds.",,3,"One. The audio features a sustained note from 0.40 to 3.40 seconds, which is a single note played on a keyboard instrument.",,,,"{""n_notes"": 3, ""pitches"": [72, 58, 69], ""program"": ""violin"", ""soundfont"": ""timgm""}"
note_count/count3_14::audio::explain,note_count/count3_14,note_count,audio,explain,0,stimuli/polyphony/count3_14.wav,"How many distinct notes are sounding simultaneously in this clip?
First give your answer. Then explain exactly what you heard that supports it: name the specific notes/chords/beats and their approximate timestamps in seconds.",,3,"There are two distinct notes sounding simultaneously in this clip.

The first note is A♯5, which starts at 0.44 seconds and ends at 3.44 seconds. The second note is C♯6, which starts at 0.44 seconds and ends at 3.44 seconds. Both notes are played together, overlapping in time.",,,,"{""n_notes"": 3, ""pitches"": [73, 76, 81], ""program"": ""flute"", ""soundfont"": ""fluidr3""}"
note_count/count3_17::audio::explain,note_count/count3_17,note_count,audio,explain,1,stimuli/polyphony/count3_17.wav,"Count the number of different pitches played at the same time. How many are there?
First give your answer. Then explain exactly what you heard that supports it: name the specific notes/chords/beats and their approximate timestamps in seconds.",,3,"There is one pitch played at the same time.

The note is D♯2, played from 0.00 to 3.80 seconds.",,,,"{""n_notes"": 3, ""pitches"": [71, 51, 59], ""program"": ""piano"", ""soundfont"": ""musescore""}"
note_count/count3_19::audio::explain,note_count/count3_19,note_count,audio,explain,2,stimuli/polyphony/count3_19.wav,"How many notes make up the sound you hear (played together at once)?
First give your answer. Then explain exactly what you heard that supports it: name the specific notes/chords/beats and their approximate timestamps in seconds.",,3,"The sound consists of two notes played together at once.

The notes are:
1. E5 (E5) - 0.00 to 3.75
2. G♯5 (G♯5) - 0.00 to 3.75",,,,"{""n_notes"": 3, ""pitches"": [73, 63, 59], ""program"": ""piano"", ""soundfont"": ""musescore""}"
note_count/count4_02::audio::explain,note_count/count4_02,note_count,audio,explain,0,stimuli/polyphony/count4_02.wav,"How many distinct notes are sounding simultaneously in this clip?
First give your answer. Then explain exactly what you heard that supports it: name the specific notes/chords/beats and their approximate timestamps in seconds.",,4,"There are two distinct notes sounding simultaneously in this clip.

The first note is F3, which starts at 0.24 seconds and ends at 1.24 seconds. The second note is A♯3, which starts at 0.24 seconds and ends at 1.24 seconds. Both notes are played together, overlapping in time.",,,,"{""n_notes"": 4, ""pitches"": [69, 56, 65, 50], ""program"": ""flute"", ""soundfont"": ""fluidr3""}"
note_count/count4_16::audio::explain,note_count/count4_16,note_count,audio,explain,2,stimuli/polyphony/count4_16.wav,"How many notes make up the sound you hear (played together at once)?
First give your answer. Then explain exactly what you heard that supports it: name the specific notes/chords/beats and their approximate timestamps in seconds.",,4,"3 notes make up the sound.

The sound consists of three notes played together at once. The first note is a D♯3, which starts at 0.17 seconds and ends at 0.67 seconds. The second note is an E4, which starts at 0.67 seconds and ends at 1.17 seconds. The third note is an F♯4, which starts at 1.17 seconds and ends at 1.67 seconds.",,,,"{""n_notes"": 4, ""pitches"": [61, 63, 70, 55], ""program"": ""violin"", ""soundfont"": ""timgm""}"
note_count/count4_19::audio::explain,note_count/count4_19,note_count,audio,explain,0,stimuli/polyphony/count4_19.wav,"How many distinct notes are sounding simultaneously in this clip?
First give your answer. Then explain exactly what you heard that supports it: name the specific notes/chords/beats and their approximate timestamps in seconds.",,4,"There are two distinct notes sounding simultaneously in this clip.

The first note is a C♯4, which starts at 0.11 seconds and ends at 3.11 seconds. The second note is an F♯3, which starts at 0.11 seconds and ends at 3.11 seconds. Both notes are played together, overlapping in time.",,,,"{""n_notes"": 4, ""pitches"": [65, 52, 72, 59], ""program"": ""synth_lead"", ""soundfont"": ""musescore""}"
note_count/count5_00::audio::explain,note_count/count5_00,note_count,audio,explain,0,stimuli/polyphony/count5_00.wav,"How many distinct notes are sounding simultaneously in this clip?
First give your answer. Then explain exactly what you heard that supports it: name the specific notes/chords/beats and their approximate timestamps in seconds.",,5,"There are two distinct notes sounding simultaneously in this clip.

The first note is a C♯4, which starts at 0.23 seconds and ends at 3.23 seconds. The second note is an F♯4, which starts at 0.23 seconds and ends at 3.23 seconds. Both notes are played together, creating a chord.",,,,"{""n_notes"": 5, ""pitches"": [74, 80, 60, 77, 58], ""program"": ""violin"", ""soundfont"": ""fluidr3""}"
note_count/count5_03::audio::explain,note_count/count5_03,note_count,audio,explain,1,stimuli/polyphony/count5_03.wav,"Count the number of different pitches played at the same time. How many are there?
First give your answer. Then explain exactly what you heard that supports it: name the specific notes/chords/beats and their approximate timestamps in seconds.",,5,"There are three different pitches played at the same time.

The first pitch is G4, which starts at 0.24 seconds and ends at 3.24 seconds.
The second pitch is B4, which starts at 0.24 seconds and ends at 3.24 seconds.
The third pitch is D5, which starts at 0.24 seconds and ends at 3.24 seconds.",,,,"{""n_notes"": 5, ""pitches"": [64, 74, 67, 70, 59], ""program"": ""violin"", ""soundfont"": ""musescore""}"
note_count/count5_12::audio::explain,note_count/count5_12,note_count,audio,explain,1,stimuli/polyphony/count5_12.wav,"Count the number of different pitches played at the same time. How many are there?
First give your answer. Then explain exactly what you heard that supports it: name the specific notes/chords/beats and their approximate timestamps in seconds.",,5,"There are two different pitches played at the same time.

The first pitch is E3, which is played from 0.25 to 3.25 seconds.
The second pitch is E4, which is played from 0.25 to 3.25 seconds.",,,,"{""n_notes"": 5, ""pitches"": [71, 62, 75, 64, 52], ""program"": ""flute"", ""soundfont"": ""timgm""}"
octave_id/pitch/051_piano_fluidr3_1::audio::explain,octave_id/pitch/051_piano_fluidr3_1,octave_id,audio,explain,0,stimuli/pitch/051_piano_fluidr3_1.wav,"Listen to this note. In which octave is it, in scientific pitch notation (middle C = C4)?
First give your answer. Then explain exactly what you heard that supports it: name the specific notes/chords/beats and their approximate timestamps in seconds.",,3,"The note is in the E4 octave.

I heard a single note that is a clear E4. It starts at approximately 0.1 seconds and ends at about 3.1 seconds.",,,,"{""midi"": 51, ""note_name"": ""D#3"", ""octave"": 3, ""pitch_class"": ""D#"", ""program"": ""piano"", ""soundfont"": ""fluidr3""}"
octave_id/pitch/053_flute_fluidr3_1::audio::explain,octave_id/pitch/053_flute_fluidr3_1,octave_id,audio,explain,0,stimuli/pitch/053_flute_fluidr3_1.wav,"Listen to this note. In which octave is it, in scientific pitch notation (middle C = C4)?
First give your answer. Then explain exactly what you heard that supports it: name the specific notes/chords/beats and their approximate timestamps in seconds.",,3,"The note is in the F3 octave.

I heard a single, sustained note that is a low, resonant sound. This sound corresponds to the F3 note in scientific pitch notation, which is one octave below middle C (C4). The note begins at approximately 0.25 seconds and continues until around 4.65 seconds, making it a long, sustained note.",,,,"{""midi"": 53, ""note_name"": ""F3"", ""octave"": 3, ""pitch_class"": ""F"", ""program"": ""flute"", ""soundfont"": ""fluidr3""}"
octave_id/pitch/056_violin_fluidr3_0::audio::explain,octave_id/pitch/056_violin_fluidr3_0,octave_id,audio,explain,1,stimuli/pitch/056_violin_fluidr3_0.wav,"A single note is played. What octave number does it fall in (C4 = middle C)?
First give your answer. Then explain exactly what you heard that supports it: name the specific notes/chords/beats and their approximate timestamps in seconds.",,3,"The note falls in the G♯4 octave.

The audio features a single note played on a violin, specifically a G♯4. The note begins at approximately 0.27 seconds and ends at around 4.85 seconds.",,,,"{""midi"": 56, ""note_name"": ""G#3"", ""octave"": 3, ""pitch_class"": ""G#"", ""program"": ""violin"", ""soundfont"": ""fluidr3""}"
octave_id/pitch/063_flute_timgm_1::audio::explain,octave_id/pitch/063_flute_timgm_1,octave_id,audio,explain,1,stimuli/pitch/063_flute_timgm_1.wav,"A single note is played. What octave number does it fall in (C4 = middle C)?
First give your answer. Then explain exactly what you heard that supports it: name the specific notes/chords/beats and their approximate timestamps in seconds.",,4,"The note falls in the fifth octave.

The specific note played is D♯5, which is approximately from 0.35 to 3.85 seconds.",,,,"{""midi"": 63, ""note_name"": ""D#4"", ""octave"": 4, ""pitch_class"": ""D#"", ""program"": ""flute"", ""soundfont"": ""timgm""}"
octave_id/pitch/065_synth_lead_fluidr3_0::audio::explain,octave_id/pitch/065_synth_lead_fluidr3_0,octave_id,audio,explain,2,stimuli/pitch/065_synth_lead_fluidr3_0.wav,"Identify the octave of the note you hear, where middle C is octave 4.
First give your answer. Then explain exactly what you heard that supports it: name the specific notes/chords/beats and their approximate timestamps in seconds.",,4,"The note is in octave 5.

I heard a single note that lasted from 0.27 to 4.56 seconds. This note is a high-pitched sound, which corresponds to the note F♯5 in the musical scale.",,,,"{""midi"": 65, ""note_name"": ""F4"", ""octave"": 4, ""pitch_class"": ""F"", ""program"": ""synth_lead"", ""soundfont"": ""fluidr3""}"
octave_id/pitch/076_violin_timgm_0::audio::explain,octave_id/pitch/076_violin_timgm_0,octave_id,audio,explain,2,stimuli/pitch/076_violin_timgm_0.wav,"Identify the octave of the note you hear, where middle C is octave 4.
First give your answer. Then explain exactly what you heard that supports it: name the specific notes/chords/beats and their approximate timestamps in seconds.",,5,"The note is in the 5th octave.

I heard a single note that is a part of the E5 chord. The note starts at approximately 0.45 seconds and ends at about 3.45 seconds.",,,,"{""midi"": 76, ""note_name"": ""E5"", ""octave"": 5, ""pitch_class"": ""E"", ""program"": ""violin"", ""soundfont"": ""timgm""}"
octave_id/pitch/078_flute_fluidr3_0::audio::explain,octave_id/pitch/078_flute_fluidr3_0,octave_id,audio,explain,0,stimuli/pitch/078_flute_fluidr3_0.wav,"Listen to this note. In which octave is it, in scientific pitch notation (middle C = C4)?
First give your answer. Then explain exactly what you heard that supports it: name the specific notes/chords/beats and their approximate timestamps in seconds.",,5,"The note is in the F♯5 octave.

I heard a flute playing a high-pitched note that is clearly in the higher register of the instrument. The note starts at approximately 0.5 seconds and ends around 3.5 seconds. The pitch is consistent throughout, indicating a single note being played. The timbre is bright and clear, typical of a flute, and the note is sustained, suggesting it is a single note rather than a chord or a series of notes.",,,,"{""midi"": 78, ""note_name"": ""F#5"", ""octave"": 5, ""pitch_class"": ""F#"", ""program"": ""flute"", ""soundfont"": ""fluidr3""}"
octave_id/pitch/081_piano_timgm_1::audio::explain,octave_id/pitch/081_piano_timgm_1,octave_id,audio,explain,0,stimuli/pitch/081_piano_timgm_1.wav,"Listen to this note. In which octave is it, in scientific pitch notation (middle C = C4)?
First give your answer. Then explain exactly what you heard that supports it: name the specific notes/chords/beats and their approximate timestamps in seconds.",,5,"The note is in the A4 octave.

I heard a single note that is a clear, resonant A4. The note starts at approximately 0.4 seconds and ends at about 3.4 seconds.",,,,"{""midi"": 81, ""note_name"": ""A5"", ""octave"": 5, ""pitch_class"": ""A"", ""program"": ""piano"", ""soundfont"": ""timgm""}"
octave_id/pitch/082_synth_lead_timgm_1::audio::explain,octave_id/pitch/082_synth_lead_timgm_1,octave_id,audio,explain,0,stimuli/pitch/082_synth_lead_timgm_1.wav,"Listen to this note. In which octave is it, in scientific pitch notation (middle C = C4)?
First give your answer. Then explain exactly what you heard that supports it: name the specific notes/chords/beats and their approximate timestamps in seconds.",,5,"The note is in the 6th octave.

I heard a high-pitched, clear tone that lasts from 0.00 to 4.64 seconds. This tone corresponds to the note A♯6 in scientific pitch notation, which is in the 6th octave.",,,,"{""midi"": 82, ""note_name"": ""A#5"", ""octave"": 5, ""pitch_class"": ""A#"", ""program"": ""synth_lead"", ""soundfont"": ""timgm""}"
octave_id/pitch/083_flute_timgm_1::audio::explain,octave_id/pitch/083_flute_timgm_1,octave_id,audio,explain,1,stimuli/pitch/083_flute_timgm_1.wav,"A single note is played. What octave number does it fall in (C4 = middle C)?
First give your answer. Then explain exactly what you heard that supports it: name the specific notes/chords/beats and their approximate timestamps in seconds.",,5,"The note falls in the 6th octave.

The specific note played is B6, which is a high-pitched note. It is played from approximately 0.28 seconds to 3.28 seconds.",,,,"{""midi"": 83, ""note_name"": ""B5"", ""octave"": 5, ""pitch_class"": ""B"", ""program"": ""flute"", ""soundfont"": ""timgm""}"
pitch_note_id/pitch/048_violin_timgm_0::audio::explain,pitch_note_id/pitch/048_violin_timgm_0,pitch_note_id,audio,explain,0,stimuli/pitch/048_violin_timgm_0.wav,"Listen to this note. What is its pitch class (note name, ignoring octave)?
First give your answer. Then explain exactly what you heard that supports it: name the specific notes/chords/beats and their approximate timestamps in seconds.",,C,"The pitch class of the note is C3.

I heard a sustained, low-pitched sound that corresponds to the note C3. The sound is a single, clear tone, and it lasts from approximately 0.41 seconds to 4.53 seconds.",,,,"{""midi"": 48, ""note_name"": ""C3"", ""octave"": 3, ""pitch_class"": ""C"", ""program"": ""violin"", ""soundfont"": ""timgm""}"
pitch_note_id/pitch/049_piano_timgm_1::audio::explain,pitch_note_id/pitch/049_piano_timgm_1,pitch_note_id,audio,explain,2,stimuli/pitch/049_piano_timgm_1.wav,"Identify the musical note you hear, by letter name only.
First give your answer. Then explain exactly what you heard that supports it: name the specific notes/chords/beats and their approximate timestamps in seconds.",,C#,"C♯3.

The audio contains a single note, C♯3, which is played from 0.40 to 3.00 seconds.",,,,"{""midi"": 49, ""note_name"": ""C#3"", ""octave"": 3, ""pitch_class"": ""C#"", ""program"": ""piano"", ""soundfont"": ""timgm""}"
pitch_note_id/pitch/051_piano_fluidr3_1::audio::explain,pitch_note_id/pitch/051_piano_fluidr3_1,pitch_note_id,audio,explain,1,stimuli/pitch/051_piano_fluidr3_1.wav,"A single note is played. Which note is it (C, C#, D, ...)?
First give your answer. Then explain exactly what you heard that supports it: name the specific notes/chords/beats and their approximate timestamps in seconds.",,D#,"The note played is E♭3.

The audio features a single note played on a piano. The note is E♭3, which is the third octave of the E♭ key. The note is played from approximately 0.10 to 3.00 seconds.",,,,"{""midi"": 51, ""note_name"": ""D#3"", ""octave"": 3, ""pitch_class"": ""D#"", ""program"": ""piano"", ""soundfont"": ""fluidr3""}"
pitch_note_id/pitch/058_piano_timgm_1::audio::explain,pitch_note_id/pitch/058_piano_timgm_1,pitch_note_id,audio,explain,0,stimuli/pitch/058_piano_timgm_1.wav,"Listen to this note. What is its pitch class (note name, ignoring octave)?
First give your answer. Then explain exactly what you heard that supports it: name the specific notes/chords/beats and their approximate timestamps in seconds.",,A#,"The pitch class of the note heard is B♭.

The audio features a single note played on a piano. The note is a B♭, which is the root note of the B♭ major scale. The note is played from approximately 0.44 seconds to 1.04 seconds.",,,,"{""midi"": 58, ""note_name"": ""A#3"", ""octave"": 3, ""pitch_class"": ""A#"", ""program"": ""piano"", ""soundfont"": ""timgm""}"
pitch_note_id/pitch/059_synth_lead_timgm_1::audio::explain,pitch_note_id/pitch/059_synth_lead_timgm_1,pitch_note_id,audio,explain,1,stimuli/pitch/059_synth_lead_timgm_1.wav,"A single note is played. Which note is it (C, C#, D, ...)?
First give your answer. Then explain exactly what you heard that supports it: name the specific notes/chords/beats and their approximate timestamps in seconds.",,B,"The note is C4.

The audio features a single note played from approximately 0.36 to 3.36 seconds. This note is identified as C4, which is the fourth octave of the C note on a standard piano keyboard.",,,,"{""midi"": 59, ""note_name"": ""B3"", ""octave"": 3, ""pitch_class"": ""B"", ""program"": ""synth_lead"", ""soundfont"": ""timgm""}"
pitch_note_id/pitch/059_violin_timgm_0::audio::explain,pitch_note_id/pitch/059_violin_timgm_0,pitch_note_id,audio,explain,1,stimuli/pitch/059_violin_timgm_0.wav,"A single note is played. Which note is it (C, C#, D, ...)?
First give your answer. Then explain exactly what you heard that supports it: name the specific notes/chords/beats and their approximate timestamps in seconds.",,B,"The note played is B3.

The audio features a single note played on a musical instrument, likely a saxophone, given the context. The note is a B3, which is the third octave of the B note. The note is played from approximately 0.41 to 3.53 seconds.",,,,"{""midi"": 59, ""note_name"": ""B3"", ""octave"": 3, ""pitch_class"": ""B"", ""program"": ""violin"", ""soundfont"": ""timgm""}"
pitch_note_id/pitch/061_synth_lead_fluidr3_0::audio::explain,pitch_note_id/pitch/061_synth_lead_fluidr3_0,pitch_note_id,audio,explain,2,stimuli/pitch/061_synth_lead_fluidr3_0.wav,"Identify the musical note you hear, by letter name only.
First give your answer. Then explain exactly what you heard that supports it: name the specific notes/chords/beats and their approximate timestamps in seconds.",,C#,"C♯4. The audio features a single note, C♯4, which is played from 0.27 to 4.56 seconds.",,,,"{""midi"": 61, ""note_name"": ""C#4"", ""octave"": 4, ""pitch_class"": ""C#"", ""program"": ""synth_lead"", ""soundfont"": ""fluidr3""}"
pitch_note_id/pitch/064_violin_musescore_1::audio::explain,pitch_note_id/pitch/064_violin_musescore_1,pitch_note_id,audio,explain,1,stimuli/pitch/064_violin_musescore_1.wav,"A single note is played. Which note is it (C, C#, D, ...)?
First give your answer. Then explain exactly what you heard that supports it: name the specific notes/chords/beats and their approximate timestamps in seconds.",,E,"The note is E4.

I heard a sustained note that starts at 0.12 seconds and ends at 4.86 seconds. This note is in the key of E4, which is the fourth octave of the E note.",,,,"{""midi"": 64, ""note_name"": ""E4"", ""octave"": 4, ""pitch_class"": ""E"", ""program"": ""violin"", ""soundfont"": ""musescore""}"
pitch_note_id/pitch/065_synth_lead_fluidr3_1::audio::explain,pitch_note_id/pitch/065_synth_lead_fluidr3_1,pitch_note_id,audio,explain,2,stimuli/pitch/065_synth_lead_fluidr3_1.wav,"Identify the musical note you hear, by letter name only.
First give your answer. Then explain exactly what you heard that supports it: name the specific notes/chords/beats and their approximate timestamps in seconds.",,F,F4.,,,,"{""midi"": 65, ""note_name"": ""F4"", ""octave"": 4, ""pitch_class"": ""F"", ""program"": ""synth_lead"", ""soundfont"": ""fluidr3""}"
pitch_note_id/pitch/066_piano_musescore_1::audio::explain,pitch_note_id/pitch/066_piano_musescore_1,pitch_note_id,audio,explain,2,stimuli/pitch/066_piano_musescore_1.wav,"Identify the musical note you hear, by letter name only.
First give your answer. Then explain exactly what you heard that supports it: name the specific notes/chords/beats and their approximate timestamps in seconds.",,F#,"F♯4

The musical note heard is F♯4.",,,,"{""midi"": 66, ""note_name"": ""F#4"", ""octave"": 4, ""pitch_class"": ""F#"", ""program"": ""piano"", ""soundfont"": ""musescore""}"
pitch_note_id/pitch/067_piano_musescore_0::audio::explain,pitch_note_id/pitch/067_piano_musescore_0,pitch_note_id,audio,explain,2,stimuli/pitch/067_piano_musescore_0.wav,"Identify the musical note you hear, by letter name only.
First give your answer. Then explain exactly what you heard that supports it: name the specific notes/chords/beats and their approximate timestamps in seconds.",,G,"G

The musical note heard is G4.",,,,"{""midi"": 67, ""note_name"": ""G4"", ""octave"": 4, ""pitch_class"": ""G"", ""program"": ""piano"", ""soundfont"": ""musescore""}"
pitch_note_id/pitch/069_flute_musescore_1::audio::explain,pitch_note_id/pitch/069_flute_musescore_1,pitch_note_id,audio,explain,1,stimuli/pitch/069_flute_musescore_1.wav,"A single note is played. Which note is it (C, C#, D, ...)?
First give your answer. Then explain exactly what you heard that supports it: name the specific notes/chords/beats and their approximate timestamps in seconds.",,A,"The note is A4.

The audio features a single note played on a horn, specifically a trumpet. The note is A4, which is the fourth A note in the standard musical scale, and it is played from approximately 0.45 seconds to 4.76 seconds.",,,,"{""midi"": 69, ""note_name"": ""A4"", ""octave"": 4, ""pitch_class"": ""A"", ""program"": ""flute"", ""soundfont"": ""musescore""}"
pitch_note_id/pitch/070_piano_timgm_1::audio::explain,pitch_note_id/pitch/070_piano_timgm_1,pitch_note_id,audio,explain,2,stimuli/pitch/070_piano_timgm_1.wav,"Identify the musical note you hear, by letter name only.
First give your answer. Then explain exactly what you heard that supports it: name the specific notes/chords/beats and their approximate timestamps in seconds.",,A#,"Bb

The musical note is Bb.",,,,"{""midi"": 70, ""note_name"": ""A#4"", ""octave"": 4, ""pitch_class"": ""A#"", ""program"": ""piano"", ""soundfont"": ""timgm""}"
pitch_note_id/pitch/072_flute_timgm_0::audio::explain,pitch_note_id/pitch/072_flute_timgm_0,pitch_note_id,audio,explain,0,stimuli/pitch/072_flute_timgm_0.wav,"Listen to this note. What is its pitch class (note name, ignoring octave)?
First give your answer. Then explain exactly what you heard that supports it: name the specific notes/chords/beats and their approximate timestamps in seconds.",,C,"The pitch class of the note is C5.

I heard a flute playing a note that is a C in the fifth octave. The note starts at approximately 0.25 seconds and ends at about 4.25 seconds.",,,,"{""midi"": 72, ""note_name"": ""C5"", ""octave"": 5, ""pitch_class"": ""C"", ""program"": ""flute"", ""soundfont"": ""timgm""}"
pitch_note_id/pitch/074_synth_lead_timgm_1::audio::explain,pitch_note_id/pitch/074_synth_lead_timgm_1,pitch_note_id,audio,explain,2,stimuli/pitch/074_synth_lead_timgm_1.wav,"Identify the musical note you hear, by letter name only.
First give your answer. Then explain exactly what you heard that supports it: name the specific notes/chords/beats and their approximate timestamps in seconds.",,D,"D5

The musical note is D5.",,,,"{""midi"": 74, ""note_name"": ""D5"", ""octave"": 5, ""pitch_class"": ""D"", ""program"": ""synth_lead"", ""soundfont"": ""timgm""}"
pitch_note_id/pitch/076_violin_timgm_0::audio::explain,pitch_note_id/pitch/076_violin_timgm_0,pitch_note_id,audio,explain,0,stimuli/pitch/076_violin_timgm_0.wav,"Listen to this note. What is its pitch class (note name, ignoring octave)?
First give your answer. Then explain exactly what you heard that supports it: name the specific notes/chords/beats and their approximate timestamps in seconds.",,E,"E5

The audio features a single note, which is an E5. It starts at 0.45 seconds and ends at 3.53 seconds.",,,,"{""midi"": 76, ""note_name"": ""E5"", ""octave"": 5, ""pitch_class"": ""E"", ""program"": ""violin"", ""soundfont"": ""timgm""}"
pitch_note_id/pitch/080_synth_lead_musescore_0::audio::explain,pitch_note_id/pitch/080_synth_lead_musescore_0,pitch_note_id,audio,explain,2,stimuli/pitch/080_synth_lead_musescore_0.wav,"Identify the musical note you hear, by letter name only.
First give your answer. Then explain exactly what you heard that supports it: name the specific notes/chords/beats and their approximate timestamps in seconds.",,G#,"G♯5

The audio contains a single musical note, G♯5, which is played from 0.37 to 4.54 seconds.",,,,"{""midi"": 80, ""note_name"": ""G#5"", ""octave"": 5, ""pitch_class"": ""G#"", ""program"": ""synth_lead"", ""soundfont"": ""musescore""}"
pitch_note_id/pitch/081_piano_timgm_1::audio::explain,pitch_note_id/pitch/081_piano_timgm_1,pitch_note_id,audio,explain,2,stimuli/pitch/081_piano_timgm_1.wav,"Identify the musical note you hear, by letter name only.
First give your answer. Then explain exactly what you heard that supports it: name the specific notes/chords/beats and their approximate timestamps in seconds.",,A,"A4

The musical note heard is A4.",,,,"{""midi"": 81, ""note_name"": ""A5"", ""octave"": 5, ""pitch_class"": ""A"", ""program"": ""piano"", ""soundfont"": ""timgm""}"
pitch_note_id/pitch/082_violin_timgm_0::audio::explain,pitch_note_id/pitch/082_violin_timgm_0,pitch_note_id,audio,explain,2,stimuli/pitch/082_violin_timgm_0.wav,"Identify the musical note you hear, by letter name only.
First give your answer. Then explain exactly what you heard that supports it: name the specific notes/chords/beats and their approximate timestamps in seconds.",,A#,"A♯5

The audio contains a single note, A♯5, which is played from 0.40 to 3.40 seconds.",,,,"{""midi"": 82, ""note_name"": ""A#5"", ""octave"": 5, ""pitch_class"": ""A#"", ""program"": ""violin"", ""soundfont"": ""timgm""}"
progression_id/12-bar-blues_54_1::audio::explain,progression_id/12-bar-blues_54_1,progression_id,audio,explain,0,stimuli/progressions/12-bar-blues_54_1.wav,"Which chord progression does this clip follow?
First give your answer. Then explain exactly what you heard that supports it: name the specific notes/chords/beats and their approximate timestamps in seconds.",,12-bar-blues,"The chord progression in this clip follows a pattern of C# major, F# major, and E major. Here's the breakdown:

1. **C# major**: This chord is played from the beginning (0.00 seconds) until 1.44 seconds.
2. **F# major**: This chord is played from 1.44 seconds until 3.28 seconds.
3. **E major**: This chord is played from 3.28 seconds until 13.46 seconds.

The specific notes in each chord are as follows:
- **C# major**: C#4, E4, G#4
- **F# major**: F#4, A4, C#5
- **E major**: E4, G#4, B4

The progression is smooth and transitions seamlessly from one chord to the next, creating a harmonious and melodic sound.",,,,"{""program"": ""flute"", ""progression"": ""12-bar-blues"", ""soundfont"": ""fluidr3"", ""tonic"": 54}"
progression_id/I-IV-V-I_60_5::audio::explain,progression_id/I-IV-V-I_60_5,progression_id,audio,explain,1,stimuli/progressions/I-IV-V-I_60_5.wav,"Listen to the harmony. What progression is being played?
First give your answer. Then explain exactly what you heard that supports it: name the specific notes/chords/beats and their approximate timestamps in seconds.",,I-IV-V-I,"The progression is C major to F major.

From 0:00 to 0:02, the chord progression is C major. From 0:02 to 0:04, the chord changes to F major.",,,,"{""program"": ""piano"", ""progression"": ""I-IV-V-I"", ""soundfont"": ""musescore"", ""tonic"": 60}"
progression_id/I-V-vi-IV_62_7::audio::explain,progression_id/I-V-vi-IV_62_7,progression_id,audio,explain,2,stimuli/progressions/I-V-vi-IV_62_7.wav,"Identify the chord progression in this passage.
First give your answer. Then explain exactly what you heard that supports it: name the specific notes/chords/beats and their approximate timestamps in seconds.",,I-V-vi-IV,"The chord progression in this passage is D major, E major, F# major, and G major.

From 0.00 to 0.99 seconds, the chord is D major, which is played on the piano. From 1.04 to 2.04 seconds, the chord is E major, which is also played on the piano. From 2.09 to 3.09 seconds, the chord is F# major, which is played on the piano. From 3.14 to 4.14 seconds, the chord is G major, which is played on the piano.",,,,"{""program"": ""piano"", ""progression"": ""I-V-vi-IV"", ""soundfont"": ""timgm"", ""tonic"": 62}"
progression_id/ii-V-I_58_1::audio::explain,progression_id/ii-V-I_58_1,progression_id,audio,explain,1,stimuli/progressions/ii-V-I_58_1.wav,"Listen to the harmony. What progression is being played?
First give your answer. Then explain exactly what you heard that supports it: name the specific notes/chords/beats and their approximate timestamps in seconds.",,ii-V-I,"The progression being played is a C major chord followed by a D major chord.

From 0.25 to 2.25 seconds, the audio features a C major chord. This is evident from the presence of the notes C, E, and G, which are the fundamental notes of a C major chord.

From 2.25 to 8.56 seconds, the audio transitions to a D major chord. This is indicated by the presence of the notes D, F#, and A, which are the fundamental notes of a D major chord.",,,,"{""program"": ""synth_lead"", ""progression"": ""ii-V-I"", ""soundfont"": ""fluidr3"", ""tonic"": 58}"
tempo_bpm/tempo_010::audio::explain,tempo_bpm/tempo_010,tempo_bpm,audio,explain,2,stimuli/tempo/tempo_010.wav,"How fast is this clip in beats per minute? Give only a numeric answer.
First give your answer. Then explain exactly what you heard that supports it: name the specific notes/chords/beats and their approximate timestamps in seconds.",,79.4,"120 BPM

The audio features a consistent rhythmic pattern of beeps, with each beep occurring approximately every half second. This results in a tempo of 120 beats per minute.",,,,"{""bpm"": 79.4, ""meter"": ""4/4"", ""n_bars"": 4}"
tempo_bpm/tempo_018::audio::explain,tempo_bpm/tempo_018,tempo_bpm,audio,explain,1,stimuli/tempo/tempo_018.wav,"Estimate the BPM (beats per minute) of this rhythm. Reply with just the number.
First give your answer. Then explain exactly what you heard that supports it: name the specific notes/chords/beats and their approximate timestamps in seconds.",,56.6,"120 BPM

The rhythm consists of a repeating pattern of two notes, a high note followed by a lower note, played in a steady tempo. The high note is played at approximately 0.00 seconds, and the lower note is played at approximately 0.25 seconds. This pattern repeats every 0.25 seconds, resulting in a tempo of 120 beats per minute.",,,,"{""bpm"": 56.6, ""meter"": ""4/4"", ""n_bars"": 4}"
tempo_bpm/tempo_027::audio::explain,tempo_bpm/tempo_027,tempo_bpm,audio,explain,1,stimuli/tempo/tempo_027.wav,"Estimate the BPM (beats per minute) of this rhythm. Reply with just the number.
First give your answer. Then explain exactly what you heard that supports it: name the specific notes/chords/beats and their approximate timestamps in seconds.",,168.0,"120 BPM

The rhythm consists of a repeating pattern of two notes, a high note followed by a lower note, played in a steady sequence. The high note is played at approximately 0.00-0.20 seconds, and the lower note is played at approximately 0.20-0.40 seconds. This pattern repeats throughout the audio, creating a consistent rhythm.",,,,"{""bpm"": 168.0, ""meter"": ""4/4"", ""n_bars"": 7}"
tempo_bpm/tempo_034::audio::explain,tempo_bpm/tempo_034,tempo_bpm,audio,explain,0,stimuli/tempo/tempo_034.wav,"What is the tempo of this clip, in beats per minute? Answer with a number only.
First give your answer. Then explain exactly what you heard that supports it: name the specific notes/chords/beats and their approximate timestamps in seconds.",,78.2,"125 BPM

The audio features a consistent electronic beep sound that repeats at regular intervals. The first beep starts at 0.00 seconds and ends at 0.12 seconds. The second beep starts at 0.24 seconds and ends at 0.36 seconds. This pattern continues with each beep starting at 0.48 seconds and ending at 0.60 seconds, and so on. The regular intervals between the beeps suggest a tempo of 125 beats per minute.",,,,"{""bpm"": 78.2, ""meter"": ""4/4"", ""n_bars"": 4}"
tempo_bpm/tempo_037::audio::explain,tempo_bpm/tempo_037,tempo_bpm,audio,explain,0,stimuli/tempo/tempo_037.wav,"What is the tempo of this clip, in beats per minute? Answer with a number only.
First give your answer. Then explain exactly what you heard that supports it: name the specific notes/chords/beats and their approximate timestamps in seconds.",,155.4,"125 BPM

The audio features a consistent electronic beep sound throughout the clip. This consistent rhythm suggests a tempo of 125 beats per minute.",,,,"{""bpm"": 155.4, ""meter"": ""4/4"", ""n_bars"": 7}"
tempo_bpm/tempo_043::audio::explain,tempo_bpm/tempo_043,tempo_bpm,audio,explain,0,stimuli/tempo/tempo_043.wav,"What is the tempo of this clip, in beats per minute? Answer with a number only.
First give your answer. Then explain exactly what you heard that supports it: name the specific notes/chords/beats and their approximate timestamps in seconds.",,97.0,"125 BPM

The audio features a consistent electronic beep sound that repeats at regular intervals. The first beep occurs at 0.00 seconds, and the last one at 14.48 seconds. The intervals between the beeps are approximately equal, suggesting a steady rhythm. The consistent timing of the beeps indicates a tempo of 125 beats per minute.",,,,"{""bpm"": 97.0, ""meter"": ""4/4"", ""n_bars"": 5}"
tempo_bpm/tempo_051::audio::explain,tempo_bpm/tempo_051,tempo_bpm,audio,explain,1,stimuli/tempo/tempo_051.wav,"Estimate the BPM (beats per minute) of this rhythm. Reply with just the number.
First give your answer. Then explain exactly what you heard that supports it: name the specific notes/chords/beats and their approximate timestamps in seconds.",,183.5,"120 BPM

The rhythm consists of a repeating pattern of two notes, with a short rest in between. The first note is a high-pitched tone, and the second note is a slightly lower tone. The pattern repeats every 0.5 seconds, which corresponds to a tempo of 120 beats per minute.",,,,"{""bpm"": 183.5, ""meter"": ""4/4"", ""n_bars"": 8}"
tuning_judgment/tune_0000::audio::explain,tuning_judgment/tune_0000,tuning_judgment,audio,explain,2,stimuli/tuning/tune_0000.wav,"Is the note you hear in tune or out of tune relative to standard Western tuning?
First give your answer. Then explain exactly what you heard that supports it: name the specific notes/chords/beats and their approximate timestamps in seconds.",,in tune,"The note is out of tune relative to standard Western tuning.

The audio contains a note that is approximately in the key of A♯4, which is slightly flat relative to the standard Western tuning. The note is played from approximately 0.00 to 1.00 seconds.",,,,"{""base_midi"": 70, ""base_name"": ""A#4"", ""detune_cents"": 0, ""midi_exact"": 70.0, ""sign"": 1}"
tuning_judgment/tune_0002::audio::explain,tuning_judgment/tune_0002,tuning_judgment,audio,explain,1,stimuli/tuning/tune_0002.wav,"Listen to this note. Would it match a key on a well-tuned piano, or is it off-pitch (between piano notes)?
First give your answer. Then explain exactly what you heard that supports it: name the specific notes/chords/beats and their approximate timestamps in seconds.",,in tune,"The note is off-pitch. It is between the notes F4 and F#4.

The audio contains a note that is slightly higher than F4. It is played from approximately 0.00 to 1.00 seconds.",,,,"{""base_midi"": 65, ""base_name"": ""F4"", ""detune_cents"": 0, ""midi_exact"": 65.0, ""sign"": 1}"
tuning_judgment/tune_0012::audio::explain,tuning_judgment/tune_0012,tuning_judgment,audio,explain,1,stimuli/tuning/tune_0012.wav,"Listen to this note. Would it match a key on a well-tuned piano, or is it off-pitch (between piano notes)?
First give your answer. Then explain exactly what you heard that supports it: name the specific notes/chords/beats and their approximate timestamps in seconds.",,in tune,"The note is off-pitch. It is between the notes B3 and B4 on a piano.

The specific note is approximately B3, which is the third octave B note. It is played from 0.00 to 1.00 seconds.",,,,"{""base_midi"": 59, ""base_name"": ""B3"", ""detune_cents"": 0, ""midi_exact"": 59.0, ""sign"": -1}"
tuning_judgment/tune_0019::audio::explain,tuning_judgment/tune_0019,tuning_judgment,audio,explain,0,stimuli/tuning/tune_0019.wav,"A single note is played. Is it in tune (matching standard concert pitch, like a piano note) or out of tune?
First give your answer. Then explain exactly what you heard that supports it: name the specific notes/chords/beats and their approximate timestamps in seconds.",,in tune,"The note is in tune.

The audio features a single note played on a synthesizer, which is tuned to match the standard concert pitch. The note is C5, which is the fifth octave C note. It is played from approximately 0.00 to 1.00 seconds.",,,,"{""base_midi"": 72, ""base_name"": ""C5"", ""detune_cents"": 0, ""midi_exact"": 72.0, ""sign"": -1}"
tuning_judgment/tune_0022::audio::explain,tuning_judgment/tune_0022,tuning_judgment,audio,explain,2,stimuli/tuning/tune_0022.wav,"Is the note you hear in tune or out of tune relative to standard Western tuning?
First give your answer. Then explain exactly what you heard that supports it: name the specific notes/chords/beats and their approximate timestamps in seconds.",,in tune,"The note is out of tune relative to standard Western tuning.

The audio contains a note that is approximately G♯3, which occurs from 0.00 to 1.00 seconds. This note is out of tune because it does not match the standard pitch for G♯3 in Western music, which is 392 Hz. The note played is slightly higher than the standard pitch, indicating it is out of tune.",,,,"{""base_midi"": 56, ""base_name"": ""G#3"", ""detune_cents"": 0, ""midi_exact"": 56.0, ""sign"": -1}"
tuning_judgment/tune_0043::audio::explain,tuning_judgment/tune_0043,tuning_judgment,audio,explain,1,stimuli/tuning/tune_0043.wav,"Listen to this note. Would it match a key on a well-tuned piano, or is it off-pitch (between piano notes)?
First give your answer. Then explain exactly what you heard that supports it: name the specific notes/chords/beats and their approximate timestamps in seconds.",,in tune,"The note is off-pitch. It is between the notes G♯3 and A4.

The audio contains a single note that is slightly off-pitch. It is played from approximately 0.00 to 1.00 seconds. The note is a G♯3, but it is slightly flat, meaning it is below the standard pitch of G♯3.",,,,"{""base_midi"": 56, ""base_name"": ""G#3"", ""detune_cents"": 0, ""midi_exact"": 56.0, ""sign"": 1}"
tuning_judgment/tune_0044::audio::explain,tuning_judgment/tune_0044,tuning_judgment,audio,explain,1,stimuli/tuning/tune_0044.wav,"Listen to this note. Would it match a key on a well-tuned piano, or is it off-pitch (between piano notes)?
First give your answer. Then explain exactly what you heard that supports it: name the specific notes/chords/beats and their approximate timestamps in seconds.",,in tune,"The note is off-pitch. It is between the notes D♯4 and E4.

The specific note is approximately D♯4, which is the note played at 0.00-0.50 seconds. The note is slightly flat, meaning it is below the standard pitch of D♯4.",,,,"{""base_midi"": 75, ""base_name"": ""D#5"", ""detune_cents"": 0, ""midi_exact"": 75.0, ""sign"": 1}"
tuning_judgment/tune_0072::audio::explain,tuning_judgment/tune_0072,tuning_judgment,audio,explain,0,stimuli/tuning/tune_0072.wav,"A single note is played. Is it in tune (matching standard concert pitch, like a piano note) or out of tune?
First give your answer. Then explain exactly what you heard that supports it: name the specific notes/chords/beats and their approximate timestamps in seconds.",,out of tune,"The note is out of tune.

The audio contains a single note played at approximately 0.00 to 1.99 seconds. This note is a C♯5, which is not in standard concert pitch. In standard concert pitch, a C♯5 should be at a frequency of 739.99 Hz, but the note played in the audio is at a frequency of 737.00 Hz, which is slightly out of tune.",,,,"{""base_midi"": 73, ""base_name"": ""C#5"", ""detune_cents"": 10, ""midi_exact"": 72.9, ""sign"": -1}"
tuning_judgment/tune_0086::audio::explain,tuning_judgment/tune_0086,tuning_judgment,audio,explain,2,stimuli/tuning/tune_0086.wav,"Is the note you hear in tune or out of tune relative to standard Western tuning?
First give your answer. Then explain exactly what you heard that supports it: name the specific notes/chords/beats and their approximate timestamps in seconds.",,out of tune,"The note is out of tune relative to standard Western tuning.

The audio contains a note that is approximately D♯4, which occurs from 0.00 to 1.00 seconds. This note is out of tune because it does not match the standard pitch for D♯4 in Western music, which is approximately 295.99 Hz.",,,,"{""base_midi"": 63, ""base_name"": ""D#4"", ""detune_cents"": 20, ""midi_exact"": 62.8, ""sign"": -1}"
tuning_judgment/tune_0088::audio::explain,tuning_judgment/tune_0088,tuning_judgment,audio,explain,2,stimuli/tuning/tune_0088.wav,"Is the note you hear in tune or out of tune relative to standard Western tuning?
First give your answer. Then explain exactly what you heard that supports it: name the specific notes/chords/beats and their approximate timestamps in seconds.",,out of tune,"The note is out of tune relative to standard Western tuning.

The audio contains a note that is approximately E3, which is the third octave of the E note. The note is played from 0.00 to 1.00 seconds. This note is out of tune because it does not match the frequency of the standard E3 note, which is 164.81 Hz.",,,,"{""base_midi"": 52, ""base_name"": ""E3"", ""detune_cents"": 20, ""midi_exact"": 51.8, ""sign"": -1}"
tuning_judgment/tune_0098::audio::explain,tuning_judgment/tune_0098,tuning_judgment,audio,explain,0,stimuli/tuning/tune_0098.wav,"A single note is played. Is it in tune (matching standard concert pitch, like a piano note) or out of tune?
First give your answer. Then explain exactly what you heard that supports it: name the specific notes/chords/beats and their approximate timestamps in seconds.",,out of tune,"The note is in tune.

The audio features a single note played on a synthesizer, which is tuned to match the standard concert pitch. The note is D♯5, which is played from approximately 0.00 to 1.00 seconds.",,,,"{""base_midi"": 74, ""base_name"": ""D5"", ""detune_cents"": 35, ""midi_exact"": 73.65, ""sign"": -1}"
tuning_judgment/tune_0100::audio::explain,tuning_judgment/tune_0100,tuning_judgment,audio,explain,1,stimuli/tuning/tune_0100.wav,"Listen to this note. Would it match a key on a well-tuned piano, or is it off-pitch (between piano notes)?
First give your answer. Then explain exactly what you heard that supports it: name the specific notes/chords/beats and their approximate timestamps in seconds.",,out of tune,"The note is off-pitch. It is between the notes C4 and C5 on a piano.

The audio contains a note that is slightly higher than C4 and slightly lower than C5. The note is played from approximately 0.00 to 1.00 seconds.",,,,"{""base_midi"": 60, ""base_name"": ""C4"", ""detune_cents"": 35, ""midi_exact"": 59.65, ""sign"": -1}"
tuning_judgment/tune_0101::audio::explain,tuning_judgment/tune_0101,tuning_judgment,audio,explain,2,stimuli/tuning/tune_0101.wav,"Is the note you hear in tune or out of tune relative to standard Western tuning?
First give your answer. Then explain exactly what you heard that supports it: name the specific notes/chords/beats and their approximate timestamps in seconds.",,out of tune,"The note is out of tune relative to standard Western tuning.

The audio contains a note that is approximately F♯4, which occurs from 0.00 to 1.00 seconds. This note is out of tune because it does not match the standard pitch for F♯4 in Western music, which is 185.00 Hz.",,,,"{""base_midi"": 65, ""base_name"": ""F4"", ""detune_cents"": 35, ""midi_exact"": 65.35, ""sign"": 1}"
tuning_judgment/tune_0105::audio::explain,tuning_judgment/tune_0105,tuning_judgment,audio,explain,2,stimuli/tuning/tune_0105.wav,"Is the note you hear in tune or out of tune relative to standard Western tuning?
First give your answer. Then explain exactly what you heard that supports it: name the specific notes/chords/beats and their approximate timestamps in seconds.",,out of tune,"The note is out of tune relative to standard Western tuning.

The audio contains a note that is approximately in the key of E4, which is a standard note in Western music. However, the pitch of the note is slightly higher than the standard pitch for E4, which is 659.255 Hz. The note is played from approximately 0.00 to 1.00 seconds.",,,,"{""base_midi"": 65, ""base_name"": ""F4"", ""detune_cents"": 50, ""midi_exact"": 64.5, ""sign"": -1}"
tuning_judgment/tune_0116::audio::explain,tuning_judgment/tune_0116,tuning_judgment,audio,explain,0,stimuli/tuning/tune_0116.wav,"A single note is played. Is it in tune (matching standard concert pitch, like a piano note) or out of tune?
First give your answer. Then explain exactly what you heard that supports it: name the specific notes/chords/beats and their approximate timestamps in seconds.",,out of tune,"The note is out of tune.

The audio contains a single note that is played from approximately 0.00 to 1.00 seconds. This note is a B3, which is not in standard concert pitch. In standard concert pitch, the B3 note should be at 466.16 Hz, but the note played in the audio is at a frequency of 466.16 Hz + 0.00 Hz, which is the same as the standard pitch. However, the note is played with a slight vibrato, which is a variation in pitch that is not present in standard concert pitch. This slight vibrato indicates that the note is not in tune.",,,,"{""base_midi"": 58, ""base_name"": ""A#3"", ""detune_cents"": 50, ""midi_exact"": 58.5, ""sign"": 1}"
tuning_judgment/tune_0119::audio::explain,tuning_judgment/tune_0119,tuning_judgment,audio,explain,2,stimuli/tuning/tune_0119.wav,"Is the note you hear in tune or out of tune relative to standard Western tuning?
First give your answer. Then explain exactly what you heard that supports it: name the specific notes/chords/beats and their approximate timestamps in seconds.",,out of tune,"The note is out of tune relative to standard Western tuning.

The audio contains a note that is approximately D♯4, which occurs from 0.00 to 1.00 seconds. This note is out of tune because it does not match the standard pitch for D♯4 in Western music, which is approximately 295.99 Hz.",,,,"{""base_midi"": 62, ""base_name"": ""D4"", ""detune_cents"": 50, ""midi_exact"": 62.5, ""sign"": 1}"
