job_id,stimulus_id,task,condition,format,paraphrase_idx,audio_path,prompt,options,ground_truth,raw_response,parsed,correct,error,factors
mode_id/blues_57_bare_scale::audio::mcq,mode_id/blues_57_bare_scale,mode_id,audio,mcq,1,stimuli/mode/blues_57_bare_scale.wav,"Listen to the clip. Which scale/mode is being used?
A. blues scale
B. Lydian
C. major
D. Locrian
Answer with the letter of the correct option only (A, B, C, or D). Do not explain.",blues scale|Lydian|major|Locrian,blues scale,C,major,False,,"{""form"": ""bare_scale"", ""mode"": ""blues"", ""program"": ""violin"", ""soundfont"": ""timgm"", ""tonic_midi"": 57}"
mode_id/blues_57_bare_scale::audio::explain,mode_id/blues_57_bare_scale,mode_id,audio,explain,1,stimuli/mode/blues_57_bare_scale.wav,"Listen to the clip. Which scale/mode is being used?
First give your answer. Then explain exactly what you heard that supports it: name the specific notes/chords/beats and their approximate timestamps in seconds.",,blues scale,"The scale/mode being used is A minor. 

The audio features a melody that starts with a high A (A4) at 0:00, followed by a C (C4) at 0:02, then a D (D4) at 0:04, and finally an E (E4) at 0:06. This sequence of notes is characteristic of the A minor scale.",,,,"{""form"": ""bare_scale"", ""mode"": ""blues"", ""program"": ""violin"", ""soundfont"": ""timgm"", ""tonic_midi"": 57}"
mode_id/blues_57_melody_drone::audio::mcq,mode_id/blues_57_melody_drone,mode_id,audio,mcq,0,stimuli/mode/blues_57_melody_drone.wav,"What scale or mode is this music based on?
A. blues scale
B. major
C. melodic minor
D. Locrian
Answer with the letter of the correct option only (A, B, C, or D). Do not explain.",blues scale|major|melodic minor|Locrian,blues scale,D,Locrian,False,,"{""form"": ""melody_drone"", ""mode"": ""blues"", ""program"": ""synth_lead"", ""soundfont"": ""timgm"", ""tonic_midi"": 57}"
mode_id/blues_60_bare_scale::audio::mcq,mode_id/blues_60_bare_scale,mode_id,audio,mcq,0,stimuli/mode/blues_60_bare_scale.wav,"What scale or mode is this music based on?
A. Phrygian
B. major pentatonic
C. natural minor
D. blues scale
Answer with the letter of the correct option only (A, B, C, or D). Do not explain.",Phrygian|major pentatonic|natural minor|blues scale,blues scale,C,natural minor,False,,"{""form"": ""bare_scale"", ""mode"": ""blues"", ""program"": ""flute"", ""soundfont"": ""musescore"", ""tonic_midi"": 60}"
mode_id/blues_60_bare_scale::audio::open,mode_id/blues_60_bare_scale,mode_id,audio,open,2,stimuli/mode/blues_60_bare_scale.wav,"Identify the mode or scale type of this passage.
Give a short, direct answer.",,blues scale,major,major,False,,"{""form"": ""bare_scale"", ""mode"": ""blues"", ""program"": ""flute"", ""soundfont"": ""musescore"", ""tonic_midi"": 60}"
mode_id/blues_60_melody_drone::audio::mcq,mode_id/blues_60_melody_drone,mode_id,audio,mcq,0,stimuli/mode/blues_60_melody_drone.wav,"What scale or mode is this music based on?
A. Lydian
B. Dorian
C. blues scale
D. major
Answer with the letter of the correct option only (A, B, C, or D). Do not explain.",Lydian|Dorian|blues scale|major,blues scale,B,Dorian,False,,"{""form"": ""melody_drone"", ""mode"": ""blues"", ""program"": ""flute"", ""soundfont"": ""timgm"", ""tonic_midi"": 60}"
mode_id/blues_60_melody_drone::audio::open,mode_id/blues_60_melody_drone,mode_id,audio,open,1,stimuli/mode/blues_60_melody_drone.wav,"Listen to the clip. Which scale/mode is being used?
Give a short, direct answer.",,blues scale,B major,B major,False,,"{""form"": ""melody_drone"", ""mode"": ""blues"", ""program"": ""flute"", ""soundfont"": ""timgm"", ""tonic_midi"": 60}"
mode_id/blues_62_bare_scale::audio::mcq,mode_id/blues_62_bare_scale,mode_id,audio,mcq,0,stimuli/mode/blues_62_bare_scale.wav,"What scale or mode is this music based on?
A. blues scale
B. natural minor
C. Mixolydian
D. melodic minor
Answer with the letter of the correct option only (A, B, C, or D). Do not explain.",blues scale|natural minor|Mixolydian|melodic minor,blues scale,C,Mixolydian,False,,"{""form"": ""bare_scale"", ""mode"": ""blues"", ""program"": ""synth_lead"", ""soundfont"": ""timgm"", ""tonic_midi"": 62}"
mode_id/blues_62_melody_drone::audio::mcq,mode_id/blues_62_melody_drone,mode_id,audio,mcq,2,stimuli/mode/blues_62_melody_drone.wav,"Identify the mode or scale type of this passage.
A. whole-tone
B. blues scale
C. Mixolydian
D. major
Answer with the letter of the correct option only (A, B, C, or D). Do not explain.",whole-tone|blues scale|Mixolydian|major,blues scale,C,Mixolydian,False,,"{""form"": ""melody_drone"", ""mode"": ""blues"", ""program"": ""piano"", ""soundfont"": ""fluidr3"", ""tonic_midi"": 62}"
mode_id/blues_64_bare_scale::audio::mcq,mode_id/blues_64_bare_scale,mode_id,audio,mcq,0,stimuli/mode/blues_64_bare_scale.wav,"What scale or mode is this music based on?
A. whole-tone
B. melodic minor
C. blues scale
D. Phrygian
Answer with the letter of the correct option only (A, B, C, or D). Do not explain.",whole-tone|melodic minor|blues scale|Phrygian,blues scale,D,Phrygian,False,,"{""form"": ""bare_scale"", ""mode"": ""blues"", ""program"": ""synth_lead"", ""soundfont"": ""timgm"", ""tonic_midi"": 64}"
mode_id/blues_64_bare_scale::audio::explain,mode_id/blues_64_bare_scale,mode_id,audio,explain,1,stimuli/mode/blues_64_bare_scale.wav,"Listen to the clip. Which scale/mode is being used?
First give your answer. Then explain exactly what you heard that supports it: name the specific notes/chords/beats and their approximate timestamps in seconds.",,blues scale,"The scale/mode being used is D major.

I heard a melody that starts with a D major chord, which is played from 0.00 to 0.33 seconds. This is followed by a series of notes that ascend and descend within the D major scale, creating a harmonious and uplifting melody. The melody continues with a series of notes that are all within the D major scale, including G, A, B, and E, which are played from 0.33 to 6.81 seconds. The melody then returns to the D major chord, which is played from 6.81 to 8.81 seconds.",,,,"{""form"": ""bare_scale"", ""mode"": ""blues"", ""program"": ""synth_lead"", ""soundfont"": ""timgm"", ""tonic_midi"": 64}"
mode_id/blues_64_melody_drone::audio::mcq,mode_id/blues_64_melody_drone,mode_id,audio,mcq,0,stimuli/mode/blues_64_melody_drone.wav,"What scale or mode is this music based on?
A. Phrygian
B. melodic minor
C. Locrian
D. blues scale
Answer with the letter of the correct option only (A, B, C, or D). Do not explain.",Phrygian|melodic minor|Locrian|blues scale,blues scale,A,Phrygian,False,,"{""form"": ""melody_drone"", ""mode"": ""blues"", ""program"": ""flute"", ""soundfont"": ""musescore"", ""tonic_midi"": 64}"
mode_id/dorian_57_bare_scale::audio::mcq,mode_id/dorian_57_bare_scale,mode_id,audio,mcq,0,stimuli/mode/dorian_57_bare_scale.wav,"What scale or mode is this music based on?
A. major pentatonic
B. Dorian
C. Locrian
D. blues scale
Answer with the letter of the correct option only (A, B, C, or D). Do not explain.",major pentatonic|Dorian|Locrian|blues scale,Dorian,B,Dorian,True,,"{""form"": ""bare_scale"", ""mode"": ""dorian"", ""program"": ""piano"", ""soundfont"": ""fluidr3"", ""tonic_midi"": 57}"
mode_id/dorian_57_melody_drone::audio::mcq,mode_id/dorian_57_melody_drone,mode_id,audio,mcq,2,stimuli/mode/dorian_57_melody_drone.wav,"Identify the mode or scale type of this passage.
A. Dorian
B. Phrygian
C. melodic minor
D. natural minor
Answer with the letter of the correct option only (A, B, C, or D). Do not explain.",Dorian|Phrygian|melodic minor|natural minor,Dorian,C,melodic minor,False,,"{""form"": ""melody_drone"", ""mode"": ""dorian"", ""program"": ""synth_lead"", ""soundfont"": ""fluidr3"", ""tonic_midi"": 57}"
mode_id/dorian_60_bare_scale::audio::mcq,mode_id/dorian_60_bare_scale,mode_id,audio,mcq,2,stimuli/mode/dorian_60_bare_scale.wav,"Identify the mode or scale type of this passage.
A. minor pentatonic
B. natural minor
C. Dorian
D. Phrygian
Answer with the letter of the correct option only (A, B, C, or D). Do not explain.",minor pentatonic|natural minor|Dorian|Phrygian,Dorian,B,natural minor,False,,"{""form"": ""bare_scale"", ""mode"": ""dorian"", ""program"": ""piano"", ""soundfont"": ""musescore"", ""tonic_midi"": 60}"
mode_id/dorian_60_melody_drone::audio::mcq,mode_id/dorian_60_melody_drone,mode_id,audio,mcq,0,stimuli/mode/dorian_60_melody_drone.wav,"What scale or mode is this music based on?
A. harmonic minor
B. natural minor
C. Dorian
D. Phrygian
Answer with the letter of the correct option only (A, B, C, or D). Do not explain.",harmonic minor|natural minor|Dorian|Phrygian,Dorian,C,Dorian,True,,"{""form"": ""melody_drone"", ""mode"": ""dorian"", ""program"": ""flute"", ""soundfont"": ""fluidr3"", ""tonic_midi"": 60}"
mode_id/dorian_62_bare_scale::audio::mcq,mode_id/dorian_62_bare_scale,mode_id,audio,mcq,1,stimuli/mode/dorian_62_bare_scale.wav,"Listen to the clip. Which scale/mode is being used?
A. blues scale
B. Dorian
C. melodic minor
D. major pentatonic
Answer with the letter of the correct option only (A, B, C, or D). Do not explain.",blues scale|Dorian|melodic minor|major pentatonic,Dorian,B,Dorian,True,,"{""form"": ""bare_scale"", ""mode"": ""dorian"", ""program"": ""piano"", ""soundfont"": ""musescore"", ""tonic_midi"": 62}"
mode_id/dorian_62_melody_drone::audio::mcq,mode_id/dorian_62_melody_drone,mode_id,audio,mcq,0,stimuli/mode/dorian_62_melody_drone.wav,"What scale or mode is this music based on?
A. Mixolydian
B. natural minor
C. Dorian
D. Phrygian
Answer with the letter of the correct option only (A, B, C, or D). Do not explain.",Mixolydian|natural minor|Dorian|Phrygian,Dorian,B,natural minor,False,,"{""form"": ""melody_drone"", ""mode"": ""dorian"", ""program"": ""piano"", ""soundfont"": ""timgm"", ""tonic_midi"": 62}"
mode_id/dorian_64_bare_scale::audio::mcq,mode_id/dorian_64_bare_scale,mode_id,audio,mcq,2,stimuli/mode/dorian_64_bare_scale.wav,"Identify the mode or scale type of this passage.
A. harmonic minor
B. whole-tone
C. major
D. Dorian
Answer with the letter of the correct option only (A, B, C, or D). Do not explain.",harmonic minor|whole-tone|major|Dorian,Dorian,C,major,False,,"{""form"": ""bare_scale"", ""mode"": ""dorian"", ""program"": ""piano"", ""soundfont"": ""timgm"", ""tonic_midi"": 64}"
mode_id/dorian_64_melody_drone::audio::mcq,mode_id/dorian_64_melody_drone,mode_id,audio,mcq,1,stimuli/mode/dorian_64_melody_drone.wav,"Listen to the clip. Which scale/mode is being used?
A. major pentatonic
B. major
C. Dorian
D. whole-tone
Answer with the letter of the correct option only (A, B, C, or D). Do not explain.",major pentatonic|major|Dorian|whole-tone,Dorian,C,Dorian,True,,"{""form"": ""melody_drone"", ""mode"": ""dorian"", ""program"": ""flute"", ""soundfont"": ""timgm"", ""tonic_midi"": 64}"
mode_id/dorian_64_melody_drone::audio::explain,mode_id/dorian_64_melody_drone,mode_id,audio,explain,1,stimuli/mode/dorian_64_melody_drone.wav,"Listen to the clip. Which scale/mode is being used?
First give your answer. Then explain exactly what you heard that supports it: name the specific notes/chords/beats and their approximate timestamps in seconds.",,Dorian,"The scale/mode being used is E minor.

The melody begins with a flute playing a descending pattern starting from a high E (E5) at approximately 0.2 seconds, followed by a G (G5) at around 0.4 seconds, and then an A (A5) at about 0.6 seconds. This pattern repeats with slight variations, including a D (D5) at around 1.0 seconds, a C (C5) at approximately 1.2 seconds, and a B (B5) at around 1.4 seconds. The melody then returns to the initial E (E5) at about 1.6 seconds, followed by a G (G5) at around 1.8 seconds, and an A (A5) at approximately 2.0 seconds. This sequence of notes is characteristic of the E minor scale, which includes the notes E, G, A, B, C, D, and E.",,,,"{""form"": ""melody_drone"", ""mode"": ""dorian"", ""program"": ""flute"", ""soundfont"": ""timgm"", ""tonic_midi"": 64}"
mode_id/harmonic_minor_57_bare_scale::audio::mcq,mode_id/harmonic_minor_57_bare_scale,mode_id,audio,mcq,1,stimuli/mode/harmonic_minor_57_bare_scale.wav,"Listen to the clip. Which scale/mode is being used?
A. blues scale
B. Locrian
C. natural minor
D. harmonic minor
Answer with the letter of the correct option only (A, B, C, or D). Do not explain.",blues scale|Locrian|natural minor|harmonic minor,harmonic minor,C,natural minor,False,,"{""form"": ""bare_scale"", ""mode"": ""harmonic_minor"", ""program"": ""piano"", ""soundfont"": ""musescore"", ""tonic_midi"": 57}"
mode_id/harmonic_minor_57_bare_scale::audio::open,mode_id/harmonic_minor_57_bare_scale,mode_id,audio,open,0,stimuli/mode/harmonic_minor_57_bare_scale.wav,"What scale or mode is this music based on?
Give a short, direct answer.",,harmonic minor,A minor,A minor,False,,"{""form"": ""bare_scale"", ""mode"": ""harmonic_minor"", ""program"": ""piano"", ""soundfont"": ""musescore"", ""tonic_midi"": 57}"
mode_id/harmonic_minor_57_melody_drone::audio::mcq,mode_id/harmonic_minor_57_melody_drone,mode_id,audio,mcq,0,stimuli/mode/harmonic_minor_57_melody_drone.wav,"What scale or mode is this music based on?
A. Mixolydian
B. major
C. natural minor
D. harmonic minor
Answer with the letter of the correct option only (A, B, C, or D). Do not explain.",Mixolydian|major|natural minor|harmonic minor,harmonic minor,C,natural minor,False,,"{""form"": ""melody_drone"", ""mode"": ""harmonic_minor"", ""program"": ""flute"", ""soundfont"": ""musescore"", ""tonic_midi"": 57}"
mode_id/harmonic_minor_60_bare_scale::audio::mcq,mode_id/harmonic_minor_60_bare_scale,mode_id,audio,mcq,1,stimuli/mode/harmonic_minor_60_bare_scale.wav,"Listen to the clip. Which scale/mode is being used?
A. natural minor
B. Dorian
C. harmonic minor
D. melodic minor
Answer with the letter of the correct option only (A, B, C, or D). Do not explain.",natural minor|Dorian|harmonic minor|melodic minor,harmonic minor,B,Dorian,False,,"{""form"": ""bare_scale"", ""mode"": ""harmonic_minor"", ""program"": ""piano"", ""soundfont"": ""musescore"", ""tonic_midi"": 60}"
mode_id/harmonic_minor_60_bare_scale::audio::open,mode_id/harmonic_minor_60_bare_scale,mode_id,audio,open,1,stimuli/mode/harmonic_minor_60_bare_scale.wav,"Listen to the clip. Which scale/mode is being used?
Give a short, direct answer.",,harmonic minor,C minor,C minor,False,,"{""form"": ""bare_scale"", ""mode"": ""harmonic_minor"", ""program"": ""piano"", ""soundfont"": ""musescore"", ""tonic_midi"": 60}"
mode_id/harmonic_minor_60_bare_scale::audio::explain,mode_id/harmonic_minor_60_bare_scale,mode_id,audio,explain,1,stimuli/mode/harmonic_minor_60_bare_scale.wav,"Listen to the clip. Which scale/mode is being used?
First give your answer. Then explain exactly what you heard that supports it: name the specific notes/chords/beats and their approximate timestamps in seconds.",,harmonic minor,"The scale/mode being used is C minor. The audio features a melody that includes the notes C, D, E, F, G, and A, which are characteristic of the C minor scale. The melody begins at 0.01 seconds and ends at 10.01 seconds, with the notes progressing through the scale in a typical minor key pattern.",,,,"{""form"": ""bare_scale"", ""mode"": ""harmonic_minor"", ""program"": ""piano"", ""soundfont"": ""musescore"", ""tonic_midi"": 60}"
mode_id/harmonic_minor_60_melody_drone::audio::mcq,mode_id/harmonic_minor_60_melody_drone,mode_id,audio,mcq,2,stimuli/mode/harmonic_minor_60_melody_drone.wav,"Identify the mode or scale type of this passage.
A. Locrian
B. harmonic minor
C. Lydian
D. Dorian
Answer with the letter of the correct option only (A, B, C, or D). Do not explain.",Locrian|harmonic minor|Lydian|Dorian,harmonic minor,B,harmonic minor,True,,"{""form"": ""melody_drone"", ""mode"": ""harmonic_minor"", ""program"": ""violin"", ""soundfont"": ""musescore"", ""tonic_midi"": 60}"
mode_id/harmonic_minor_60_melody_drone::audio::open,mode_id/harmonic_minor_60_melody_drone,mode_id,audio,open,1,stimuli/mode/harmonic_minor_60_melody_drone.wav,"Listen to the clip. Which scale/mode is being used?
Give a short, direct answer.",,harmonic minor,F major,F major,False,,"{""form"": ""melody_drone"", ""mode"": ""harmonic_minor"", ""program"": ""violin"", ""soundfont"": ""musescore"", ""tonic_midi"": 60}"
mode_id/harmonic_minor_62_bare_scale::audio::mcq,mode_id/harmonic_minor_62_bare_scale,mode_id,audio,mcq,2,stimuli/mode/harmonic_minor_62_bare_scale.wav,"Identify the mode or scale type of this passage.
A. whole-tone
B. harmonic minor
C. Dorian
D. major
Answer with the letter of the correct option only (A, B, C, or D). Do not explain.",whole-tone|harmonic minor|Dorian|major,harmonic minor,C,Dorian,False,,"{""form"": ""bare_scale"", ""mode"": ""harmonic_minor"", ""program"": ""synth_lead"", ""soundfont"": ""fluidr3"", ""tonic_midi"": 62}"
mode_id/harmonic_minor_62_melody_drone::audio::mcq,mode_id/harmonic_minor_62_melody_drone,mode_id,audio,mcq,1,stimuli/mode/harmonic_minor_62_melody_drone.wav,"Listen to the clip. Which scale/mode is being used?
A. Locrian
B. blues scale
C. Lydian
D. harmonic minor
Answer with the letter of the correct option only (A, B, C, or D). Do not explain.",Locrian|blues scale|Lydian|harmonic minor,harmonic minor,C,Lydian,False,,"{""form"": ""melody_drone"", ""mode"": ""harmonic_minor"", ""program"": ""flute"", ""soundfont"": ""fluidr3"", ""tonic_midi"": 62}"
mode_id/harmonic_minor_64_bare_scale::audio::mcq,mode_id/harmonic_minor_64_bare_scale,mode_id,audio,mcq,2,stimuli/mode/harmonic_minor_64_bare_scale.wav,"Identify the mode or scale type of this passage.
A. Locrian
B. whole-tone
C. Phrygian
D. harmonic minor
Answer with the letter of the correct option only (A, B, C, or D). Do not explain.",Locrian|whole-tone|Phrygian|harmonic minor,harmonic minor,C,Phrygian,False,,"{""form"": ""bare_scale"", ""mode"": ""harmonic_minor"", ""program"": ""synth_lead"", ""soundfont"": ""musescore"", ""tonic_midi"": 64}"
mode_id/harmonic_minor_64_melody_drone::audio::mcq,mode_id/harmonic_minor_64_melody_drone,mode_id,audio,mcq,0,stimuli/mode/harmonic_minor_64_melody_drone.wav,"What scale or mode is this music based on?
A. major
B. blues scale
C. harmonic minor
D. Dorian
Answer with the letter of the correct option only (A, B, C, or D). Do not explain.",major|blues scale|harmonic minor|Dorian,harmonic minor,D,Dorian,False,,"{""form"": ""melody_drone"", ""mode"": ""harmonic_minor"", ""program"": ""violin"", ""soundfont"": ""musescore"", ""tonic_midi"": 64}"
mode_id/locrian_57_bare_scale::audio::mcq,mode_id/locrian_57_bare_scale,mode_id,audio,mcq,1,stimuli/mode/locrian_57_bare_scale.wav,"Listen to the clip. Which scale/mode is being used?
A. Locrian
B. Mixolydian
C. melodic minor
D. harmonic minor
Answer with the letter of the correct option only (A, B, C, or D). Do not explain.",Locrian|Mixolydian|melodic minor|harmonic minor,Locrian,B,Mixolydian,False,,"{""form"": ""bare_scale"", ""mode"": ""locrian"", ""program"": ""piano"", ""soundfont"": ""timgm"", ""tonic_midi"": 57}"
mode_id/locrian_57_melody_drone::audio::mcq,mode_id/locrian_57_melody_drone,mode_id,audio,mcq,1,stimuli/mode/locrian_57_melody_drone.wav,"Listen to the clip. Which scale/mode is being used?
A. major
B. Phrygian
C. Locrian
D. natural minor
Answer with the letter of the correct option only (A, B, C, or D). Do not explain.",major|Phrygian|Locrian|natural minor,Locrian,B,Phrygian,False,,"{""form"": ""melody_drone"", ""mode"": ""locrian"", ""program"": ""synth_lead"", ""soundfont"": ""musescore"", ""tonic_midi"": 57}"
mode_id/locrian_57_melody_drone::audio::explain,mode_id/locrian_57_melody_drone,mode_id,audio,explain,0,stimuli/mode/locrian_57_melody_drone.wav,"What scale or mode is this music based on?
First give your answer. Then explain exactly what you heard that supports it: name the specific notes/chords/beats and their approximate timestamps in seconds.",,Locrian,"The music is based on the C major scale. 

The specific notes/chords/beats that support this are:
- C major chord at 0.25s-0.33s
- G major chord at 0.33s-0.41s
- A minor chord at 0.41s-0.49s
- C major chord at 0.49s-0.57s
- G major chord at 0.57s-0.65s
- A minor chord at 0.65s-0.73s
- C major chord at 0.73s-0.81s
- G major chord at 0.81s-0.89s
- A minor chord at 0.89s-0.97s
- C major chord at 0.97s-1.05s
- G major chord at 1.05s-1.13s
- A minor chord at 1.13s-1.21s
- C major chord at 1.21s-1.29s
- G major chord at 1.29s-1.37s
- A minor chord at 1.37s-1.45s
- C major chord at 1.45s-1.53s
- G major chord at 1.53s-1.61s
- A minor chord at 1.61s-1.69s
- C major chord at 1.69s-1.77s
- G major chord at 1.77s-1.85s
- A minor chord at 1.85s-1.93s
- C major chord at 1.93s-2.01s
- G major chord at 2.01s-2.09s
- A minor chord at 2.09s-2.17s
- C major chord at 2.17s-2.25s
- G major chord at 2.25s-2.33s
- A minor chord at 2.33s-2.41s
- C major chord at 2.41s-2.49s
- G major chord at 2.49s-2.57s
- A minor chord at 2.57s-2.65s
- C major chord at 2.65s-2.73s
- G major chord at 2.73s-2.81s
- A minor chord at 2.81s-2.89s
- C major chord at 2.89s-2.97s
- G major chord at 2.97s-3.05s
- A minor chord at 3.05s-3.13s
- C major chord at 3.13s-3.21s
- G major chord at 3.21s-3.29s
- A minor chord at 3.29s-3.37s
- C major chord at 3.37s-3.45s
- G major chord at 3.45s-3.53s
- A minor chord at 3.53s-3.61s
- C major chord at 3.61s-3.69s
- G major chord at 3.69s-3.77s
- A minor chord at 3.77s-3.85s
- C major chord at 3.85s-3.93s
- G major chord at 3.93s-4.01s
- A minor chord at 4.01s-4.09s
- C major chord at 4.09s-4.17s
- G major chord at 4.17s-4.25s
- A minor chord at 4.25s-4.33s
- C major chord at 4.33s-4.41s
- G major chord at 4.41s-4.49s
- A minor chord at 4.49s-4.57s
- C major chord at 4.57s-4.65s
- G major chord at 4.65s",,,,"{""form"": ""melody_drone"", ""mode"": ""locrian"", ""program"": ""synth_lead"", ""soundfont"": ""musescore"", ""tonic_midi"": 57}"
mode_id/locrian_60_bare_scale::audio::mcq,mode_id/locrian_60_bare_scale,mode_id,audio,mcq,0,stimuli/mode/locrian_60_bare_scale.wav,"What scale or mode is this music based on?
A. Mixolydian
B. Lydian
C. Locrian
D. Phrygian
Answer with the letter of the correct option only (A, B, C, or D). Do not explain.",Mixolydian|Lydian|Locrian|Phrygian,Locrian,D,Phrygian,False,,"{""form"": ""bare_scale"", ""mode"": ""locrian"", ""program"": ""flute"", ""soundfont"": ""musescore"", ""tonic_midi"": 60}"
mode_id/locrian_60_melody_drone::audio::mcq,mode_id/locrian_60_melody_drone,mode_id,audio,mcq,0,stimuli/mode/locrian_60_melody_drone.wav,"What scale or mode is this music based on?
A. Dorian
B. melodic minor
C. Locrian
D. major
Answer with the letter of the correct option only (A, B, C, or D). Do not explain.",Dorian|melodic minor|Locrian|major,Locrian,B,melodic minor,False,,"{""form"": ""melody_drone"", ""mode"": ""locrian"", ""program"": ""violin"", ""soundfont"": ""musescore"", ""tonic_midi"": 60}"
mode_id/locrian_62_bare_scale::audio::mcq,mode_id/locrian_62_bare_scale,mode_id,audio,mcq,1,stimuli/mode/locrian_62_bare_scale.wav,"Listen to the clip. Which scale/mode is being used?
A. harmonic minor
B. natural minor
C. Locrian
D. minor pentatonic
Answer with the letter of the correct option only (A, B, C, or D). Do not explain.",harmonic minor|natural minor|Locrian|minor pentatonic,Locrian,C,Locrian,True,,"{""form"": ""bare_scale"", ""mode"": ""locrian"", ""program"": ""piano"", ""soundfont"": ""fluidr3"", ""tonic_midi"": 62}"
mode_id/locrian_62_bare_scale::audio::open,mode_id/locrian_62_bare_scale,mode_id,audio,open,2,stimuli/mode/locrian_62_bare_scale.wav,"Identify the mode or scale type of this passage.
Give a short, direct answer.",,Locrian,Major.,Major.,False,,"{""form"": ""bare_scale"", ""mode"": ""locrian"", ""program"": ""piano"", ""soundfont"": ""fluidr3"", ""tonic_midi"": 62}"
mode_id/locrian_62_melody_drone::audio::mcq,mode_id/locrian_62_melody_drone,mode_id,audio,mcq,0,stimuli/mode/locrian_62_melody_drone.wav,"What scale or mode is this music based on?
A. Dorian
B. minor pentatonic
C. Mixolydian
D. Locrian
Answer with the letter of the correct option only (A, B, C, or D). Do not explain.",Dorian|minor pentatonic|Mixolydian|Locrian,Locrian,B,minor pentatonic,False,,"{""form"": ""melody_drone"", ""mode"": ""locrian"", ""program"": ""violin"", ""soundfont"": ""fluidr3"", ""tonic_midi"": 62}"
mode_id/locrian_64_bare_scale::audio::mcq,mode_id/locrian_64_bare_scale,mode_id,audio,mcq,2,stimuli/mode/locrian_64_bare_scale.wav,"Identify the mode or scale type of this passage.
A. Locrian
B. Phrygian
C. harmonic minor
D. major pentatonic
Answer with the letter of the correct option only (A, B, C, or D). Do not explain.",Locrian|Phrygian|harmonic minor|major pentatonic,Locrian,B,Phrygian,False,,"{""form"": ""bare_scale"", ""mode"": ""locrian"", ""program"": ""flute"", ""soundfont"": ""timgm"", ""tonic_midi"": 64}"
mode_id/locrian_64_bare_scale::audio::open,mode_id/locrian_64_bare_scale,mode_id,audio,open,1,stimuli/mode/locrian_64_bare_scale.wav,"Listen to the clip. Which scale/mode is being used?
Give a short, direct answer.",,Locrian,D minor.,D minor.,False,,"{""form"": ""bare_scale"", ""mode"": ""locrian"", ""program"": ""flute"", ""soundfont"": ""timgm"", ""tonic_midi"": 64}"
mode_id/locrian_64_bare_scale::audio::explain,mode_id/locrian_64_bare_scale,mode_id,audio,explain,0,stimuli/mode/locrian_64_bare_scale.wav,"What scale or mode is this music based on?
First give your answer. Then explain exactly what you heard that supports it: name the specific notes/chords/beats and their approximate timestamps in seconds.",,Locrian,"The music is based on the D minor scale.

From 0.23 to 7.23 seconds, the music features a flute playing a melody that follows the D minor scale. The specific notes played are D, E, F, G, A, B, and C, which are all part of the D minor scale.",,,,"{""form"": ""bare_scale"", ""mode"": ""locrian"", ""program"": ""flute"", ""soundfont"": ""timgm"", ""tonic_midi"": 64}"
mode_id/locrian_64_melody_drone::audio::mcq,mode_id/locrian_64_melody_drone,mode_id,audio,mcq,2,stimuli/mode/locrian_64_melody_drone.wav,"Identify the mode or scale type of this passage.
A. minor pentatonic
B. Locrian
C. natural minor
D. Dorian
Answer with the letter of the correct option only (A, B, C, or D). Do not explain.",minor pentatonic|Locrian|natural minor|Dorian,Locrian,C,natural minor,False,,"{""form"": ""melody_drone"", ""mode"": ""locrian"", ""program"": ""flute"", ""soundfont"": ""timgm"", ""tonic_midi"": 64}"
mode_id/locrian_64_melody_drone::audio::explain,mode_id/locrian_64_melody_drone,mode_id,audio,explain,2,stimuli/mode/locrian_64_melody_drone.wav,"Identify the mode or scale type of this passage.
First give your answer. Then explain exactly what you heard that supports it: name the specific notes/chords/beats and their approximate timestamps in seconds.",,Locrian,"The mode of this passage is C major. The specific notes/chords/beats that support this are: C major (0.00-0.20), G major (0.20-0.40), F major (0.40-0.60), C major (0.60-0.80), D major (0.80-1.00), E major (1.00-1.20), F major (1.20-1.40), G major (1.40-1.60), C major (1.60-1.80), D major (1.80-2.00), E major (2.00-2.20), F major (2.20-2.40), G major (2.40-2.60), C major (2.60-2.80), D major (2.80-3.00), E major (3.00-3.20), F major (3.20-3.40), G major (3.40-3.60), C major (3.60-3.80), D major (3.80-4.00), E major (4.00-4.20), F major (4.20-4.40), G major (4.40-4.60), C major (4.60-4.80), D major (4.80-5.00), E major (5.00-5.20), F major (5.20-5.40), G major (5.40-5.60), C major (5.60-5.80), D major (5.80-6.00), E major (6.00-6.20), F major (6.20-6.40), G major (6.40-6.60), C major (6.60-6.80), D major (6.80-7.00), E major (7.00-7.20), F major (7.20-7.40), G major (7.40-7.60), C major (7.60-7.80), D major (7.80-8.00), E major (8.00-8.20), F major (8.20-8.40), G major (8.40-8.60), C major (8.60-8.80), D major (8.80-9.00), E major (9.00-9.20), F major (9.20-9.40), G major (9.40-9.60), C major (9.60-9.80), D major (9.80-10.00).",,,,"{""form"": ""melody_drone"", ""mode"": ""locrian"", ""program"": ""flute"", ""soundfont"": ""timgm"", ""tonic_midi"": 64}"
mode_id/lydian_57_bare_scale::audio::mcq,mode_id/lydian_57_bare_scale,mode_id,audio,mcq,0,stimuli/mode/lydian_57_bare_scale.wav,"What scale or mode is this music based on?
A. Mixolydian
B. blues scale
C. Lydian
D. major
Answer with the letter of the correct option only (A, B, C, or D). Do not explain.",Mixolydian|blues scale|Lydian|major,Lydian,A,Mixolydian,True,,"{""form"": ""bare_scale"", ""mode"": ""lydian"", ""program"": ""piano"", ""soundfont"": ""musescore"", ""tonic_midi"": 57}"
mode_id/lydian_57_melody_drone::audio::mcq,mode_id/lydian_57_melody_drone,mode_id,audio,mcq,0,stimuli/mode/lydian_57_melody_drone.wav,"What scale or mode is this music based on?
A. Phrygian
B. Mixolydian
C. Lydian
D. major pentatonic
Answer with the letter of the correct option only (A, B, C, or D). Do not explain.",Phrygian|Mixolydian|Lydian|major pentatonic,Lydian,A,Phrygian,False,,"{""form"": ""melody_drone"", ""mode"": ""lydian"", ""program"": ""synth_lead"", ""soundfont"": ""timgm"", ""tonic_midi"": 57}"
mode_id/lydian_60_bare_scale::audio::mcq,mode_id/lydian_60_bare_scale,mode_id,audio,mcq,0,stimuli/mode/lydian_60_bare_scale.wav,"What scale or mode is this music based on?
A. Mixolydian
B. blues scale
C. Lydian
D. harmonic minor
Answer with the letter of the correct option only (A, B, C, or D). Do not explain.",Mixolydian|blues scale|Lydian|harmonic minor,Lydian,A,Mixolydian,True,,"{""form"": ""bare_scale"", ""mode"": ""lydian"", ""program"": ""violin"", ""soundfont"": ""timgm"", ""tonic_midi"": 60}"
mode_id/lydian_60_melody_drone::audio::mcq,mode_id/lydian_60_melody_drone,mode_id,audio,mcq,0,stimuli/mode/lydian_60_melody_drone.wav,"What scale or mode is this music based on?
A. Lydian
B. harmonic minor
C. minor pentatonic
D. Mixolydian
Answer with the letter of the correct option only (A, B, C, or D). Do not explain.",Lydian|harmonic minor|minor pentatonic|Mixolydian,Lydian,B,harmonic minor,False,,"{""form"": ""melody_drone"", ""mode"": ""lydian"", ""program"": ""synth_lead"", ""soundfont"": ""fluidr3"", ""tonic_midi"": 60}"
mode_id/lydian_60_melody_drone::audio::open,mode_id/lydian_60_melody_drone,mode_id,audio,open,2,stimuli/mode/lydian_60_melody_drone.wav,"Identify the mode or scale type of this passage.
Give a short, direct answer.",,Lydian,major,major,False,,"{""form"": ""melody_drone"", ""mode"": ""lydian"", ""program"": ""synth_lead"", ""soundfont"": ""fluidr3"", ""tonic_midi"": 60}"
mode_id/lydian_62_bare_scale::audio::mcq,mode_id/lydian_62_bare_scale,mode_id,audio,mcq,2,stimuli/mode/lydian_62_bare_scale.wav,"Identify the mode or scale type of this passage.
A. Lydian
B. major pentatonic
C. major
D. minor pentatonic
Answer with the letter of the correct option only (A, B, C, or D). Do not explain.",Lydian|major pentatonic|major|minor pentatonic,Lydian,B,major pentatonic,False,,"{""form"": ""bare_scale"", ""mode"": ""lydian"", ""program"": ""piano"", ""soundfont"": ""timgm"", ""tonic_midi"": 62}"
mode_id/lydian_62_melody_drone::audio::mcq,mode_id/lydian_62_melody_drone,mode_id,audio,mcq,1,stimuli/mode/lydian_62_melody_drone.wav,"Listen to the clip. Which scale/mode is being used?
A. Lydian
B. Dorian
C. major
D. Phrygian
Answer with the letter of the correct option only (A, B, C, or D). Do not explain.",Lydian|Dorian|major|Phrygian,Lydian,B,Dorian,False,,"{""form"": ""melody_drone"", ""mode"": ""lydian"", ""program"": ""piano"", ""soundfont"": ""timgm"", ""tonic_midi"": 62}"
mode_id/lydian_64_bare_scale::audio::mcq,mode_id/lydian_64_bare_scale,mode_id,audio,mcq,0,stimuli/mode/lydian_64_bare_scale.wav,"What scale or mode is this music based on?
A. Phrygian
B. Dorian
C. minor pentatonic
D. Lydian
Answer with the letter of the correct option only (A, B, C, or D). Do not explain.",Phrygian|Dorian|minor pentatonic|Lydian,Lydian,C,minor pentatonic,False,,"{""form"": ""bare_scale"", ""mode"": ""lydian"", ""program"": ""synth_lead"", ""soundfont"": ""timgm"", ""tonic_midi"": 64}"
mode_id/lydian_64_bare_scale::audio::open,mode_id/lydian_64_bare_scale,mode_id,audio,open,1,stimuli/mode/lydian_64_bare_scale.wav,"Listen to the clip. Which scale/mode is being used?
Give a short, direct answer.",,Lydian,B major,B major,False,,"{""form"": ""bare_scale"", ""mode"": ""lydian"", ""program"": ""synth_lead"", ""soundfont"": ""timgm"", ""tonic_midi"": 64}"
mode_id/lydian_64_melody_drone::audio::mcq,mode_id/lydian_64_melody_drone,mode_id,audio,mcq,0,stimuli/mode/lydian_64_melody_drone.wav,"What scale or mode is this music based on?
A. major
B. Lydian
C. natural minor
D. Dorian
Answer with the letter of the correct option only (A, B, C, or D). Do not explain.",major|Lydian|natural minor|Dorian,Lydian,C,natural minor,False,,"{""form"": ""melody_drone"", ""mode"": ""lydian"", ""program"": ""violin"", ""soundfont"": ""musescore"", ""tonic_midi"": 64}"
mode_id/major_57_bare_scale::audio::mcq,mode_id/major_57_bare_scale,mode_id,audio,mcq,0,stimuli/mode/major_57_bare_scale.wav,"What scale or mode is this music based on?
A. Mixolydian
B. minor pentatonic
C. major pentatonic
D. major
Answer with the letter of the correct option only (A, B, C, or D). Do not explain.",Mixolydian|minor pentatonic|major pentatonic|major,major,C,major pentatonic,True,,"{""form"": ""bare_scale"", ""mode"": ""major"", ""program"": ""flute"", ""soundfont"": ""fluidr3"", ""tonic_midi"": 57}"
mode_id/major_57_melody_drone::audio::mcq,mode_id/major_57_melody_drone,mode_id,audio,mcq,0,stimuli/mode/major_57_melody_drone.wav,"What scale or mode is this music based on?
A. Locrian
B. major
C. natural minor
D. Mixolydian
Answer with the letter of the correct option only (A, B, C, or D). Do not explain.",Locrian|major|natural minor|Mixolydian,major,B,major,True,,"{""form"": ""melody_drone"", ""mode"": ""major"", ""program"": ""flute"", ""soundfont"": ""fluidr3"", ""tonic_midi"": 57}"
mode_id/major_57_melody_drone::audio::explain,mode_id/major_57_melody_drone,mode_id,audio,explain,2,stimuli/mode/major_57_melody_drone.wav,"Identify the mode or scale type of this passage.
First give your answer. Then explain exactly what you heard that supports it: name the specific notes/chords/beats and their approximate timestamps in seconds.",,major,"The mode of this passage is D major. The specific notes/chords/beats that support this are: D major (0.00-0.25), A major (0.25-0.50), G major (0.50-0.75), E major (0.75-1.00), D major (1.00-1.25), A major (1.25-1.50), G major (1.50-1.75), E major (1.75-2.00), D major (2.00-2.25), A major (2.25-2.50), G major (2.50-2.75), E major (2.75-3.00), D major (3.00-3.25), A major (3.25-3.50), G major (3.50-3.75), E major (3.75-4.00), D major (4.00-4.25), A major (4.25-4.50), G major (4.50-4.75), E major (4.75-5.00), D major (5.00-5.25), A major (5.25-5.50), G major (5.50-5.75), E major (5.75-6.00), D major (6.00-6.25), A major (6.25-6.50), G major (6.50-6.75), E major (6.75-7.00), D major (7.00-7.25), A major (7.25-7.50), G major (7.50-7.75), E major (7.75-8.00), D major (8.00-8.25), A major (8.25-8.50), G major (8.50-8.75), E major (8.75-9.00), D major (9.00-9.25), A major (9.25-9.50), G major (9.50-9.75), E major (9.75-10.00).",,,,"{""form"": ""melody_drone"", ""mode"": ""major"", ""program"": ""flute"", ""soundfont"": ""fluidr3"", ""tonic_midi"": 57}"
mode_id/major_60_bare_scale::audio::mcq,mode_id/major_60_bare_scale,mode_id,audio,mcq,2,stimuli/mode/major_60_bare_scale.wav,"Identify the mode or scale type of this passage.
A. harmonic minor
B. melodic minor
C. major
D. whole-tone
Answer with the letter of the correct option only (A, B, C, or D). Do not explain.",harmonic minor|melodic minor|major|whole-tone,major,C,major,True,,"{""form"": ""bare_scale"", ""mode"": ""major"", ""program"": ""piano"", ""soundfont"": ""musescore"", ""tonic_midi"": 60}"
mode_id/major_60_melody_drone::audio::mcq,mode_id/major_60_melody_drone,mode_id,audio,mcq,0,stimuli/mode/major_60_melody_drone.wav,"What scale or mode is this music based on?
A. major
B. Locrian
C. natural minor
D. Lydian
Answer with the letter of the correct option only (A, B, C, or D). Do not explain.",major|Locrian|natural minor|Lydian,major,B,Locrian,False,,"{""form"": ""melody_drone"", ""mode"": ""major"", ""program"": ""flute"", ""soundfont"": ""timgm"", ""tonic_midi"": 60}"
mode_id/major_60_melody_drone::audio::open,mode_id/major_60_melody_drone,mode_id,audio,open,0,stimuli/mode/major_60_melody_drone.wav,"What scale or mode is this music based on?
Give a short, direct answer.",,major,C major,C major,True,,"{""form"": ""melody_drone"", ""mode"": ""major"", ""program"": ""flute"", ""soundfont"": ""timgm"", ""tonic_midi"": 60}"
mode_id/major_62_bare_scale::audio::mcq,mode_id/major_62_bare_scale,mode_id,audio,mcq,0,stimuli/mode/major_62_bare_scale.wav,"What scale or mode is this music based on?
A. major
B. Mixolydian
C. Dorian
D. major pentatonic
Answer with the letter of the correct option only (A, B, C, or D). Do not explain.",major|Mixolydian|Dorian|major pentatonic,major,B,Mixolydian,False,,"{""form"": ""bare_scale"", ""mode"": ""major"", ""program"": ""violin"", ""soundfont"": ""musescore"", ""tonic_midi"": 62}"
mode_id/major_62_melody_drone::audio::mcq,mode_id/major_62_melody_drone,mode_id,audio,mcq,2,stimuli/mode/major_62_melody_drone.wav,"Identify the mode or scale type of this passage.
A. natural minor
B. melodic minor
C. major
D. Locrian
Answer with the letter of the correct option only (A, B, C, or D). Do not explain.",natural minor|melodic minor|major|Locrian,major,C,major,True,,"{""form"": ""melody_drone"", ""mode"": ""major"", ""program"": ""violin"", ""soundfont"": ""fluidr3"", ""tonic_midi"": 62}"
mode_id/major_64_bare_scale::audio::mcq,mode_id/major_64_bare_scale,mode_id,audio,mcq,1,stimuli/mode/major_64_bare_scale.wav,"Listen to the clip. Which scale/mode is being used?
A. Phrygian
B. blues scale
C. minor pentatonic
D. major
Answer with the letter of the correct option only (A, B, C, or D). Do not explain.",Phrygian|blues scale|minor pentatonic|major,major,D,major,True,,"{""form"": ""bare_scale"", ""mode"": ""major"", ""program"": ""flute"", ""soundfont"": ""musescore"", ""tonic_midi"": 64}"
mode_id/major_64_bare_scale::audio::open,mode_id/major_64_bare_scale,mode_id,audio,open,1,stimuli/mode/major_64_bare_scale.wav,"Listen to the clip. Which scale/mode is being used?
Give a short, direct answer.",,major,E major.,E major.,True,,"{""form"": ""bare_scale"", ""mode"": ""major"", ""program"": ""flute"", ""soundfont"": ""musescore"", ""tonic_midi"": 64}"
mode_id/major_64_melody_drone::audio::mcq,mode_id/major_64_melody_drone,mode_id,audio,mcq,1,stimuli/mode/major_64_melody_drone.wav,"Listen to the clip. Which scale/mode is being used?
A. major
B. Dorian
C. major pentatonic
D. Lydian
Answer with the letter of the correct option only (A, B, C, or D). Do not explain.",major|Dorian|major pentatonic|Lydian,major,B,Dorian,False,,"{""form"": ""melody_drone"", ""mode"": ""major"", ""program"": ""flute"", ""soundfont"": ""musescore"", ""tonic_midi"": 64}"
mode_id/major_64_melody_drone::audio::open,mode_id/major_64_melody_drone,mode_id,audio,open,2,stimuli/mode/major_64_melody_drone.wav,"Identify the mode or scale type of this passage.
Give a short, direct answer.",,major,major,major,True,,"{""form"": ""melody_drone"", ""mode"": ""major"", ""program"": ""flute"", ""soundfont"": ""musescore"", ""tonic_midi"": 64}"
mode_id/major_pentatonic_57_bare_scale::audio::mcq,mode_id/major_pentatonic_57_bare_scale,mode_id,audio,mcq,0,stimuli/mode/major_pentatonic_57_bare_scale.wav,"What scale or mode is this music based on?
A. major pentatonic
B. Locrian
C. whole-tone
D. Mixolydian
Answer with the letter of the correct option only (A, B, C, or D). Do not explain.",major pentatonic|Locrian|whole-tone|Mixolydian,major pentatonic,B,Locrian,False,,"{""form"": ""bare_scale"", ""mode"": ""major_pentatonic"", ""program"": ""flute"", ""soundfont"": ""timgm"", ""tonic_midi"": 57}"
mode_id/major_pentatonic_57_melody_drone::audio::mcq,mode_id/major_pentatonic_57_melody_drone,mode_id,audio,mcq,1,stimuli/mode/major_pentatonic_57_melody_drone.wav,"Listen to the clip. Which scale/mode is being used?
A. major pentatonic
B. natural minor
C. Phrygian
D. minor pentatonic
Answer with the letter of the correct option only (A, B, C, or D). Do not explain.",major pentatonic|natural minor|Phrygian|minor pentatonic,major pentatonic,C,Phrygian,False,,"{""form"": ""melody_drone"", ""mode"": ""major_pentatonic"", ""program"": ""flute"", ""soundfont"": ""musescore"", ""tonic_midi"": 57}"
mode_id/major_pentatonic_60_bare_scale::audio::mcq,mode_id/major_pentatonic_60_bare_scale,mode_id,audio,mcq,1,stimuli/mode/major_pentatonic_60_bare_scale.wav,"Listen to the clip. Which scale/mode is being used?
A. Locrian
B. major pentatonic
C. Mixolydian
D. harmonic minor
Answer with the letter of the correct option only (A, B, C, or D). Do not explain.",Locrian|major pentatonic|Mixolydian|harmonic minor,major pentatonic,B,major pentatonic,True,,"{""form"": ""bare_scale"", ""mode"": ""major_pentatonic"", ""program"": ""flute"", ""soundfont"": ""fluidr3"", ""tonic_midi"": 60}"
mode_id/major_pentatonic_60_melody_drone::audio::mcq,mode_id/major_pentatonic_60_melody_drone,mode_id,audio,mcq,2,stimuli/mode/major_pentatonic_60_melody_drone.wav,"Identify the mode or scale type of this passage.
A. Phrygian
B. harmonic minor
C. major
D. major pentatonic
Answer with the letter of the correct option only (A, B, C, or D). Do not explain.",Phrygian|harmonic minor|major|major pentatonic,major pentatonic,A,Phrygian,False,,"{""form"": ""melody_drone"", ""mode"": ""major_pentatonic"", ""program"": ""synth_lead"", ""soundfont"": ""musescore"", ""tonic_midi"": 60}"
mode_id/major_pentatonic_60_melody_drone::audio::open,mode_id/major_pentatonic_60_melody_drone,mode_id,audio,open,0,stimuli/mode/major_pentatonic_60_melody_drone.wav,"What scale or mode is this music based on?
Give a short, direct answer.",,major pentatonic,D major,D major,False,,"{""form"": ""melody_drone"", ""mode"": ""major_pentatonic"", ""program"": ""synth_lead"", ""soundfont"": ""musescore"", ""tonic_midi"": 60}"
mode_id/major_pentatonic_60_melody_drone::audio::explain,mode_id/major_pentatonic_60_melody_drone,mode_id,audio,explain,2,stimuli/mode/major_pentatonic_60_melody_drone.wav,"Identify the mode or scale type of this passage.
First give your answer. Then explain exactly what you heard that supports it: name the specific notes/chords/beats and their approximate timestamps in seconds.",,major pentatonic,"The mode is D major. The audio features a D major chord progression, with the notes D, A, and G, which are characteristic of the D major scale.",,,,"{""form"": ""melody_drone"", ""mode"": ""major_pentatonic"", ""program"": ""synth_lead"", ""soundfont"": ""musescore"", ""tonic_midi"": 60}"
mode_id/major_pentatonic_62_bare_scale::audio::mcq,mode_id/major_pentatonic_62_bare_scale,mode_id,audio,mcq,0,stimuli/mode/major_pentatonic_62_bare_scale.wav,"What scale or mode is this music based on?
A. major pentatonic
B. Mixolydian
C. Lydian
D. Locrian
Answer with the letter of the correct option only (A, B, C, or D). Do not explain.",major pentatonic|Mixolydian|Lydian|Locrian,major pentatonic,B,Mixolydian,False,,"{""form"": ""bare_scale"", ""mode"": ""major_pentatonic"", ""program"": ""synth_lead"", ""soundfont"": ""musescore"", ""tonic_midi"": 62}"
mode_id/major_pentatonic_62_bare_scale::audio::open,mode_id/major_pentatonic_62_bare_scale,mode_id,audio,open,2,stimuli/mode/major_pentatonic_62_bare_scale.wav,"Identify the mode or scale type of this passage.
Give a short, direct answer.",,major pentatonic,D major,D major,False,,"{""form"": ""bare_scale"", ""mode"": ""major_pentatonic"", ""program"": ""synth_lead"", ""soundfont"": ""musescore"", ""tonic_midi"": 62}"
mode_id/major_pentatonic_62_melody_drone::audio::mcq,mode_id/major_pentatonic_62_melody_drone,mode_id,audio,mcq,2,stimuli/mode/major_pentatonic_62_melody_drone.wav,"Identify the mode or scale type of this passage.
A. minor pentatonic
B. Lydian
C. major pentatonic
D. Phrygian
Answer with the letter of the correct option only (A, B, C, or D). Do not explain.",minor pentatonic|Lydian|major pentatonic|Phrygian,major pentatonic,C,major pentatonic,True,,"{""form"": ""melody_drone"", ""mode"": ""major_pentatonic"", ""program"": ""flute"", ""soundfont"": ""timgm"", ""tonic_midi"": 62}"
mode_id/major_pentatonic_62_melody_drone::audio::open,mode_id/major_pentatonic_62_melody_drone,mode_id,audio,open,2,stimuli/mode/major_pentatonic_62_melody_drone.wav,"Identify the mode or scale type of this passage.
Give a short, direct answer.",,major pentatonic,major,major,False,,"{""form"": ""melody_drone"", ""mode"": ""major_pentatonic"", ""program"": ""flute"", ""soundfont"": ""timgm"", ""tonic_midi"": 62}"
mode_id/major_pentatonic_64_bare_scale::audio::mcq,mode_id/major_pentatonic_64_bare_scale,mode_id,audio,mcq,1,stimuli/mode/major_pentatonic_64_bare_scale.wav,"Listen to the clip. Which scale/mode is being used?
A. major
B. Mixolydian
C. major pentatonic
D. melodic minor
Answer with the letter of the correct option only (A, B, C, or D). Do not explain.",major|Mixolydian|major pentatonic|melodic minor,major pentatonic,C,major pentatonic,True,,"{""form"": ""bare_scale"", ""mode"": ""major_pentatonic"", ""program"": ""piano"", ""soundfont"": ""fluidr3"", ""tonic_midi"": 64}"
mode_id/major_pentatonic_64_bare_scale::audio::open,mode_id/major_pentatonic_64_bare_scale,mode_id,audio,open,2,stimuli/mode/major_pentatonic_64_bare_scale.wav,"Identify the mode or scale type of this passage.
Give a short, direct answer.",,major pentatonic,E major,E major,False,,"{""form"": ""bare_scale"", ""mode"": ""major_pentatonic"", ""program"": ""piano"", ""soundfont"": ""fluidr3"", ""tonic_midi"": 64}"
mode_id/major_pentatonic_64_melody_drone::audio::mcq,mode_id/major_pentatonic_64_melody_drone,mode_id,audio,mcq,0,stimuli/mode/major_pentatonic_64_melody_drone.wav,"What scale or mode is this music based on?
A. major
B. major pentatonic
C. natural minor
D. Phrygian
Answer with the letter of the correct option only (A, B, C, or D). Do not explain.",major|major pentatonic|natural minor|Phrygian,major pentatonic,D,Phrygian,False,,"{""form"": ""melody_drone"", ""mode"": ""major_pentatonic"", ""program"": ""synth_lead"", ""soundfont"": ""timgm"", ""tonic_midi"": 64}"
mode_id/melodic_minor_57_bare_scale::audio::mcq,mode_id/melodic_minor_57_bare_scale,mode_id,audio,mcq,0,stimuli/mode/melodic_minor_57_bare_scale.wav,"What scale or mode is this music based on?
A. minor pentatonic
B. major pentatonic
C. melodic minor
D. blues scale
Answer with the letter of the correct option only (A, B, C, or D). Do not explain.",minor pentatonic|major pentatonic|melodic minor|blues scale,melodic minor,B,major pentatonic,False,,"{""form"": ""bare_scale"", ""mode"": ""melodic_minor"", ""program"": ""synth_lead"", ""soundfont"": ""fluidr3"", ""tonic_midi"": 57}"
mode_id/melodic_minor_57_melody_drone::audio::mcq,mode_id/melodic_minor_57_melody_drone,mode_id,audio,mcq,2,stimuli/mode/melodic_minor_57_melody_drone.wav,"Identify the mode or scale type of this passage.
A. major
B. Locrian
C. Lydian
D. melodic minor
Answer with the letter of the correct option only (A, B, C, or D). Do not explain.",major|Locrian|Lydian|melodic minor,melodic minor,B,Locrian,False,,"{""form"": ""melody_drone"", ""mode"": ""melodic_minor"", ""program"": ""flute"", ""soundfont"": ""timgm"", ""tonic_midi"": 57}"
mode_id/melodic_minor_57_melody_drone::audio::open,mode_id/melodic_minor_57_melody_drone,mode_id,audio,open,0,stimuli/mode/melodic_minor_57_melody_drone.wav,"What scale or mode is this music based on?
Give a short, direct answer.",,melodic minor,A major,A major,False,,"{""form"": ""melody_drone"", ""mode"": ""melodic_minor"", ""program"": ""flute"", ""soundfont"": ""timgm"", ""tonic_midi"": 57}"
mode_id/melodic_minor_60_bare_scale::audio::mcq,mode_id/melodic_minor_60_bare_scale,mode_id,audio,mcq,0,stimuli/mode/melodic_minor_60_bare_scale.wav,"What scale or mode is this music based on?
A. Locrian
B. melodic minor
C. minor pentatonic
D. whole-tone
Answer with the letter of the correct option only (A, B, C, or D). Do not explain.",Locrian|melodic minor|minor pentatonic|whole-tone,melodic minor,C,minor pentatonic,False,,"{""form"": ""bare_scale"", ""mode"": ""melodic_minor"", ""program"": ""violin"", ""soundfont"": ""fluidr3"", ""tonic_midi"": 60}"
mode_id/melodic_minor_60_bare_scale::audio::explain,mode_id/melodic_minor_60_bare_scale,mode_id,audio,explain,1,stimuli/mode/melodic_minor_60_bare_scale.wav,"Listen to the clip. Which scale/mode is being used?
First give your answer. Then explain exactly what you heard that supports it: name the specific notes/chords/beats and their approximate timestamps in seconds.",,melodic minor,"The scale/mode being used is C major.

I heard a melody that starts with a descending pattern from C5 to A4, then G4, F4, and E4. This sequence of notes is characteristic of the C major scale. The melody then ascends back up to C5, completing the scale. The specific notes/chords/beats are as follows:
- C5 (0.00-0.50)
- A4 (0.50-1.00)
- G4 (1.00-1.50)
- F4 (1.50-2.00)
- E4 (2.00-2.50)
- C5 (2.50-3.00)
- A4 (3.00-3.50)
- G4 (3.50-4.00)
- F4 (4.00-4.50)
- E4 (4.50-5.00)
- C5 (5.00-5.50)
- A4 (5.50-6.00)
- G4 (6.00-6.50)
- F4 (6.50-7.00)
- E4 (7.00-7.50)
- C5 (7.50-8.00)",,,,"{""form"": ""bare_scale"", ""mode"": ""melodic_minor"", ""program"": ""violin"", ""soundfont"": ""fluidr3"", ""tonic_midi"": 60}"
mode_id/melodic_minor_60_melody_drone::audio::mcq,mode_id/melodic_minor_60_melody_drone,mode_id,audio,mcq,1,stimuli/mode/melodic_minor_60_melody_drone.wav,"Listen to the clip. Which scale/mode is being used?
A. melodic minor
B. Locrian
C. Phrygian
D. Lydian
Answer with the letter of the correct option only (A, B, C, or D). Do not explain.",melodic minor|Locrian|Phrygian|Lydian,melodic minor,C,Phrygian,False,,"{""form"": ""melody_drone"", ""mode"": ""melodic_minor"", ""program"": ""piano"", ""soundfont"": ""fluidr3"", ""tonic_midi"": 60}"
mode_id/melodic_minor_62_bare_scale::audio::mcq,mode_id/melodic_minor_62_bare_scale,mode_id,audio,mcq,0,stimuli/mode/melodic_minor_62_bare_scale.wav,"What scale or mode is this music based on?
A. Mixolydian
B. melodic minor
C. harmonic minor
D. Lydian
Answer with the letter of the correct option only (A, B, C, or D). Do not explain.",Mixolydian|melodic minor|harmonic minor|Lydian,melodic minor,A,Mixolydian,False,,"{""form"": ""bare_scale"", ""mode"": ""melodic_minor"", ""program"": ""flute"", ""soundfont"": ""timgm"", ""tonic_midi"": 62}"
mode_id/melodic_minor_62_melody_drone::audio::mcq,mode_id/melodic_minor_62_melody_drone,mode_id,audio,mcq,0,stimuli/mode/melodic_minor_62_melody_drone.wav,"What scale or mode is this music based on?
A. Mixolydian
B. blues scale
C. melodic minor
D. Locrian
Answer with the letter of the correct option only (A, B, C, or D). Do not explain.",Mixolydian|blues scale|melodic minor|Locrian,melodic minor,D,Locrian,False,,"{""form"": ""melody_drone"", ""mode"": ""melodic_minor"", ""program"": ""flute"", ""soundfont"": ""timgm"", ""tonic_midi"": 62}"
mode_id/melodic_minor_64_bare_scale::audio::mcq,mode_id/melodic_minor_64_bare_scale,mode_id,audio,mcq,0,stimuli/mode/melodic_minor_64_bare_scale.wav,"What scale or mode is this music based on?
A. melodic minor
B. blues scale
C. Mixolydian
D. Locrian
Answer with the letter of the correct option only (A, B, C, or D). Do not explain.",melodic minor|blues scale|Mixolydian|Locrian,melodic minor,C,Mixolydian,False,,"{""form"": ""bare_scale"", ""mode"": ""melodic_minor"", ""program"": ""violin"", ""soundfont"": ""fluidr3"", ""tonic_midi"": 64}"
mode_id/melodic_minor_64_bare_scale::audio::open,mode_id/melodic_minor_64_bare_scale,mode_id,audio,open,1,stimuli/mode/melodic_minor_64_bare_scale.wav,"Listen to the clip. Which scale/mode is being used?
Give a short, direct answer.",,melodic minor,E minor.,E minor.,False,,"{""form"": ""bare_scale"", ""mode"": ""melodic_minor"", ""program"": ""violin"", ""soundfont"": ""fluidr3"", ""tonic_midi"": 64}"
mode_id/melodic_minor_64_melody_drone::audio::mcq,mode_id/melodic_minor_64_melody_drone,mode_id,audio,mcq,1,stimuli/mode/melodic_minor_64_melody_drone.wav,"Listen to the clip. Which scale/mode is being used?
A. Mixolydian
B. melodic minor
C. Lydian
D. Dorian
Answer with the letter of the correct option only (A, B, C, or D). Do not explain.",Mixolydian|melodic minor|Lydian|Dorian,melodic minor,A,Mixolydian,False,,"{""form"": ""melody_drone"", ""mode"": ""melodic_minor"", ""program"": ""flute"", ""soundfont"": ""timgm"", ""tonic_midi"": 64}"
mode_id/minor_pentatonic_57_bare_scale::audio::mcq,mode_id/minor_pentatonic_57_bare_scale,mode_id,audio,mcq,1,stimuli/mode/minor_pentatonic_57_bare_scale.wav,"Listen to the clip. Which scale/mode is being used?
A. major pentatonic
B. melodic minor
C. minor pentatonic
D. major
Answer with the letter of the correct option only (A, B, C, or D). Do not explain.",major pentatonic|melodic minor|minor pentatonic|major,minor pentatonic,A,major pentatonic,False,,"{""form"": ""bare_scale"", ""mode"": ""minor_pentatonic"", ""program"": ""flute"", ""soundfont"": ""fluidr3"", ""tonic_midi"": 57}"
mode_id/minor_pentatonic_57_bare_scale::audio::explain,mode_id/minor_pentatonic_57_bare_scale,mode_id,audio,explain,0,stimuli/mode/minor_pentatonic_57_bare_scale.wav,"What scale or mode is this music based on?
First give your answer. Then explain exactly what you heard that supports it: name the specific notes/chords/beats and their approximate timestamps in seconds.",,minor pentatonic,"The music is based on the A minor scale.

From 0.25 to 4.12 seconds, the music features a melody that follows the A minor scale. The notes played are A, C, D, and G, which are all part of the A minor scale.",,,,"{""form"": ""bare_scale"", ""mode"": ""minor_pentatonic"", ""program"": ""flute"", ""soundfont"": ""fluidr3"", ""tonic_midi"": 57}"
mode_id/minor_pentatonic_57_melody_drone::audio::mcq,mode_id/minor_pentatonic_57_melody_drone,mode_id,audio,mcq,0,stimuli/mode/minor_pentatonic_57_melody_drone.wav,"What scale or mode is this music based on?
A. Phrygian
B. Locrian
C. minor pentatonic
D. major
Answer with the letter of the correct option only (A, B, C, or D). Do not explain.",Phrygian|Locrian|minor pentatonic|major,minor pentatonic,C,minor pentatonic,True,,"{""form"": ""melody_drone"", ""mode"": ""minor_pentatonic"", ""program"": ""violin"", ""soundfont"": ""fluidr3"", ""tonic_midi"": 57}"
mode_id/minor_pentatonic_57_melody_drone::audio::open,mode_id/minor_pentatonic_57_melody_drone,mode_id,audio,open,1,stimuli/mode/minor_pentatonic_57_melody_drone.wav,"Listen to the clip. Which scale/mode is being used?
Give a short, direct answer.",,minor pentatonic,A minor.,A minor.,False,,"{""form"": ""melody_drone"", ""mode"": ""minor_pentatonic"", ""program"": ""violin"", ""soundfont"": ""fluidr3"", ""tonic_midi"": 57}"
mode_id/minor_pentatonic_60_bare_scale::audio::mcq,mode_id/minor_pentatonic_60_bare_scale,mode_id,audio,mcq,1,stimuli/mode/minor_pentatonic_60_bare_scale.wav,"Listen to the clip. Which scale/mode is being used?
A. major pentatonic
B. major
C. minor pentatonic
D. whole-tone
Answer with the letter of the correct option only (A, B, C, or D). Do not explain.",major pentatonic|major|minor pentatonic|whole-tone,minor pentatonic,D,whole-tone,False,,"{""form"": ""bare_scale"", ""mode"": ""minor_pentatonic"", ""program"": ""flute"", ""soundfont"": ""timgm"", ""tonic_midi"": 60}"
mode_id/minor_pentatonic_60_melody_drone::audio::mcq,mode_id/minor_pentatonic_60_melody_drone,mode_id,audio,mcq,0,stimuli/mode/minor_pentatonic_60_melody_drone.wav,"What scale or mode is this music based on?
A. natural minor
B. minor pentatonic
C. Lydian
D. Phrygian
Answer with the letter of the correct option only (A, B, C, or D). Do not explain.",natural minor|minor pentatonic|Lydian|Phrygian,minor pentatonic,C,Lydian,False,,"{""form"": ""melody_drone"", ""mode"": ""minor_pentatonic"", ""program"": ""piano"", ""soundfont"": ""timgm"", ""tonic_midi"": 60}"
mode_id/minor_pentatonic_62_bare_scale::audio::mcq,mode_id/minor_pentatonic_62_bare_scale,mode_id,audio,mcq,2,stimuli/mode/minor_pentatonic_62_bare_scale.wav,"Identify the mode or scale type of this passage.
A. minor pentatonic
B. whole-tone
C. Mixolydian
D. harmonic minor
Answer with the letter of the correct option only (A, B, C, or D). Do not explain.",minor pentatonic|whole-tone|Mixolydian|harmonic minor,minor pentatonic,C,Mixolydian,False,,"{""form"": ""bare_scale"", ""mode"": ""minor_pentatonic"", ""program"": ""flute"", ""soundfont"": ""fluidr3"", ""tonic_midi"": 62}"
mode_id/minor_pentatonic_62_bare_scale::audio::explain,mode_id/minor_pentatonic_62_bare_scale,mode_id,audio,explain,0,stimuli/mode/minor_pentatonic_62_bare_scale.wav,"What scale or mode is this music based on?
First give your answer. Then explain exactly what you heard that supports it: name the specific notes/chords/beats and their approximate timestamps in seconds.",,minor pentatonic,"The music is based on the D minor scale.

From 0:00 to 0:02, the music features a D minor chord.
From 0:02 to 0:04, the music features a G major chord.
From 0:04 to 0:06, the music features an A minor chord.
From 0:06 to 0:08, the music features a C major chord.
From 0:08 to 0:10, the music features a D minor chord.
From 0:10 to 0:12, the music features a G major chord.
From 0:12 to 0:14, the music features an A minor chord.
From 0:14 to 0:16, the music features a D minor chord.",,,,"{""form"": ""bare_scale"", ""mode"": ""minor_pentatonic"", ""program"": ""flute"", ""soundfont"": ""fluidr3"", ""tonic_midi"": 62}"
mode_id/minor_pentatonic_62_melody_drone::audio::mcq,mode_id/minor_pentatonic_62_melody_drone,mode_id,audio,mcq,1,stimuli/mode/minor_pentatonic_62_melody_drone.wav,"Listen to the clip. Which scale/mode is being used?
A. harmonic minor
B. Lydian
C. natural minor
D. minor pentatonic
Answer with the letter of the correct option only (A, B, C, or D). Do not explain.",harmonic minor|Lydian|natural minor|minor pentatonic,minor pentatonic,A,harmonic minor,False,,"{""form"": ""melody_drone"", ""mode"": ""minor_pentatonic"", ""program"": ""violin"", ""soundfont"": ""musescore"", ""tonic_midi"": 62}"
mode_id/minor_pentatonic_62_melody_drone::audio::open,mode_id/minor_pentatonic_62_melody_drone,mode_id,audio,open,1,stimuli/mode/minor_pentatonic_62_melody_drone.wav,"Listen to the clip. Which scale/mode is being used?
Give a short, direct answer.",,minor pentatonic,D minor.,D minor.,False,,"{""form"": ""melody_drone"", ""mode"": ""minor_pentatonic"", ""program"": ""violin"", ""soundfont"": ""musescore"", ""tonic_midi"": 62}"
mode_id/minor_pentatonic_64_bare_scale::audio::mcq,mode_id/minor_pentatonic_64_bare_scale,mode_id,audio,mcq,1,stimuli/mode/minor_pentatonic_64_bare_scale.wav,"Listen to the clip. Which scale/mode is being used?
A. Dorian
B. minor pentatonic
C. major
D. Mixolydian
Answer with the letter of the correct option only (A, B, C, or D). Do not explain.",Dorian|minor pentatonic|major|Mixolydian,minor pentatonic,D,Mixolydian,False,,"{""form"": ""bare_scale"", ""mode"": ""minor_pentatonic"", ""program"": ""violin"", ""soundfont"": ""timgm"", ""tonic_midi"": 64}"
mode_id/minor_pentatonic_64_melody_drone::audio::mcq,mode_id/minor_pentatonic_64_melody_drone,mode_id,audio,mcq,0,stimuli/mode/minor_pentatonic_64_melody_drone.wav,"What scale or mode is this music based on?
A. harmonic minor
B. Locrian
C. melodic minor
D. minor pentatonic
Answer with the letter of the correct option only (A, B, C, or D). Do not explain.",harmonic minor|Locrian|melodic minor|minor pentatonic,minor pentatonic,B,Locrian,False,,"{""form"": ""melody_drone"", ""mode"": ""minor_pentatonic"", ""program"": ""flute"", ""soundfont"": ""musescore"", ""tonic_midi"": 64}"
mode_id/minor_pentatonic_64_melody_drone::audio::open,mode_id/minor_pentatonic_64_melody_drone,mode_id,audio,open,2,stimuli/mode/minor_pentatonic_64_melody_drone.wav,"Identify the mode or scale type of this passage.
Give a short, direct answer.",,minor pentatonic,D major,D major,False,,"{""form"": ""melody_drone"", ""mode"": ""minor_pentatonic"", ""program"": ""flute"", ""soundfont"": ""musescore"", ""tonic_midi"": 64}"
mode_id/mixolydian_57_bare_scale::audio::mcq,mode_id/mixolydian_57_bare_scale,mode_id,audio,mcq,1,stimuli/mode/mixolydian_57_bare_scale.wav,"Listen to the clip. Which scale/mode is being used?
A. major
B. whole-tone
C. major pentatonic
D. Mixolydian
Answer with the letter of the correct option only (A, B, C, or D). Do not explain.",major|whole-tone|major pentatonic|Mixolydian,Mixolydian,D,Mixolydian,True,,"{""form"": ""bare_scale"", ""mode"": ""mixolydian"", ""program"": ""flute"", ""soundfont"": ""musescore"", ""tonic_midi"": 57}"
mode_id/mixolydian_57_melody_drone::audio::mcq,mode_id/mixolydian_57_melody_drone,mode_id,audio,mcq,2,stimuli/mode/mixolydian_57_melody_drone.wav,"Identify the mode or scale type of this passage.
A. melodic minor
B. Phrygian
C. major
D. Mixolydian
Answer with the letter of the correct option only (A, B, C, or D). Do not explain.",melodic minor|Phrygian|major|Mixolydian,Mixolydian,B,Phrygian,False,,"{""form"": ""melody_drone"", ""mode"": ""mixolydian"", ""program"": ""synth_lead"", ""soundfont"": ""musescore"", ""tonic_midi"": 57}"
mode_id/mixolydian_60_bare_scale::audio::mcq,mode_id/mixolydian_60_bare_scale,mode_id,audio,mcq,2,stimuli/mode/mixolydian_60_bare_scale.wav,"Identify the mode or scale type of this passage.
A. Dorian
B. Mixolydian
C. melodic minor
D. harmonic minor
Answer with the letter of the correct option only (A, B, C, or D). Do not explain.",Dorian|Mixolydian|melodic minor|harmonic minor,Mixolydian,B,Mixolydian,True,,"{""form"": ""bare_scale"", ""mode"": ""mixolydian"", ""program"": ""piano"", ""soundfont"": ""musescore"", ""tonic_midi"": 60}"
mode_id/mixolydian_60_bare_scale::audio::explain,mode_id/mixolydian_60_bare_scale,mode_id,audio,explain,2,stimuli/mode/mixolydian_60_bare_scale.wav,"Identify the mode or scale type of this passage.
First give your answer. Then explain exactly what you heard that supports it: name the specific notes/chords/beats and their approximate timestamps in seconds.",,Mixolydian,"The mode is F major. The audio features a progression of notes that align with the F major scale, including F, G, A, Bb, C, D, and E, which are characteristic of this key.",,,,"{""form"": ""bare_scale"", ""mode"": ""mixolydian"", ""program"": ""piano"", ""soundfont"": ""musescore"", ""tonic_midi"": 60}"
mode_id/mixolydian_60_melody_drone::audio::mcq,mode_id/mixolydian_60_melody_drone,mode_id,audio,mcq,1,stimuli/mode/mixolydian_60_melody_drone.wav,"Listen to the clip. Which scale/mode is being used?
A. harmonic minor
B. Locrian
C. Mixolydian
D. blues scale
Answer with the letter of the correct option only (A, B, C, or D). Do not explain.",harmonic minor|Locrian|Mixolydian|blues scale,Mixolydian,B,Locrian,False,,"{""form"": ""melody_drone"", ""mode"": ""mixolydian"", ""program"": ""flute"", ""soundfont"": ""musescore"", ""tonic_midi"": 60}"
mode_id/mixolydian_62_bare_scale::audio::mcq,mode_id/mixolydian_62_bare_scale,mode_id,audio,mcq,1,stimuli/mode/mixolydian_62_bare_scale.wav,"Listen to the clip. Which scale/mode is being used?
A. major pentatonic
B. Phrygian
C. whole-tone
D. Mixolydian
Answer with the letter of the correct option only (A, B, C, or D). Do not explain.",major pentatonic|Phrygian|whole-tone|Mixolydian,Mixolydian,A,major pentatonic,False,,"{""form"": ""bare_scale"", ""mode"": ""mixolydian"", ""program"": ""violin"", ""soundfont"": ""timgm"", ""tonic_midi"": 62}"
mode_id/mixolydian_62_melody_drone::audio::mcq,mode_id/mixolydian_62_melody_drone,mode_id,audio,mcq,2,stimuli/mode/mixolydian_62_melody_drone.wav,"Identify the mode or scale type of this passage.
A. whole-tone
B. Lydian
C. Mixolydian
D. harmonic minor
Answer with the letter of the correct option only (A, B, C, or D). Do not explain.",whole-tone|Lydian|Mixolydian|harmonic minor,Mixolydian,C,Mixolydian,True,,"{""form"": ""melody_drone"", ""mode"": ""mixolydian"", ""program"": ""violin"", ""soundfont"": ""musescore"", ""tonic_midi"": 62}"
mode_id/mixolydian_64_bare_scale::audio::mcq,mode_id/mixolydian_64_bare_scale,mode_id,audio,mcq,0,stimuli/mode/mixolydian_64_bare_scale.wav,"What scale or mode is this music based on?
A. major pentatonic
B. natural minor
C. Mixolydian
D. Locrian
Answer with the letter of the correct option only (A, B, C, or D). Do not explain.",major pentatonic|natural minor|Mixolydian|Locrian,Mixolydian,B,natural minor,False,,"{""form"": ""bare_scale"", ""mode"": ""mixolydian"", ""program"": ""synth_lead"", ""soundfont"": ""fluidr3"", ""tonic_midi"": 64}"
mode_id/mixolydian_64_melody_drone::audio::mcq,mode_id/mixolydian_64_melody_drone,mode_id,audio,mcq,0,stimuli/mode/mixolydian_64_melody_drone.wav,"What scale or mode is this music based on?
A. harmonic minor
B. major pentatonic
C. Lydian
D. Mixolydian
Answer with the letter of the correct option only (A, B, C, or D). Do not explain.",harmonic minor|major pentatonic|Lydian|Mixolydian,Mixolydian,D,Mixolydian,True,,"{""form"": ""melody_drone"", ""mode"": ""mixolydian"", ""program"": ""piano"", ""soundfont"": ""musescore"", ""tonic_midi"": 64}"
mode_id/natural_minor_57_bare_scale::audio::mcq,mode_id/natural_minor_57_bare_scale,mode_id,audio,mcq,0,stimuli/mode/natural_minor_57_bare_scale.wav,"What scale or mode is this music based on?
A. Mixolydian
B. major pentatonic
C. natural minor
D. whole-tone
Answer with the letter of the correct option only (A, B, C, or D). Do not explain.",Mixolydian|major pentatonic|natural minor|whole-tone,natural minor,C,natural minor,True,,"{""form"": ""bare_scale"", ""mode"": ""natural_minor"", ""program"": ""flute"", ""soundfont"": ""musescore"", ""tonic_midi"": 57}"
mode_id/natural_minor_57_bare_scale::audio::explain,mode_id/natural_minor_57_bare_scale,mode_id,audio,explain,1,stimuli/mode/natural_minor_57_bare_scale.wav,"Listen to the clip. Which scale/mode is being used?
First give your answer. Then explain exactly what you heard that supports it: name the specific notes/chords/beats and their approximate timestamps in seconds.",,natural minor,"The scale/mode being used is A minor.

The melody begins with a descending pattern from A to G, which is a common starting point in A minor. The notes are played in the following order: A, G, F, E, D, C, B, A. This sequence is characteristic of the A minor scale. The melody then repeats the same pattern, emphasizing the minor quality of the scale.",,,,"{""form"": ""bare_scale"", ""mode"": ""natural_minor"", ""program"": ""flute"", ""soundfont"": ""musescore"", ""tonic_midi"": 57}"
mode_id/natural_minor_57_melody_drone::audio::mcq,mode_id/natural_minor_57_melody_drone,mode_id,audio,mcq,1,stimuli/mode/natural_minor_57_melody_drone.wav,"Listen to the clip. Which scale/mode is being used?
A. natural minor
B. harmonic minor
C. blues scale
D. Phrygian
Answer with the letter of the correct option only (A, B, C, or D). Do not explain.",natural minor|harmonic minor|blues scale|Phrygian,natural minor,D,Phrygian,False,,"{""form"": ""melody_drone"", ""mode"": ""natural_minor"", ""program"": ""piano"", ""soundfont"": ""timgm"", ""tonic_midi"": 57}"
mode_id/natural_minor_60_bare_scale::audio::mcq,mode_id/natural_minor_60_bare_scale,mode_id,audio,mcq,0,stimuli/mode/natural_minor_60_bare_scale.wav,"What scale or mode is this music based on?
A. whole-tone
B. melodic minor
C. Lydian
D. natural minor
Answer with the letter of the correct option only (A, B, C, or D). Do not explain.",whole-tone|melodic minor|Lydian|natural minor,natural minor,B,melodic minor,False,,"{""form"": ""bare_scale"", ""mode"": ""natural_minor"", ""program"": ""violin"", ""soundfont"": ""timgm"", ""tonic_midi"": 60}"
mode_id/natural_minor_60_melody_drone::audio::mcq,mode_id/natural_minor_60_melody_drone,mode_id,audio,mcq,1,stimuli/mode/natural_minor_60_melody_drone.wav,"Listen to the clip. Which scale/mode is being used?
A. minor pentatonic
B. Dorian
C. Phrygian
D. natural minor
Answer with the letter of the correct option only (A, B, C, or D). Do not explain.",minor pentatonic|Dorian|Phrygian|natural minor,natural minor,C,Phrygian,False,,"{""form"": ""melody_drone"", ""mode"": ""natural_minor"", ""program"": ""flute"", ""soundfont"": ""musescore"", ""tonic_midi"": 60}"
mode_id/natural_minor_62_bare_scale::audio::mcq,mode_id/natural_minor_62_bare_scale,mode_id,audio,mcq,1,stimuli/mode/natural_minor_62_bare_scale.wav,"Listen to the clip. Which scale/mode is being used?
A. minor pentatonic
B. natural minor
C. major pentatonic
D. blues scale
Answer with the letter of the correct option only (A, B, C, or D). Do not explain.",minor pentatonic|natural minor|major pentatonic|blues scale,natural minor,A,minor pentatonic,False,,"{""form"": ""bare_scale"", ""mode"": ""natural_minor"", ""program"": ""synth_lead"", ""soundfont"": ""fluidr3"", ""tonic_midi"": 62}"
mode_id/natural_minor_62_melody_drone::audio::mcq,mode_id/natural_minor_62_melody_drone,mode_id,audio,mcq,2,stimuli/mode/natural_minor_62_melody_drone.wav,"Identify the mode or scale type of this passage.
A. melodic minor
B. harmonic minor
C. whole-tone
D. natural minor
Answer with the letter of the correct option only (A, B, C, or D). Do not explain.",melodic minor|harmonic minor|whole-tone|natural minor,natural minor,A,melodic minor,False,,"{""form"": ""melody_drone"", ""mode"": ""natural_minor"", ""program"": ""flute"", ""soundfont"": ""fluidr3"", ""tonic_midi"": 62}"
mode_id/natural_minor_64_bare_scale::audio::mcq,mode_id/natural_minor_64_bare_scale,mode_id,audio,mcq,2,stimuli/mode/natural_minor_64_bare_scale.wav,"Identify the mode or scale type of this passage.
A. natural minor
B. melodic minor
C. Phrygian
D. Lydian
Answer with the letter of the correct option only (A, B, C, or D). Do not explain.",natural minor|melodic minor|Phrygian|Lydian,natural minor,C,Phrygian,False,,"{""form"": ""bare_scale"", ""mode"": ""natural_minor"", ""program"": ""flute"", ""soundfont"": ""timgm"", ""tonic_midi"": 64}"
mode_id/natural_minor_64_melody_drone::audio::mcq,mode_id/natural_minor_64_melody_drone,mode_id,audio,mcq,2,stimuli/mode/natural_minor_64_melody_drone.wav,"Identify the mode or scale type of this passage.
A. Lydian
B. natural minor
C. harmonic minor
D. Mixolydian
Answer with the letter of the correct option only (A, B, C, or D). Do not explain.",Lydian|natural minor|harmonic minor|Mixolydian,natural minor,D,Mixolydian,False,,"{""form"": ""melody_drone"", ""mode"": ""natural_minor"", ""program"": ""piano"", ""soundfont"": ""musescore"", ""tonic_midi"": 64}"
mode_id/natural_minor_64_melody_drone::audio::explain,mode_id/natural_minor_64_melody_drone,mode_id,audio,explain,2,stimuli/mode/natural_minor_64_melody_drone.wav,"Identify the mode or scale type of this passage.
First give your answer. Then explain exactly what you heard that supports it: name the specific notes/chords/beats and their approximate timestamps in seconds.",,natural minor,"The mode is E minor. The audio features a progression of notes that includes E4, A3, F3, E2, G2, G2, B2, E2, D'2, and F2, which are characteristic of the E minor scale.",,,,"{""form"": ""melody_drone"", ""mode"": ""natural_minor"", ""program"": ""piano"", ""soundfont"": ""musescore"", ""tonic_midi"": 64}"
mode_id/phrygian_57_bare_scale::audio::mcq,mode_id/phrygian_57_bare_scale,mode_id,audio,mcq,1,stimuli/mode/phrygian_57_bare_scale.wav,"Listen to the clip. Which scale/mode is being used?
A. Lydian
B. harmonic minor
C. melodic minor
D. Phrygian
Answer with the letter of the correct option only (A, B, C, or D). Do not explain.",Lydian|harmonic minor|melodic minor|Phrygian,Phrygian,D,Phrygian,True,,"{""form"": ""bare_scale"", ""mode"": ""phrygian"", ""program"": ""piano"", ""soundfont"": ""musescore"", ""tonic_midi"": 57}"
mode_id/phrygian_57_melody_drone::audio::mcq,mode_id/phrygian_57_melody_drone,mode_id,audio,mcq,2,stimuli/mode/phrygian_57_melody_drone.wav,"Identify the mode or scale type of this passage.
A. Dorian
B. Mixolydian
C. Locrian
D. Phrygian
Answer with the letter of the correct option only (A, B, C, or D). Do not explain.",Dorian|Mixolydian|Locrian|Phrygian,Phrygian,D,Phrygian,True,,"{""form"": ""melody_drone"", ""mode"": ""phrygian"", ""program"": ""violin"", ""soundfont"": ""fluidr3"", ""tonic_midi"": 57}"
mode_id/phrygian_60_bare_scale::audio::mcq,mode_id/phrygian_60_bare_scale,mode_id,audio,mcq,2,stimuli/mode/phrygian_60_bare_scale.wav,"Identify the mode or scale type of this passage.
A. Phrygian
B. Dorian
C. major pentatonic
D. Locrian
Answer with the letter of the correct option only (A, B, C, or D). Do not explain.",Phrygian|Dorian|major pentatonic|Locrian,Phrygian,C,major pentatonic,False,,"{""form"": ""bare_scale"", ""mode"": ""phrygian"", ""program"": ""synth_lead"", ""soundfont"": ""timgm"", ""tonic_midi"": 60}"
mode_id/phrygian_60_melody_drone::audio::mcq,mode_id/phrygian_60_melody_drone,mode_id,audio,mcq,0,stimuli/mode/phrygian_60_melody_drone.wav,"What scale or mode is this music based on?
A. minor pentatonic
B. melodic minor
C. Lydian
D. Phrygian
Answer with the letter of the correct option only (A, B, C, or D). Do not explain.",minor pentatonic|melodic minor|Lydian|Phrygian,Phrygian,B,melodic minor,False,,"{""form"": ""melody_drone"", ""mode"": ""phrygian"", ""program"": ""piano"", ""soundfont"": ""fluidr3"", ""tonic_midi"": 60}"
mode_id/phrygian_62_bare_scale::audio::mcq,mode_id/phrygian_62_bare_scale,mode_id,audio,mcq,0,stimuli/mode/phrygian_62_bare_scale.wav,"What scale or mode is this music based on?
A. Dorian
B. Locrian
C. Lydian
D. Phrygian
Answer with the letter of the correct option only (A, B, C, or D). Do not explain.",Dorian|Locrian|Lydian|Phrygian,Phrygian,B,Locrian,False,,"{""form"": ""bare_scale"", ""mode"": ""phrygian"", ""program"": ""piano"", ""soundfont"": ""musescore"", ""tonic_midi"": 62}"
mode_id/phrygian_62_melody_drone::audio::mcq,mode_id/phrygian_62_melody_drone,mode_id,audio,mcq,0,stimuli/mode/phrygian_62_melody_drone.wav,"What scale or mode is this music based on?
A. Phrygian
B. Mixolydian
C. whole-tone
D. major pentatonic
Answer with the letter of the correct option only (A, B, C, or D). Do not explain.",Phrygian|Mixolydian|whole-tone|major pentatonic,Phrygian,B,Mixolydian,False,,"{""form"": ""melody_drone"", ""mode"": ""phrygian"", ""program"": ""violin"", ""soundfont"": ""musescore"", ""tonic_midi"": 62}"
mode_id/phrygian_64_bare_scale::audio::mcq,mode_id/phrygian_64_bare_scale,mode_id,audio,mcq,1,stimuli/mode/phrygian_64_bare_scale.wav,"Listen to the clip. Which scale/mode is being used?
A. Dorian
B. blues scale
C. Phrygian
D. minor pentatonic
Answer with the letter of the correct option only (A, B, C, or D). Do not explain.",Dorian|blues scale|Phrygian|minor pentatonic,Phrygian,A,Dorian,False,,"{""form"": ""bare_scale"", ""mode"": ""phrygian"", ""program"": ""synth_lead"", ""soundfont"": ""musescore"", ""tonic_midi"": 64}"
mode_id/phrygian_64_melody_drone::audio::mcq,mode_id/phrygian_64_melody_drone,mode_id,audio,mcq,2,stimuli/mode/phrygian_64_melody_drone.wav,"Identify the mode or scale type of this passage.
A. Phrygian
B. natural minor
C. Mixolydian
D. minor pentatonic
Answer with the letter of the correct option only (A, B, C, or D). Do not explain.",Phrygian|natural minor|Mixolydian|minor pentatonic,Phrygian,B,natural minor,False,,"{""form"": ""melody_drone"", ""mode"": ""phrygian"", ""program"": ""violin"", ""soundfont"": ""fluidr3"", ""tonic_midi"": 64}"
mode_id/phrygian_64_melody_drone::audio::explain,mode_id/phrygian_64_melody_drone,mode_id,audio,explain,1,stimuli/mode/phrygian_64_melody_drone.wav,"Listen to the clip. Which scale/mode is being used?
First give your answer. Then explain exactly what you heard that supports it: name the specific notes/chords/beats and their approximate timestamps in seconds.",,Phrygian,"The scale/mode being used is A minor. The audio features a progression of notes that follow the A minor scale, with the following approximate timestamps: A4 at 0.25s, C#4 at 0.35s, E4 at 0.45s, G4 at 0.55s, A4 at 0.65s, C#4 at 0.75s, E4 at 0.85s, G4 at 0.95s, A4 at 1.05s, C#4 at 1.15s, E4 at 1.25s, G4 at 1.35s, A4 at 1.45s, C#4 at 1.55s, E4 at 1.65s, G4 at 1.75s, A4 at 1.85s, C#4 at 1.95s, E4 at 2.05s, G4 at 2.15s, A4 at 2.25s, C#4 at 2.35s, E4 at 2.45s, G4 at 2.55s, A4 at 2.65s, C#4 at 2.75s, E4 at 2.85s, G4 at 2.95s, A4 at 3.05s, C#4 at 3.15s, E4 at 3.25s, G4 at 3.35s, A4 at 3.45s, C#4 at 3.55s, E4 at 3.65s, G4 at 3.75s, A4 at 3.85s, C#4 at 3.95s, E4 at 4.05s, G4 at 4.15s, A4 at 4.25s, C#4 at 4.35s, E4 at 4.45s, G4 at 4.55s, A4 at 4.65s, C#4 at 4.75s, E4 at 4.85s, G4 at 4.95s, A4 at 5.05s, C#4 at 5.15s, E4 at 5.25s, G4 at 5.35s, A4 at 5.45s, C#4 at 5.55s, E4 at 5.65s, G4 at 5.75s, A4 at 5.85s, C#4 at 5.95s, E4 at 6.05s, G4 at 6.15s, A4 at 6.25s, C#4 at 6.35s, E4 at 6.45s, G4 at 6.55s, A4 at 6.65s, C#4 at 6.75s, E4 at 6.85s, G4 at 6.95s, A4 at 7.05s, C#4 at 7.15s, E4 at 7.25s, G4 at 7.35s, A4 at 7.45s, C#4 at 7.55s, E4 at 7.65s, G4 at 7.75s, A4 at 7.85s, C#4 at 7.95s, E4 at 8.05s, G4 at 8.15s, A4 at 8.25s, C#4 at 8.35s, E4 at 8.45s, G4 at 8.55s, A4 at 8.65s, C#4 at 8.75s, E4 at 8.85s, G4 at 8.95s, A4 at 9.05s, C#4 at 9.15s, E4 at 9.25s, G4 at 9.35s, A4 at 9.45s, C#4 at 9.55s, E4 at 9.65s, G4 at 9.75s, A4 at 9.85s,",,,,"{""form"": ""melody_drone"", ""mode"": ""phrygian"", ""program"": ""violin"", ""soundfont"": ""fluidr3"", ""tonic_midi"": 64}"
mode_id/whole_tone_57_bare_scale::audio::mcq,mode_id/whole_tone_57_bare_scale,mode_id,audio,mcq,2,stimuli/mode/whole_tone_57_bare_scale.wav,"Identify the mode or scale type of this passage.
A. harmonic minor
B. whole-tone
C. Lydian
D. Dorian
Answer with the letter of the correct option only (A, B, C, or D). Do not explain.",harmonic minor|whole-tone|Lydian|Dorian,whole-tone,D,Dorian,False,,"{""form"": ""bare_scale"", ""mode"": ""whole_tone"", ""program"": ""synth_lead"", ""soundfont"": ""fluidr3"", ""tonic_midi"": 57}"
mode_id/whole_tone_57_melody_drone::audio::mcq,mode_id/whole_tone_57_melody_drone,mode_id,audio,mcq,2,stimuli/mode/whole_tone_57_melody_drone.wav,"Identify the mode or scale type of this passage.
A. Locrian
B. whole-tone
C. Mixolydian
D. melodic minor
Answer with the letter of the correct option only (A, B, C, or D). Do not explain.",Locrian|whole-tone|Mixolydian|melodic minor,whole-tone,C,Mixolydian,False,,"{""form"": ""melody_drone"", ""mode"": ""whole_tone"", ""program"": ""violin"", ""soundfont"": ""timgm"", ""tonic_midi"": 57}"
mode_id/whole_tone_57_melody_drone::audio::open,mode_id/whole_tone_57_melody_drone,mode_id,audio,open,1,stimuli/mode/whole_tone_57_melody_drone.wav,"Listen to the clip. Which scale/mode is being used?
Give a short, direct answer.",,whole-tone,B major,B major,False,,"{""form"": ""melody_drone"", ""mode"": ""whole_tone"", ""program"": ""violin"", ""soundfont"": ""timgm"", ""tonic_midi"": 57}"
mode_id/whole_tone_60_bare_scale::audio::mcq,mode_id/whole_tone_60_bare_scale,mode_id,audio,mcq,2,stimuli/mode/whole_tone_60_bare_scale.wav,"Identify the mode or scale type of this passage.
A. melodic minor
B. Phrygian
C. whole-tone
D. Lydian
Answer with the letter of the correct option only (A, B, C, or D). Do not explain.",melodic minor|Phrygian|whole-tone|Lydian,whole-tone,B,Phrygian,False,,"{""form"": ""bare_scale"", ""mode"": ""whole_tone"", ""program"": ""violin"", ""soundfont"": ""fluidr3"", ""tonic_midi"": 60}"
mode_id/whole_tone_60_bare_scale::audio::open,mode_id/whole_tone_60_bare_scale,mode_id,audio,open,2,stimuli/mode/whole_tone_60_bare_scale.wav,"Identify the mode or scale type of this passage.
Give a short, direct answer.",,whole-tone,major,major,False,,"{""form"": ""bare_scale"", ""mode"": ""whole_tone"", ""program"": ""violin"", ""soundfont"": ""fluidr3"", ""tonic_midi"": 60}"
mode_id/whole_tone_60_melody_drone::audio::mcq,mode_id/whole_tone_60_melody_drone,mode_id,audio,mcq,0,stimuli/mode/whole_tone_60_melody_drone.wav,"What scale or mode is this music based on?
A. Lydian
B. melodic minor
C. major
D. whole-tone
Answer with the letter of the correct option only (A, B, C, or D). Do not explain.",Lydian|melodic minor|major|whole-tone,whole-tone,B,melodic minor,False,,"{""form"": ""melody_drone"", ""mode"": ""whole_tone"", ""program"": ""violin"", ""soundfont"": ""timgm"", ""tonic_midi"": 60}"
mode_id/whole_tone_60_melody_drone::audio::open,mode_id/whole_tone_60_melody_drone,mode_id,audio,open,0,stimuli/mode/whole_tone_60_melody_drone.wav,"What scale or mode is this music based on?
Give a short, direct answer.",,whole-tone,C minor,C minor,False,,"{""form"": ""melody_drone"", ""mode"": ""whole_tone"", ""program"": ""violin"", ""soundfont"": ""timgm"", ""tonic_midi"": 60}"
mode_id/whole_tone_62_bare_scale::audio::mcq,mode_id/whole_tone_62_bare_scale,mode_id,audio,mcq,0,stimuli/mode/whole_tone_62_bare_scale.wav,"What scale or mode is this music based on?
A. whole-tone
B. Locrian
C. Mixolydian
D. harmonic minor
Answer with the letter of the correct option only (A, B, C, or D). Do not explain.",whole-tone|Locrian|Mixolydian|harmonic minor,whole-tone,B,Locrian,False,,"{""form"": ""bare_scale"", ""mode"": ""whole_tone"", ""program"": ""piano"", ""soundfont"": ""fluidr3"", ""tonic_midi"": 62}"
mode_id/whole_tone_62_bare_scale::audio::explain,mode_id/whole_tone_62_bare_scale,mode_id,audio,explain,2,stimuli/mode/whole_tone_62_bare_scale.wav,"Identify the mode or scale type of this passage.
First give your answer. Then explain exactly what you heard that supports it: name the specific notes/chords/beats and their approximate timestamps in seconds.",,whole-tone,"The mode is D# minor. The audio features a D# major chord at the beginning, followed by a D# minor chord, and then a D# major chord again. These chords are played in a sequence that suggests a transition from a major to a minor and back to major, which is characteristic of a D# minor scale.",,,,"{""form"": ""bare_scale"", ""mode"": ""whole_tone"", ""program"": ""piano"", ""soundfont"": ""fluidr3"", ""tonic_midi"": 62}"
mode_id/whole_tone_62_melody_drone::audio::mcq,mode_id/whole_tone_62_melody_drone,mode_id,audio,mcq,1,stimuli/mode/whole_tone_62_melody_drone.wav,"Listen to the clip. Which scale/mode is being used?
A. whole-tone
B. melodic minor
C. natural minor
D. major pentatonic
Answer with the letter of the correct option only (A, B, C, or D). Do not explain.",whole-tone|melodic minor|natural minor|major pentatonic,whole-tone,C,natural minor,False,,"{""form"": ""melody_drone"", ""mode"": ""whole_tone"", ""program"": ""violin"", ""soundfont"": ""timgm"", ""tonic_midi"": 62}"
mode_id/whole_tone_64_bare_scale::audio::mcq,mode_id/whole_tone_64_bare_scale,mode_id,audio,mcq,0,stimuli/mode/whole_tone_64_bare_scale.wav,"What scale or mode is this music based on?
A. whole-tone
B. Mixolydian
C. natural minor
D. Lydian
Answer with the letter of the correct option only (A, B, C, or D). Do not explain.",whole-tone|Mixolydian|natural minor|Lydian,whole-tone,C,natural minor,False,,"{""form"": ""bare_scale"", ""mode"": ""whole_tone"", ""program"": ""synth_lead"", ""soundfont"": ""musescore"", ""tonic_midi"": 64}"
mode_id/whole_tone_64_melody_drone::audio::mcq,mode_id/whole_tone_64_melody_drone,mode_id,audio,mcq,1,stimuli/mode/whole_tone_64_melody_drone.wav,"Listen to the clip. Which scale/mode is being used?
A. blues scale
B. Phrygian
C. whole-tone
D. Lydian
Answer with the letter of the correct option only (A, B, C, or D). Do not explain.",blues scale|Phrygian|whole-tone|Lydian,whole-tone,B,Phrygian,False,,"{""form"": ""melody_drone"", ""mode"": ""whole_tone"", ""program"": ""synth_lead"", ""soundfont"": ""timgm"", ""tonic_midi"": 64}"
mode_id/blues_57_melody_drone::no_audio::mcq,mode_id/blues_57_melody_drone,mode_id,no_audio,mcq,1,,"Listen to the clip. Which scale/mode is being used?
A. Lydian
B. blues scale
C. natural minor
D. Phrygian
Answer with the letter of the correct option only (A, B, C, or D). Do not explain.",Lydian|blues scale|natural minor|Phrygian,blues scale,B,blues scale,True,,"{""form"": ""melody_drone"", ""mode"": ""blues"", ""program"": ""synth_lead"", ""soundfont"": ""timgm"", ""tonic_midi"": 57}"
mode_id/blues_60_bare_scale::no_audio::mcq,mode_id/blues_60_bare_scale,mode_id,no_audio,mcq,1,,"Listen to the clip. Which scale/mode is being used?
A. minor pentatonic
B. blues scale
C. Phrygian
D. major pentatonic
Answer with the letter of the correct option only (A, B, C, or D). Do not explain.",minor pentatonic|blues scale|Phrygian|major pentatonic,blues scale,B,blues scale,True,,"{""form"": ""bare_scale"", ""mode"": ""blues"", ""program"": ""flute"", ""soundfont"": ""musescore"", ""tonic_midi"": 60}"
mode_id/blues_62_melody_drone::no_audio::mcq,mode_id/blues_62_melody_drone,mode_id,no_audio,mcq,2,,"Identify the mode or scale type of this passage.
A. Locrian
B. Mixolydian
C. major
D. blues scale
Answer with the letter of the correct option only (A, B, C, or D). Do not explain.",Locrian|Mixolydian|major|blues scale,blues scale,B,Mixolydian,False,,"{""form"": ""melody_drone"", ""mode"": ""blues"", ""program"": ""piano"", ""soundfont"": ""fluidr3"", ""tonic_midi"": 62}"
mode_id/blues_64_bare_scale::no_audio::mcq,mode_id/blues_64_bare_scale,mode_id,no_audio,mcq,1,,"Listen to the clip. Which scale/mode is being used?
A. harmonic minor
B. minor pentatonic
C. major pentatonic
D. blues scale
Answer with the letter of the correct option only (A, B, C, or D). Do not explain.",harmonic minor|minor pentatonic|major pentatonic|blues scale,blues scale,D,blues scale,True,,"{""form"": ""bare_scale"", ""mode"": ""blues"", ""program"": ""synth_lead"", ""soundfont"": ""timgm"", ""tonic_midi"": 64}"
mode_id/blues_64_melody_drone::no_audio::mcq,mode_id/blues_64_melody_drone,mode_id,no_audio,mcq,2,,"Identify the mode or scale type of this passage.
A. blues scale
B. major pentatonic
C. Mixolydian
D. Dorian
Answer with the letter of the correct option only (A, B, C, or D). Do not explain.",blues scale|major pentatonic|Mixolydian|Dorian,blues scale,C,Mixolydian,False,,"{""form"": ""melody_drone"", ""mode"": ""blues"", ""program"": ""flute"", ""soundfont"": ""musescore"", ""tonic_midi"": 64}"
mode_id/dorian_57_bare_scale::no_audio::mcq,mode_id/dorian_57_bare_scale,mode_id,no_audio,mcq,2,,"Identify the mode or scale type of this passage.
A. Dorian
B. Locrian
C. minor pentatonic
D. whole-tone
Answer with the letter of the correct option only (A, B, C, or D). Do not explain.",Dorian|Locrian|minor pentatonic|whole-tone,Dorian,C,minor pentatonic,False,,"{""form"": ""bare_scale"", ""mode"": ""dorian"", ""program"": ""piano"", ""soundfont"": ""fluidr3"", ""tonic_midi"": 57}"
mode_id/dorian_57_melody_drone::no_audio::mcq,mode_id/dorian_57_melody_drone,mode_id,no_audio,mcq,1,,"Listen to the clip. Which scale/mode is being used?
A. Phrygian
B. Dorian
C. major
D. Lydian
Answer with the letter of the correct option only (A, B, C, or D). Do not explain.",Phrygian|Dorian|major|Lydian,Dorian,A,Phrygian,False,,"{""form"": ""melody_drone"", ""mode"": ""dorian"", ""program"": ""synth_lead"", ""soundfont"": ""fluidr3"", ""tonic_midi"": 57}"
mode_id/dorian_60_bare_scale::no_audio::mcq,mode_id/dorian_60_bare_scale,mode_id,no_audio,mcq,2,,"Identify the mode or scale type of this passage.
A. natural minor
B. major pentatonic
C. Dorian
D. Lydian
Answer with the letter of the correct option only (A, B, C, or D). Do not explain.",natural minor|major pentatonic|Dorian|Lydian,Dorian,C,Dorian,True,,"{""form"": ""bare_scale"", ""mode"": ""dorian"", ""program"": ""piano"", ""soundfont"": ""musescore"", ""tonic_midi"": 60}"
mode_id/dorian_64_melody_drone::no_audio::mcq,mode_id/dorian_64_melody_drone,mode_id,no_audio,mcq,1,,"Listen to the clip. Which scale/mode is being used?
A. melodic minor
B. major
C. Dorian
D. blues scale
Answer with the letter of the correct option only (A, B, C, or D). Do not explain.",melodic minor|major|Dorian|blues scale,Dorian,C,Dorian,True,,"{""form"": ""melody_drone"", ""mode"": ""dorian"", ""program"": ""flute"", ""soundfont"": ""timgm"", ""tonic_midi"": 64}"
mode_id/harmonic_minor_57_bare_scale::no_audio::mcq,mode_id/harmonic_minor_57_bare_scale,mode_id,no_audio,mcq,2,,"Identify the mode or scale type of this passage.
A. harmonic minor
B. Locrian
C. blues scale
D. minor pentatonic
Answer with the letter of the correct option only (A, B, C, or D). Do not explain.",harmonic minor|Locrian|blues scale|minor pentatonic,harmonic minor,D,minor pentatonic,False,,"{""form"": ""bare_scale"", ""mode"": ""harmonic_minor"", ""program"": ""piano"", ""soundfont"": ""musescore"", ""tonic_midi"": 57}"
mode_id/harmonic_minor_57_melody_drone::no_audio::mcq,mode_id/harmonic_minor_57_melody_drone,mode_id,no_audio,mcq,1,,"Listen to the clip. Which scale/mode is being used?
A. Dorian
B. Phrygian
C. natural minor
D. harmonic minor
Answer with the letter of the correct option only (A, B, C, or D). Do not explain.",Dorian|Phrygian|natural minor|harmonic minor,harmonic minor,B,Phrygian,False,,"{""form"": ""melody_drone"", ""mode"": ""harmonic_minor"", ""program"": ""flute"", ""soundfont"": ""musescore"", ""tonic_midi"": 57}"
mode_id/harmonic_minor_60_bare_scale::no_audio::mcq,mode_id/harmonic_minor_60_bare_scale,mode_id,no_audio,mcq,0,,"What scale or mode is this music based on?
A. natural minor
B. major pentatonic
C. Mixolydian
D. harmonic minor
Answer with the letter of the correct option only (A, B, C, or D). Do not explain.",natural minor|major pentatonic|Mixolydian|harmonic minor,harmonic minor,C,Mixolydian,False,,"{""form"": ""bare_scale"", ""mode"": ""harmonic_minor"", ""program"": ""piano"", ""soundfont"": ""musescore"", ""tonic_midi"": 60}"
mode_id/harmonic_minor_60_melody_drone::no_audio::mcq,mode_id/harmonic_minor_60_melody_drone,mode_id,no_audio,mcq,0,,"What scale or mode is this music based on?
A. harmonic minor
B. major
C. Lydian
D. blues scale
Answer with the letter of the correct option only (A, B, C, or D). Do not explain.",harmonic minor|major|Lydian|blues scale,harmonic minor,A,harmonic minor,True,,"{""form"": ""melody_drone"", ""mode"": ""harmonic_minor"", ""program"": ""violin"", ""soundfont"": ""musescore"", ""tonic_midi"": 60}"
mode_id/harmonic_minor_62_melody_drone::no_audio::mcq,mode_id/harmonic_minor_62_melody_drone,mode_id,no_audio,mcq,2,,"Identify the mode or scale type of this passage.
A. Locrian
B. minor pentatonic
C. blues scale
D. harmonic minor
Answer with the letter of the correct option only (A, B, C, or D). Do not explain.",Locrian|minor pentatonic|blues scale|harmonic minor,harmonic minor,C,blues scale,False,,"{""form"": ""melody_drone"", ""mode"": ""harmonic_minor"", ""program"": ""flute"", ""soundfont"": ""fluidr3"", ""tonic_midi"": 62}"
mode_id/locrian_64_melody_drone::no_audio::mcq,mode_id/locrian_64_melody_drone,mode_id,no_audio,mcq,1,,"Listen to the clip. Which scale/mode is being used?
A. blues scale
B. Mixolydian
C. Locrian
D. Lydian
Answer with the letter of the correct option only (A, B, C, or D). Do not explain.",blues scale|Mixolydian|Locrian|Lydian,Locrian,B,Mixolydian,False,,"{""form"": ""melody_drone"", ""mode"": ""locrian"", ""program"": ""flute"", ""soundfont"": ""timgm"", ""tonic_midi"": 64}"
mode_id/lydian_62_bare_scale::no_audio::mcq,mode_id/lydian_62_bare_scale,mode_id,no_audio,mcq,0,,"What scale or mode is this music based on?
A. Lydian
B. melodic minor
C. natural minor
D. minor pentatonic
Answer with the letter of the correct option only (A, B, C, or D). Do not explain.",Lydian|melodic minor|natural minor|minor pentatonic,Lydian,B,melodic minor,False,,"{""form"": ""bare_scale"", ""mode"": ""lydian"", ""program"": ""piano"", ""soundfont"": ""timgm"", ""tonic_midi"": 62}"
mode_id/lydian_64_bare_scale::no_audio::mcq,mode_id/lydian_64_bare_scale,mode_id,no_audio,mcq,1,,"Listen to the clip. Which scale/mode is being used?
A. Lydian
B. harmonic minor
C. major
D. blues scale
Answer with the letter of the correct option only (A, B, C, or D). Do not explain.",Lydian|harmonic minor|major|blues scale,Lydian,A,Lydian,True,,"{""form"": ""bare_scale"", ""mode"": ""lydian"", ""program"": ""synth_lead"", ""soundfont"": ""timgm"", ""tonic_midi"": 64}"
mode_id/lydian_64_melody_drone::no_audio::mcq,mode_id/lydian_64_melody_drone,mode_id,no_audio,mcq,1,,"Listen to the clip. Which scale/mode is being used?
A. melodic minor
B. blues scale
C. Phrygian
D. Lydian
Answer with the letter of the correct option only (A, B, C, or D). Do not explain.",melodic minor|blues scale|Phrygian|Lydian,Lydian,C,Phrygian,False,,"{""form"": ""melody_drone"", ""mode"": ""lydian"", ""program"": ""violin"", ""soundfont"": ""musescore"", ""tonic_midi"": 64}"
mode_id/major_pentatonic_57_bare_scale::no_audio::mcq,mode_id/major_pentatonic_57_bare_scale,mode_id,no_audio,mcq,0,,"What scale or mode is this music based on?
A. blues scale
B. major
C. whole-tone
D. major pentatonic
Answer with the letter of the correct option only (A, B, C, or D). Do not explain.",blues scale|major|whole-tone|major pentatonic,major pentatonic,D,major pentatonic,True,,"{""form"": ""bare_scale"", ""mode"": ""major_pentatonic"", ""program"": ""flute"", ""soundfont"": ""timgm"", ""tonic_midi"": 57}"
mode_id/major_pentatonic_62_melody_drone::no_audio::mcq,mode_id/major_pentatonic_62_melody_drone,mode_id,no_audio,mcq,2,,"Identify the mode or scale type of this passage.
A. Dorian
B. blues scale
C. major
D. major pentatonic
Answer with the letter of the correct option only (A, B, C, or D). Do not explain.",Dorian|blues scale|major|major pentatonic,major pentatonic,A,Dorian,False,,"{""form"": ""melody_drone"", ""mode"": ""major_pentatonic"", ""program"": ""flute"", ""soundfont"": ""timgm"", ""tonic_midi"": 62}"
mode_id/melodic_minor_57_melody_drone::no_audio::mcq,mode_id/melodic_minor_57_melody_drone,mode_id,no_audio,mcq,2,,"Identify the mode or scale type of this passage.
A. Phrygian
B. Dorian
C. minor pentatonic
D. melodic minor
Answer with the letter of the correct option only (A, B, C, or D). Do not explain.",Phrygian|Dorian|minor pentatonic|melodic minor,melodic minor,C,minor pentatonic,False,,"{""form"": ""melody_drone"", ""mode"": ""melodic_minor"", ""program"": ""flute"", ""soundfont"": ""timgm"", ""tonic_midi"": 57}"
mode_id/melodic_minor_62_melody_drone::no_audio::mcq,mode_id/melodic_minor_62_melody_drone,mode_id,no_audio,mcq,2,,"Identify the mode or scale type of this passage.
A. natural minor
B. Mixolydian
C. Phrygian
D. melodic minor
Answer with the letter of the correct option only (A, B, C, or D). Do not explain.",natural minor|Mixolydian|Phrygian|melodic minor,melodic minor,B,Mixolydian,False,,"{""form"": ""melody_drone"", ""mode"": ""melodic_minor"", ""program"": ""flute"", ""soundfont"": ""timgm"", ""tonic_midi"": 62}"
mode_id/melodic_minor_64_bare_scale::no_audio::mcq,mode_id/melodic_minor_64_bare_scale,mode_id,no_audio,mcq,2,,"Identify the mode or scale type of this passage.
A. Dorian
B. major pentatonic
C. Mixolydian
D. melodic minor
Answer with the letter of the correct option only (A, B, C, or D). Do not explain.",Dorian|major pentatonic|Mixolydian|melodic minor,melodic minor,C,Mixolydian,False,,"{""form"": ""bare_scale"", ""mode"": ""melodic_minor"", ""program"": ""violin"", ""soundfont"": ""fluidr3"", ""tonic_midi"": 64}"
mode_id/melodic_minor_64_melody_drone::no_audio::mcq,mode_id/melodic_minor_64_melody_drone,mode_id,no_audio,mcq,2,,"Identify the mode or scale type of this passage.
A. Dorian
B. melodic minor
C. blues scale
D. major pentatonic
Answer with the letter of the correct option only (A, B, C, or D). Do not explain.",Dorian|melodic minor|blues scale|major pentatonic,melodic minor,A,Dorian,False,,"{""form"": ""melody_drone"", ""mode"": ""melodic_minor"", ""program"": ""flute"", ""soundfont"": ""timgm"", ""tonic_midi"": 64}"
mode_id/minor_pentatonic_57_bare_scale::no_audio::mcq,mode_id/minor_pentatonic_57_bare_scale,mode_id,no_audio,mcq,0,,"What scale or mode is this music based on?
A. whole-tone
B. Lydian
C. Locrian
D. minor pentatonic
Answer with the letter of the correct option only (A, B, C, or D). Do not explain.",whole-tone|Lydian|Locrian|minor pentatonic,minor pentatonic,D,minor pentatonic,True,,"{""form"": ""bare_scale"", ""mode"": ""minor_pentatonic"", ""program"": ""flute"", ""soundfont"": ""fluidr3"", ""tonic_midi"": 57}"
mode_id/minor_pentatonic_60_bare_scale::no_audio::mcq,mode_id/minor_pentatonic_60_bare_scale,mode_id,no_audio,mcq,0,,"What scale or mode is this music based on?
A. Lydian
B. harmonic minor
C. minor pentatonic
D. major pentatonic
Answer with the letter of the correct option only (A, B, C, or D). Do not explain.",Lydian|harmonic minor|minor pentatonic|major pentatonic,minor pentatonic,D,major pentatonic,False,,"{""form"": ""bare_scale"", ""mode"": ""minor_pentatonic"", ""program"": ""flute"", ""soundfont"": ""timgm"", ""tonic_midi"": 60}"
mode_id/minor_pentatonic_62_bare_scale::no_audio::mcq,mode_id/minor_pentatonic_62_bare_scale,mode_id,no_audio,mcq,2,,"Identify the mode or scale type of this passage.
A. major
B. melodic minor
C. natural minor
D. minor pentatonic
Answer with the letter of the correct option only (A, B, C, or D). Do not explain.",major|melodic minor|natural minor|minor pentatonic,minor pentatonic,A,major,False,,"{""form"": ""bare_scale"", ""mode"": ""minor_pentatonic"", ""program"": ""flute"", ""soundfont"": ""fluidr3"", ""tonic_midi"": 62}"
mode_id/mixolydian_57_bare_scale::no_audio::mcq,mode_id/mixolydian_57_bare_scale,mode_id,no_audio,mcq,0,,"What scale or mode is this music based on?
A. major pentatonic
B. natural minor
C. Locrian
D. Mixolydian
Answer with the letter of the correct option only (A, B, C, or D). Do not explain.",major pentatonic|natural minor|Locrian|Mixolydian,Mixolydian,D,Mixolydian,True,,"{""form"": ""bare_scale"", ""mode"": ""mixolydian"", ""program"": ""flute"", ""soundfont"": ""musescore"", ""tonic_midi"": 57}"
mode_id/mixolydian_60_bare_scale::no_audio::mcq,mode_id/mixolydian_60_bare_scale,mode_id,no_audio,mcq,0,,"What scale or mode is this music based on?
A. Dorian
B. Phrygian
C. major
D. Mixolydian
Answer with the letter of the correct option only (A, B, C, or D). Do not explain.",Dorian|Phrygian|major|Mixolydian,Mixolydian,A,Dorian,False,,"{""form"": ""bare_scale"", ""mode"": ""mixolydian"", ""program"": ""piano"", ""soundfont"": ""musescore"", ""tonic_midi"": 60}"
mode_id/mixolydian_62_bare_scale::no_audio::mcq,mode_id/mixolydian_62_bare_scale,mode_id,no_audio,mcq,2,,"Identify the mode or scale type of this passage.
A. major pentatonic
B. natural minor
C. melodic minor
D. Mixolydian
Answer with the letter of the correct option only (A, B, C, or D). Do not explain.",major pentatonic|natural minor|melodic minor|Mixolydian,Mixolydian,A,major pentatonic,False,,"{""form"": ""bare_scale"", ""mode"": ""mixolydian"", ""program"": ""violin"", ""soundfont"": ""timgm"", ""tonic_midi"": 62}"
mode_id/natural_minor_57_melody_drone::no_audio::mcq,mode_id/natural_minor_57_melody_drone,mode_id,no_audio,mcq,2,,"Identify the mode or scale type of this passage.
A. Lydian
B. whole-tone
C. Phrygian
D. natural minor
Answer with the letter of the correct option only (A, B, C, or D). Do not explain.",Lydian|whole-tone|Phrygian|natural minor,natural minor,B,whole-tone,False,,"{""form"": ""melody_drone"", ""mode"": ""natural_minor"", ""program"": ""piano"", ""soundfont"": ""timgm"", ""tonic_midi"": 57}"
mode_id/natural_minor_60_melody_drone::no_audio::mcq,mode_id/natural_minor_60_melody_drone,mode_id,no_audio,mcq,0,,"What scale or mode is this music based on?
A. natural minor
B. Phrygian
C. harmonic minor
D. whole-tone
Answer with the letter of the correct option only (A, B, C, or D). Do not explain.",natural minor|Phrygian|harmonic minor|whole-tone,natural minor,B,Phrygian,False,,"{""form"": ""melody_drone"", ""mode"": ""natural_minor"", ""program"": ""flute"", ""soundfont"": ""musescore"", ""tonic_midi"": 60}"
mode_id/natural_minor_62_bare_scale::no_audio::mcq,mode_id/natural_minor_62_bare_scale,mode_id,no_audio,mcq,1,,"Listen to the clip. Which scale/mode is being used?
A. Dorian
B. whole-tone
C. minor pentatonic
D. natural minor
Answer with the letter of the correct option only (A, B, C, or D). Do not explain.",Dorian|whole-tone|minor pentatonic|natural minor,natural minor,A,Dorian,False,,"{""form"": ""bare_scale"", ""mode"": ""natural_minor"", ""program"": ""synth_lead"", ""soundfont"": ""fluidr3"", ""tonic_midi"": 62}"
mode_id/phrygian_57_bare_scale::no_audio::mcq,mode_id/phrygian_57_bare_scale,mode_id,no_audio,mcq,2,,"Identify the mode or scale type of this passage.
A. minor pentatonic
B. Phrygian
C. melodic minor
D. natural minor
Answer with the letter of the correct option only (A, B, C, or D). Do not explain.",minor pentatonic|Phrygian|melodic minor|natural minor,Phrygian,A,minor pentatonic,False,,"{""form"": ""bare_scale"", ""mode"": ""phrygian"", ""program"": ""piano"", ""soundfont"": ""musescore"", ""tonic_midi"": 57}"
mode_id/phrygian_57_melody_drone::no_audio::mcq,mode_id/phrygian_57_melody_drone,mode_id,no_audio,mcq,0,,"What scale or mode is this music based on?
A. blues scale
B. major
C. Phrygian
D. melodic minor
Answer with the letter of the correct option only (A, B, C, or D). Do not explain.",blues scale|major|Phrygian|melodic minor,Phrygian,C,Phrygian,True,,"{""form"": ""melody_drone"", ""mode"": ""phrygian"", ""program"": ""violin"", ""soundfont"": ""fluidr3"", ""tonic_midi"": 57}"
mode_id/phrygian_60_melody_drone::no_audio::mcq,mode_id/phrygian_60_melody_drone,mode_id,no_audio,mcq,1,,"Listen to the clip. Which scale/mode is being used?
A. melodic minor
B. minor pentatonic
C. Phrygian
D. harmonic minor
Answer with the letter of the correct option only (A, B, C, or D). Do not explain.",melodic minor|minor pentatonic|Phrygian|harmonic minor,Phrygian,C,Phrygian,True,,"{""form"": ""melody_drone"", ""mode"": ""phrygian"", ""program"": ""piano"", ""soundfont"": ""fluidr3"", ""tonic_midi"": 60}"
mode_id/phrygian_62_bare_scale::no_audio::mcq,mode_id/phrygian_62_bare_scale,mode_id,no_audio,mcq,2,,"Identify the mode or scale type of this passage.
A. melodic minor
B. harmonic minor
C. major
D. Phrygian
Answer with the letter of the correct option only (A, B, C, or D). Do not explain.",melodic minor|harmonic minor|major|Phrygian,Phrygian,D,Phrygian,True,,"{""form"": ""bare_scale"", ""mode"": ""phrygian"", ""program"": ""piano"", ""soundfont"": ""musescore"", ""tonic_midi"": 62}"
mode_id/phrygian_62_melody_drone::no_audio::mcq,mode_id/phrygian_62_melody_drone,mode_id,no_audio,mcq,1,,"Listen to the clip. Which scale/mode is being used?
A. Phrygian
B. Mixolydian
C. Lydian
D. blues scale
Answer with the letter of the correct option only (A, B, C, or D). Do not explain.",Phrygian|Mixolydian|Lydian|blues scale,Phrygian,A,Phrygian,True,,"{""form"": ""melody_drone"", ""mode"": ""phrygian"", ""program"": ""violin"", ""soundfont"": ""musescore"", ""tonic_midi"": 62}"
mode_id/phrygian_64_bare_scale::no_audio::mcq,mode_id/phrygian_64_bare_scale,mode_id,no_audio,mcq,0,,"What scale or mode is this music based on?
A. Phrygian
B. Dorian
C. major pentatonic
D. Locrian
Answer with the letter of the correct option only (A, B, C, or D). Do not explain.",Phrygian|Dorian|major pentatonic|Locrian,Phrygian,B,Dorian,False,,"{""form"": ""bare_scale"", ""mode"": ""phrygian"", ""program"": ""synth_lead"", ""soundfont"": ""musescore"", ""tonic_midi"": 64}"
mode_id/whole_tone_60_bare_scale::no_audio::mcq,mode_id/whole_tone_60_bare_scale,mode_id,no_audio,mcq,2,,"Identify the mode or scale type of this passage.
A. Dorian
B. Mixolydian
C. minor pentatonic
D. whole-tone
Answer with the letter of the correct option only (A, B, C, or D). Do not explain.",Dorian|Mixolydian|minor pentatonic|whole-tone,whole-tone,B,Mixolydian,False,,"{""form"": ""bare_scale"", ""mode"": ""whole_tone"", ""program"": ""violin"", ""soundfont"": ""fluidr3"", ""tonic_midi"": 60}"
mode_id/whole_tone_64_bare_scale::no_audio::mcq,mode_id/whole_tone_64_bare_scale,mode_id,no_audio,mcq,2,,"Identify the mode or scale type of this passage.
A. Mixolydian
B. minor pentatonic
C. melodic minor
D. whole-tone
Answer with the letter of the correct option only (A, B, C, or D). Do not explain.",Mixolydian|minor pentatonic|melodic minor|whole-tone,whole-tone,A,Mixolydian,False,,"{""form"": ""bare_scale"", ""mode"": ""whole_tone"", ""program"": ""synth_lead"", ""soundfont"": ""musescore"", ""tonic_midi"": 64}"
mode_id/whole_tone_64_melody_drone::no_audio::mcq,mode_id/whole_tone_64_melody_drone,mode_id,no_audio,mcq,0,,"What scale or mode is this music based on?
A. major
B. whole-tone
C. minor pentatonic
D. major pentatonic
Answer with the letter of the correct option only (A, B, C, or D). Do not explain.",major|whole-tone|minor pentatonic|major pentatonic,whole-tone,D,major pentatonic,False,,"{""form"": ""melody_drone"", ""mode"": ""whole_tone"", ""program"": ""synth_lead"", ""soundfont"": ""timgm"", ""tonic_midi"": 64}"
mode_id/dorian_60_bare_scale::wrong_audio::mcq,mode_id/dorian_60_bare_scale,mode_id,wrong_audio,mcq,2,stimuli/intervals/m6_melodic_desc_57_2.wav,"Identify the mode or scale type of this passage.
A. blues scale
B. Dorian
C. Lydian
D. Phrygian
Answer with the letter of the correct option only (A, B, C, or D). Do not explain.",blues scale|Dorian|Lydian|Phrygian,Dorian,B,Dorian,True,,"{""form"": ""bare_scale"", ""mode"": ""dorian"", ""program"": ""piano"", ""soundfont"": ""musescore"", ""tonic_midi"": 60}"
mode_id/dorian_62_bare_scale::wrong_audio::mcq,mode_id/dorian_62_bare_scale,mode_id,wrong_audio,mcq,2,stimuli/mode/dorian_62_melody_drone.wav,"Identify the mode or scale type of this passage.
A. Lydian
B. Mixolydian
C. major
D. Dorian
Answer with the letter of the correct option only (A, B, C, or D). Do not explain.",Lydian|Mixolydian|major|Dorian,Dorian,B,Mixolydian,False,,"{""form"": ""bare_scale"", ""mode"": ""dorian"", ""program"": ""piano"", ""soundfont"": ""musescore"", ""tonic_midi"": 62}"
mode_id/locrian_60_melody_drone::wrong_audio::mcq,mode_id/locrian_60_melody_drone,mode_id,wrong_audio,mcq,0,stimuli/tuning/tune_0059.wav,"What scale or mode is this music based on?
A. Locrian
B. melodic minor
C. whole-tone
D. harmonic minor
Answer with the letter of the correct option only (A, B, C, or D). Do not explain.",Locrian|melodic minor|whole-tone|harmonic minor,Locrian,A,Locrian,True,,"{""form"": ""melody_drone"", ""mode"": ""locrian"", ""program"": ""violin"", ""soundfont"": ""musescore"", ""tonic_midi"": 60}"
mode_id/lydian_60_melody_drone::wrong_audio::mcq,mode_id/lydian_60_melody_drone,mode_id,wrong_audio,mcq,0,stimuli/cents/trial_0029.wav,"What scale or mode is this music based on?
A. Mixolydian
B. major
C. minor pentatonic
D. Lydian
Answer with the letter of the correct option only (A, B, C, or D). Do not explain.",Mixolydian|major|minor pentatonic|Lydian,Lydian,B,major,False,,"{""form"": ""melody_drone"", ""mode"": ""lydian"", ""program"": ""synth_lead"", ""soundfont"": ""fluidr3"", ""tonic_midi"": 60}"
mode_id/major_57_bare_scale::wrong_audio::mcq,mode_id/major_57_bare_scale,mode_id,wrong_audio,mcq,2,stimuli/tuning/tune_0099.wav,"Identify the mode or scale type of this passage.
A. minor pentatonic
B. natural minor
C. Mixolydian
D. major
Answer with the letter of the correct option only (A, B, C, or D). Do not explain.",minor pentatonic|natural minor|Mixolydian|major,major,C,Mixolydian,False,,"{""form"": ""bare_scale"", ""mode"": ""major"", ""program"": ""flute"", ""soundfont"": ""fluidr3"", ""tonic_midi"": 57}"
mode_id/major_60_bare_scale::wrong_audio::mcq,mode_id/major_60_bare_scale,mode_id,wrong_audio,mcq,0,stimuli/chords/augmented_block_61_1.wav,"What scale or mode is this music based on?
A. whole-tone
B. major pentatonic
C. major
D. natural minor
Answer with the letter of the correct option only (A, B, C, or D). Do not explain.",whole-tone|major pentatonic|major|natural minor,major,D,natural minor,False,,"{""form"": ""bare_scale"", ""mode"": ""major"", ""program"": ""piano"", ""soundfont"": ""musescore"", ""tonic_midi"": 60}"
mode_id/major_64_bare_scale::wrong_audio::mcq,mode_id/major_64_bare_scale,mode_id,wrong_audio,mcq,1,stimuli/tuning/tune_0032.wav,"Listen to the clip. Which scale/mode is being used?
A. Locrian
B. major
C. melodic minor
D. blues scale
Answer with the letter of the correct option only (A, B, C, or D). Do not explain.",Locrian|major|melodic minor|blues scale,major,A,Locrian,False,,"{""form"": ""bare_scale"", ""mode"": ""major"", ""program"": ""flute"", ""soundfont"": ""musescore"", ""tonic_midi"": 64}"
mode_id/major_64_melody_drone::wrong_audio::mcq,mode_id/major_64_melody_drone,mode_id,wrong_audio,mcq,2,stimuli/chords/dominant7_arpeggio_63_2.wav,"Identify the mode or scale type of this passage.
A. Mixolydian
B. major
C. Lydian
D. natural minor
Answer with the letter of the correct option only (A, B, C, or D). Do not explain.",Mixolydian|major|Lydian|natural minor,major,A,Mixolydian,False,,"{""form"": ""melody_drone"", ""mode"": ""major"", ""program"": ""flute"", ""soundfont"": ""musescore"", ""tonic_midi"": 64}"
mode_id/melodic_minor_64_melody_drone::wrong_audio::mcq,mode_id/melodic_minor_64_melody_drone,mode_id,wrong_audio,mcq,0,stimuli/polyphony/count2_00.wav,"What scale or mode is this music based on?
A. major pentatonic
B. melodic minor
C. minor pentatonic
D. Locrian
Answer with the letter of the correct option only (A, B, C, or D). Do not explain.",major pentatonic|melodic minor|minor pentatonic|Locrian,melodic minor,D,Locrian,False,,"{""form"": ""melody_drone"", ""mode"": ""melodic_minor"", ""program"": ""flute"", ""soundfont"": ""timgm"", ""tonic_midi"": 64}"
mode_id/minor_pentatonic_62_bare_scale::wrong_audio::mcq,mode_id/minor_pentatonic_62_bare_scale,mode_id,wrong_audio,mcq,0,stimuli/polyphony/count2_10.wav,"What scale or mode is this music based on?
A. Locrian
B. minor pentatonic
C. Mixolydian
D. blues scale
Answer with the letter of the correct option only (A, B, C, or D). Do not explain.",Locrian|minor pentatonic|Mixolydian|blues scale,minor pentatonic,B,minor pentatonic,True,,"{""form"": ""bare_scale"", ""mode"": ""minor_pentatonic"", ""program"": ""flute"", ""soundfont"": ""fluidr3"", ""tonic_midi"": 62}"
mode_id/minor_pentatonic_64_melody_drone::wrong_audio::mcq,mode_id/minor_pentatonic_64_melody_drone,mode_id,wrong_audio,mcq,1,stimuli/key/E_minor_scale_0.wav,"Listen to the clip. Which scale/mode is being used?
A. melodic minor
B. Locrian
C. minor pentatonic
D. whole-tone
Answer with the letter of the correct option only (A, B, C, or D). Do not explain.",melodic minor|Locrian|minor pentatonic|whole-tone,minor pentatonic,D,whole-tone,False,,"{""form"": ""melody_drone"", ""mode"": ""minor_pentatonic"", ""program"": ""flute"", ""soundfont"": ""musescore"", ""tonic_midi"": 64}"
mode_id/natural_minor_64_bare_scale::wrong_audio::mcq,mode_id/natural_minor_64_bare_scale,mode_id,wrong_audio,mcq,2,stimuli/key/As_minor_scale_1.wav,"Identify the mode or scale type of this passage.
A. Mixolydian
B. whole-tone
C. melodic minor
D. natural minor
Answer with the letter of the correct option only (A, B, C, or D). Do not explain.",Mixolydian|whole-tone|melodic minor|natural minor,natural minor,D,natural minor,True,,"{""form"": ""bare_scale"", ""mode"": ""natural_minor"", ""program"": ""flute"", ""soundfont"": ""timgm"", ""tonic_midi"": 64}"
mode_id/natural_minor_64_melody_drone::wrong_audio::mcq,mode_id/natural_minor_64_melody_drone,mode_id,wrong_audio,mcq,2,stimuli/mode/harmonic_minor_60_melody_drone.wav,"Identify the mode or scale type of this passage.
A. Phrygian
B. harmonic minor
C. melodic minor
D. natural minor
Answer with the letter of the correct option only (A, B, C, or D). Do not explain.",Phrygian|harmonic minor|melodic minor|natural minor,natural minor,B,harmonic minor,False,,"{""form"": ""melody_drone"", ""mode"": ""natural_minor"", ""program"": ""piano"", ""soundfont"": ""musescore"", ""tonic_midi"": 64}"
mode_id/whole_tone_57_bare_scale::wrong_audio::mcq,mode_id/whole_tone_57_bare_scale,mode_id,wrong_audio,mcq,1,stimuli/tuning/tune_0065.wav,"Listen to the clip. Which scale/mode is being used?
A. major pentatonic
B. whole-tone
C. minor pentatonic
D. Dorian
Answer with the letter of the correct option only (A, B, C, or D). Do not explain.",major pentatonic|whole-tone|minor pentatonic|Dorian,whole-tone,D,Dorian,False,,"{""form"": ""bare_scale"", ""mode"": ""whole_tone"", ""program"": ""synth_lead"", ""soundfont"": ""fluidr3"", ""tonic_midi"": 57}"
