task,layer,attn_audio_frac,uniform_frac,view,step,model
beats_per_bar,0.0,0.1103922526041666,0.7763916882778973,by_layer,,Qwen_Qwen2-Audio-7B-Instruct
beats_per_bar,1.0,0.2478841145833333,0.7763916882778973,by_layer,,Qwen_Qwen2-Audio-7B-Instruct
beats_per_bar,2.0,0.2193196614583333,0.7763916882778973,by_layer,,Qwen_Qwen2-Audio-7B-Instruct
beats_per_bar,3.0,0.5107421875,0.7763916882778973,by_layer,,Qwen_Qwen2-Audio-7B-Instruct
beats_per_bar,4.0,0.5162760416666666,0.7763916882778973,by_layer,,Qwen_Qwen2-Audio-7B-Instruct
beats_per_bar,5.0,0.5149739583333334,0.7763916882778973,by_layer,,Qwen_Qwen2-Audio-7B-Instruct
beats_per_bar,6.0,0.4964192708333333,0.7763916882778973,by_layer,,Qwen_Qwen2-Audio-7B-Instruct
beats_per_bar,7.0,0.4690755208333333,0.7763916882778973,by_layer,,Qwen_Qwen2-Audio-7B-Instruct
beats_per_bar,8.0,0.3699544270833333,0.7763916882778973,by_layer,,Qwen_Qwen2-Audio-7B-Instruct
beats_per_bar,9.0,0.3616536458333333,0.7763916882778973,by_layer,,Qwen_Qwen2-Audio-7B-Instruct
beats_per_bar,10.0,0.4119466145833333,0.7763916882778973,by_layer,,Qwen_Qwen2-Audio-7B-Instruct
beats_per_bar,11.0,0.4127604166666667,0.7763916882778973,by_layer,,Qwen_Qwen2-Audio-7B-Instruct
beats_per_bar,12.0,0.35302734375,0.7763916882778973,by_layer,,Qwen_Qwen2-Audio-7B-Instruct
beats_per_bar,13.0,0.34228515625,0.7763916882778973,by_layer,,Qwen_Qwen2-Audio-7B-Instruct
beats_per_bar,14.0,0.3077799479166667,0.7763916882778973,by_layer,,Qwen_Qwen2-Audio-7B-Instruct
beats_per_bar,15.0,0.33837890625,0.7763916882778973,by_layer,,Qwen_Qwen2-Audio-7B-Instruct
beats_per_bar,16.0,0.2654622395833333,0.7763916882778973,by_layer,,Qwen_Qwen2-Audio-7B-Instruct
beats_per_bar,17.0,0.3282877604166667,0.7763916882778973,by_layer,,Qwen_Qwen2-Audio-7B-Instruct
beats_per_bar,18.0,0.330078125,0.7763916882778973,by_layer,,Qwen_Qwen2-Audio-7B-Instruct
beats_per_bar,19.0,0.35546875,0.7763916882778973,by_layer,,Qwen_Qwen2-Audio-7B-Instruct
beats_per_bar,20.0,0.3777669270833333,0.7763916882778973,by_layer,,Qwen_Qwen2-Audio-7B-Instruct
beats_per_bar,21.0,0.38623046875,0.7763916882778973,by_layer,,Qwen_Qwen2-Audio-7B-Instruct
beats_per_bar,22.0,0.3743489583333333,0.7763916882778973,by_layer,,Qwen_Qwen2-Audio-7B-Instruct
beats_per_bar,23.0,0.359375,0.7763916882778973,by_layer,,Qwen_Qwen2-Audio-7B-Instruct
beats_per_bar,24.0,0.3463541666666667,0.7763916882778973,by_layer,,Qwen_Qwen2-Audio-7B-Instruct
beats_per_bar,25.0,0.3815104166666667,0.7763916882778973,by_layer,,Qwen_Qwen2-Audio-7B-Instruct
beats_per_bar,26.0,0.3152669270833333,0.7763916882778973,by_layer,,Qwen_Qwen2-Audio-7B-Instruct
beats_per_bar,27.0,0.3860677083333333,0.7763916882778973,by_layer,,Qwen_Qwen2-Audio-7B-Instruct
beats_per_bar,28.0,0.3225911458333333,0.7763916882778973,by_layer,,Qwen_Qwen2-Audio-7B-Instruct
beats_per_bar,29.0,0.2828776041666667,0.7763916882778973,by_layer,,Qwen_Qwen2-Audio-7B-Instruct
beats_per_bar,30.0,0.2736002604166667,0.7763916882778973,by_layer,,Qwen_Qwen2-Audio-7B-Instruct
beats_per_bar,31.0,0.2820638020833333,0.7763916882778973,by_layer,,Qwen_Qwen2-Audio-7B-Instruct
chord_quality,0.0,0.0908610026041666,0.6420292735338672,by_layer,,Qwen_Qwen2-Audio-7B-Instruct
chord_quality,1.0,0.2013346354166666,0.6420292735338672,by_layer,,Qwen_Qwen2-Audio-7B-Instruct
chord_quality,2.0,0.1865234375,0.6420292735338672,by_layer,,Qwen_Qwen2-Audio-7B-Instruct
chord_quality,3.0,0.4303385416666667,0.6420292735338672,by_layer,,Qwen_Qwen2-Audio-7B-Instruct
chord_quality,4.0,0.4303385416666667,0.6420292735338672,by_layer,,Qwen_Qwen2-Audio-7B-Instruct
chord_quality,5.0,0.43359375,0.6420292735338672,by_layer,,Qwen_Qwen2-Audio-7B-Instruct
chord_quality,6.0,0.4044596354166667,0.6420292735338672,by_layer,,Qwen_Qwen2-Audio-7B-Instruct
chord_quality,7.0,0.38720703125,0.6420292735338672,by_layer,,Qwen_Qwen2-Audio-7B-Instruct
chord_quality,8.0,0.313232421875,0.6420292735338672,by_layer,,Qwen_Qwen2-Audio-7B-Instruct
chord_quality,9.0,0.2884928385416667,0.6420292735338672,by_layer,,Qwen_Qwen2-Audio-7B-Instruct
chord_quality,10.0,0.3367513020833333,0.6420292735338672,by_layer,,Qwen_Qwen2-Audio-7B-Instruct
chord_quality,11.0,0.3404947916666667,0.6420292735338672,by_layer,,Qwen_Qwen2-Audio-7B-Instruct
chord_quality,12.0,0.2957356770833333,0.6420292735338672,by_layer,,Qwen_Qwen2-Audio-7B-Instruct
chord_quality,13.0,0.282470703125,0.6420292735338672,by_layer,,Qwen_Qwen2-Audio-7B-Instruct
chord_quality,14.0,0.2604166666666667,0.6420292735338672,by_layer,,Qwen_Qwen2-Audio-7B-Instruct
chord_quality,15.0,0.28515625,0.6420292735338672,by_layer,,Qwen_Qwen2-Audio-7B-Instruct
chord_quality,16.0,0.2232259114583333,0.6420292735338672,by_layer,,Qwen_Qwen2-Audio-7B-Instruct
chord_quality,17.0,0.2880859375,0.6420292735338672,by_layer,,Qwen_Qwen2-Audio-7B-Instruct
chord_quality,18.0,0.2818196614583333,0.6420292735338672,by_layer,,Qwen_Qwen2-Audio-7B-Instruct
chord_quality,19.0,0.3015950520833333,0.6420292735338672,by_layer,,Qwen_Qwen2-Audio-7B-Instruct
chord_quality,20.0,0.3079427083333333,0.6420292735338672,by_layer,,Qwen_Qwen2-Audio-7B-Instruct
chord_quality,21.0,0.3219401041666667,0.6420292735338672,by_layer,,Qwen_Qwen2-Audio-7B-Instruct
chord_quality,22.0,0.3232421875,0.6420292735338672,by_layer,,Qwen_Qwen2-Audio-7B-Instruct
chord_quality,23.0,0.32080078125,0.6420292735338672,by_layer,,Qwen_Qwen2-Audio-7B-Instruct
chord_quality,24.0,0.2860514322916667,0.6420292735338672,by_layer,,Qwen_Qwen2-Audio-7B-Instruct
chord_quality,25.0,0.3142903645833333,0.6420292735338672,by_layer,,Qwen_Qwen2-Audio-7B-Instruct
chord_quality,26.0,0.2918294270833333,0.6420292735338672,by_layer,,Qwen_Qwen2-Audio-7B-Instruct
chord_quality,27.0,0.3162434895833333,0.6420292735338672,by_layer,,Qwen_Qwen2-Audio-7B-Instruct
chord_quality,28.0,0.2727864583333333,0.6420292735338672,by_layer,,Qwen_Qwen2-Audio-7B-Instruct
chord_quality,29.0,0.2508951822916667,0.6420292735338672,by_layer,,Qwen_Qwen2-Audio-7B-Instruct
chord_quality,30.0,0.2237141927083333,0.6420292735338672,by_layer,,Qwen_Qwen2-Audio-7B-Instruct
chord_quality,31.0,0.22412109375,0.6420292735338672,by_layer,,Qwen_Qwen2-Audio-7B-Instruct
instrument_id,0.0,0.0826822916666666,0.6076386375579246,by_layer,,Qwen_Qwen2-Audio-7B-Instruct
instrument_id,1.0,0.2105305989583333,0.6076386375579246,by_layer,,Qwen_Qwen2-Audio-7B-Instruct
instrument_id,2.0,0.1951497395833333,0.6076386375579246,by_layer,,Qwen_Qwen2-Audio-7B-Instruct
instrument_id,3.0,0.4073893229166667,0.6076386375579246,by_layer,,Qwen_Qwen2-Audio-7B-Instruct
instrument_id,4.0,0.3966471354166667,0.6076386375579246,by_layer,,Qwen_Qwen2-Audio-7B-Instruct
instrument_id,5.0,0.4039713541666667,0.6076386375579246,by_layer,,Qwen_Qwen2-Audio-7B-Instruct
instrument_id,6.0,0.3741861979166667,0.6076386375579246,by_layer,,Qwen_Qwen2-Audio-7B-Instruct
instrument_id,7.0,0.3600260416666667,0.6076386375579246,by_layer,,Qwen_Qwen2-Audio-7B-Instruct
instrument_id,8.0,0.2870279947916667,0.6076386375579246,by_layer,,Qwen_Qwen2-Audio-7B-Instruct
instrument_id,9.0,0.2728678385416667,0.6076386375579246,by_layer,,Qwen_Qwen2-Audio-7B-Instruct
instrument_id,10.0,0.3273111979166667,0.6076386375579246,by_layer,,Qwen_Qwen2-Audio-7B-Instruct
instrument_id,11.0,0.33837890625,0.6076386375579246,by_layer,,Qwen_Qwen2-Audio-7B-Instruct
instrument_id,12.0,0.28564453125,0.6076386375579246,by_layer,,Qwen_Qwen2-Audio-7B-Instruct
instrument_id,13.0,0.2936197916666667,0.6076386375579246,by_layer,,Qwen_Qwen2-Audio-7B-Instruct
instrument_id,14.0,0.2911783854166667,0.6076386375579246,by_layer,,Qwen_Qwen2-Audio-7B-Instruct
instrument_id,15.0,0.2900390625,0.6076386375579246,by_layer,,Qwen_Qwen2-Audio-7B-Instruct
instrument_id,16.0,0.252685546875,0.6076386375579246,by_layer,,Qwen_Qwen2-Audio-7B-Instruct
instrument_id,17.0,0.2849934895833333,0.6076386375579246,by_layer,,Qwen_Qwen2-Audio-7B-Instruct
instrument_id,18.0,0.3006184895833333,0.6076386375579246,by_layer,,Qwen_Qwen2-Audio-7B-Instruct
instrument_id,19.0,0.3209635416666667,0.6076386375579246,by_layer,,Qwen_Qwen2-Audio-7B-Instruct
instrument_id,20.0,0.3396809895833333,0.6076386375579246,by_layer,,Qwen_Qwen2-Audio-7B-Instruct
instrument_id,21.0,0.3575846354166667,0.6076386375579246,by_layer,,Qwen_Qwen2-Audio-7B-Instruct
instrument_id,22.0,0.3186848958333333,0.6076386375579246,by_layer,,Qwen_Qwen2-Audio-7B-Instruct
instrument_id,23.0,0.3294270833333333,0.6076386375579246,by_layer,,Qwen_Qwen2-Audio-7B-Instruct
instrument_id,24.0,0.30126953125,0.6076386375579246,by_layer,,Qwen_Qwen2-Audio-7B-Instruct
instrument_id,25.0,0.3382161458333333,0.6076386375579246,by_layer,,Qwen_Qwen2-Audio-7B-Instruct
instrument_id,26.0,0.3028971354166667,0.6076386375579246,by_layer,,Qwen_Qwen2-Audio-7B-Instruct
instrument_id,27.0,0.31396484375,0.6076386375579246,by_layer,,Qwen_Qwen2-Audio-7B-Instruct
instrument_id,28.0,0.2947591145833333,0.6076386375579246,by_layer,,Qwen_Qwen2-Audio-7B-Instruct
instrument_id,29.0,0.2511393229166667,0.6076386375579246,by_layer,,Qwen_Qwen2-Audio-7B-Instruct
instrument_id,30.0,0.2200520833333333,0.6076386375579246,by_layer,,Qwen_Qwen2-Audio-7B-Instruct
instrument_id,31.0,0.2202962239583333,0.6076386375579246,by_layer,,Qwen_Qwen2-Audio-7B-Instruct
interval_id,0.0,0.0805460611979166,0.6023961476921984,by_layer,,Qwen_Qwen2-Audio-7B-Instruct
interval_id,1.0,0.18359375,0.6023961476921984,by_layer,,Qwen_Qwen2-Audio-7B-Instruct
interval_id,2.0,0.1765950520833333,0.6023961476921984,by_layer,,Qwen_Qwen2-Audio-7B-Instruct
interval_id,3.0,0.3582356770833333,0.6023961476921984,by_layer,,Qwen_Qwen2-Audio-7B-Instruct
interval_id,4.0,0.3509114583333333,0.6023961476921984,by_layer,,Qwen_Qwen2-Audio-7B-Instruct
interval_id,5.0,0.3527018229166667,0.6023961476921984,by_layer,,Qwen_Qwen2-Audio-7B-Instruct
interval_id,6.0,0.326904296875,0.6023961476921984,by_layer,,Qwen_Qwen2-Audio-7B-Instruct
interval_id,7.0,0.31396484375,0.6023961476921984,by_layer,,Qwen_Qwen2-Audio-7B-Instruct
interval_id,8.0,0.253662109375,0.6023961476921984,by_layer,,Qwen_Qwen2-Audio-7B-Instruct
interval_id,9.0,0.2567545572916667,0.6023961476921984,by_layer,,Qwen_Qwen2-Audio-7B-Instruct
interval_id,10.0,0.302978515625,0.6023961476921984,by_layer,,Qwen_Qwen2-Audio-7B-Instruct
interval_id,11.0,0.3115234375,0.6023961476921984,by_layer,,Qwen_Qwen2-Audio-7B-Instruct
interval_id,12.0,0.2671712239583333,0.6023961476921984,by_layer,,Qwen_Qwen2-Audio-7B-Instruct
interval_id,13.0,0.2572428385416667,0.6023961476921984,by_layer,,Qwen_Qwen2-Audio-7B-Instruct
interval_id,14.0,0.2369791666666666,0.6023961476921984,by_layer,,Qwen_Qwen2-Audio-7B-Instruct
interval_id,15.0,0.2567545572916667,0.6023961476921984,by_layer,,Qwen_Qwen2-Audio-7B-Instruct
interval_id,16.0,0.190673828125,0.6023961476921984,by_layer,,Qwen_Qwen2-Audio-7B-Instruct
interval_id,17.0,0.2509765625,0.6023961476921984,by_layer,,Qwen_Qwen2-Audio-7B-Instruct
interval_id,18.0,0.2534993489583333,0.6023961476921984,by_layer,,Qwen_Qwen2-Audio-7B-Instruct
interval_id,19.0,0.2728678385416667,0.6023961476921984,by_layer,,Qwen_Qwen2-Audio-7B-Instruct
interval_id,20.0,0.2926432291666667,0.6023961476921984,by_layer,,Qwen_Qwen2-Audio-7B-Instruct
interval_id,21.0,0.2957356770833333,0.6023961476921984,by_layer,,Qwen_Qwen2-Audio-7B-Instruct
interval_id,22.0,0.29345703125,0.6023961476921984,by_layer,,Qwen_Qwen2-Audio-7B-Instruct
interval_id,23.0,0.2981770833333333,0.6023961476921984,by_layer,,Qwen_Qwen2-Audio-7B-Instruct
interval_id,24.0,0.2652180989583333,0.6023961476921984,by_layer,,Qwen_Qwen2-Audio-7B-Instruct
interval_id,25.0,0.29443359375,0.6023961476921984,by_layer,,Qwen_Qwen2-Audio-7B-Instruct
interval_id,26.0,0.257568359375,0.6023961476921984,by_layer,,Qwen_Qwen2-Audio-7B-Instruct
interval_id,27.0,0.28955078125,0.6023961476921984,by_layer,,Qwen_Qwen2-Audio-7B-Instruct
interval_id,28.0,0.2543131510416667,0.6023961476921984,by_layer,,Qwen_Qwen2-Audio-7B-Instruct
interval_id,29.0,0.2350260416666666,0.6023961476921984,by_layer,,Qwen_Qwen2-Audio-7B-Instruct
interval_id,30.0,0.2027180989583333,0.6023961476921984,by_layer,,Qwen_Qwen2-Audio-7B-Instruct
interval_id,31.0,0.2107747395833333,0.6023961476921984,by_layer,,Qwen_Qwen2-Audio-7B-Instruct
key_id,0.0,0.104736328125,0.7036432037161643,by_layer,,Qwen_Qwen2-Audio-7B-Instruct
key_id,1.0,0.2274693080357142,0.7036432037161643,by_layer,,Qwen_Qwen2-Audio-7B-Instruct
key_id,2.0,0.2077985491071428,0.7036432037161643,by_layer,,Qwen_Qwen2-Audio-7B-Instruct
key_id,3.0,0.4845145089285714,0.7036432037161643,by_layer,,Qwen_Qwen2-Audio-7B-Instruct
key_id,4.0,0.4847935267857143,0.7036432037161643,by_layer,,Qwen_Qwen2-Audio-7B-Instruct
key_id,5.0,0.4875837053571428,0.7036432037161643,by_layer,,Qwen_Qwen2-Audio-7B-Instruct
key_id,6.0,0.4602399553571428,0.7036432037161643,by_layer,,Qwen_Qwen2-Audio-7B-Instruct
key_id,7.0,0.4412667410714285,0.7036432037161643,by_layer,,Qwen_Qwen2-Audio-7B-Instruct
key_id,8.0,0.3621651785714285,0.7036432037161643,by_layer,,Qwen_Qwen2-Audio-7B-Instruct
key_id,9.0,0.3286830357142857,0.7036432037161643,by_layer,,Qwen_Qwen2-Audio-7B-Instruct
key_id,10.0,0.3734654017857143,0.7036432037161643,by_layer,,Qwen_Qwen2-Audio-7B-Instruct
key_id,11.0,0.3911830357142857,0.7036432037161643,by_layer,,Qwen_Qwen2-Audio-7B-Instruct
key_id,12.0,0.3397042410714285,0.7036432037161643,by_layer,,Qwen_Qwen2-Audio-7B-Instruct
key_id,13.0,0.3133370535714285,0.7036432037161643,by_layer,,Qwen_Qwen2-Audio-7B-Instruct
key_id,14.0,0.3013392857142857,0.7036432037161643,by_layer,,Qwen_Qwen2-Audio-7B-Instruct
key_id,15.0,0.3352399553571428,0.7036432037161643,by_layer,,Qwen_Qwen2-Audio-7B-Instruct
key_id,16.0,0.2630440848214285,0.7036432037161643,by_layer,,Qwen_Qwen2-Audio-7B-Instruct
key_id,17.0,0.3374720982142857,0.7036432037161643,by_layer,,Qwen_Qwen2-Audio-7B-Instruct
key_id,18.0,0.3113839285714285,0.7036432037161643,by_layer,,Qwen_Qwen2-Audio-7B-Instruct
key_id,19.0,0.3489118303571428,0.7036432037161643,by_layer,,Qwen_Qwen2-Audio-7B-Instruct
key_id,20.0,0.36328125,0.7036432037161643,by_layer,,Qwen_Qwen2-Audio-7B-Instruct
key_id,21.0,0.3754185267857143,0.7036432037161643,by_layer,,Qwen_Qwen2-Audio-7B-Instruct
key_id,22.0,0.3793247767857143,0.7036432037161643,by_layer,,Qwen_Qwen2-Audio-7B-Instruct
key_id,23.0,0.3837890625,0.7036432037161643,by_layer,,Qwen_Qwen2-Audio-7B-Instruct
key_id,24.0,0.353515625,0.7036432037161643,by_layer,,Qwen_Qwen2-Audio-7B-Instruct
key_id,25.0,0.3890904017857143,0.7036432037161643,by_layer,,Qwen_Qwen2-Audio-7B-Instruct
key_id,26.0,0.3602120535714285,0.7036432037161643,by_layer,,Qwen_Qwen2-Audio-7B-Instruct
key_id,27.0,0.3991350446428571,0.7036432037161643,by_layer,,Qwen_Qwen2-Audio-7B-Instruct
key_id,28.0,0.3517020089285714,0.7036432037161643,by_layer,,Qwen_Qwen2-Audio-7B-Instruct
key_id,29.0,0.3039899553571428,0.7036432037161643,by_layer,,Qwen_Qwen2-Audio-7B-Instruct
key_id,30.0,0.2593470982142857,0.7036432037161643,by_layer,,Qwen_Qwen2-Audio-7B-Instruct
key_id,31.0,0.2566266741071428,0.7036432037161643,by_layer,,Qwen_Qwen2-Audio-7B-Instruct
mode_id,0.0,0.1190999348958333,0.7209357391982113,by_layer,,Qwen_Qwen2-Audio-7B-Instruct
mode_id,1.0,0.2217610677083333,0.7209357391982113,by_layer,,Qwen_Qwen2-Audio-7B-Instruct
mode_id,2.0,0.2127278645833333,0.7209357391982113,by_layer,,Qwen_Qwen2-Audio-7B-Instruct
mode_id,3.0,0.45751953125,0.7209357391982113,by_layer,,Qwen_Qwen2-Audio-7B-Instruct
mode_id,4.0,0.45263671875,0.7209357391982113,by_layer,,Qwen_Qwen2-Audio-7B-Instruct
mode_id,5.0,0.4583333333333333,0.7209357391982113,by_layer,,Qwen_Qwen2-Audio-7B-Instruct
mode_id,6.0,0.4275716145833333,0.7209357391982113,by_layer,,Qwen_Qwen2-Audio-7B-Instruct
mode_id,7.0,0.4108072916666667,0.7209357391982113,by_layer,,Qwen_Qwen2-Audio-7B-Instruct
mode_id,8.0,0.3321940104166667,0.7209357391982113,by_layer,,Qwen_Qwen2-Audio-7B-Instruct
mode_id,9.0,0.3251139322916667,0.7209357391982113,by_layer,,Qwen_Qwen2-Audio-7B-Instruct
mode_id,10.0,0.380859375,0.7209357391982113,by_layer,,Qwen_Qwen2-Audio-7B-Instruct
mode_id,11.0,0.3885091145833333,0.7209357391982113,by_layer,,Qwen_Qwen2-Audio-7B-Instruct
mode_id,12.0,0.33740234375,0.7209357391982113,by_layer,,Qwen_Qwen2-Audio-7B-Instruct
mode_id,13.0,0.3248697916666667,0.7209357391982113,by_layer,,Qwen_Qwen2-Audio-7B-Instruct
mode_id,14.0,0.301025390625,0.7209357391982113,by_layer,,Qwen_Qwen2-Audio-7B-Instruct
mode_id,15.0,0.3352864583333333,0.7209357391982113,by_layer,,Qwen_Qwen2-Audio-7B-Instruct
mode_id,16.0,0.2626953125,0.7209357391982113,by_layer,,Qwen_Qwen2-Audio-7B-Instruct
mode_id,17.0,0.326171875,0.7209357391982113,by_layer,,Qwen_Qwen2-Audio-7B-Instruct
mode_id,18.0,0.3192545572916667,0.7209357391982113,by_layer,,Qwen_Qwen2-Audio-7B-Instruct
mode_id,19.0,0.3369140625,0.7209357391982113,by_layer,,Qwen_Qwen2-Audio-7B-Instruct
mode_id,20.0,0.3567708333333333,0.7209357391982113,by_layer,,Qwen_Qwen2-Audio-7B-Instruct
mode_id,21.0,0.3878580729166667,0.7209357391982113,by_layer,,Qwen_Qwen2-Audio-7B-Instruct
mode_id,22.0,0.3821614583333333,0.7209357391982113,by_layer,,Qwen_Qwen2-Audio-7B-Instruct
mode_id,23.0,0.3839518229166667,0.7209357391982113,by_layer,,Qwen_Qwen2-Audio-7B-Instruct
mode_id,24.0,0.3473307291666667,0.7209357391982113,by_layer,,Qwen_Qwen2-Audio-7B-Instruct
mode_id,25.0,0.39013671875,0.7209357391982113,by_layer,,Qwen_Qwen2-Audio-7B-Instruct
mode_id,26.0,0.32958984375,0.7209357391982113,by_layer,,Qwen_Qwen2-Audio-7B-Instruct
mode_id,27.0,0.36865234375,0.7209357391982113,by_layer,,Qwen_Qwen2-Audio-7B-Instruct
mode_id,28.0,0.30810546875,0.7209357391982113,by_layer,,Qwen_Qwen2-Audio-7B-Instruct
mode_id,29.0,0.2684733072916667,0.7209357391982113,by_layer,,Qwen_Qwen2-Audio-7B-Instruct
mode_id,30.0,0.2476399739583333,0.7209357391982113,by_layer,,Qwen_Qwen2-Audio-7B-Instruct
mode_id,31.0,0.2516276041666667,0.7209357391982113,by_layer,,Qwen_Qwen2-Audio-7B-Instruct
note_count,0.0,0.0827840169270833,0.6085364354111186,by_layer,,Qwen_Qwen2-Audio-7B-Instruct
note_count,1.0,0.1944986979166666,0.6085364354111186,by_layer,,Qwen_Qwen2-Audio-7B-Instruct
note_count,2.0,0.175048828125,0.6085364354111186,by_layer,,Qwen_Qwen2-Audio-7B-Instruct
note_count,3.0,0.4010416666666667,0.6085364354111186,by_layer,,Qwen_Qwen2-Audio-7B-Instruct
note_count,4.0,0.4052734375,0.6085364354111186,by_layer,,Qwen_Qwen2-Audio-7B-Instruct
note_count,5.0,0.41064453125,0.6085364354111186,by_layer,,Qwen_Qwen2-Audio-7B-Instruct
note_count,6.0,0.3865559895833333,0.6085364354111186,by_layer,,Qwen_Qwen2-Audio-7B-Instruct
note_count,7.0,0.3694661458333333,0.6085364354111186,by_layer,,Qwen_Qwen2-Audio-7B-Instruct
note_count,8.0,0.2998046875,0.6085364354111186,by_layer,,Qwen_Qwen2-Audio-7B-Instruct
note_count,9.0,0.2884114583333333,0.6085364354111186,by_layer,,Qwen_Qwen2-Audio-7B-Instruct
note_count,10.0,0.3430989583333333,0.6085364354111186,by_layer,,Qwen_Qwen2-Audio-7B-Instruct
note_count,11.0,0.3463541666666667,0.6085364354111186,by_layer,,Qwen_Qwen2-Audio-7B-Instruct
note_count,12.0,0.2967122395833333,0.6085364354111186,by_layer,,Qwen_Qwen2-Audio-7B-Instruct
note_count,13.0,0.2916666666666667,0.6085364354111186,by_layer,,Qwen_Qwen2-Audio-7B-Instruct
note_count,14.0,0.2858072916666667,0.6085364354111186,by_layer,,Qwen_Qwen2-Audio-7B-Instruct
note_count,15.0,0.2950846354166667,0.6085364354111186,by_layer,,Qwen_Qwen2-Audio-7B-Instruct
note_count,16.0,0.239990234375,0.6085364354111186,by_layer,,Qwen_Qwen2-Audio-7B-Instruct
note_count,17.0,0.2945963541666667,0.6085364354111186,by_layer,,Qwen_Qwen2-Audio-7B-Instruct
note_count,18.0,0.2962239583333333,0.6085364354111186,by_layer,,Qwen_Qwen2-Audio-7B-Instruct
note_count,19.0,0.3199869791666667,0.6085364354111186,by_layer,,Qwen_Qwen2-Audio-7B-Instruct
note_count,20.0,0.3465169270833333,0.6085364354111186,by_layer,,Qwen_Qwen2-Audio-7B-Instruct
note_count,21.0,0.3291015625,0.6085364354111186,by_layer,,Qwen_Qwen2-Audio-7B-Instruct
note_count,22.0,0.3194986979166667,0.6085364354111186,by_layer,,Qwen_Qwen2-Audio-7B-Instruct
note_count,23.0,0.3219401041666667,0.6085364354111186,by_layer,,Qwen_Qwen2-Audio-7B-Instruct
note_count,24.0,0.2955729166666667,0.6085364354111186,by_layer,,Qwen_Qwen2-Audio-7B-Instruct
note_count,25.0,0.3414713541666667,0.6085364354111186,by_layer,,Qwen_Qwen2-Audio-7B-Instruct
note_count,26.0,0.2799479166666667,0.6085364354111186,by_layer,,Qwen_Qwen2-Audio-7B-Instruct
note_count,27.0,0.3245442708333333,0.6085364354111186,by_layer,,Qwen_Qwen2-Audio-7B-Instruct
note_count,28.0,0.2931315104166667,0.6085364354111186,by_layer,,Qwen_Qwen2-Audio-7B-Instruct
note_count,29.0,0.2630208333333333,0.6085364354111186,by_layer,,Qwen_Qwen2-Audio-7B-Instruct
note_count,30.0,0.2265625,0.6085364354111186,by_layer,,Qwen_Qwen2-Audio-7B-Instruct
note_count,31.0,0.2215983072916666,0.6085364354111186,by_layer,,Qwen_Qwen2-Audio-7B-Instruct
octave_id,0.0,0.0714925130208333,0.5658639342316564,by_layer,,Qwen_Qwen2-Audio-7B-Instruct
octave_id,1.0,0.1919759114583333,0.5658639342316564,by_layer,,Qwen_Qwen2-Audio-7B-Instruct
octave_id,2.0,0.1808268229166666,0.5658639342316564,by_layer,,Qwen_Qwen2-Audio-7B-Instruct
octave_id,3.0,0.4059244791666667,0.5658639342316564,by_layer,,Qwen_Qwen2-Audio-7B-Instruct
octave_id,4.0,0.4033203125,0.5658639342316564,by_layer,,Qwen_Qwen2-Audio-7B-Instruct
octave_id,5.0,0.40625,0.5658639342316564,by_layer,,Qwen_Qwen2-Audio-7B-Instruct
octave_id,6.0,0.3854166666666667,0.5658639342316564,by_layer,,Qwen_Qwen2-Audio-7B-Instruct
octave_id,7.0,0.3673502604166667,0.5658639342316564,by_layer,,Qwen_Qwen2-Audio-7B-Instruct
octave_id,8.0,0.29541015625,0.5658639342316564,by_layer,,Qwen_Qwen2-Audio-7B-Instruct
octave_id,9.0,0.2670084635416667,0.5658639342316564,by_layer,,Qwen_Qwen2-Audio-7B-Instruct
octave_id,10.0,0.31591796875,0.5658639342316564,by_layer,,Qwen_Qwen2-Audio-7B-Instruct
octave_id,11.0,0.3225911458333333,0.5658639342316564,by_layer,,Qwen_Qwen2-Audio-7B-Instruct
octave_id,12.0,0.2869466145833333,0.5658639342316564,by_layer,,Qwen_Qwen2-Audio-7B-Instruct
octave_id,13.0,0.2652994791666667,0.5658639342316564,by_layer,,Qwen_Qwen2-Audio-7B-Instruct
octave_id,14.0,0.2509765625,0.5658639342316564,by_layer,,Qwen_Qwen2-Audio-7B-Instruct
octave_id,15.0,0.2772623697916667,0.5658639342316564,by_layer,,Qwen_Qwen2-Audio-7B-Instruct
octave_id,16.0,0.2035319010416666,0.5658639342316564,by_layer,,Qwen_Qwen2-Audio-7B-Instruct
octave_id,17.0,0.2733561197916667,0.5658639342316564,by_layer,,Qwen_Qwen2-Audio-7B-Instruct
octave_id,18.0,0.2903645833333333,0.5658639342316564,by_layer,,Qwen_Qwen2-Audio-7B-Instruct
octave_id,19.0,0.2997233072916667,0.5658639342316564,by_layer,,Qwen_Qwen2-Audio-7B-Instruct
octave_id,20.0,0.31396484375,0.5658639342316564,by_layer,,Qwen_Qwen2-Audio-7B-Instruct
octave_id,21.0,0.3125,0.5658639342316564,by_layer,,Qwen_Qwen2-Audio-7B-Instruct
octave_id,22.0,0.3064778645833333,0.5658639342316564,by_layer,,Qwen_Qwen2-Audio-7B-Instruct
octave_id,23.0,0.3121744791666667,0.5658639342316564,by_layer,,Qwen_Qwen2-Audio-7B-Instruct
octave_id,24.0,0.2762858072916667,0.5658639342316564,by_layer,,Qwen_Qwen2-Audio-7B-Instruct
octave_id,25.0,0.318359375,0.5658639342316564,by_layer,,Qwen_Qwen2-Audio-7B-Instruct
octave_id,26.0,0.28369140625,0.5658639342316564,by_layer,,Qwen_Qwen2-Audio-7B-Instruct
octave_id,27.0,0.3079427083333333,0.5658639342316564,by_layer,,Qwen_Qwen2-Audio-7B-Instruct
octave_id,28.0,0.2737630208333333,0.5658639342316564,by_layer,,Qwen_Qwen2-Audio-7B-Instruct
octave_id,29.0,0.2296549479166666,0.5658639342316564,by_layer,,Qwen_Qwen2-Audio-7B-Instruct
octave_id,30.0,0.2002766927083333,0.5658639342316564,by_layer,,Qwen_Qwen2-Audio-7B-Instruct
octave_id,31.0,0.20654296875,0.5658639342316564,by_layer,,Qwen_Qwen2-Audio-7B-Instruct
pitch_note_id,0.0,0.0754957932692307,0.5885717276384914,by_layer,,Qwen_Qwen2-Audio-7B-Instruct
pitch_note_id,1.0,0.2030498798076923,0.5885717276384914,by_layer,,Qwen_Qwen2-Audio-7B-Instruct
pitch_note_id,2.0,0.1900540865384615,0.5885717276384914,by_layer,,Qwen_Qwen2-Audio-7B-Instruct
pitch_note_id,3.0,0.4095552884615384,0.5885717276384914,by_layer,,Qwen_Qwen2-Audio-7B-Instruct
pitch_note_id,4.0,0.40234375,0.5885717276384914,by_layer,,Qwen_Qwen2-Audio-7B-Instruct
pitch_note_id,5.0,0.4059495192307692,0.5885717276384914,by_layer,,Qwen_Qwen2-Audio-7B-Instruct
pitch_note_id,6.0,0.3819110576923077,0.5885717276384914,by_layer,,Qwen_Qwen2-Audio-7B-Instruct
pitch_note_id,7.0,0.3640324519230769,0.5885717276384914,by_layer,,Qwen_Qwen2-Audio-7B-Instruct
pitch_note_id,8.0,0.2934945913461538,0.5885717276384914,by_layer,,Qwen_Qwen2-Audio-7B-Instruct
pitch_note_id,9.0,0.2701322115384615,0.5885717276384914,by_layer,,Qwen_Qwen2-Audio-7B-Instruct
pitch_note_id,10.0,0.3108473557692308,0.5885717276384914,by_layer,,Qwen_Qwen2-Audio-7B-Instruct
pitch_note_id,11.0,0.3252704326923077,0.5885717276384914,by_layer,,Qwen_Qwen2-Audio-7B-Instruct
pitch_note_id,12.0,0.2835787259615384,0.5885717276384914,by_layer,,Qwen_Qwen2-Audio-7B-Instruct
pitch_note_id,13.0,0.2663762019230769,0.5885717276384914,by_layer,,Qwen_Qwen2-Audio-7B-Instruct
pitch_note_id,14.0,0.2646484375,0.5885717276384914,by_layer,,Qwen_Qwen2-Audio-7B-Instruct
pitch_note_id,15.0,0.2827524038461538,0.5885717276384914,by_layer,,Qwen_Qwen2-Audio-7B-Instruct
pitch_note_id,16.0,0.2162710336538461,0.5885717276384914,by_layer,,Qwen_Qwen2-Audio-7B-Instruct
pitch_note_id,17.0,0.2859074519230769,0.5885717276384914,by_layer,,Qwen_Qwen2-Audio-7B-Instruct
pitch_note_id,18.0,0.2759164663461538,0.5885717276384914,by_layer,,Qwen_Qwen2-Audio-7B-Instruct
pitch_note_id,19.0,0.3125,0.5885717276384914,by_layer,,Qwen_Qwen2-Audio-7B-Instruct
pitch_note_id,20.0,0.3215144230769231,0.5885717276384914,by_layer,,Qwen_Qwen2-Audio-7B-Instruct
pitch_note_id,21.0,0.3303786057692308,0.5885717276384914,by_layer,,Qwen_Qwen2-Audio-7B-Instruct
pitch_note_id,22.0,0.3078425480769231,0.5885717276384914,by_layer,,Qwen_Qwen2-Audio-7B-Instruct
pitch_note_id,23.0,0.3345853365384615,0.5885717276384914,by_layer,,Qwen_Qwen2-Audio-7B-Instruct
pitch_note_id,24.0,0.3100961538461538,0.5885717276384914,by_layer,,Qwen_Qwen2-Audio-7B-Instruct
pitch_note_id,25.0,0.3395432692307692,0.5885717276384914,by_layer,,Qwen_Qwen2-Audio-7B-Instruct
pitch_note_id,26.0,0.3276742788461538,0.5885717276384914,by_layer,,Qwen_Qwen2-Audio-7B-Instruct
pitch_note_id,27.0,0.3336838942307692,0.5885717276384914,by_layer,,Qwen_Qwen2-Audio-7B-Instruct
pitch_note_id,28.0,0.298828125,0.5885717276384914,by_layer,,Qwen_Qwen2-Audio-7B-Instruct
pitch_note_id,29.0,0.2560096153846153,0.5885717276384914,by_layer,,Qwen_Qwen2-Audio-7B-Instruct
pitch_note_id,30.0,0.2132662259615384,0.5885717276384914,by_layer,,Qwen_Qwen2-Audio-7B-Instruct
pitch_note_id,31.0,0.2135667067307692,0.5885717276384914,by_layer,,Qwen_Qwen2-Audio-7B-Instruct
progression_id,0.0,0.1113688151041666,0.7083693136863638,by_layer,,Qwen_Qwen2-Audio-7B-Instruct
progression_id,1.0,0.229736328125,0.7083693136863638,by_layer,,Qwen_Qwen2-Audio-7B-Instruct
progression_id,2.0,0.20654296875,0.7083693136863638,by_layer,,Qwen_Qwen2-Audio-7B-Instruct
progression_id,3.0,0.49658203125,0.7083693136863638,by_layer,,Qwen_Qwen2-Audio-7B-Instruct
progression_id,4.0,0.4957682291666667,0.7083693136863638,by_layer,,Qwen_Qwen2-Audio-7B-Instruct
progression_id,5.0,0.5027669270833334,0.7083693136863638,by_layer,,Qwen_Qwen2-Audio-7B-Instruct
progression_id,6.0,0.4723307291666667,0.7083693136863638,by_layer,,Qwen_Qwen2-Audio-7B-Instruct
progression_id,7.0,0.44970703125,0.7083693136863638,by_layer,,Qwen_Qwen2-Audio-7B-Instruct
progression_id,8.0,0.36865234375,0.7083693136863638,by_layer,,Qwen_Qwen2-Audio-7B-Instruct
progression_id,9.0,0.35693359375,0.7083693136863638,by_layer,,Qwen_Qwen2-Audio-7B-Instruct
progression_id,10.0,0.3968098958333333,0.7083693136863638,by_layer,,Qwen_Qwen2-Audio-7B-Instruct
progression_id,11.0,0.4055989583333333,0.7083693136863638,by_layer,,Qwen_Qwen2-Audio-7B-Instruct
progression_id,12.0,0.34423828125,0.7083693136863638,by_layer,,Qwen_Qwen2-Audio-7B-Instruct
progression_id,13.0,0.3313802083333333,0.7083693136863638,by_layer,,Qwen_Qwen2-Audio-7B-Instruct
progression_id,14.0,0.3016764322916667,0.7083693136863638,by_layer,,Qwen_Qwen2-Audio-7B-Instruct
progression_id,15.0,0.34619140625,0.7083693136863638,by_layer,,Qwen_Qwen2-Audio-7B-Instruct
progression_id,16.0,0.2657063802083333,0.7083693136863638,by_layer,,Qwen_Qwen2-Audio-7B-Instruct
progression_id,17.0,0.3439127604166667,0.7083693136863638,by_layer,,Qwen_Qwen2-Audio-7B-Instruct
progression_id,18.0,0.33740234375,0.7083693136863638,by_layer,,Qwen_Qwen2-Audio-7B-Instruct
progression_id,19.0,0.3636067708333333,0.7083693136863638,by_layer,,Qwen_Qwen2-Audio-7B-Instruct
progression_id,20.0,0.3766276041666667,0.7083693136863638,by_layer,,Qwen_Qwen2-Audio-7B-Instruct
progression_id,21.0,0.3904622395833333,0.7083693136863638,by_layer,,Qwen_Qwen2-Audio-7B-Instruct
progression_id,22.0,0.3746744791666667,0.7083693136863638,by_layer,,Qwen_Qwen2-Audio-7B-Instruct
progression_id,23.0,0.3873697916666667,0.7083693136863638,by_layer,,Qwen_Qwen2-Audio-7B-Instruct
progression_id,24.0,0.35107421875,0.7083693136863638,by_layer,,Qwen_Qwen2-Audio-7B-Instruct
progression_id,25.0,0.3935546875,0.7083693136863638,by_layer,,Qwen_Qwen2-Audio-7B-Instruct
progression_id,26.0,0.33447265625,0.7083693136863638,by_layer,,Qwen_Qwen2-Audio-7B-Instruct
progression_id,27.0,0.39501953125,0.7083693136863638,by_layer,,Qwen_Qwen2-Audio-7B-Instruct
progression_id,28.0,0.32958984375,0.7083693136863638,by_layer,,Qwen_Qwen2-Audio-7B-Instruct
progression_id,29.0,0.2796223958333333,0.7083693136863638,by_layer,,Qwen_Qwen2-Audio-7B-Instruct
progression_id,30.0,0.2630208333333333,0.7083693136863638,by_layer,,Qwen_Qwen2-Audio-7B-Instruct
progression_id,31.0,0.2622884114583333,0.7083693136863638,by_layer,,Qwen_Qwen2-Audio-7B-Instruct
beats_per_bar,,0.3592529296875,0.777357360608716,by_step,0.0,Qwen_Qwen2-Audio-7B-Instruct
beats_per_bar,,0.3501358032226562,0.7754260159470787,by_step,1.0,Qwen_Qwen2-Audio-7B-Instruct
chord_quality,,0.2987569173177083,0.643431804182057,by_step,0.0,Qwen_Qwen2-Audio-7B-Instruct
chord_quality,,0.2959925333658854,0.6406267428856774,by_step,1.0,Qwen_Qwen2-Audio-7B-Instruct
instrument_id,,0.3043924967447917,0.6092039331635264,by_step,0.0,Qwen_Qwen2-Audio-7B-Instruct
instrument_id,,0.2933502197265625,0.6060733419523227,by_step,1.0,Qwen_Qwen2-Audio-7B-Instruct
interval_id,,0.2650146484375,0.6038436628967109,by_step,0.0,Qwen_Qwen2-Audio-7B-Instruct
interval_id,,0.2627449035644531,0.6009486324876859,by_step,1.0,Qwen_Qwen2-Audio-7B-Instruct
key_id,,0.3485387166341145,0.7048527301765359,by_step,0.0,Qwen_Qwen2-Audio-7B-Instruct
key_id,,0.3439839680989583,0.7023905898617643,by_step,1.0,Qwen_Qwen2-Audio-7B-Instruct
key_id,,0.360076904296875,0.7050359712230215,by_step,2.0,Qwen_Qwen2-Audio-7B-Instruct
key_id,,0.332183837890625,0.7025089605734767,by_step,3.0,Qwen_Qwen2-Audio-7B-Instruct
mode_id,,0.3374608357747395,0.7221310784366523,by_step,0.0,Qwen_Qwen2-Audio-7B-Instruct
mode_id,,0.3346048990885417,0.7197403999597705,by_step,1.0,Qwen_Qwen2-Audio-7B-Instruct
note_count,,0.3013585408528645,0.6099779148955055,by_step,0.0,Qwen_Qwen2-Audio-7B-Instruct
note_count,,0.2977638244628906,0.6070949559267317,by_step,1.0,Qwen_Qwen2-Audio-7B-Instruct
octave_id,,0.2846577962239583,0.5672214130777536,by_step,0.0,Qwen_Qwen2-Audio-7B-Instruct
octave_id,,0.284253438313802,0.5645064553855591,by_step,1.0,Qwen_Qwen2-Audio-7B-Instruct
pitch_note_id,,0.2930857340494792,0.5909532209348386,by_step,0.0,Qwen_Qwen2-Audio-7B-Instruct
pitch_note_id,,0.2942352294921875,0.5880072051297892,by_step,1.0,Qwen_Qwen2-Audio-7B-Instruct
pitch_note_id,,0.297698974609375,0.5776699029126213,by_step,2.0,Qwen_Qwen2-Audio-7B-Instruct
progression_id,,0.3529866536458333,0.709498075191029,by_step,0.0,Qwen_Qwen2-Audio-7B-Instruct
progression_id,,0.351056416829427,0.7072405521816986,by_step,1.0,Qwen_Qwen2-Audio-7B-Instruct
beats_per_bar,0.0,0.0456034342447916,0.7881571276911377,by_layer,,Qwen_Qwen2.5-Omni-7B
beats_per_bar,1.0,0.0657958984375,0.7881571276911377,by_layer,,Qwen_Qwen2.5-Omni-7B
beats_per_bar,2.0,0.1100260416666666,0.7881571276911377,by_layer,,Qwen_Qwen2.5-Omni-7B
beats_per_bar,3.0,0.0953369140625,0.7881571276911377,by_layer,,Qwen_Qwen2.5-Omni-7B
beats_per_bar,4.0,0.0306803385416666,0.7881571276911377,by_layer,,Qwen_Qwen2.5-Omni-7B
beats_per_bar,5.0,0.0398152669270833,0.7881571276911377,by_layer,,Qwen_Qwen2.5-Omni-7B
beats_per_bar,6.0,0.0247599283854166,0.7881571276911377,by_layer,,Qwen_Qwen2.5-Omni-7B
beats_per_bar,7.0,0.0517171223958333,0.7881571276911377,by_layer,,Qwen_Qwen2.5-Omni-7B
beats_per_bar,8.0,0.0492451985677083,0.7881571276911377,by_layer,,Qwen_Qwen2.5-Omni-7B
beats_per_bar,9.0,0.072265625,0.7881571276911377,by_layer,,Qwen_Qwen2.5-Omni-7B
beats_per_bar,10.0,0.0215911865234375,0.7881571276911377,by_layer,,Qwen_Qwen2.5-Omni-7B
beats_per_bar,11.0,0.032867431640625,0.7881571276911377,by_layer,,Qwen_Qwen2.5-Omni-7B
beats_per_bar,12.0,0.0389912923177083,0.7881571276911377,by_layer,,Qwen_Qwen2.5-Omni-7B
beats_per_bar,13.0,0.0263519287109375,0.7881571276911377,by_layer,,Qwen_Qwen2.5-Omni-7B
beats_per_bar,14.0,0.0352325439453125,0.7881571276911377,by_layer,,Qwen_Qwen2.5-Omni-7B
beats_per_bar,15.0,0.0156351725260416,0.7881571276911377,by_layer,,Qwen_Qwen2.5-Omni-7B
beats_per_bar,16.0,0.0120391845703125,0.7881571276911377,by_layer,,Qwen_Qwen2.5-Omni-7B
beats_per_bar,17.0,0.0152994791666666,0.7881571276911377,by_layer,,Qwen_Qwen2.5-Omni-7B
beats_per_bar,18.0,0.0236460367838541,0.7881571276911377,by_layer,,Qwen_Qwen2.5-Omni-7B
beats_per_bar,19.0,0.0228678385416666,0.7881571276911377,by_layer,,Qwen_Qwen2.5-Omni-7B
beats_per_bar,20.0,0.0286763509114583,0.7881571276911377,by_layer,,Qwen_Qwen2.5-Omni-7B
beats_per_bar,21.0,0.03204345703125,0.7881571276911377,by_layer,,Qwen_Qwen2.5-Omni-7B
beats_per_bar,22.0,0.021575927734375,0.7881571276911377,by_layer,,Qwen_Qwen2.5-Omni-7B
beats_per_bar,23.0,0.0189310709635416,0.7881571276911377,by_layer,,Qwen_Qwen2.5-Omni-7B
beats_per_bar,24.0,0.0155792236328125,0.7881571276911377,by_layer,,Qwen_Qwen2.5-Omni-7B
beats_per_bar,25.0,0.0138142903645833,0.7881571276911377,by_layer,,Qwen_Qwen2.5-Omni-7B
beats_per_bar,26.0,0.0169270833333333,0.7881571276911377,by_layer,,Qwen_Qwen2.5-Omni-7B
beats_per_bar,27.0,0.0263112386067708,0.7881571276911377,by_layer,,Qwen_Qwen2.5-Omni-7B
chord_quality,0.0,0.03363037109375,0.6593141662958137,by_layer,,Qwen_Qwen2.5-Omni-7B
chord_quality,1.0,0.0517374674479166,0.6593141662958137,by_layer,,Qwen_Qwen2.5-Omni-7B
chord_quality,2.0,0.09332275390625,0.6593141662958137,by_layer,,Qwen_Qwen2.5-Omni-7B
chord_quality,3.0,0.0777994791666666,0.6593141662958137,by_layer,,Qwen_Qwen2.5-Omni-7B
chord_quality,4.0,0.039337158203125,0.6593141662958137,by_layer,,Qwen_Qwen2.5-Omni-7B
chord_quality,5.0,0.0417378743489583,0.6593141662958137,by_layer,,Qwen_Qwen2.5-Omni-7B
chord_quality,6.0,0.0255482991536458,0.6593141662958137,by_layer,,Qwen_Qwen2.5-Omni-7B
chord_quality,7.0,0.0553385416666666,0.6593141662958137,by_layer,,Qwen_Qwen2.5-Omni-7B
chord_quality,8.0,0.052154541015625,0.6593141662958137,by_layer,,Qwen_Qwen2.5-Omni-7B
chord_quality,9.0,0.0809733072916666,0.6593141662958137,by_layer,,Qwen_Qwen2.5-Omni-7B
chord_quality,10.0,0.0223541259765625,0.6593141662958137,by_layer,,Qwen_Qwen2.5-Omni-7B
chord_quality,11.0,0.0338033040364583,0.6593141662958137,by_layer,,Qwen_Qwen2.5-Omni-7B
chord_quality,12.0,0.04156494140625,0.6593141662958137,by_layer,,Qwen_Qwen2.5-Omni-7B
chord_quality,13.0,0.035369873046875,0.6593141662958137,by_layer,,Qwen_Qwen2.5-Omni-7B
chord_quality,14.0,0.0321756998697916,0.6593141662958137,by_layer,,Qwen_Qwen2.5-Omni-7B
chord_quality,15.0,0.0165049235026041,0.6593141662958137,by_layer,,Qwen_Qwen2.5-Omni-7B
chord_quality,16.0,0.0167999267578125,0.6593141662958137,by_layer,,Qwen_Qwen2.5-Omni-7B
chord_quality,17.0,0.0186665852864583,0.6593141662958137,by_layer,,Qwen_Qwen2.5-Omni-7B
chord_quality,18.0,0.0212351481119791,0.6593141662958137,by_layer,,Qwen_Qwen2.5-Omni-7B
chord_quality,19.0,0.0395711263020833,0.6593141662958137,by_layer,,Qwen_Qwen2.5-Omni-7B
chord_quality,20.0,0.0408528645833333,0.6593141662958137,by_layer,,Qwen_Qwen2.5-Omni-7B
chord_quality,21.0,0.0570882161458333,0.6593141662958137,by_layer,,Qwen_Qwen2.5-Omni-7B
chord_quality,22.0,0.03448486328125,0.6593141662958137,by_layer,,Qwen_Qwen2.5-Omni-7B
chord_quality,23.0,0.032623291015625,0.6593141662958137,by_layer,,Qwen_Qwen2.5-Omni-7B
chord_quality,24.0,0.023773193359375,0.6593141662958137,by_layer,,Qwen_Qwen2.5-Omni-7B
chord_quality,25.0,0.0213114420572916,0.6593141662958137,by_layer,,Qwen_Qwen2.5-Omni-7B
chord_quality,26.0,0.0260416666666666,0.6593141662958137,by_layer,,Qwen_Qwen2.5-Omni-7B
chord_quality,27.0,0.0326436360677083,0.6593141662958137,by_layer,,Qwen_Qwen2.5-Omni-7B
instrument_id,0.0,0.0333251953125,0.6270219458699466,by_layer,,Qwen_Qwen2.5-Omni-7B
instrument_id,1.0,0.0483601888020833,0.6270219458699466,by_layer,,Qwen_Qwen2.5-Omni-7B
instrument_id,2.0,0.0936686197916666,0.6270219458699466,by_layer,,Qwen_Qwen2.5-Omni-7B
instrument_id,3.0,0.0673014322916666,0.6270219458699466,by_layer,,Qwen_Qwen2.5-Omni-7B
instrument_id,4.0,0.043182373046875,0.6270219458699466,by_layer,,Qwen_Qwen2.5-Omni-7B
instrument_id,5.0,0.0458882649739583,0.6270219458699466,by_layer,,Qwen_Qwen2.5-Omni-7B
instrument_id,6.0,0.0269063313802083,0.6270219458699466,by_layer,,Qwen_Qwen2.5-Omni-7B
instrument_id,7.0,0.0597737630208333,0.6270219458699466,by_layer,,Qwen_Qwen2.5-Omni-7B
instrument_id,8.0,0.0651041666666666,0.6270219458699466,by_layer,,Qwen_Qwen2.5-Omni-7B
instrument_id,9.0,0.1033528645833333,0.6270219458699466,by_layer,,Qwen_Qwen2.5-Omni-7B
instrument_id,10.0,0.0303141276041666,0.6270219458699466,by_layer,,Qwen_Qwen2.5-Omni-7B
instrument_id,11.0,0.0464274088541666,0.6270219458699466,by_layer,,Qwen_Qwen2.5-Omni-7B
instrument_id,12.0,0.0486857096354166,0.6270219458699466,by_layer,,Qwen_Qwen2.5-Omni-7B
instrument_id,13.0,0.0416158040364583,0.6270219458699466,by_layer,,Qwen_Qwen2.5-Omni-7B
instrument_id,14.0,0.0546061197916666,0.6270219458699466,by_layer,,Qwen_Qwen2.5-Omni-7B
instrument_id,15.0,0.0266316731770833,0.6270219458699466,by_layer,,Qwen_Qwen2.5-Omni-7B
instrument_id,16.0,0.026702880859375,0.6270219458699466,by_layer,,Qwen_Qwen2.5-Omni-7B
instrument_id,17.0,0.0296834309895833,0.6270219458699466,by_layer,,Qwen_Qwen2.5-Omni-7B
instrument_id,18.0,0.0285847981770833,0.6270219458699466,by_layer,,Qwen_Qwen2.5-Omni-7B
instrument_id,19.0,0.0555419921875,0.6270219458699466,by_layer,,Qwen_Qwen2.5-Omni-7B
instrument_id,20.0,0.0625813802083333,0.6270219458699466,by_layer,,Qwen_Qwen2.5-Omni-7B
instrument_id,21.0,0.06658935546875,0.6270219458699466,by_layer,,Qwen_Qwen2.5-Omni-7B
instrument_id,22.0,0.0435791015625,0.6270219458699466,by_layer,,Qwen_Qwen2.5-Omni-7B
instrument_id,23.0,0.0414632161458333,0.6270219458699466,by_layer,,Qwen_Qwen2.5-Omni-7B
instrument_id,24.0,0.029083251953125,0.6270219458699466,by_layer,,Qwen_Qwen2.5-Omni-7B
instrument_id,25.0,0.0270487467447916,0.6270219458699466,by_layer,,Qwen_Qwen2.5-Omni-7B
instrument_id,26.0,0.0388590494791666,0.6270219458699466,by_layer,,Qwen_Qwen2.5-Omni-7B
instrument_id,27.0,0.04150390625,0.6270219458699466,by_layer,,Qwen_Qwen2.5-Omni-7B
interval_id,0.0,0.03179931640625,0.6202829446099279,by_layer,,Qwen_Qwen2.5-Omni-7B
interval_id,1.0,0.0449015299479166,0.6202829446099279,by_layer,,Qwen_Qwen2.5-Omni-7B
interval_id,2.0,0.087646484375,0.6202829446099279,by_layer,,Qwen_Qwen2.5-Omni-7B
interval_id,3.0,0.0720011393229166,0.6202829446099279,by_layer,,Qwen_Qwen2.5-Omni-7B
interval_id,4.0,0.0414225260416666,0.6202829446099279,by_layer,,Qwen_Qwen2.5-Omni-7B
interval_id,5.0,0.04827880859375,0.6202829446099279,by_layer,,Qwen_Qwen2.5-Omni-7B
interval_id,6.0,0.0261332194010416,0.6202829446099279,by_layer,,Qwen_Qwen2.5-Omni-7B
interval_id,7.0,0.0578816731770833,0.6202829446099279,by_layer,,Qwen_Qwen2.5-Omni-7B
interval_id,8.0,0.0591532389322916,0.6202829446099279,by_layer,,Qwen_Qwen2.5-Omni-7B
interval_id,9.0,0.08489990234375,0.6202829446099279,by_layer,,Qwen_Qwen2.5-Omni-7B
interval_id,10.0,0.0263926188151041,0.6202829446099279,by_layer,,Qwen_Qwen2.5-Omni-7B
interval_id,11.0,0.0389506022135416,0.6202829446099279,by_layer,,Qwen_Qwen2.5-Omni-7B
interval_id,12.0,0.047515869140625,0.6202829446099279,by_layer,,Qwen_Qwen2.5-Omni-7B
interval_id,13.0,0.0362040201822916,0.6202829446099279,by_layer,,Qwen_Qwen2.5-Omni-7B
interval_id,14.0,0.0339508056640625,0.6202829446099279,by_layer,,Qwen_Qwen2.5-Omni-7B
interval_id,15.0,0.0196736653645833,0.6202829446099279,by_layer,,Qwen_Qwen2.5-Omni-7B
interval_id,16.0,0.0168863932291666,0.6202829446099279,by_layer,,Qwen_Qwen2.5-Omni-7B
interval_id,17.0,0.0213165283203125,0.6202829446099279,by_layer,,Qwen_Qwen2.5-Omni-7B
interval_id,18.0,0.0220794677734375,0.6202829446099279,by_layer,,Qwen_Qwen2.5-Omni-7B
interval_id,19.0,0.0330301920572916,0.6202829446099279,by_layer,,Qwen_Qwen2.5-Omni-7B
interval_id,20.0,0.034454345703125,0.6202829446099279,by_layer,,Qwen_Qwen2.5-Omni-7B
interval_id,21.0,0.0474751790364583,0.6202829446099279,by_layer,,Qwen_Qwen2.5-Omni-7B
interval_id,22.0,0.0319925944010416,0.6202829446099279,by_layer,,Qwen_Qwen2.5-Omni-7B
interval_id,23.0,0.0267130533854166,0.6202829446099279,by_layer,,Qwen_Qwen2.5-Omni-7B
interval_id,24.0,0.023468017578125,0.6202829446099279,by_layer,,Qwen_Qwen2.5-Omni-7B
interval_id,25.0,0.0196075439453125,0.6202829446099279,by_layer,,Qwen_Qwen2.5-Omni-7B
interval_id,26.0,0.0229085286458333,0.6202829446099279,by_layer,,Qwen_Qwen2.5-Omni-7B
interval_id,27.0,0.0273844401041666,0.6202829446099279,by_layer,,Qwen_Qwen2.5-Omni-7B
key_id,0.0,0.041107177734375,0.7187126247208209,by_layer,,Qwen_Qwen2.5-Omni-7B
key_id,1.0,0.05877685546875,0.7187126247208209,by_layer,,Qwen_Qwen2.5-Omni-7B
key_id,2.0,0.1068929036458333,0.7187126247208209,by_layer,,Qwen_Qwen2.5-Omni-7B
key_id,3.0,0.0979817708333333,0.7187126247208209,by_layer,,Qwen_Qwen2.5-Omni-7B
key_id,4.0,0.049072265625,0.7187126247208209,by_layer,,Qwen_Qwen2.5-Omni-7B
key_id,5.0,0.0503946940104166,0.7187126247208209,by_layer,,Qwen_Qwen2.5-Omni-7B
key_id,6.0,0.0277811686197916,0.7187126247208209,by_layer,,Qwen_Qwen2.5-Omni-7B
key_id,7.0,0.0586751302083333,0.7187126247208209,by_layer,,Qwen_Qwen2.5-Omni-7B
key_id,8.0,0.0548197428385416,0.7187126247208209,by_layer,,Qwen_Qwen2.5-Omni-7B
key_id,9.0,0.0823974609375,0.7187126247208209,by_layer,,Qwen_Qwen2.5-Omni-7B
key_id,10.0,0.0246378580729166,0.7187126247208209,by_layer,,Qwen_Qwen2.5-Omni-7B
key_id,11.0,0.03692626953125,0.7187126247208209,by_layer,,Qwen_Qwen2.5-Omni-7B
key_id,12.0,0.0424092610677083,0.7187126247208209,by_layer,,Qwen_Qwen2.5-Omni-7B
key_id,13.0,0.0349884033203125,0.7187126247208209,by_layer,,Qwen_Qwen2.5-Omni-7B
key_id,14.0,0.0362345377604166,0.7187126247208209,by_layer,,Qwen_Qwen2.5-Omni-7B
key_id,15.0,0.0203348795572916,0.7187126247208209,by_layer,,Qwen_Qwen2.5-Omni-7B
key_id,16.0,0.0176544189453125,0.7187126247208209,by_layer,,Qwen_Qwen2.5-Omni-7B
key_id,17.0,0.0210927327473958,0.7187126247208209,by_layer,,Qwen_Qwen2.5-Omni-7B
key_id,18.0,0.0257466634114583,0.7187126247208209,by_layer,,Qwen_Qwen2.5-Omni-7B
key_id,19.0,0.0412699381510416,0.7187126247208209,by_layer,,Qwen_Qwen2.5-Omni-7B
key_id,20.0,0.043121337890625,0.7187126247208209,by_layer,,Qwen_Qwen2.5-Omni-7B
key_id,21.0,0.0582478841145833,0.7187126247208209,by_layer,,Qwen_Qwen2.5-Omni-7B
key_id,22.0,0.0373636881510416,0.7187126247208209,by_layer,,Qwen_Qwen2.5-Omni-7B
key_id,23.0,0.0340677897135416,0.7187126247208209,by_layer,,Qwen_Qwen2.5-Omni-7B
key_id,24.0,0.02227783203125,0.7187126247208209,by_layer,,Qwen_Qwen2.5-Omni-7B
key_id,25.0,0.0207977294921875,0.7187126247208209,by_layer,,Qwen_Qwen2.5-Omni-7B
key_id,26.0,0.0255635579427083,0.7187126247208209,by_layer,,Qwen_Qwen2.5-Omni-7B
key_id,27.0,0.028900146484375,0.7187126247208209,by_layer,,Qwen_Qwen2.5-Omni-7B
mode_id,0.0,0.0566507975260416,0.7355756185767812,by_layer,,Qwen_Qwen2.5-Omni-7B
mode_id,1.0,0.07666015625,0.7355756185767812,by_layer,,Qwen_Qwen2.5-Omni-7B
mode_id,2.0,0.1524251302083333,0.7355756185767812,by_layer,,Qwen_Qwen2.5-Omni-7B
mode_id,3.0,0.1138509114583333,0.7355756185767812,by_layer,,Qwen_Qwen2.5-Omni-7B
mode_id,4.0,0.07177734375,0.7355756185767812,by_layer,,Qwen_Qwen2.5-Omni-7B
mode_id,5.0,0.0684712727864583,0.7355756185767812,by_layer,,Qwen_Qwen2.5-Omni-7B
mode_id,6.0,0.036956787109375,0.7355756185767812,by_layer,,Qwen_Qwen2.5-Omni-7B
mode_id,7.0,0.09405517578125,0.7355756185767812,by_layer,,Qwen_Qwen2.5-Omni-7B
mode_id,8.0,0.0890096028645833,0.7355756185767812,by_layer,,Qwen_Qwen2.5-Omni-7B
mode_id,9.0,0.1170654296875,0.7355756185767812,by_layer,,Qwen_Qwen2.5-Omni-7B
mode_id,10.0,0.0409749348958333,0.7355756185767812,by_layer,,Qwen_Qwen2.5-Omni-7B
mode_id,11.0,0.0710042317708333,0.7355756185767812,by_layer,,Qwen_Qwen2.5-Omni-7B
mode_id,12.0,0.0769246419270833,0.7355756185767812,by_layer,,Qwen_Qwen2.5-Omni-7B
mode_id,13.0,0.052978515625,0.7355756185767812,by_layer,,Qwen_Qwen2.5-Omni-7B
mode_id,14.0,0.05755615234375,0.7355756185767812,by_layer,,Qwen_Qwen2.5-Omni-7B
mode_id,15.0,0.0252838134765625,0.7355756185767812,by_layer,,Qwen_Qwen2.5-Omni-7B
mode_id,16.0,0.025360107421875,0.7355756185767812,by_layer,,Qwen_Qwen2.5-Omni-7B
mode_id,17.0,0.0329996744791666,0.7355756185767812,by_layer,,Qwen_Qwen2.5-Omni-7B
mode_id,18.0,0.0355936686197916,0.7355756185767812,by_layer,,Qwen_Qwen2.5-Omni-7B
mode_id,19.0,0.0495096842447916,0.7355756185767812,by_layer,,Qwen_Qwen2.5-Omni-7B
mode_id,20.0,0.06005859375,0.7355756185767812,by_layer,,Qwen_Qwen2.5-Omni-7B
mode_id,21.0,0.07098388671875,0.7355756185767812,by_layer,,Qwen_Qwen2.5-Omni-7B
mode_id,22.0,0.0684407552083333,0.7355756185767812,by_layer,,Qwen_Qwen2.5-Omni-7B
mode_id,23.0,0.0544840494791666,0.7355756185767812,by_layer,,Qwen_Qwen2.5-Omni-7B
mode_id,24.0,0.0318196614583333,0.7355756185767812,by_layer,,Qwen_Qwen2.5-Omni-7B
mode_id,25.0,0.034393310546875,0.7355756185767812,by_layer,,Qwen_Qwen2.5-Omni-7B
mode_id,26.0,0.0426839192708333,0.7355756185767812,by_layer,,Qwen_Qwen2.5-Omni-7B
mode_id,27.0,0.04754638671875,0.7355756185767812,by_layer,,Qwen_Qwen2.5-Omni-7B
note_count,0.0,0.0350341796875,0.6263406815309375,by_layer,,Qwen_Qwen2.5-Omni-7B
note_count,1.0,0.0522867838541666,0.6263406815309375,by_layer,,Qwen_Qwen2.5-Omni-7B
note_count,2.0,0.107666015625,0.6263406815309375,by_layer,,Qwen_Qwen2.5-Omni-7B
note_count,3.0,0.0784912109375,0.6263406815309375,by_layer,,Qwen_Qwen2.5-Omni-7B
note_count,4.0,0.0459798177083333,0.6263406815309375,by_layer,,Qwen_Qwen2.5-Omni-7B
note_count,5.0,0.0534464518229166,0.6263406815309375,by_layer,,Qwen_Qwen2.5-Omni-7B
note_count,6.0,0.0317484537760416,0.6263406815309375,by_layer,,Qwen_Qwen2.5-Omni-7B
note_count,7.0,0.0708821614583333,0.6263406815309375,by_layer,,Qwen_Qwen2.5-Omni-7B
note_count,8.0,0.0648396809895833,0.6263406815309375,by_layer,,Qwen_Qwen2.5-Omni-7B
note_count,9.0,0.101806640625,0.6263406815309375,by_layer,,Qwen_Qwen2.5-Omni-7B
note_count,10.0,0.0272623697916666,0.6263406815309375,by_layer,,Qwen_Qwen2.5-Omni-7B
note_count,11.0,0.0461527506510416,0.6263406815309375,by_layer,,Qwen_Qwen2.5-Omni-7B
note_count,12.0,0.047576904296875,0.6263406815309375,by_layer,,Qwen_Qwen2.5-Omni-7B
note_count,13.0,0.039642333984375,0.6263406815309375,by_layer,,Qwen_Qwen2.5-Omni-7B
note_count,14.0,0.049468994140625,0.6263406815309375,by_layer,,Qwen_Qwen2.5-Omni-7B
note_count,15.0,0.021575927734375,0.6263406815309375,by_layer,,Qwen_Qwen2.5-Omni-7B
note_count,16.0,0.0178375244140625,0.6263406815309375,by_layer,,Qwen_Qwen2.5-Omni-7B
note_count,17.0,0.0239715576171875,0.6263406815309375,by_layer,,Qwen_Qwen2.5-Omni-7B
note_count,18.0,0.0294189453125,0.6263406815309375,by_layer,,Qwen_Qwen2.5-Omni-7B
note_count,19.0,0.0497843424479166,0.6263406815309375,by_layer,,Qwen_Qwen2.5-Omni-7B
note_count,20.0,0.0479634602864583,0.6263406815309375,by_layer,,Qwen_Qwen2.5-Omni-7B
note_count,21.0,0.0519205729166666,0.6263406815309375,by_layer,,Qwen_Qwen2.5-Omni-7B
note_count,22.0,0.03875732421875,0.6263406815309375,by_layer,,Qwen_Qwen2.5-Omni-7B
note_count,23.0,0.039886474609375,0.6263406815309375,by_layer,,Qwen_Qwen2.5-Omni-7B
note_count,24.0,0.0303548177083333,0.6263406815309375,by_layer,,Qwen_Qwen2.5-Omni-7B
note_count,25.0,0.0272420247395833,0.6263406815309375,by_layer,,Qwen_Qwen2.5-Omni-7B
note_count,26.0,0.033447265625,0.6263406815309375,by_layer,,Qwen_Qwen2.5-Omni-7B
note_count,27.0,0.0434977213541666,0.6263406815309375,by_layer,,Qwen_Qwen2.5-Omni-7B
octave_id,0.0,0.0284067789713541,0.5826369868766745,by_layer,,Qwen_Qwen2.5-Omni-7B
octave_id,1.0,0.0443929036458333,0.5826369868766745,by_layer,,Qwen_Qwen2.5-Omni-7B
octave_id,2.0,0.0924072265625,0.5826369868766745,by_layer,,Qwen_Qwen2.5-Omni-7B
octave_id,3.0,0.06512451171875,0.5826369868766745,by_layer,,Qwen_Qwen2.5-Omni-7B
octave_id,4.0,0.0445556640625,0.5826369868766745,by_layer,,Qwen_Qwen2.5-Omni-7B
octave_id,5.0,0.0519002278645833,0.5826369868766745,by_layer,,Qwen_Qwen2.5-Omni-7B
octave_id,6.0,0.0313313802083333,0.5826369868766745,by_layer,,Qwen_Qwen2.5-Omni-7B
octave_id,7.0,0.0630696614583333,0.5826369868766745,by_layer,,Qwen_Qwen2.5-Omni-7B
octave_id,8.0,0.0702718098958333,0.5826369868766745,by_layer,,Qwen_Qwen2.5-Omni-7B
octave_id,9.0,0.1024983723958333,0.5826369868766745,by_layer,,Qwen_Qwen2.5-Omni-7B
octave_id,10.0,0.0291341145833333,0.5826369868766745,by_layer,,Qwen_Qwen2.5-Omni-7B
octave_id,11.0,0.045654296875,0.5826369868766745,by_layer,,Qwen_Qwen2.5-Omni-7B
octave_id,12.0,0.0602620442708333,0.5826369868766745,by_layer,,Qwen_Qwen2.5-Omni-7B
octave_id,13.0,0.0528157552083333,0.5826369868766745,by_layer,,Qwen_Qwen2.5-Omni-7B
octave_id,14.0,0.0618896484375,0.5826369868766745,by_layer,,Qwen_Qwen2.5-Omni-7B
octave_id,15.0,0.0235443115234375,0.5826369868766745,by_layer,,Qwen_Qwen2.5-Omni-7B
octave_id,16.0,0.02032470703125,0.5826369868766745,by_layer,,Qwen_Qwen2.5-Omni-7B
octave_id,17.0,0.0235493977864583,0.5826369868766745,by_layer,,Qwen_Qwen2.5-Omni-7B
octave_id,18.0,0.0243733723958333,0.5826369868766745,by_layer,,Qwen_Qwen2.5-Omni-7B
octave_id,19.0,0.0455729166666666,0.5826369868766745,by_layer,,Qwen_Qwen2.5-Omni-7B
octave_id,20.0,0.0404561360677083,0.5826369868766745,by_layer,,Qwen_Qwen2.5-Omni-7B
octave_id,21.0,0.07080078125,0.5826369868766745,by_layer,,Qwen_Qwen2.5-Omni-7B
octave_id,22.0,0.045074462890625,0.5826369868766745,by_layer,,Qwen_Qwen2.5-Omni-7B
octave_id,23.0,0.0413411458333333,0.5826369868766745,by_layer,,Qwen_Qwen2.5-Omni-7B
octave_id,24.0,0.0260060628255208,0.5826369868766745,by_layer,,Qwen_Qwen2.5-Omni-7B
octave_id,25.0,0.024505615234375,0.5826369868766745,by_layer,,Qwen_Qwen2.5-Omni-7B
octave_id,26.0,0.0310770670572916,0.5826369868766745,by_layer,,Qwen_Qwen2.5-Omni-7B
octave_id,27.0,0.0347086588541666,0.5826369868766745,by_layer,,Qwen_Qwen2.5-Omni-7B
pitch_note_id,0.0,0.03033447265625,0.6077032112954729,by_layer,,Qwen_Qwen2.5-Omni-7B
pitch_note_id,1.0,0.0470174153645833,0.6077032112954729,by_layer,,Qwen_Qwen2.5-Omni-7B
pitch_note_id,2.0,0.0909830729166666,0.6077032112954729,by_layer,,Qwen_Qwen2.5-Omni-7B
pitch_note_id,3.0,0.0690714518229166,0.6077032112954729,by_layer,,Qwen_Qwen2.5-Omni-7B
pitch_note_id,4.0,0.0467732747395833,0.6077032112954729,by_layer,,Qwen_Qwen2.5-Omni-7B
pitch_note_id,5.0,0.05010986328125,0.6077032112954729,by_layer,,Qwen_Qwen2.5-Omni-7B
pitch_note_id,6.0,0.0317789713541666,0.6077032112954729,by_layer,,Qwen_Qwen2.5-Omni-7B
pitch_note_id,7.0,0.0624593098958333,0.6077032112954729,by_layer,,Qwen_Qwen2.5-Omni-7B
pitch_note_id,8.0,0.0685526529947916,0.6077032112954729,by_layer,,Qwen_Qwen2.5-Omni-7B
pitch_note_id,9.0,0.0969441731770833,0.6077032112954729,by_layer,,Qwen_Qwen2.5-Omni-7B
pitch_note_id,10.0,0.0293477376302083,0.6077032112954729,by_layer,,Qwen_Qwen2.5-Omni-7B
pitch_note_id,11.0,0.0428670247395833,0.6077032112954729,by_layer,,Qwen_Qwen2.5-Omni-7B
pitch_note_id,12.0,0.0523681640625,0.6077032112954729,by_layer,,Qwen_Qwen2.5-Omni-7B
pitch_note_id,13.0,0.047119140625,0.6077032112954729,by_layer,,Qwen_Qwen2.5-Omni-7B
pitch_note_id,14.0,0.04766845703125,0.6077032112954729,by_layer,,Qwen_Qwen2.5-Omni-7B
pitch_note_id,15.0,0.0263570149739583,0.6077032112954729,by_layer,,Qwen_Qwen2.5-Omni-7B
pitch_note_id,16.0,0.0177561442057291,0.6077032112954729,by_layer,,Qwen_Qwen2.5-Omni-7B
pitch_note_id,17.0,0.022674560546875,0.6077032112954729,by_layer,,Qwen_Qwen2.5-Omni-7B
pitch_note_id,18.0,0.022613525390625,0.6077032112954729,by_layer,,Qwen_Qwen2.5-Omni-7B
pitch_note_id,19.0,0.0484822591145833,0.6077032112954729,by_layer,,Qwen_Qwen2.5-Omni-7B
pitch_note_id,20.0,0.0434468587239583,0.6077032112954729,by_layer,,Qwen_Qwen2.5-Omni-7B
pitch_note_id,21.0,0.0734049479166666,0.6077032112954729,by_layer,,Qwen_Qwen2.5-Omni-7B
pitch_note_id,22.0,0.0497639973958333,0.6077032112954729,by_layer,,Qwen_Qwen2.5-Omni-7B
pitch_note_id,23.0,0.0435689290364583,0.6077032112954729,by_layer,,Qwen_Qwen2.5-Omni-7B
pitch_note_id,24.0,0.0260213216145833,0.6077032112954729,by_layer,,Qwen_Qwen2.5-Omni-7B
pitch_note_id,25.0,0.0260111490885416,0.6077032112954729,by_layer,,Qwen_Qwen2.5-Omni-7B
pitch_note_id,26.0,0.0332132975260416,0.6077032112954729,by_layer,,Qwen_Qwen2.5-Omni-7B
pitch_note_id,27.0,0.0416056315104166,0.6077032112954729,by_layer,,Qwen_Qwen2.5-Omni-7B
progression_id,0.0,0.043701171875,0.7221786516629295,by_layer,,Qwen_Qwen2.5-Omni-7B
progression_id,1.0,0.0596720377604166,0.7221786516629295,by_layer,,Qwen_Qwen2.5-Omni-7B
progression_id,2.0,0.1151529947916666,0.7221786516629295,by_layer,,Qwen_Qwen2.5-Omni-7B
progression_id,3.0,0.0922444661458333,0.7221786516629295,by_layer,,Qwen_Qwen2.5-Omni-7B
progression_id,4.0,0.0459086100260416,0.7221786516629295,by_layer,,Qwen_Qwen2.5-Omni-7B
progression_id,5.0,0.0503336588541666,0.7221786516629295,by_layer,,Qwen_Qwen2.5-Omni-7B
progression_id,6.0,0.0254872639973958,0.7221786516629295,by_layer,,Qwen_Qwen2.5-Omni-7B
progression_id,7.0,0.0584716796875,0.7221786516629295,by_layer,,Qwen_Qwen2.5-Omni-7B
progression_id,8.0,0.0551859537760416,0.7221786516629295,by_layer,,Qwen_Qwen2.5-Omni-7B
progression_id,9.0,0.0755615234375,0.7221786516629295,by_layer,,Qwen_Qwen2.5-Omni-7B
progression_id,10.0,0.0226287841796875,0.7221786516629295,by_layer,,Qwen_Qwen2.5-Omni-7B
progression_id,11.0,0.0380147298177083,0.7221786516629295,by_layer,,Qwen_Qwen2.5-Omni-7B
progression_id,12.0,0.0445149739583333,0.7221786516629295,by_layer,,Qwen_Qwen2.5-Omni-7B
progression_id,13.0,0.0350443522135416,0.7221786516629295,by_layer,,Qwen_Qwen2.5-Omni-7B
progression_id,14.0,0.0400644938151041,0.7221786516629295,by_layer,,Qwen_Qwen2.5-Omni-7B
progression_id,15.0,0.0196329752604166,0.7221786516629295,by_layer,,Qwen_Qwen2.5-Omni-7B
progression_id,16.0,0.0192464192708333,0.7221786516629295,by_layer,,Qwen_Qwen2.5-Omni-7B
progression_id,17.0,0.0211893717447916,0.7221786516629295,by_layer,,Qwen_Qwen2.5-Omni-7B
progression_id,18.0,0.0244801839192708,0.7221786516629295,by_layer,,Qwen_Qwen2.5-Omni-7B
progression_id,19.0,0.0387674967447916,0.7221786516629295,by_layer,,Qwen_Qwen2.5-Omni-7B
progression_id,20.0,0.0432027180989583,0.7221786516629295,by_layer,,Qwen_Qwen2.5-Omni-7B
progression_id,21.0,0.0628458658854166,0.7221786516629295,by_layer,,Qwen_Qwen2.5-Omni-7B
progression_id,22.0,0.0391743977864583,0.7221786516629295,by_layer,,Qwen_Qwen2.5-Omni-7B
progression_id,23.0,0.0337015787760416,0.7221786516629295,by_layer,,Qwen_Qwen2.5-Omni-7B
progression_id,24.0,0.0251668294270833,0.7221786516629295,by_layer,,Qwen_Qwen2.5-Omni-7B
progression_id,25.0,0.022918701171875,0.7221786516629295,by_layer,,Qwen_Qwen2.5-Omni-7B
progression_id,26.0,0.0276997884114583,0.7221786516629295,by_layer,,Qwen_Qwen2.5-Omni-7B
progression_id,27.0,0.03448486328125,0.7221786516629295,by_layer,,Qwen_Qwen2.5-Omni-7B
beats_per_bar,,0.0391940162295386,0.789152583927085,by_step,0.0,Qwen_Qwen2.5-Omni-7B
beats_per_bar,,0.0324935913085937,0.7871616714551906,by_step,1.0,Qwen_Qwen2.5-Omni-7B
chord_quality,,0.0465284075055803,0.660793447713285,by_step,0.0,Qwen_Qwen2.5-Omni-7B
chord_quality,,0.0319319225492931,0.6578348848783425,by_step,1.0,Qwen_Qwen2.5-Omni-7B
instrument_id,,0.0524437313988095,0.6286887526491663,by_step,0.0,Qwen_Qwen2.5-Omni-7B
instrument_id,,0.042296636672247,0.6253551390907268,by_step,1.0,Qwen_Qwen2.5-Omni-7B
interval_id,,0.0441422235398065,0.6218178075567774,by_step,0.0,Qwen_Qwen2.5-Omni-7B
interval_id,,0.0332950410388764,0.6187480816630786,by_step,1.0,Qwen_Qwen2.5-Omni-7B
key_id,,0.0494450160435267,0.7199972720951616,by_step,0.0,Qwen_Qwen2.5-Omni-7B
key_id,,0.0362359909784226,0.7174279773464802,by_step,1.0,Qwen_Qwen2.5-Omni-7B
mode_id,,0.0660545712425595,0.7368207599482071,by_step,0.0,Qwen_Qwen2.5-Omni-7B
mode_id,,0.059339614141555,0.7343304772053555,by_step,1.0,Qwen_Qwen2.5-Omni-7B
note_count,,0.0531390962146577,0.6278677774406156,by_step,0.0,Qwen_Qwen2.5-Omni-7B
note_count,,0.0402853829520089,0.6248135856212593,by_step,1.0,Qwen_Qwen2.5-Omni-7B
octave_id,,0.0511365618024553,0.5840761782397998,by_step,0.0,Qwen_Qwen2.5-Omni-7B
octave_id,,0.0413669404529389,0.5811977955135492,by_step,1.0,Qwen_Qwen2.5-Omni-7B
pitch_note_id,,0.0524662562779017,0.6092687401534467,by_step,0.0,Qwen_Qwen2.5-Omni-7B
pitch_note_id,,0.0395562308175223,0.6061376824374991,by_step,1.0,Qwen_Qwen2.5-Omni-7B
progression_id,,0.0487278529575892,0.7233518638859588,by_step,0.0,Qwen_Qwen2.5-Omni-7B
progression_id,,0.038021995907738,0.7210054394399004,by_step,1.0,Qwen_Qwen2.5-Omni-7B
beats_per_bar,0.0,0.0909016927083333,0.6907793497982239,by_layer,,Qwen_Qwen3-Omni-30B-A3B-Instruct
beats_per_bar,1.0,0.0266571044921875,0.6907793497982239,by_layer,,Qwen_Qwen3-Omni-30B-A3B-Instruct
beats_per_bar,2.0,0.0637613932291666,0.6907793497982239,by_layer,,Qwen_Qwen3-Omni-30B-A3B-Instruct
beats_per_bar,3.0,0.0227711995442708,0.6907793497982239,by_layer,,Qwen_Qwen3-Omni-30B-A3B-Instruct
beats_per_bar,4.0,0.069244384765625,0.6907793497982239,by_layer,,Qwen_Qwen3-Omni-30B-A3B-Instruct
beats_per_bar,5.0,0.0358174641927083,0.6907793497982239,by_layer,,Qwen_Qwen3-Omni-30B-A3B-Instruct
beats_per_bar,6.0,0.0815022786458333,0.6907793497982239,by_layer,,Qwen_Qwen3-Omni-30B-A3B-Instruct
beats_per_bar,7.0,0.0482991536458333,0.6907793497982239,by_layer,,Qwen_Qwen3-Omni-30B-A3B-Instruct
beats_per_bar,8.0,0.0175425211588541,0.6907793497982239,by_layer,,Qwen_Qwen3-Omni-30B-A3B-Instruct
beats_per_bar,9.0,0.0351765950520833,0.6907793497982239,by_layer,,Qwen_Qwen3-Omni-30B-A3B-Instruct
beats_per_bar,10.0,0.0301920572916666,0.6907793497982239,by_layer,,Qwen_Qwen3-Omni-30B-A3B-Instruct
beats_per_bar,11.0,0.0269012451171875,0.6907793497982239,by_layer,,Qwen_Qwen3-Omni-30B-A3B-Instruct
beats_per_bar,12.0,0.028106689453125,0.6907793497982239,by_layer,,Qwen_Qwen3-Omni-30B-A3B-Instruct
beats_per_bar,13.0,0.035369873046875,0.6907793497982239,by_layer,,Qwen_Qwen3-Omni-30B-A3B-Instruct
beats_per_bar,14.0,0.033935546875,0.6907793497982239,by_layer,,Qwen_Qwen3-Omni-30B-A3B-Instruct
beats_per_bar,15.0,0.0406494140625,0.6907793497982239,by_layer,,Qwen_Qwen3-Omni-30B-A3B-Instruct
beats_per_bar,16.0,0.020398457845052,0.6907793497982239,by_layer,,Qwen_Qwen3-Omni-30B-A3B-Instruct
beats_per_bar,17.0,0.0247116088867187,0.6907793497982239,by_layer,,Qwen_Qwen3-Omni-30B-A3B-Instruct
beats_per_bar,18.0,0.024200439453125,0.6907793497982239,by_layer,,Qwen_Qwen3-Omni-30B-A3B-Instruct
beats_per_bar,19.0,0.0235544840494791,0.6907793497982239,by_layer,,Qwen_Qwen3-Omni-30B-A3B-Instruct
beats_per_bar,20.0,0.0164133707682291,0.6907793497982239,by_layer,,Qwen_Qwen3-Omni-30B-A3B-Instruct
beats_per_bar,21.0,0.0172322591145833,0.6907793497982239,by_layer,,Qwen_Qwen3-Omni-30B-A3B-Instruct
beats_per_bar,22.0,0.0267283121744791,0.6907793497982239,by_layer,,Qwen_Qwen3-Omni-30B-A3B-Instruct
beats_per_bar,23.0,0.0234883626302083,0.6907793497982239,by_layer,,Qwen_Qwen3-Omni-30B-A3B-Instruct
beats_per_bar,24.0,0.021026611328125,0.6907793497982239,by_layer,,Qwen_Qwen3-Omni-30B-A3B-Instruct
beats_per_bar,25.0,0.0219014485677083,0.6907793497982239,by_layer,,Qwen_Qwen3-Omni-30B-A3B-Instruct
beats_per_bar,26.0,0.0258534749348958,0.6907793497982239,by_layer,,Qwen_Qwen3-Omni-30B-A3B-Instruct
beats_per_bar,27.0,0.0144856770833333,0.6907793497982239,by_layer,,Qwen_Qwen3-Omni-30B-A3B-Instruct
beats_per_bar,28.0,0.0106430053710937,0.6907793497982239,by_layer,,Qwen_Qwen3-Omni-30B-A3B-Instruct
beats_per_bar,29.0,0.0190277099609375,0.6907793497982239,by_layer,,Qwen_Qwen3-Omni-30B-A3B-Instruct
beats_per_bar,30.0,0.0216089884440104,0.6907793497982239,by_layer,,Qwen_Qwen3-Omni-30B-A3B-Instruct
beats_per_bar,31.0,0.0223795572916666,0.6907793497982239,by_layer,,Qwen_Qwen3-Omni-30B-A3B-Instruct
beats_per_bar,32.0,0.02008056640625,0.6907793497982239,by_layer,,Qwen_Qwen3-Omni-30B-A3B-Instruct
beats_per_bar,33.0,0.0146586100260416,0.6907793497982239,by_layer,,Qwen_Qwen3-Omni-30B-A3B-Instruct
beats_per_bar,34.0,0.0313212076822916,0.6907793497982239,by_layer,,Qwen_Qwen3-Omni-30B-A3B-Instruct
beats_per_bar,35.0,0.02813720703125,0.6907793497982239,by_layer,,Qwen_Qwen3-Omni-30B-A3B-Instruct
beats_per_bar,36.0,0.0223134358723958,0.6907793497982239,by_layer,,Qwen_Qwen3-Omni-30B-A3B-Instruct
beats_per_bar,37.0,0.0244191487630208,0.6907793497982239,by_layer,,Qwen_Qwen3-Omni-30B-A3B-Instruct
beats_per_bar,38.0,0.0233205159505208,0.6907793497982239,by_layer,,Qwen_Qwen3-Omni-30B-A3B-Instruct
beats_per_bar,39.0,0.0194981892903645,0.6907793497982239,by_layer,,Qwen_Qwen3-Omni-30B-A3B-Instruct
beats_per_bar,40.0,0.0152638753255208,0.6907793497982239,by_layer,,Qwen_Qwen3-Omni-30B-A3B-Instruct
beats_per_bar,41.0,0.0087000528971354,0.6907793497982239,by_layer,,Qwen_Qwen3-Omni-30B-A3B-Instruct
beats_per_bar,42.0,0.0109125773111979,0.6907793497982239,by_layer,,Qwen_Qwen3-Omni-30B-A3B-Instruct
beats_per_bar,43.0,0.0169906616210937,0.6907793497982239,by_layer,,Qwen_Qwen3-Omni-30B-A3B-Instruct
beats_per_bar,44.0,0.0223490397135416,0.6907793497982239,by_layer,,Qwen_Qwen3-Omni-30B-A3B-Instruct
beats_per_bar,45.0,0.0161387125651041,0.6907793497982239,by_layer,,Qwen_Qwen3-Omni-30B-A3B-Instruct
beats_per_bar,46.0,0.0391438802083333,0.6907793497982239,by_layer,,Qwen_Qwen3-Omni-30B-A3B-Instruct
beats_per_bar,47.0,0.0564778645833333,0.6907793497982239,by_layer,,Qwen_Qwen3-Omni-30B-A3B-Instruct
chord_quality,0.0,0.0539347330729166,0.5419729212458931,by_layer,,Qwen_Qwen3-Omni-30B-A3B-Instruct
chord_quality,1.0,0.02142333984375,0.5419729212458931,by_layer,,Qwen_Qwen3-Omni-30B-A3B-Instruct
chord_quality,2.0,0.04486083984375,0.5419729212458931,by_layer,,Qwen_Qwen3-Omni-30B-A3B-Instruct
chord_quality,3.0,0.0119196573893229,0.5419729212458931,by_layer,,Qwen_Qwen3-Omni-30B-A3B-Instruct
chord_quality,4.0,0.0470987955729166,0.5419729212458931,by_layer,,Qwen_Qwen3-Omni-30B-A3B-Instruct
chord_quality,5.0,0.0265045166015625,0.5419729212458931,by_layer,,Qwen_Qwen3-Omni-30B-A3B-Instruct
chord_quality,6.0,0.06597900390625,0.5419729212458931,by_layer,,Qwen_Qwen3-Omni-30B-A3B-Instruct
chord_quality,7.0,0.0397542317708333,0.5419729212458931,by_layer,,Qwen_Qwen3-Omni-30B-A3B-Instruct
chord_quality,8.0,0.015960693359375,0.5419729212458931,by_layer,,Qwen_Qwen3-Omni-30B-A3B-Instruct
chord_quality,9.0,0.0312601725260416,0.5419729212458931,by_layer,,Qwen_Qwen3-Omni-30B-A3B-Instruct
chord_quality,10.0,0.0224405924479166,0.5419729212458931,by_layer,,Qwen_Qwen3-Omni-30B-A3B-Instruct
chord_quality,11.0,0.0250345865885416,0.5419729212458931,by_layer,,Qwen_Qwen3-Omni-30B-A3B-Instruct
chord_quality,12.0,0.0301615397135416,0.5419729212458931,by_layer,,Qwen_Qwen3-Omni-30B-A3B-Instruct
chord_quality,13.0,0.038604736328125,0.5419729212458931,by_layer,,Qwen_Qwen3-Omni-30B-A3B-Instruct
chord_quality,14.0,0.0455322265625,0.5419729212458931,by_layer,,Qwen_Qwen3-Omni-30B-A3B-Instruct
chord_quality,15.0,0.0606486002604166,0.5419729212458931,by_layer,,Qwen_Qwen3-Omni-30B-A3B-Instruct
chord_quality,16.0,0.0290883382161458,0.5419729212458931,by_layer,,Qwen_Qwen3-Omni-30B-A3B-Instruct
chord_quality,17.0,0.0281422932942708,0.5419729212458931,by_layer,,Qwen_Qwen3-Omni-30B-A3B-Instruct
chord_quality,18.0,0.031463623046875,0.5419729212458931,by_layer,,Qwen_Qwen3-Omni-30B-A3B-Instruct
chord_quality,19.0,0.02606201171875,0.5419729212458931,by_layer,,Qwen_Qwen3-Omni-30B-A3B-Instruct
chord_quality,20.0,0.0233256022135416,0.5419729212458931,by_layer,,Qwen_Qwen3-Omni-30B-A3B-Instruct
chord_quality,21.0,0.0236002604166666,0.5419729212458931,by_layer,,Qwen_Qwen3-Omni-30B-A3B-Instruct
chord_quality,22.0,0.0377604166666666,0.5419729212458931,by_layer,,Qwen_Qwen3-Omni-30B-A3B-Instruct
chord_quality,23.0,0.0316569010416666,0.5419729212458931,by_layer,,Qwen_Qwen3-Omni-30B-A3B-Instruct
chord_quality,24.0,0.0340983072916666,0.5419729212458931,by_layer,,Qwen_Qwen3-Omni-30B-A3B-Instruct
chord_quality,25.0,0.0326639811197916,0.5419729212458931,by_layer,,Qwen_Qwen3-Omni-30B-A3B-Instruct
chord_quality,26.0,0.046112060546875,0.5419729212458931,by_layer,,Qwen_Qwen3-Omni-30B-A3B-Instruct
chord_quality,27.0,0.0363566080729166,0.5419729212458931,by_layer,,Qwen_Qwen3-Omni-30B-A3B-Instruct
chord_quality,28.0,0.0188191731770833,0.5419729212458931,by_layer,,Qwen_Qwen3-Omni-30B-A3B-Instruct
chord_quality,29.0,0.0233205159505208,0.5419729212458931,by_layer,,Qwen_Qwen3-Omni-30B-A3B-Instruct
chord_quality,30.0,0.02923583984375,0.5419729212458931,by_layer,,Qwen_Qwen3-Omni-30B-A3B-Instruct
chord_quality,31.0,0.0261484781901041,0.5419729212458931,by_layer,,Qwen_Qwen3-Omni-30B-A3B-Instruct
chord_quality,32.0,0.0213267008463541,0.5419729212458931,by_layer,,Qwen_Qwen3-Omni-30B-A3B-Instruct
chord_quality,33.0,0.0142923990885416,0.5419729212458931,by_layer,,Qwen_Qwen3-Omni-30B-A3B-Instruct
chord_quality,34.0,0.0301513671875,0.5419729212458931,by_layer,,Qwen_Qwen3-Omni-30B-A3B-Instruct
chord_quality,35.0,0.0232950846354166,0.5419729212458931,by_layer,,Qwen_Qwen3-Omni-30B-A3B-Instruct
chord_quality,36.0,0.0164438883463541,0.5419729212458931,by_layer,,Qwen_Qwen3-Omni-30B-A3B-Instruct
chord_quality,37.0,0.0213114420572916,0.5419729212458931,by_layer,,Qwen_Qwen3-Omni-30B-A3B-Instruct
chord_quality,38.0,0.028564453125,0.5419729212458931,by_layer,,Qwen_Qwen3-Omni-30B-A3B-Instruct
chord_quality,39.0,0.0224609375,0.5419729212458931,by_layer,,Qwen_Qwen3-Omni-30B-A3B-Instruct
chord_quality,40.0,0.0119272867838541,0.5419729212458931,by_layer,,Qwen_Qwen3-Omni-30B-A3B-Instruct
chord_quality,41.0,0.0108286539713541,0.5419729212458931,by_layer,,Qwen_Qwen3-Omni-30B-A3B-Instruct
chord_quality,42.0,0.0149332682291666,0.5419729212458931,by_layer,,Qwen_Qwen3-Omni-30B-A3B-Instruct
chord_quality,43.0,0.0313517252604166,0.5419729212458931,by_layer,,Qwen_Qwen3-Omni-30B-A3B-Instruct
chord_quality,44.0,0.02984619140625,0.5419729212458931,by_layer,,Qwen_Qwen3-Omni-30B-A3B-Instruct
chord_quality,45.0,0.0217539469401041,0.5419729212458931,by_layer,,Qwen_Qwen3-Omni-30B-A3B-Instruct
chord_quality,46.0,0.0470784505208333,0.5419729212458931,by_layer,,Qwen_Qwen3-Omni-30B-A3B-Instruct
chord_quality,47.0,0.0614217122395833,0.5419729212458931,by_layer,,Qwen_Qwen3-Omni-30B-A3B-Instruct
instrument_id,0.0,0.0465291341145833,0.50964329739367,by_layer,,Qwen_Qwen3-Omni-30B-A3B-Instruct
instrument_id,1.0,0.0185953776041666,0.50964329739367,by_layer,,Qwen_Qwen3-Omni-30B-A3B-Instruct
instrument_id,2.0,0.0433451334635416,0.50964329739367,by_layer,,Qwen_Qwen3-Omni-30B-A3B-Instruct
instrument_id,3.0,0.0116195678710937,0.50964329739367,by_layer,,Qwen_Qwen3-Omni-30B-A3B-Instruct
instrument_id,4.0,0.0437367757161458,0.50964329739367,by_layer,,Qwen_Qwen3-Omni-30B-A3B-Instruct
instrument_id,5.0,0.0228525797526041,0.50964329739367,by_layer,,Qwen_Qwen3-Omni-30B-A3B-Instruct
instrument_id,6.0,0.060302734375,0.50964329739367,by_layer,,Qwen_Qwen3-Omni-30B-A3B-Instruct
instrument_id,7.0,0.0305277506510416,0.50964329739367,by_layer,,Qwen_Qwen3-Omni-30B-A3B-Instruct
instrument_id,8.0,0.013916015625,0.50964329739367,by_layer,,Qwen_Qwen3-Omni-30B-A3B-Instruct
instrument_id,9.0,0.0255839029947916,0.50964329739367,by_layer,,Qwen_Qwen3-Omni-30B-A3B-Instruct
instrument_id,10.0,0.0223185221354166,0.50964329739367,by_layer,,Qwen_Qwen3-Omni-30B-A3B-Instruct
instrument_id,11.0,0.0201873779296875,0.50964329739367,by_layer,,Qwen_Qwen3-Omni-30B-A3B-Instruct
instrument_id,12.0,0.0269266764322916,0.50964329739367,by_layer,,Qwen_Qwen3-Omni-30B-A3B-Instruct
instrument_id,13.0,0.0335489908854166,0.50964329739367,by_layer,,Qwen_Qwen3-Omni-30B-A3B-Instruct
instrument_id,14.0,0.0376180013020833,0.50964329739367,by_layer,,Qwen_Qwen3-Omni-30B-A3B-Instruct
instrument_id,15.0,0.0492146809895833,0.50964329739367,by_layer,,Qwen_Qwen3-Omni-30B-A3B-Instruct
instrument_id,16.0,0.0216522216796875,0.50964329739367,by_layer,,Qwen_Qwen3-Omni-30B-A3B-Instruct
instrument_id,17.0,0.0260213216145833,0.50964329739367,by_layer,,Qwen_Qwen3-Omni-30B-A3B-Instruct
instrument_id,18.0,0.0275980631510416,0.50964329739367,by_layer,,Qwen_Qwen3-Omni-30B-A3B-Instruct
instrument_id,19.0,0.023895263671875,0.50964329739367,by_layer,,Qwen_Qwen3-Omni-30B-A3B-Instruct
instrument_id,20.0,0.0214436848958333,0.50964329739367,by_layer,,Qwen_Qwen3-Omni-30B-A3B-Instruct
instrument_id,21.0,0.0245361328125,0.50964329739367,by_layer,,Qwen_Qwen3-Omni-30B-A3B-Instruct
instrument_id,22.0,0.03558349609375,0.50964329739367,by_layer,,Qwen_Qwen3-Omni-30B-A3B-Instruct
instrument_id,23.0,0.0336710611979166,0.50964329739367,by_layer,,Qwen_Qwen3-Omni-30B-A3B-Instruct
instrument_id,24.0,0.0382080078125,0.50964329739367,by_layer,,Qwen_Qwen3-Omni-30B-A3B-Instruct
instrument_id,25.0,0.03485107421875,0.50964329739367,by_layer,,Qwen_Qwen3-Omni-30B-A3B-Instruct
instrument_id,26.0,0.0543924967447916,0.50964329739367,by_layer,,Qwen_Qwen3-Omni-30B-A3B-Instruct
instrument_id,27.0,0.0463358561197916,0.50964329739367,by_layer,,Qwen_Qwen3-Omni-30B-A3B-Instruct
instrument_id,28.0,0.0260060628255208,0.50964329739367,by_layer,,Qwen_Qwen3-Omni-30B-A3B-Instruct
instrument_id,29.0,0.026580810546875,0.50964329739367,by_layer,,Qwen_Qwen3-Omni-30B-A3B-Instruct
instrument_id,30.0,0.0418294270833333,0.50964329739367,by_layer,,Qwen_Qwen3-Omni-30B-A3B-Instruct
instrument_id,31.0,0.0375264485677083,0.50964329739367,by_layer,,Qwen_Qwen3-Omni-30B-A3B-Instruct
instrument_id,32.0,0.0345357259114583,0.50964329739367,by_layer,,Qwen_Qwen3-Omni-30B-A3B-Instruct
instrument_id,33.0,0.0254923502604166,0.50964329739367,by_layer,,Qwen_Qwen3-Omni-30B-A3B-Instruct
instrument_id,34.0,0.0399271647135416,0.50964329739367,by_layer,,Qwen_Qwen3-Omni-30B-A3B-Instruct
instrument_id,35.0,0.0281778971354166,0.50964329739367,by_layer,,Qwen_Qwen3-Omni-30B-A3B-Instruct
instrument_id,36.0,0.0315653483072916,0.50964329739367,by_layer,,Qwen_Qwen3-Omni-30B-A3B-Instruct
instrument_id,37.0,0.029693603515625,0.50964329739367,by_layer,,Qwen_Qwen3-Omni-30B-A3B-Instruct
instrument_id,38.0,0.0342305501302083,0.50964329739367,by_layer,,Qwen_Qwen3-Omni-30B-A3B-Instruct
instrument_id,39.0,0.0282745361328125,0.50964329739367,by_layer,,Qwen_Qwen3-Omni-30B-A3B-Instruct
instrument_id,40.0,0.0138346354166666,0.50964329739367,by_layer,,Qwen_Qwen3-Omni-30B-A3B-Instruct
instrument_id,41.0,0.0154774983723958,0.50964329739367,by_layer,,Qwen_Qwen3-Omni-30B-A3B-Instruct
instrument_id,42.0,0.0232187906901041,0.50964329739367,by_layer,,Qwen_Qwen3-Omni-30B-A3B-Instruct
instrument_id,43.0,0.0325775146484375,0.50964329739367,by_layer,,Qwen_Qwen3-Omni-30B-A3B-Instruct
instrument_id,44.0,0.0287068684895833,0.50964329739367,by_layer,,Qwen_Qwen3-Omni-30B-A3B-Instruct
instrument_id,45.0,0.0290934244791666,0.50964329739367,by_layer,,Qwen_Qwen3-Omni-30B-A3B-Instruct
instrument_id,46.0,0.0529378255208333,0.50964329739367,by_layer,,Qwen_Qwen3-Omni-30B-A3B-Instruct
instrument_id,47.0,0.056884765625,0.50964329739367,by_layer,,Qwen_Qwen3-Omni-30B-A3B-Instruct
interval_id,0.0,0.04638671875,0.4976665069461248,by_layer,,Qwen_Qwen3-Omni-30B-A3B-Instruct
interval_id,1.0,0.0177968343098958,0.4976665069461248,by_layer,,Qwen_Qwen3-Omni-30B-A3B-Instruct
interval_id,2.0,0.04559326171875,0.4976665069461248,by_layer,,Qwen_Qwen3-Omni-30B-A3B-Instruct
interval_id,3.0,0.0111033121744791,0.4976665069461248,by_layer,,Qwen_Qwen3-Omni-30B-A3B-Instruct
interval_id,4.0,0.047393798828125,0.4976665069461248,by_layer,,Qwen_Qwen3-Omni-30B-A3B-Instruct
interval_id,5.0,0.0234171549479166,0.4976665069461248,by_layer,,Qwen_Qwen3-Omni-30B-A3B-Instruct
interval_id,6.0,0.0604654947916666,0.4976665069461248,by_layer,,Qwen_Qwen3-Omni-30B-A3B-Instruct
interval_id,7.0,0.035125732421875,0.4976665069461248,by_layer,,Qwen_Qwen3-Omni-30B-A3B-Instruct
interval_id,8.0,0.0146077473958333,0.4976665069461248,by_layer,,Qwen_Qwen3-Omni-30B-A3B-Instruct
interval_id,9.0,0.0281168619791666,0.4976665069461248,by_layer,,Qwen_Qwen3-Omni-30B-A3B-Instruct
interval_id,10.0,0.0220540364583333,0.4976665069461248,by_layer,,Qwen_Qwen3-Omni-30B-A3B-Instruct
interval_id,11.0,0.0225728352864583,0.4976665069461248,by_layer,,Qwen_Qwen3-Omni-30B-A3B-Instruct
interval_id,12.0,0.0299479166666666,0.4976665069461248,by_layer,,Qwen_Qwen3-Omni-30B-A3B-Instruct
interval_id,13.0,0.0359293619791666,0.4976665069461248,by_layer,,Qwen_Qwen3-Omni-30B-A3B-Instruct
interval_id,14.0,0.0394490559895833,0.4976665069461248,by_layer,,Qwen_Qwen3-Omni-30B-A3B-Instruct
interval_id,15.0,0.05029296875,0.4976665069461248,by_layer,,Qwen_Qwen3-Omni-30B-A3B-Instruct
interval_id,16.0,0.0246480305989583,0.4976665069461248,by_layer,,Qwen_Qwen3-Omni-30B-A3B-Instruct
interval_id,17.0,0.0257415771484375,0.4976665069461248,by_layer,,Qwen_Qwen3-Omni-30B-A3B-Instruct
interval_id,18.0,0.0306803385416666,0.4976665069461248,by_layer,,Qwen_Qwen3-Omni-30B-A3B-Instruct
interval_id,19.0,0.024688720703125,0.4976665069461248,by_layer,,Qwen_Qwen3-Omni-30B-A3B-Instruct
interval_id,20.0,0.0198262532552083,0.4976665069461248,by_layer,,Qwen_Qwen3-Omni-30B-A3B-Instruct
interval_id,21.0,0.0209452311197916,0.4976665069461248,by_layer,,Qwen_Qwen3-Omni-30B-A3B-Instruct
interval_id,22.0,0.0342508951822916,0.4976665069461248,by_layer,,Qwen_Qwen3-Omni-30B-A3B-Instruct
interval_id,23.0,0.027313232421875,0.4976665069461248,by_layer,,Qwen_Qwen3-Omni-30B-A3B-Instruct
interval_id,24.0,0.0289306640625,0.4976665069461248,by_layer,,Qwen_Qwen3-Omni-30B-A3B-Instruct
interval_id,25.0,0.0283101399739583,0.4976665069461248,by_layer,,Qwen_Qwen3-Omni-30B-A3B-Instruct
interval_id,26.0,0.0369771321614583,0.4976665069461248,by_layer,,Qwen_Qwen3-Omni-30B-A3B-Instruct
interval_id,27.0,0.0253702799479166,0.4976665069461248,by_layer,,Qwen_Qwen3-Omni-30B-A3B-Instruct
interval_id,28.0,0.0163370768229166,0.4976665069461248,by_layer,,Qwen_Qwen3-Omni-30B-A3B-Instruct
interval_id,29.0,0.019849141438802,0.4976665069461248,by_layer,,Qwen_Qwen3-Omni-30B-A3B-Instruct
interval_id,30.0,0.0253448486328125,0.4976665069461248,by_layer,,Qwen_Qwen3-Omni-30B-A3B-Instruct
interval_id,31.0,0.0248209635416666,0.4976665069461248,by_layer,,Qwen_Qwen3-Omni-30B-A3B-Instruct
interval_id,32.0,0.0201212565104166,0.4976665069461248,by_layer,,Qwen_Qwen3-Omni-30B-A3B-Instruct
interval_id,33.0,0.013916015625,0.4976665069461248,by_layer,,Qwen_Qwen3-Omni-30B-A3B-Instruct
interval_id,34.0,0.0302327473958333,0.4976665069461248,by_layer,,Qwen_Qwen3-Omni-30B-A3B-Instruct
interval_id,35.0,0.0244954427083333,0.4976665069461248,by_layer,,Qwen_Qwen3-Omni-30B-A3B-Instruct
interval_id,36.0,0.0189666748046875,0.4976665069461248,by_layer,,Qwen_Qwen3-Omni-30B-A3B-Instruct
interval_id,37.0,0.0210622151692708,0.4976665069461248,by_layer,,Qwen_Qwen3-Omni-30B-A3B-Instruct
interval_id,38.0,0.0243428548177083,0.4976665069461248,by_layer,,Qwen_Qwen3-Omni-30B-A3B-Instruct
interval_id,39.0,0.0187530517578125,0.4976665069461248,by_layer,,Qwen_Qwen3-Omni-30B-A3B-Instruct
interval_id,40.0,0.01031494140625,0.4976665069461248,by_layer,,Qwen_Qwen3-Omni-30B-A3B-Instruct
interval_id,41.0,0.0083033243815104,0.4976665069461248,by_layer,,Qwen_Qwen3-Omni-30B-A3B-Instruct
interval_id,42.0,0.0117746988932291,0.4976665069461248,by_layer,,Qwen_Qwen3-Omni-30B-A3B-Instruct
interval_id,43.0,0.0186818440755208,0.4976665069461248,by_layer,,Qwen_Qwen3-Omni-30B-A3B-Instruct
interval_id,44.0,0.0261027018229166,0.4976665069461248,by_layer,,Qwen_Qwen3-Omni-30B-A3B-Instruct
interval_id,45.0,0.0152842203776041,0.4976665069461248,by_layer,,Qwen_Qwen3-Omni-30B-A3B-Instruct
interval_id,46.0,0.0405782063802083,0.4976665069461248,by_layer,,Qwen_Qwen3-Omni-30B-A3B-Instruct
interval_id,47.0,0.0609537760416666,0.4976665069461248,by_layer,,Qwen_Qwen3-Omni-30B-A3B-Instruct
key_id,0.0,0.0586751302083333,0.6076133287877213,by_layer,,Qwen_Qwen3-Omni-30B-A3B-Instruct
key_id,1.0,0.0252278645833333,0.6076133287877213,by_layer,,Qwen_Qwen3-Omni-30B-A3B-Instruct
key_id,2.0,0.0520731608072916,0.6076133287877213,by_layer,,Qwen_Qwen3-Omni-30B-A3B-Instruct
key_id,3.0,0.0129419962565104,0.6076133287877213,by_layer,,Qwen_Qwen3-Omni-30B-A3B-Instruct
key_id,4.0,0.0500996907552083,0.6076133287877213,by_layer,,Qwen_Qwen3-Omni-30B-A3B-Instruct
key_id,5.0,0.0279541015625,0.6076133287877213,by_layer,,Qwen_Qwen3-Omni-30B-A3B-Instruct
key_id,6.0,0.0726725260416666,0.6076133287877213,by_layer,,Qwen_Qwen3-Omni-30B-A3B-Instruct
key_id,7.0,0.0409037272135416,0.6076133287877213,by_layer,,Qwen_Qwen3-Omni-30B-A3B-Instruct
key_id,8.0,0.0187835693359375,0.6076133287877213,by_layer,,Qwen_Qwen3-Omni-30B-A3B-Instruct
key_id,9.0,0.032470703125,0.6076133287877213,by_layer,,Qwen_Qwen3-Omni-30B-A3B-Instruct
key_id,10.0,0.0267333984375,0.6076133287877213,by_layer,,Qwen_Qwen3-Omni-30B-A3B-Instruct
key_id,11.0,0.027130126953125,0.6076133287877213,by_layer,,Qwen_Qwen3-Omni-30B-A3B-Instruct
key_id,12.0,0.030731201171875,0.6076133287877213,by_layer,,Qwen_Qwen3-Omni-30B-A3B-Instruct
key_id,13.0,0.03936767578125,0.6076133287877213,by_layer,,Qwen_Qwen3-Omni-30B-A3B-Instruct
key_id,14.0,0.047607421875,0.6076133287877213,by_layer,,Qwen_Qwen3-Omni-30B-A3B-Instruct
key_id,15.0,0.0601603190104166,0.6076133287877213,by_layer,,Qwen_Qwen3-Omni-30B-A3B-Instruct
key_id,16.0,0.0282033284505208,0.6076133287877213,by_layer,,Qwen_Qwen3-Omni-30B-A3B-Instruct
key_id,17.0,0.0285390218098958,0.6076133287877213,by_layer,,Qwen_Qwen3-Omni-30B-A3B-Instruct
key_id,18.0,0.034423828125,0.6076133287877213,by_layer,,Qwen_Qwen3-Omni-30B-A3B-Instruct
key_id,19.0,0.031951904296875,0.6076133287877213,by_layer,,Qwen_Qwen3-Omni-30B-A3B-Instruct
key_id,20.0,0.0296223958333333,0.6076133287877213,by_layer,,Qwen_Qwen3-Omni-30B-A3B-Instruct
key_id,21.0,0.0247344970703125,0.6076133287877213,by_layer,,Qwen_Qwen3-Omni-30B-A3B-Instruct
key_id,22.0,0.03582763671875,0.6076133287877213,by_layer,,Qwen_Qwen3-Omni-30B-A3B-Instruct
key_id,23.0,0.0359090169270833,0.6076133287877213,by_layer,,Qwen_Qwen3-Omni-30B-A3B-Instruct
key_id,24.0,0.0316111246744791,0.6076133287877213,by_layer,,Qwen_Qwen3-Omni-30B-A3B-Instruct
key_id,25.0,0.031707763671875,0.6076133287877213,by_layer,,Qwen_Qwen3-Omni-30B-A3B-Instruct
key_id,26.0,0.0493672688802083,0.6076133287877213,by_layer,,Qwen_Qwen3-Omni-30B-A3B-Instruct
key_id,27.0,0.0323486328125,0.6076133287877213,by_layer,,Qwen_Qwen3-Omni-30B-A3B-Instruct
key_id,28.0,0.0237884521484375,0.6076133287877213,by_layer,,Qwen_Qwen3-Omni-30B-A3B-Instruct
key_id,29.0,0.0274327596028645,0.6076133287877213,by_layer,,Qwen_Qwen3-Omni-30B-A3B-Instruct
key_id,30.0,0.0357818603515625,0.6076133287877213,by_layer,,Qwen_Qwen3-Omni-30B-A3B-Instruct
key_id,31.0,0.036956787109375,0.6076133287877213,by_layer,,Qwen_Qwen3-Omni-30B-A3B-Instruct
key_id,32.0,0.0238800048828125,0.6076133287877213,by_layer,,Qwen_Qwen3-Omni-30B-A3B-Instruct
key_id,33.0,0.0159657796223958,0.6076133287877213,by_layer,,Qwen_Qwen3-Omni-30B-A3B-Instruct
key_id,34.0,0.0308125813802083,0.6076133287877213,by_layer,,Qwen_Qwen3-Omni-30B-A3B-Instruct
key_id,35.0,0.0258076985677083,0.6076133287877213,by_layer,,Qwen_Qwen3-Omni-30B-A3B-Instruct
key_id,36.0,0.0208943684895833,0.6076133287877213,by_layer,,Qwen_Qwen3-Omni-30B-A3B-Instruct
key_id,37.0,0.0264994303385416,0.6076133287877213,by_layer,,Qwen_Qwen3-Omni-30B-A3B-Instruct
key_id,38.0,0.0249684651692708,0.6076133287877213,by_layer,,Qwen_Qwen3-Omni-30B-A3B-Instruct
key_id,39.0,0.0217132568359375,0.6076133287877213,by_layer,,Qwen_Qwen3-Omni-30B-A3B-Instruct
key_id,40.0,0.01446533203125,0.6076133287877213,by_layer,,Qwen_Qwen3-Omni-30B-A3B-Instruct
key_id,41.0,0.0125935872395833,0.6076133287877213,by_layer,,Qwen_Qwen3-Omni-30B-A3B-Instruct
key_id,42.0,0.0200347900390625,0.6076133287877213,by_layer,,Qwen_Qwen3-Omni-30B-A3B-Instruct
key_id,43.0,0.029296875,0.6076133287877213,by_layer,,Qwen_Qwen3-Omni-30B-A3B-Instruct
key_id,44.0,0.032257080078125,0.6076133287877213,by_layer,,Qwen_Qwen3-Omni-30B-A3B-Instruct
key_id,45.0,0.0268147786458333,0.6076133287877213,by_layer,,Qwen_Qwen3-Omni-30B-A3B-Instruct
key_id,46.0,0.0456339518229166,0.6076133287877213,by_layer,,Qwen_Qwen3-Omni-30B-A3B-Instruct
key_id,47.0,0.0640462239583333,0.6076133287877213,by_layer,,Qwen_Qwen3-Omni-30B-A3B-Instruct
mode_id,0.0,0.0630900065104166,0.629052123479437,by_layer,,Qwen_Qwen3-Omni-30B-A3B-Instruct
mode_id,1.0,0.0233713785807291,0.629052123479437,by_layer,,Qwen_Qwen3-Omni-30B-A3B-Instruct
mode_id,2.0,0.0545857747395833,0.629052123479437,by_layer,,Qwen_Qwen3-Omni-30B-A3B-Instruct
mode_id,3.0,0.0142415364583333,0.629052123479437,by_layer,,Qwen_Qwen3-Omni-30B-A3B-Instruct
mode_id,4.0,0.0533040364583333,0.629052123479437,by_layer,,Qwen_Qwen3-Omni-30B-A3B-Instruct
mode_id,5.0,0.0268656412760416,0.629052123479437,by_layer,,Qwen_Qwen3-Omni-30B-A3B-Instruct
mode_id,6.0,0.0750325520833333,0.629052123479437,by_layer,,Qwen_Qwen3-Omni-30B-A3B-Instruct
mode_id,7.0,0.0404459635416666,0.629052123479437,by_layer,,Qwen_Qwen3-Omni-30B-A3B-Instruct
mode_id,8.0,0.017852783203125,0.629052123479437,by_layer,,Qwen_Qwen3-Omni-30B-A3B-Instruct
mode_id,9.0,0.0310262044270833,0.629052123479437,by_layer,,Qwen_Qwen3-Omni-30B-A3B-Instruct
mode_id,10.0,0.0236562093098958,0.629052123479437,by_layer,,Qwen_Qwen3-Omni-30B-A3B-Instruct
mode_id,11.0,0.0255076090494791,0.629052123479437,by_layer,,Qwen_Qwen3-Omni-30B-A3B-Instruct
mode_id,12.0,0.0291951497395833,0.629052123479437,by_layer,,Qwen_Qwen3-Omni-30B-A3B-Instruct
mode_id,13.0,0.0359547932942708,0.629052123479437,by_layer,,Qwen_Qwen3-Omni-30B-A3B-Instruct
mode_id,14.0,0.0469970703125,0.629052123479437,by_layer,,Qwen_Qwen3-Omni-30B-A3B-Instruct
mode_id,15.0,0.0570068359375,0.629052123479437,by_layer,,Qwen_Qwen3-Omni-30B-A3B-Instruct
mode_id,16.0,0.0276438395182291,0.629052123479437,by_layer,,Qwen_Qwen3-Omni-30B-A3B-Instruct
mode_id,17.0,0.0305430094401041,0.629052123479437,by_layer,,Qwen_Qwen3-Omni-30B-A3B-Instruct
mode_id,18.0,0.0362955729166666,0.629052123479437,by_layer,,Qwen_Qwen3-Omni-30B-A3B-Instruct
mode_id,19.0,0.0305887858072916,0.629052123479437,by_layer,,Qwen_Qwen3-Omni-30B-A3B-Instruct
mode_id,20.0,0.0273081461588541,0.629052123479437,by_layer,,Qwen_Qwen3-Omni-30B-A3B-Instruct
mode_id,21.0,0.0261332194010416,0.629052123479437,by_layer,,Qwen_Qwen3-Omni-30B-A3B-Instruct
mode_id,22.0,0.0377604166666666,0.629052123479437,by_layer,,Qwen_Qwen3-Omni-30B-A3B-Instruct
mode_id,23.0,0.0351460774739583,0.629052123479437,by_layer,,Qwen_Qwen3-Omni-30B-A3B-Instruct
mode_id,24.0,0.0337931315104166,0.629052123479437,by_layer,,Qwen_Qwen3-Omni-30B-A3B-Instruct
mode_id,25.0,0.0324808756510416,0.629052123479437,by_layer,,Qwen_Qwen3-Omni-30B-A3B-Instruct
mode_id,26.0,0.0477193196614583,0.629052123479437,by_layer,,Qwen_Qwen3-Omni-30B-A3B-Instruct
mode_id,27.0,0.0328877766927083,0.629052123479437,by_layer,,Qwen_Qwen3-Omni-30B-A3B-Instruct
mode_id,28.0,0.0234222412109375,0.629052123479437,by_layer,,Qwen_Qwen3-Omni-30B-A3B-Instruct
mode_id,29.0,0.0286966959635416,0.629052123479437,by_layer,,Qwen_Qwen3-Omni-30B-A3B-Instruct
mode_id,30.0,0.0352579752604166,0.629052123479437,by_layer,,Qwen_Qwen3-Omni-30B-A3B-Instruct
mode_id,31.0,0.0302530924479166,0.629052123479437,by_layer,,Qwen_Qwen3-Omni-30B-A3B-Instruct
mode_id,32.0,0.023162841796875,0.629052123479437,by_layer,,Qwen_Qwen3-Omni-30B-A3B-Instruct
mode_id,33.0,0.0166829427083333,0.629052123479437,by_layer,,Qwen_Qwen3-Omni-30B-A3B-Instruct
mode_id,34.0,0.03485107421875,0.629052123479437,by_layer,,Qwen_Qwen3-Omni-30B-A3B-Instruct
mode_id,35.0,0.027557373046875,0.629052123479437,by_layer,,Qwen_Qwen3-Omni-30B-A3B-Instruct
mode_id,36.0,0.0230560302734375,0.629052123479437,by_layer,,Qwen_Qwen3-Omni-30B-A3B-Instruct
mode_id,37.0,0.02471923828125,0.629052123479437,by_layer,,Qwen_Qwen3-Omni-30B-A3B-Instruct
mode_id,38.0,0.029754638671875,0.629052123479437,by_layer,,Qwen_Qwen3-Omni-30B-A3B-Instruct
mode_id,39.0,0.0237782796223958,0.629052123479437,by_layer,,Qwen_Qwen3-Omni-30B-A3B-Instruct
mode_id,40.0,0.016571044921875,0.629052123479437,by_layer,,Qwen_Qwen3-Omni-30B-A3B-Instruct
mode_id,41.0,0.0147908528645833,0.629052123479437,by_layer,,Qwen_Qwen3-Omni-30B-A3B-Instruct
mode_id,42.0,0.0214792887369791,0.629052123479437,by_layer,,Qwen_Qwen3-Omni-30B-A3B-Instruct
mode_id,43.0,0.04205322265625,0.629052123479437,by_layer,,Qwen_Qwen3-Omni-30B-A3B-Instruct
mode_id,44.0,0.0382486979166666,0.629052123479437,by_layer,,Qwen_Qwen3-Omni-30B-A3B-Instruct
mode_id,45.0,0.0318806966145833,0.629052123479437,by_layer,,Qwen_Qwen3-Omni-30B-A3B-Instruct
mode_id,46.0,0.05462646484375,0.629052123479437,by_layer,,Qwen_Qwen3-Omni-30B-A3B-Instruct
mode_id,47.0,0.06512451171875,0.629052123479437,by_layer,,Qwen_Qwen3-Omni-30B-A3B-Instruct
note_count,0.0,0.0495808919270833,0.5057221828103003,by_layer,,Qwen_Qwen3-Omni-30B-A3B-Instruct
note_count,1.0,0.0213826497395833,0.5057221828103003,by_layer,,Qwen_Qwen3-Omni-30B-A3B-Instruct
note_count,2.0,0.0413716634114583,0.5057221828103003,by_layer,,Qwen_Qwen3-Omni-30B-A3B-Instruct
note_count,3.0,0.0121866861979166,0.5057221828103003,by_layer,,Qwen_Qwen3-Omni-30B-A3B-Instruct
note_count,4.0,0.0501047770182291,0.5057221828103003,by_layer,,Qwen_Qwen3-Omni-30B-A3B-Instruct
note_count,5.0,0.0262959798177083,0.5057221828103003,by_layer,,Qwen_Qwen3-Omni-30B-A3B-Instruct
note_count,6.0,0.07061767578125,0.5057221828103003,by_layer,,Qwen_Qwen3-Omni-30B-A3B-Instruct
note_count,7.0,0.0392354329427083,0.5057221828103003,by_layer,,Qwen_Qwen3-Omni-30B-A3B-Instruct
note_count,8.0,0.0166269938151041,0.5057221828103003,by_layer,,Qwen_Qwen3-Omni-30B-A3B-Instruct
note_count,9.0,0.028228759765625,0.5057221828103003,by_layer,,Qwen_Qwen3-Omni-30B-A3B-Instruct
note_count,10.0,0.0229085286458333,0.5057221828103003,by_layer,,Qwen_Qwen3-Omni-30B-A3B-Instruct
note_count,11.0,0.0234222412109375,0.5057221828103003,by_layer,,Qwen_Qwen3-Omni-30B-A3B-Instruct
note_count,12.0,0.0325927734375,0.5057221828103003,by_layer,,Qwen_Qwen3-Omni-30B-A3B-Instruct
note_count,13.0,0.0369466145833333,0.5057221828103003,by_layer,,Qwen_Qwen3-Omni-30B-A3B-Instruct
note_count,14.0,0.0395711263020833,0.5057221828103003,by_layer,,Qwen_Qwen3-Omni-30B-A3B-Instruct
note_count,15.0,0.05413818359375,0.5057221828103003,by_layer,,Qwen_Qwen3-Omni-30B-A3B-Instruct
note_count,16.0,0.0252838134765625,0.5057221828103003,by_layer,,Qwen_Qwen3-Omni-30B-A3B-Instruct
note_count,17.0,0.0265655517578125,0.5057221828103003,by_layer,,Qwen_Qwen3-Omni-30B-A3B-Instruct
note_count,18.0,0.0306599934895833,0.5057221828103003,by_layer,,Qwen_Qwen3-Omni-30B-A3B-Instruct
note_count,19.0,0.0243581136067708,0.5057221828103003,by_layer,,Qwen_Qwen3-Omni-30B-A3B-Instruct
note_count,20.0,0.0224355061848958,0.5057221828103003,by_layer,,Qwen_Qwen3-Omni-30B-A3B-Instruct
note_count,21.0,0.0225779215494791,0.5057221828103003,by_layer,,Qwen_Qwen3-Omni-30B-A3B-Instruct
note_count,22.0,0.0339762369791666,0.5057221828103003,by_layer,,Qwen_Qwen3-Omni-30B-A3B-Instruct
note_count,23.0,0.0291646321614583,0.5057221828103003,by_layer,,Qwen_Qwen3-Omni-30B-A3B-Instruct
note_count,24.0,0.0310262044270833,0.5057221828103003,by_layer,,Qwen_Qwen3-Omni-30B-A3B-Instruct
note_count,25.0,0.02978515625,0.5057221828103003,by_layer,,Qwen_Qwen3-Omni-30B-A3B-Instruct
note_count,26.0,0.0416666666666666,0.5057221828103003,by_layer,,Qwen_Qwen3-Omni-30B-A3B-Instruct
note_count,27.0,0.0277989705403645,0.5057221828103003,by_layer,,Qwen_Qwen3-Omni-30B-A3B-Instruct
note_count,28.0,0.017852783203125,0.5057221828103003,by_layer,,Qwen_Qwen3-Omni-30B-A3B-Instruct
note_count,29.0,0.0184580485026041,0.5057221828103003,by_layer,,Qwen_Qwen3-Omni-30B-A3B-Instruct
note_count,30.0,0.02276611328125,0.5057221828103003,by_layer,,Qwen_Qwen3-Omni-30B-A3B-Instruct
note_count,31.0,0.0331013997395833,0.5057221828103003,by_layer,,Qwen_Qwen3-Omni-30B-A3B-Instruct
note_count,32.0,0.0297698974609375,0.5057221828103003,by_layer,,Qwen_Qwen3-Omni-30B-A3B-Instruct
note_count,33.0,0.0208079020182291,0.5057221828103003,by_layer,,Qwen_Qwen3-Omni-30B-A3B-Instruct
note_count,34.0,0.0392252604166666,0.5057221828103003,by_layer,,Qwen_Qwen3-Omni-30B-A3B-Instruct
note_count,35.0,0.0289510091145833,0.5057221828103003,by_layer,,Qwen_Qwen3-Omni-30B-A3B-Instruct
note_count,36.0,0.026214599609375,0.5057221828103003,by_layer,,Qwen_Qwen3-Omni-30B-A3B-Instruct
note_count,37.0,0.0246785481770833,0.5057221828103003,by_layer,,Qwen_Qwen3-Omni-30B-A3B-Instruct
note_count,38.0,0.0239156087239583,0.5057221828103003,by_layer,,Qwen_Qwen3-Omni-30B-A3B-Instruct
note_count,39.0,0.0188242594401041,0.5057221828103003,by_layer,,Qwen_Qwen3-Omni-30B-A3B-Instruct
note_count,40.0,0.0112253824869791,0.5057221828103003,by_layer,,Qwen_Qwen3-Omni-30B-A3B-Instruct
note_count,41.0,0.010467529296875,0.5057221828103003,by_layer,,Qwen_Qwen3-Omni-30B-A3B-Instruct
note_count,42.0,0.0148111979166666,0.5057221828103003,by_layer,,Qwen_Qwen3-Omni-30B-A3B-Instruct
note_count,43.0,0.0217692057291666,0.5057221828103003,by_layer,,Qwen_Qwen3-Omni-30B-A3B-Instruct
note_count,44.0,0.0262044270833333,0.5057221828103003,by_layer,,Qwen_Qwen3-Omni-30B-A3B-Instruct
note_count,45.0,0.020355224609375,0.5057221828103003,by_layer,,Qwen_Qwen3-Omni-30B-A3B-Instruct
note_count,46.0,0.0446980794270833,0.5057221828103003,by_layer,,Qwen_Qwen3-Omni-30B-A3B-Instruct
note_count,47.0,0.05706787109375,0.5057221828103003,by_layer,,Qwen_Qwen3-Omni-30B-A3B-Instruct
octave_id,0.0,0.0414021809895833,0.4555221783817091,by_layer,,Qwen_Qwen3-Omni-30B-A3B-Instruct
octave_id,1.0,0.0172170003255208,0.4555221783817091,by_layer,,Qwen_Qwen3-Omni-30B-A3B-Instruct
octave_id,2.0,0.0411275227864583,0.4555221783817091,by_layer,,Qwen_Qwen3-Omni-30B-A3B-Instruct
octave_id,3.0,0.010297139485677,0.4555221783817091,by_layer,,Qwen_Qwen3-Omni-30B-A3B-Instruct
octave_id,4.0,0.0453999837239583,0.4555221783817091,by_layer,,Qwen_Qwen3-Omni-30B-A3B-Instruct
octave_id,5.0,0.0228068033854166,0.4555221783817091,by_layer,,Qwen_Qwen3-Omni-30B-A3B-Instruct
octave_id,6.0,0.06610107421875,0.4555221783817091,by_layer,,Qwen_Qwen3-Omni-30B-A3B-Instruct
octave_id,7.0,0.0402119954427083,0.4555221783817091,by_layer,,Qwen_Qwen3-Omni-30B-A3B-Instruct
octave_id,8.0,0.0160573323567708,0.4555221783817091,by_layer,,Qwen_Qwen3-Omni-30B-A3B-Instruct
octave_id,9.0,0.0277608235677083,0.4555221783817091,by_layer,,Qwen_Qwen3-Omni-30B-A3B-Instruct
octave_id,10.0,0.02606201171875,0.4555221783817091,by_layer,,Qwen_Qwen3-Omni-30B-A3B-Instruct
octave_id,11.0,0.0247344970703125,0.4555221783817091,by_layer,,Qwen_Qwen3-Omni-30B-A3B-Instruct
octave_id,12.0,0.0306803385416666,0.4555221783817091,by_layer,,Qwen_Qwen3-Omni-30B-A3B-Instruct
octave_id,13.0,0.0374959309895833,0.4555221783817091,by_layer,,Qwen_Qwen3-Omni-30B-A3B-Instruct
octave_id,14.0,0.04339599609375,0.4555221783817091,by_layer,,Qwen_Qwen3-Omni-30B-A3B-Instruct
octave_id,15.0,0.05859375,0.4555221783817091,by_layer,,Qwen_Qwen3-Omni-30B-A3B-Instruct
octave_id,16.0,0.0271555582682291,0.4555221783817091,by_layer,,Qwen_Qwen3-Omni-30B-A3B-Instruct
octave_id,17.0,0.0275065104166666,0.4555221783817091,by_layer,,Qwen_Qwen3-Omni-30B-A3B-Instruct
octave_id,18.0,0.0331319173177083,0.4555221783817091,by_layer,,Qwen_Qwen3-Omni-30B-A3B-Instruct
octave_id,19.0,0.0254923502604166,0.4555221783817091,by_layer,,Qwen_Qwen3-Omni-30B-A3B-Instruct
octave_id,20.0,0.0231272379557291,0.4555221783817091,by_layer,,Qwen_Qwen3-Omni-30B-A3B-Instruct
octave_id,21.0,0.0224863688151041,0.4555221783817091,by_layer,,Qwen_Qwen3-Omni-30B-A3B-Instruct
octave_id,22.0,0.029571533203125,0.4555221783817091,by_layer,,Qwen_Qwen3-Omni-30B-A3B-Instruct
octave_id,23.0,0.0269063313802083,0.4555221783817091,by_layer,,Qwen_Qwen3-Omni-30B-A3B-Instruct
octave_id,24.0,0.028076171875,0.4555221783817091,by_layer,,Qwen_Qwen3-Omni-30B-A3B-Instruct
octave_id,25.0,0.0236918131510416,0.4555221783817091,by_layer,,Qwen_Qwen3-Omni-30B-A3B-Instruct
octave_id,26.0,0.0283559163411458,0.4555221783817091,by_layer,,Qwen_Qwen3-Omni-30B-A3B-Instruct
octave_id,27.0,0.0181427001953125,0.4555221783817091,by_layer,,Qwen_Qwen3-Omni-30B-A3B-Instruct
octave_id,28.0,0.0101089477539062,0.4555221783817091,by_layer,,Qwen_Qwen3-Omni-30B-A3B-Instruct
octave_id,29.0,0.015546162923177,0.4555221783817091,by_layer,,Qwen_Qwen3-Omni-30B-A3B-Instruct
octave_id,30.0,0.0202306111653645,0.4555221783817091,by_layer,,Qwen_Qwen3-Omni-30B-A3B-Instruct
octave_id,31.0,0.0229237874348958,0.4555221783817091,by_layer,,Qwen_Qwen3-Omni-30B-A3B-Instruct
octave_id,32.0,0.0208079020182291,0.4555221783817091,by_layer,,Qwen_Qwen3-Omni-30B-A3B-Instruct
octave_id,33.0,0.0133743286132812,0.4555221783817091,by_layer,,Qwen_Qwen3-Omni-30B-A3B-Instruct
octave_id,34.0,0.027069091796875,0.4555221783817091,by_layer,,Qwen_Qwen3-Omni-30B-A3B-Instruct
octave_id,35.0,0.0217183430989583,0.4555221783817091,by_layer,,Qwen_Qwen3-Omni-30B-A3B-Instruct
octave_id,36.0,0.0211385091145833,0.4555221783817091,by_layer,,Qwen_Qwen3-Omni-30B-A3B-Instruct
octave_id,37.0,0.0193634033203125,0.4555221783817091,by_layer,,Qwen_Qwen3-Omni-30B-A3B-Instruct
octave_id,38.0,0.0208892822265625,0.4555221783817091,by_layer,,Qwen_Qwen3-Omni-30B-A3B-Instruct
octave_id,39.0,0.0173288981119791,0.4555221783817091,by_layer,,Qwen_Qwen3-Omni-30B-A3B-Instruct
octave_id,40.0,0.0103632609049479,0.4555221783817091,by_layer,,Qwen_Qwen3-Omni-30B-A3B-Instruct
octave_id,41.0,0.0079981486002604,0.4555221783817091,by_layer,,Qwen_Qwen3-Omni-30B-A3B-Instruct
octave_id,42.0,0.0128377278645833,0.4555221783817091,by_layer,,Qwen_Qwen3-Omni-30B-A3B-Instruct
octave_id,43.0,0.022796630859375,0.4555221783817091,by_layer,,Qwen_Qwen3-Omni-30B-A3B-Instruct
octave_id,44.0,0.0239969889322916,0.4555221783817091,by_layer,,Qwen_Qwen3-Omni-30B-A3B-Instruct
octave_id,45.0,0.0161590576171875,0.4555221783817091,by_layer,,Qwen_Qwen3-Omni-30B-A3B-Instruct
octave_id,46.0,0.0416768391927083,0.4555221783817091,by_layer,,Qwen_Qwen3-Omni-30B-A3B-Instruct
octave_id,47.0,0.0553385416666666,0.4555221783817091,by_layer,,Qwen_Qwen3-Omni-30B-A3B-Instruct
pitch_note_id,0.0,0.0445353190104166,0.4856589408004867,by_layer,,Qwen_Qwen3-Omni-30B-A3B-Instruct
pitch_note_id,1.0,0.0186309814453125,0.4856589408004867,by_layer,,Qwen_Qwen3-Omni-30B-A3B-Instruct
pitch_note_id,2.0,0.0447591145833333,0.4856589408004867,by_layer,,Qwen_Qwen3-Omni-30B-A3B-Instruct
pitch_note_id,3.0,0.0110727945963541,0.4856589408004867,by_layer,,Qwen_Qwen3-Omni-30B-A3B-Instruct
pitch_note_id,4.0,0.0435791015625,0.4856589408004867,by_layer,,Qwen_Qwen3-Omni-30B-A3B-Instruct
pitch_note_id,5.0,0.0245768229166666,0.4856589408004867,by_layer,,Qwen_Qwen3-Omni-30B-A3B-Instruct
pitch_note_id,6.0,0.0655517578125,0.4856589408004867,by_layer,,Qwen_Qwen3-Omni-30B-A3B-Instruct
pitch_note_id,7.0,0.035400390625,0.4856589408004867,by_layer,,Qwen_Qwen3-Omni-30B-A3B-Instruct
pitch_note_id,8.0,0.0156656901041666,0.4856589408004867,by_layer,,Qwen_Qwen3-Omni-30B-A3B-Instruct
pitch_note_id,9.0,0.0266316731770833,0.4856589408004867,by_layer,,Qwen_Qwen3-Omni-30B-A3B-Instruct
pitch_note_id,10.0,0.0257364908854166,0.4856589408004867,by_layer,,Qwen_Qwen3-Omni-30B-A3B-Instruct
pitch_note_id,11.0,0.0246480305989583,0.4856589408004867,by_layer,,Qwen_Qwen3-Omni-30B-A3B-Instruct
pitch_note_id,12.0,0.0315653483072916,0.4856589408004867,by_layer,,Qwen_Qwen3-Omni-30B-A3B-Instruct
pitch_note_id,13.0,0.0377400716145833,0.4856589408004867,by_layer,,Qwen_Qwen3-Omni-30B-A3B-Instruct
pitch_note_id,14.0,0.0470784505208333,0.4856589408004867,by_layer,,Qwen_Qwen3-Omni-30B-A3B-Instruct
pitch_note_id,15.0,0.06170654296875,0.4856589408004867,by_layer,,Qwen_Qwen3-Omni-30B-A3B-Instruct
pitch_note_id,16.0,0.030059814453125,0.4856589408004867,by_layer,,Qwen_Qwen3-Omni-30B-A3B-Instruct
pitch_note_id,17.0,0.0298360188802083,0.4856589408004867,by_layer,,Qwen_Qwen3-Omni-30B-A3B-Instruct
pitch_note_id,18.0,0.0360616048177083,0.4856589408004867,by_layer,,Qwen_Qwen3-Omni-30B-A3B-Instruct
pitch_note_id,19.0,0.029510498046875,0.4856589408004867,by_layer,,Qwen_Qwen3-Omni-30B-A3B-Instruct
pitch_note_id,20.0,0.0284830729166666,0.4856589408004867,by_layer,,Qwen_Qwen3-Omni-30B-A3B-Instruct
pitch_note_id,21.0,0.0232696533203125,0.4856589408004867,by_layer,,Qwen_Qwen3-Omni-30B-A3B-Instruct
pitch_note_id,22.0,0.0347696940104166,0.4856589408004867,by_layer,,Qwen_Qwen3-Omni-30B-A3B-Instruct
pitch_note_id,23.0,0.028961181640625,0.4856589408004867,by_layer,,Qwen_Qwen3-Omni-30B-A3B-Instruct
pitch_note_id,24.0,0.0305379231770833,0.4856589408004867,by_layer,,Qwen_Qwen3-Omni-30B-A3B-Instruct
pitch_note_id,25.0,0.0272623697916666,0.4856589408004867,by_layer,,Qwen_Qwen3-Omni-30B-A3B-Instruct
pitch_note_id,26.0,0.0386861165364583,0.4856589408004867,by_layer,,Qwen_Qwen3-Omni-30B-A3B-Instruct
pitch_note_id,27.0,0.0272064208984375,0.4856589408004867,by_layer,,Qwen_Qwen3-Omni-30B-A3B-Instruct
pitch_note_id,28.0,0.0168406168619791,0.4856589408004867,by_layer,,Qwen_Qwen3-Omni-30B-A3B-Instruct
pitch_note_id,29.0,0.0184326171875,0.4856589408004867,by_layer,,Qwen_Qwen3-Omni-30B-A3B-Instruct
pitch_note_id,30.0,0.0245920817057291,0.4856589408004867,by_layer,,Qwen_Qwen3-Omni-30B-A3B-Instruct
pitch_note_id,31.0,0.0257212320963541,0.4856589408004867,by_layer,,Qwen_Qwen3-Omni-30B-A3B-Instruct
pitch_note_id,32.0,0.02203369140625,0.4856589408004867,by_layer,,Qwen_Qwen3-Omni-30B-A3B-Instruct
pitch_note_id,33.0,0.0171356201171875,0.4856589408004867,by_layer,,Qwen_Qwen3-Omni-30B-A3B-Instruct
pitch_note_id,34.0,0.0313822428385416,0.4856589408004867,by_layer,,Qwen_Qwen3-Omni-30B-A3B-Instruct
pitch_note_id,35.0,0.0227457682291666,0.4856589408004867,by_layer,,Qwen_Qwen3-Omni-30B-A3B-Instruct
pitch_note_id,36.0,0.0238901774088541,0.4856589408004867,by_layer,,Qwen_Qwen3-Omni-30B-A3B-Instruct
pitch_note_id,37.0,0.0235239664713541,0.4856589408004867,by_layer,,Qwen_Qwen3-Omni-30B-A3B-Instruct
pitch_note_id,38.0,0.0324808756510416,0.4856589408004867,by_layer,,Qwen_Qwen3-Omni-30B-A3B-Instruct
pitch_note_id,39.0,0.0306905110677083,0.4856589408004867,by_layer,,Qwen_Qwen3-Omni-30B-A3B-Instruct
pitch_note_id,40.0,0.0143992106119791,0.4856589408004867,by_layer,,Qwen_Qwen3-Omni-30B-A3B-Instruct
pitch_note_id,41.0,0.0125605265299479,0.4856589408004867,by_layer,,Qwen_Qwen3-Omni-30B-A3B-Instruct
pitch_note_id,42.0,0.0144093831380208,0.4856589408004867,by_layer,,Qwen_Qwen3-Omni-30B-A3B-Instruct
pitch_note_id,43.0,0.0269724527994791,0.4856589408004867,by_layer,,Qwen_Qwen3-Omni-30B-A3B-Instruct
pitch_note_id,44.0,0.0258687337239583,0.4856589408004867,by_layer,,Qwen_Qwen3-Omni-30B-A3B-Instruct
pitch_note_id,45.0,0.0198822021484375,0.4856589408004867,by_layer,,Qwen_Qwen3-Omni-30B-A3B-Instruct
pitch_note_id,46.0,0.0403645833333333,0.4856589408004867,by_layer,,Qwen_Qwen3-Omni-30B-A3B-Instruct
pitch_note_id,47.0,0.0576985677083333,0.4856589408004867,by_layer,,Qwen_Qwen3-Omni-30B-A3B-Instruct
progression_id,0.0,0.0582478841145833,0.6074873160457123,by_layer,,Qwen_Qwen3-Omni-30B-A3B-Instruct
progression_id,1.0,0.0229339599609375,0.6074873160457123,by_layer,,Qwen_Qwen3-Omni-30B-A3B-Instruct
progression_id,2.0,0.047393798828125,0.6074873160457123,by_layer,,Qwen_Qwen3-Omni-30B-A3B-Instruct
progression_id,3.0,0.014447530110677,0.6074873160457123,by_layer,,Qwen_Qwen3-Omni-30B-A3B-Instruct
progression_id,4.0,0.0448506673177083,0.6074873160457123,by_layer,,Qwen_Qwen3-Omni-30B-A3B-Instruct
progression_id,5.0,0.0277659098307291,0.6074873160457123,by_layer,,Qwen_Qwen3-Omni-30B-A3B-Instruct
progression_id,6.0,0.0682373046875,0.6074873160457123,by_layer,,Qwen_Qwen3-Omni-30B-A3B-Instruct
progression_id,7.0,0.035675048828125,0.6074873160457123,by_layer,,Qwen_Qwen3-Omni-30B-A3B-Instruct
progression_id,8.0,0.01434326171875,0.6074873160457123,by_layer,,Qwen_Qwen3-Omni-30B-A3B-Instruct
progression_id,9.0,0.0274505615234375,0.6074873160457123,by_layer,,Qwen_Qwen3-Omni-30B-A3B-Instruct
progression_id,10.0,0.021240234375,0.6074873160457123,by_layer,,Qwen_Qwen3-Omni-30B-A3B-Instruct
progression_id,11.0,0.0244089762369791,0.6074873160457123,by_layer,,Qwen_Qwen3-Omni-30B-A3B-Instruct
progression_id,12.0,0.0289815266927083,0.6074873160457123,by_layer,,Qwen_Qwen3-Omni-30B-A3B-Instruct
progression_id,13.0,0.0410257975260416,0.6074873160457123,by_layer,,Qwen_Qwen3-Omni-30B-A3B-Instruct
progression_id,14.0,0.04180908203125,0.6074873160457123,by_layer,,Qwen_Qwen3-Omni-30B-A3B-Instruct
progression_id,15.0,0.0575358072916666,0.6074873160457123,by_layer,,Qwen_Qwen3-Omni-30B-A3B-Instruct
progression_id,16.0,0.0266876220703125,0.6074873160457123,by_layer,,Qwen_Qwen3-Omni-30B-A3B-Instruct
progression_id,17.0,0.0269571940104166,0.6074873160457123,by_layer,,Qwen_Qwen3-Omni-30B-A3B-Instruct
progression_id,18.0,0.0319620768229166,0.6074873160457123,by_layer,,Qwen_Qwen3-Omni-30B-A3B-Instruct
progression_id,19.0,0.0252329508463541,0.6074873160457123,by_layer,,Qwen_Qwen3-Omni-30B-A3B-Instruct
progression_id,20.0,0.0215708414713541,0.6074873160457123,by_layer,,Qwen_Qwen3-Omni-30B-A3B-Instruct
progression_id,21.0,0.02264404296875,0.6074873160457123,by_layer,,Qwen_Qwen3-Omni-30B-A3B-Instruct
progression_id,22.0,0.0333251953125,0.6074873160457123,by_layer,,Qwen_Qwen3-Omni-30B-A3B-Instruct
progression_id,23.0,0.0317179361979166,0.6074873160457123,by_layer,,Qwen_Qwen3-Omni-30B-A3B-Instruct
progression_id,24.0,0.0318501790364583,0.6074873160457123,by_layer,,Qwen_Qwen3-Omni-30B-A3B-Instruct
progression_id,25.0,0.035064697265625,0.6074873160457123,by_layer,,Qwen_Qwen3-Omni-30B-A3B-Instruct
progression_id,26.0,0.053680419921875,0.6074873160457123,by_layer,,Qwen_Qwen3-Omni-30B-A3B-Instruct
progression_id,27.0,0.0388132731119791,0.6074873160457123,by_layer,,Qwen_Qwen3-Omni-30B-A3B-Instruct
progression_id,28.0,0.0195668538411458,0.6074873160457123,by_layer,,Qwen_Qwen3-Omni-30B-A3B-Instruct
progression_id,29.0,0.0239206949869791,0.6074873160457123,by_layer,,Qwen_Qwen3-Omni-30B-A3B-Instruct
progression_id,30.0,0.0345306396484375,0.6074873160457123,by_layer,,Qwen_Qwen3-Omni-30B-A3B-Instruct
progression_id,31.0,0.0273996988932291,0.6074873160457123,by_layer,,Qwen_Qwen3-Omni-30B-A3B-Instruct
progression_id,32.0,0.0266774495442708,0.6074873160457123,by_layer,,Qwen_Qwen3-Omni-30B-A3B-Instruct
progression_id,33.0,0.0148188273111979,0.6074873160457123,by_layer,,Qwen_Qwen3-Omni-30B-A3B-Instruct
progression_id,34.0,0.0298258463541666,0.6074873160457123,by_layer,,Qwen_Qwen3-Omni-30B-A3B-Instruct
progression_id,35.0,0.0256551106770833,0.6074873160457123,by_layer,,Qwen_Qwen3-Omni-30B-A3B-Instruct
progression_id,36.0,0.0211283365885416,0.6074873160457123,by_layer,,Qwen_Qwen3-Omni-30B-A3B-Instruct
progression_id,37.0,0.0251261393229166,0.6074873160457123,by_layer,,Qwen_Qwen3-Omni-30B-A3B-Instruct
progression_id,38.0,0.0259246826171875,0.6074873160457123,by_layer,,Qwen_Qwen3-Omni-30B-A3B-Instruct
progression_id,39.0,0.0231679280598958,0.6074873160457123,by_layer,,Qwen_Qwen3-Omni-30B-A3B-Instruct
progression_id,40.0,0.0141347249348958,0.6074873160457123,by_layer,,Qwen_Qwen3-Omni-30B-A3B-Instruct
progression_id,41.0,0.0115915934244791,0.6074873160457123,by_layer,,Qwen_Qwen3-Omni-30B-A3B-Instruct
progression_id,42.0,0.0174967447916666,0.6074873160457123,by_layer,,Qwen_Qwen3-Omni-30B-A3B-Instruct
progression_id,43.0,0.030120849609375,0.6074873160457123,by_layer,,Qwen_Qwen3-Omni-30B-A3B-Instruct
progression_id,44.0,0.0306905110677083,0.6074873160457123,by_layer,,Qwen_Qwen3-Omni-30B-A3B-Instruct
progression_id,45.0,0.02178955078125,0.6074873160457123,by_layer,,Qwen_Qwen3-Omni-30B-A3B-Instruct
progression_id,46.0,0.0493977864583333,0.6074873160457123,by_layer,,Qwen_Qwen3-Omni-30B-A3B-Instruct
progression_id,47.0,0.0612589518229166,0.6074873160457123,by_layer,,Qwen_Qwen3-Omni-30B-A3B-Instruct
beats_per_bar,,0.0388700697157118,0.6922449603270675,by_step,0.0,Qwen_Qwen3-Omni-30B-A3B-Instruct
beats_per_bar,,0.0190552605523003,0.6893137392693801,by_step,1.0,Qwen_Qwen3-Omni-30B-A3B-Instruct
chord_quality,,0.0386956532796224,0.5438883180584108,by_step,0.0,Qwen_Qwen3-Omni-30B-A3B-Instruct
chord_quality,,0.0223860210842556,0.5400575244333755,by_step,1.0,Qwen_Qwen3-Omni-30B-A3B-Instruct
instrument_id,,0.0398868984646267,0.5117559982105437,by_step,0.0,Qwen_Qwen3-Omni-30B-A3B-Instruct
instrument_id,,0.0239290661282009,0.5075305965767963,by_step,1.0,Qwen_Qwen3-Omni-30B-A3B-Instruct
interval_id,,0.0343229505750868,0.4995683940281607,by_step,0.0,Qwen_Qwen3-Omni-30B-A3B-Instruct
interval_id,,0.0201841990152994,0.495764619864089,by_step,1.0,Qwen_Qwen3-Omni-30B-A3B-Instruct
key_id,,0.0403179592556423,0.6093759939789347,by_step,0.0,Qwen_Qwen3-Omni-30B-A3B-Instruct
key_id,,0.0254080030653211,0.605850663596508,by_step,1.0,Qwen_Qwen3-Omni-30B-A3B-Instruct
mode_id,,0.0425955454508463,0.6307901306802446,by_step,0.0,Qwen_Qwen3-Omni-30B-A3B-Instruct
mode_id,,0.0250044928656684,0.6273141162786293,by_step,1.0,Qwen_Qwen3-Omni-30B-A3B-Instruct
note_count,,0.0373236338297526,0.5076270475927518,by_step,0.0,Qwen_Qwen3-Omni-30B-A3B-Instruct
note_count,,0.0219127866956922,0.503817318027849,by_step,1.0,Qwen_Qwen3-Omni-30B-A3B-Instruct
octave_id,,0.0337416330973307,0.457210006121367,by_step,0.0,Qwen_Qwen3-Omni-30B-A3B-Instruct
octave_id,,0.0197856691148546,0.4538343506420513,by_step,1.0,Qwen_Qwen3-Omni-30B-A3B-Instruct
pitch_note_id,,0.0359889136420355,0.4875775674775525,by_step,0.0,Qwen_Qwen3-Omni-30B-A3B-Instruct
pitch_note_id,,0.0233922534518771,0.4837403141234209,by_step,1.0,Qwen_Qwen3-Omni-30B-A3B-Instruct
progression_id,,0.038628684149848,0.6090875303506514,by_step,0.0,Qwen_Qwen3-Omni-30B-A3B-Instruct
progression_id,,0.0234578450520833,0.6058871017407732,by_step,1.0,Qwen_Qwen3-Omni-30B-A3B-Instruct
beats_per_bar,0.0,0.140983081733187,0.7921593884460113,by_layer,,nvidia_audio-flamingo-3-hf
beats_per_bar,1.0,0.1878840439021587,0.7921593884460113,by_layer,,nvidia_audio-flamingo-3-hf
beats_per_bar,2.0,0.2447857198615869,0.7921593884460113,by_layer,,nvidia_audio-flamingo-3-hf
beats_per_bar,3.0,0.1394900393982728,0.7921593884460113,by_layer,,nvidia_audio-flamingo-3-hf
beats_per_bar,4.0,0.0722119137644767,0.7921593884460113,by_layer,,nvidia_audio-flamingo-3-hf
beats_per_bar,5.0,0.0860764104872942,0.7921593884460113,by_layer,,nvidia_audio-flamingo-3-hf
beats_per_bar,6.0,0.0678760052348176,0.7921593884460113,by_layer,,nvidia_audio-flamingo-3-hf
beats_per_bar,7.0,0.1158516835421323,0.7921593884460113,by_layer,,nvidia_audio-flamingo-3-hf
beats_per_bar,8.0,0.098355958238244,0.7921593884460113,by_layer,,nvidia_audio-flamingo-3-hf
beats_per_bar,9.0,0.1877682581543922,0.7921593884460113,by_layer,,nvidia_audio-flamingo-3-hf
beats_per_bar,10.0,0.0521045234054327,0.7921593884460113,by_layer,,nvidia_audio-flamingo-3-hf
beats_per_bar,11.0,0.0676986727242668,0.7921593884460113,by_layer,,nvidia_audio-flamingo-3-hf
beats_per_bar,12.0,0.0658375804002086,0.7921593884460113,by_layer,,nvidia_audio-flamingo-3-hf
beats_per_bar,13.0,0.0606059804558754,0.7921593884460113,by_layer,,nvidia_audio-flamingo-3-hf
beats_per_bar,14.0,0.0331812474566201,0.7921593884460113,by_layer,,nvidia_audio-flamingo-3-hf
beats_per_bar,15.0,0.0422969736779729,0.7921593884460113,by_layer,,nvidia_audio-flamingo-3-hf
beats_per_bar,16.0,0.0138130067692448,0.7921593884460113,by_layer,,nvidia_audio-flamingo-3-hf
beats_per_bar,17.0,0.0254807107460995,0.7921593884460113,by_layer,,nvidia_audio-flamingo-3-hf
beats_per_bar,18.0,0.0470856465399265,0.7921593884460113,by_layer,,nvidia_audio-flamingo-3-hf
beats_per_bar,19.0,0.0320136455508569,0.7921593884460113,by_layer,,nvidia_audio-flamingo-3-hf
beats_per_bar,20.0,0.0366824028703073,0.7921593884460113,by_layer,,nvidia_audio-flamingo-3-hf
beats_per_bar,21.0,0.0456055585915843,0.7921593884460113,by_layer,,nvidia_audio-flamingo-3-hf
beats_per_bar,22.0,0.0599510362371802,0.7921593884460113,by_layer,,nvidia_audio-flamingo-3-hf
beats_per_bar,23.0,0.0422897081201275,0.7921593884460113,by_layer,,nvidia_audio-flamingo-3-hf
beats_per_bar,24.0,0.0402845069766044,0.7921593884460113,by_layer,,nvidia_audio-flamingo-3-hf
beats_per_bar,25.0,0.0355978473089635,0.7921593884460113,by_layer,,nvidia_audio-flamingo-3-hf
beats_per_bar,26.0,0.037598643451929,0.7921593884460113,by_layer,,nvidia_audio-flamingo-3-hf
beats_per_bar,27.0,0.0582719719968736,0.7921593884460113,by_layer,,nvidia_audio-flamingo-3-hf
chord_quality,0.0,0.0993003112574418,0.6652850926815315,by_layer,,nvidia_audio-flamingo-3-hf
chord_quality,1.0,0.1407798361033201,0.6652850926815315,by_layer,,nvidia_audio-flamingo-3-hf
chord_quality,2.0,0.207992701480786,0.6652850926815315,by_layer,,nvidia_audio-flamingo-3-hf
chord_quality,3.0,0.1269187921037276,0.6652850926815315,by_layer,,nvidia_audio-flamingo-3-hf
chord_quality,4.0,0.0745183353622754,0.6652850926815315,by_layer,,nvidia_audio-flamingo-3-hf
chord_quality,5.0,0.0825819134091337,0.6652850926815315,by_layer,,nvidia_audio-flamingo-3-hf
chord_quality,6.0,0.068204100554188,0.6652850926815315,by_layer,,nvidia_audio-flamingo-3-hf
chord_quality,7.0,0.1045039171973864,0.6652850926815315,by_layer,,nvidia_audio-flamingo-3-hf
chord_quality,8.0,0.0914125939210255,0.6652850926815315,by_layer,,nvidia_audio-flamingo-3-hf
chord_quality,9.0,0.171879251797994,0.6652850926815315,by_layer,,nvidia_audio-flamingo-3-hf
chord_quality,10.0,0.0566063566754261,0.6652850926815315,by_layer,,nvidia_audio-flamingo-3-hf
chord_quality,11.0,0.085419379795591,0.6652850926815315,by_layer,,nvidia_audio-flamingo-3-hf
chord_quality,12.0,0.0924374160046378,0.6652850926815315,by_layer,,nvidia_audio-flamingo-3-hf
chord_quality,13.0,0.0857165722797314,0.6652850926815315,by_layer,,nvidia_audio-flamingo-3-hf
chord_quality,14.0,0.0728003860761721,0.6652850926815315,by_layer,,nvidia_audio-flamingo-3-hf
chord_quality,15.0,0.052384406949083,0.6652850926815315,by_layer,,nvidia_audio-flamingo-3-hf
chord_quality,16.0,0.0300611856703956,0.6652850926815315,by_layer,,nvidia_audio-flamingo-3-hf
chord_quality,17.0,0.0454103246641655,0.6652850926815315,by_layer,,nvidia_audio-flamingo-3-hf
chord_quality,18.0,0.0671602102617422,0.6652850926815315,by_layer,,nvidia_audio-flamingo-3-hf
chord_quality,19.0,0.0721842252338926,0.6652850926815315,by_layer,,nvidia_audio-flamingo-3-hf
chord_quality,20.0,0.0515321868782242,0.6652850926815315,by_layer,,nvidia_audio-flamingo-3-hf
chord_quality,21.0,0.077478166980048,0.6652850926815315,by_layer,,nvidia_audio-flamingo-3-hf
chord_quality,22.0,0.0745539730414748,0.6652850926815315,by_layer,,nvidia_audio-flamingo-3-hf
chord_quality,23.0,0.0664457545305291,0.6652850926815315,by_layer,,nvidia_audio-flamingo-3-hf
chord_quality,24.0,0.0537914366771777,0.6652850926815315,by_layer,,nvidia_audio-flamingo-3-hf
chord_quality,25.0,0.0399959965919454,0.6652850926815315,by_layer,,nvidia_audio-flamingo-3-hf
chord_quality,26.0,0.0597818021972974,0.6652850926815315,by_layer,,nvidia_audio-flamingo-3-hf
chord_quality,27.0,0.0803148988634347,0.6652850926815315,by_layer,,nvidia_audio-flamingo-3-hf
instrument_id,0.0,0.0990759345392386,0.6337609653481074,by_layer,,nvidia_audio-flamingo-3-hf
instrument_id,1.0,0.1404620967805385,0.6337609653481074,by_layer,,nvidia_audio-flamingo-3-hf
instrument_id,2.0,0.2003732497493426,0.6337609653481074,by_layer,,nvidia_audio-flamingo-3-hf
instrument_id,3.0,0.1247582373519738,0.6337609653481074,by_layer,,nvidia_audio-flamingo-3-hf
instrument_id,4.0,0.0761957479019959,0.6337609653481074,by_layer,,nvidia_audio-flamingo-3-hf
instrument_id,5.0,0.0833478613446156,0.6337609653481074,by_layer,,nvidia_audio-flamingo-3-hf
instrument_id,6.0,0.0682652636120716,0.6337609653481074,by_layer,,nvidia_audio-flamingo-3-hf
instrument_id,7.0,0.1042859690884749,0.6337609653481074,by_layer,,nvidia_audio-flamingo-3-hf
instrument_id,8.0,0.0877092356483141,0.6337609653481074,by_layer,,nvidia_audio-flamingo-3-hf
instrument_id,9.0,0.1798013225197792,0.6337609653481074,by_layer,,nvidia_audio-flamingo-3-hf
instrument_id,10.0,0.0495041438067952,0.6337609653481074,by_layer,,nvidia_audio-flamingo-3-hf
instrument_id,11.0,0.0681556596731146,0.6337609653481074,by_layer,,nvidia_audio-flamingo-3-hf
instrument_id,12.0,0.067421154739956,0.6337609653481074,by_layer,,nvidia_audio-flamingo-3-hf
instrument_id,13.0,0.0709389438852667,0.6337609653481074,by_layer,,nvidia_audio-flamingo-3-hf
instrument_id,14.0,0.0736950046072403,0.6337609653481074,by_layer,,nvidia_audio-flamingo-3-hf
instrument_id,15.0,0.0614130981266498,0.6337609653481074,by_layer,,nvidia_audio-flamingo-3-hf
instrument_id,16.0,0.0295314330918093,0.6337609653481074,by_layer,,nvidia_audio-flamingo-3-hf
instrument_id,17.0,0.0433440494040648,0.6337609653481074,by_layer,,nvidia_audio-flamingo-3-hf
instrument_id,18.0,0.0679131876677274,0.6337609653481074,by_layer,,nvidia_audio-flamingo-3-hf
instrument_id,19.0,0.0649963313092788,0.6337609653481074,by_layer,,nvidia_audio-flamingo-3-hf
instrument_id,20.0,0.0713841803371906,0.6337609653481074,by_layer,,nvidia_audio-flamingo-3-hf
instrument_id,21.0,0.0775133057807882,0.6337609653481074,by_layer,,nvidia_audio-flamingo-3-hf
instrument_id,22.0,0.0814355056112011,0.6337609653481074,by_layer,,nvidia_audio-flamingo-3-hf
instrument_id,23.0,0.0696971180538336,0.6337609653481074,by_layer,,nvidia_audio-flamingo-3-hf
instrument_id,24.0,0.0568670614932974,0.6337609653481074,by_layer,,nvidia_audio-flamingo-3-hf
instrument_id,25.0,0.039615839254111,0.6337609653481074,by_layer,,nvidia_audio-flamingo-3-hf
instrument_id,26.0,0.0679749908546606,0.6337609653481074,by_layer,,nvidia_audio-flamingo-3-hf
instrument_id,27.0,0.0742351878434419,0.6337609653481074,by_layer,,nvidia_audio-flamingo-3-hf
interval_id,0.0,0.0956901808579762,0.6264839277548097,by_layer,,nvidia_audio-flamingo-3-hf
interval_id,1.0,0.1254250407218933,0.6264839277548097,by_layer,,nvidia_audio-flamingo-3-hf
interval_id,2.0,0.1846727083126703,0.6264839277548097,by_layer,,nvidia_audio-flamingo-3-hf
interval_id,3.0,0.1186961581309636,0.6264839277548097,by_layer,,nvidia_audio-flamingo-3-hf
interval_id,4.0,0.0686681835601727,0.6264839277548097,by_layer,,nvidia_audio-flamingo-3-hf
interval_id,5.0,0.0814997125416994,0.6264839277548097,by_layer,,nvidia_audio-flamingo-3-hf
interval_id,6.0,0.0612427499145269,0.6264839277548097,by_layer,,nvidia_audio-flamingo-3-hf
interval_id,7.0,0.1043313865860303,0.6264839277548097,by_layer,,nvidia_audio-flamingo-3-hf
interval_id,8.0,0.0908262946953376,0.6264839277548097,by_layer,,nvidia_audio-flamingo-3-hf
interval_id,9.0,0.1821476059655348,0.6264839277548097,by_layer,,nvidia_audio-flamingo-3-hf
interval_id,10.0,0.0548324882984161,0.6264839277548097,by_layer,,nvidia_audio-flamingo-3-hf
interval_id,11.0,0.0752514358609914,0.6264839277548097,by_layer,,nvidia_audio-flamingo-3-hf
interval_id,12.0,0.0713471034541726,0.6264839277548097,by_layer,,nvidia_audio-flamingo-3-hf
interval_id,13.0,0.0682889477660258,0.6264839277548097,by_layer,,nvidia_audio-flamingo-3-hf
interval_id,14.0,0.0484357847211261,0.6264839277548097,by_layer,,nvidia_audio-flamingo-3-hf
interval_id,15.0,0.039184326150765,0.6264839277548097,by_layer,,nvidia_audio-flamingo-3-hf
interval_id,16.0,0.0165380305455376,0.6264839277548097,by_layer,,nvidia_audio-flamingo-3-hf
interval_id,17.0,0.0280041449392835,0.6264839277548097,by_layer,,nvidia_audio-flamingo-3-hf
interval_id,18.0,0.0409826307247082,0.6264839277548097,by_layer,,nvidia_audio-flamingo-3-hf
interval_id,19.0,0.0408014999702572,0.6264839277548097,by_layer,,nvidia_audio-flamingo-3-hf
interval_id,20.0,0.0333368773572146,0.6264839277548097,by_layer,,nvidia_audio-flamingo-3-hf
interval_id,21.0,0.0509779979474842,0.6264839277548097,by_layer,,nvidia_audio-flamingo-3-hf
interval_id,22.0,0.0545508867750565,0.6264839277548097,by_layer,,nvidia_audio-flamingo-3-hf
interval_id,23.0,0.0474143925433357,0.6264839277548097,by_layer,,nvidia_audio-flamingo-3-hf
interval_id,24.0,0.0406206677046914,0.6264839277548097,by_layer,,nvidia_audio-flamingo-3-hf
interval_id,25.0,0.0251277708448469,0.6264839277548097,by_layer,,nvidia_audio-flamingo-3-hf
interval_id,26.0,0.0370081304572522,0.6264839277548097,by_layer,,nvidia_audio-flamingo-3-hf
interval_id,27.0,0.0447961234798034,0.6264839277548097,by_layer,,nvidia_audio-flamingo-3-hf
key_id,0.0,0.1136129666119813,0.7238883955388307,by_layer,,nvidia_audio-flamingo-3-hf
key_id,1.0,0.1516462732106447,0.7238883955388307,by_layer,,nvidia_audio-flamingo-3-hf
key_id,2.0,0.2027757180233796,0.7238883955388307,by_layer,,nvidia_audio-flamingo-3-hf
key_id,3.0,0.1278720802317063,0.7238883955388307,by_layer,,nvidia_audio-flamingo-3-hf
key_id,4.0,0.0713894910489519,0.7238883955388307,by_layer,,nvidia_audio-flamingo-3-hf
key_id,5.0,0.0816820912684003,0.7238883955388307,by_layer,,nvidia_audio-flamingo-3-hf
key_id,6.0,0.0689520534748832,0.7238883955388307,by_layer,,nvidia_audio-flamingo-3-hf
key_id,7.0,0.1073108421017726,0.7238883955388307,by_layer,,nvidia_audio-flamingo-3-hf
key_id,8.0,0.1021988069017728,0.7238883955388307,by_layer,,nvidia_audio-flamingo-3-hf
key_id,9.0,0.1774230152368545,0.7238883955388307,by_layer,,nvidia_audio-flamingo-3-hf
key_id,10.0,0.0615905513986945,0.7238883955388307,by_layer,,nvidia_audio-flamingo-3-hf
key_id,11.0,0.0865835417062044,0.7238883955388307,by_layer,,nvidia_audio-flamingo-3-hf
key_id,12.0,0.0874607072522242,0.7238883955388307,by_layer,,nvidia_audio-flamingo-3-hf
key_id,13.0,0.0791252615551153,0.7238883955388307,by_layer,,nvidia_audio-flamingo-3-hf
key_id,14.0,0.066823440293471,0.7238883955388307,by_layer,,nvidia_audio-flamingo-3-hf
key_id,15.0,0.0541524343813459,0.7238883955388307,by_layer,,nvidia_audio-flamingo-3-hf
key_id,16.0,0.0270125401827196,0.7238883955388307,by_layer,,nvidia_audio-flamingo-3-hf
key_id,17.0,0.0443039416956404,0.7238883955388307,by_layer,,nvidia_audio-flamingo-3-hf
key_id,18.0,0.0712898566077153,0.7238883955388307,by_layer,,nvidia_audio-flamingo-3-hf
key_id,19.0,0.085687329682211,0.7238883955388307,by_layer,,nvidia_audio-flamingo-3-hf
key_id,20.0,0.0607808795757591,0.7238883955388307,by_layer,,nvidia_audio-flamingo-3-hf
key_id,21.0,0.091575611072282,0.7238883955388307,by_layer,,nvidia_audio-flamingo-3-hf
key_id,22.0,0.0787630043923854,0.7238883955388307,by_layer,,nvidia_audio-flamingo-3-hf
key_id,23.0,0.0662207935626308,0.7238883955388307,by_layer,,nvidia_audio-flamingo-3-hf
key_id,24.0,0.043889128913482,0.7238883955388307,by_layer,,nvidia_audio-flamingo-3-hf
key_id,25.0,0.0321147899764279,0.7238883955388307,by_layer,,nvidia_audio-flamingo-3-hf
key_id,26.0,0.0478182702014843,0.7238883955388307,by_layer,,nvidia_audio-flamingo-3-hf
key_id,27.0,0.0617678510025143,0.7238883955388307,by_layer,,nvidia_audio-flamingo-3-hf
mode_id,0.0,0.1141485733290513,0.7405907006861604,by_layer,,nvidia_audio-flamingo-3-hf
mode_id,1.0,0.1563729519645373,0.7405907006861604,by_layer,,nvidia_audio-flamingo-3-hf
mode_id,2.0,0.2179639662305514,0.7405907006861604,by_layer,,nvidia_audio-flamingo-3-hf
mode_id,3.0,0.1299108248203992,0.7405907006861604,by_layer,,nvidia_audio-flamingo-3-hf
mode_id,4.0,0.0697575910016894,0.7405907006861604,by_layer,,nvidia_audio-flamingo-3-hf
mode_id,5.0,0.0815679179504513,0.7405907006861604,by_layer,,nvidia_audio-flamingo-3-hf
mode_id,6.0,0.0675996746867895,0.7405907006861604,by_layer,,nvidia_audio-flamingo-3-hf
mode_id,7.0,0.1134934568156798,0.7405907006861604,by_layer,,nvidia_audio-flamingo-3-hf
mode_id,8.0,0.1041741302857796,0.7405907006861604,by_layer,,nvidia_audio-flamingo-3-hf
mode_id,9.0,0.1750051180521647,0.7405907006861604,by_layer,,nvidia_audio-flamingo-3-hf
mode_id,10.0,0.062864424350361,0.7405907006861604,by_layer,,nvidia_audio-flamingo-3-hf
mode_id,11.0,0.0930992979556322,0.7405907006861604,by_layer,,nvidia_audio-flamingo-3-hf
mode_id,12.0,0.1000924504672487,0.7405907006861604,by_layer,,nvidia_audio-flamingo-3-hf
mode_id,13.0,0.0884121513615052,0.7405907006861604,by_layer,,nvidia_audio-flamingo-3-hf
mode_id,14.0,0.0747697812815507,0.7405907006861604,by_layer,,nvidia_audio-flamingo-3-hf
mode_id,15.0,0.0589446009447177,0.7405907006861604,by_layer,,nvidia_audio-flamingo-3-hf
mode_id,16.0,0.0324303301361699,0.7405907006861604,by_layer,,nvidia_audio-flamingo-3-hf
mode_id,17.0,0.0454838660856088,0.7405907006861604,by_layer,,nvidia_audio-flamingo-3-hf
mode_id,18.0,0.0709120016545057,0.7405907006861604,by_layer,,nvidia_audio-flamingo-3-hf
mode_id,19.0,0.0727430737266938,0.7405907006861604,by_layer,,nvidia_audio-flamingo-3-hf
mode_id,20.0,0.0546216312795877,0.7405907006861604,by_layer,,nvidia_audio-flamingo-3-hf
mode_id,21.0,0.0798512914528449,0.7405907006861604,by_layer,,nvidia_audio-flamingo-3-hf
mode_id,22.0,0.0733438124880194,0.7405907006861604,by_layer,,nvidia_audio-flamingo-3-hf
mode_id,23.0,0.0586678879335522,0.7405907006861604,by_layer,,nvidia_audio-flamingo-3-hf
mode_id,24.0,0.0460478247453769,0.7405907006861604,by_layer,,nvidia_audio-flamingo-3-hf
mode_id,25.0,0.0345173049718141,0.7405907006861604,by_layer,,nvidia_audio-flamingo-3-hf
mode_id,26.0,0.0474669745502372,0.7405907006861604,by_layer,,nvidia_audio-flamingo-3-hf
mode_id,27.0,0.0583926088487108,0.7405907006861604,by_layer,,nvidia_audio-flamingo-3-hf
note_count,0.0,0.0866255636016527,0.632509323344773,by_layer,,nvidia_audio-flamingo-3-hf
note_count,1.0,0.1250511532028516,0.632509323344773,by_layer,,nvidia_audio-flamingo-3-hf
note_count,2.0,0.1908353505035241,0.632509323344773,by_layer,,nvidia_audio-flamingo-3-hf
note_count,3.0,0.1209239189823468,0.632509323344773,by_layer,,nvidia_audio-flamingo-3-hf
note_count,4.0,0.0661300641174117,0.632509323344773,by_layer,,nvidia_audio-flamingo-3-hf
note_count,5.0,0.0749605571230252,0.632509323344773,by_layer,,nvidia_audio-flamingo-3-hf
note_count,6.0,0.0601924288397034,0.632509323344773,by_layer,,nvidia_audio-flamingo-3-hf
note_count,7.0,0.0986751466989517,0.632509323344773,by_layer,,nvidia_audio-flamingo-3-hf
note_count,8.0,0.0844191641857226,0.632509323344773,by_layer,,nvidia_audio-flamingo-3-hf
note_count,9.0,0.1720292543371518,0.632509323344773,by_layer,,nvidia_audio-flamingo-3-hf
note_count,10.0,0.0484064708774288,0.632509323344773,by_layer,,nvidia_audio-flamingo-3-hf
note_count,11.0,0.0692969240869085,0.632509323344773,by_layer,,nvidia_audio-flamingo-3-hf
note_count,12.0,0.06479555927217,0.632509323344773,by_layer,,nvidia_audio-flamingo-3-hf
note_count,13.0,0.0562685672193765,0.632509323344773,by_layer,,nvidia_audio-flamingo-3-hf
note_count,14.0,0.0484124909465511,0.632509323344773,by_layer,,nvidia_audio-flamingo-3-hf
note_count,15.0,0.0372942543278137,0.632509323344773,by_layer,,nvidia_audio-flamingo-3-hf
note_count,16.0,0.0112113551391909,0.632509323344773,by_layer,,nvidia_audio-flamingo-3-hf
note_count,17.0,0.0233795413126548,0.632509323344773,by_layer,,nvidia_audio-flamingo-3-hf
note_count,18.0,0.0385398250073194,0.632509323344773,by_layer,,nvidia_audio-flamingo-3-hf
note_count,19.0,0.0501971050786475,0.632509323344773,by_layer,,nvidia_audio-flamingo-3-hf
note_count,20.0,0.0298651759512722,0.632509323344773,by_layer,,nvidia_audio-flamingo-3-hf
note_count,21.0,0.043446619529277,0.632509323344773,by_layer,,nvidia_audio-flamingo-3-hf
note_count,22.0,0.0668631664787729,0.632509323344773,by_layer,,nvidia_audio-flamingo-3-hf
note_count,23.0,0.0444026192029317,0.632509323344773,by_layer,,nvidia_audio-flamingo-3-hf
note_count,24.0,0.0395235051400959,0.632509323344773,by_layer,,nvidia_audio-flamingo-3-hf
note_count,25.0,0.02661571232602,0.632509323344773,by_layer,,nvidia_audio-flamingo-3-hf
note_count,26.0,0.0375991597150762,0.632509323344773,by_layer,,nvidia_audio-flamingo-3-hf
note_count,27.0,0.0507319394188622,0.632509323344773,by_layer,,nvidia_audio-flamingo-3-hf
octave_id,0.0,0.0842289415498574,0.5884513042415099,by_layer,,nvidia_audio-flamingo-3-hf
octave_id,1.0,0.1265246234834194,0.5884513042415099,by_layer,,nvidia_audio-flamingo-3-hf
octave_id,2.0,0.2212888052066167,0.5884513042415099,by_layer,,nvidia_audio-flamingo-3-hf
octave_id,3.0,0.1245410976310571,0.5884513042415099,by_layer,,nvidia_audio-flamingo-3-hf
octave_id,4.0,0.075110669247806,0.5884513042415099,by_layer,,nvidia_audio-flamingo-3-hf
octave_id,5.0,0.0814063238600889,0.5884513042415099,by_layer,,nvidia_audio-flamingo-3-hf
octave_id,6.0,0.0658524741108218,0.5884513042415099,by_layer,,nvidia_audio-flamingo-3-hf
octave_id,7.0,0.1098364715774854,0.5884513042415099,by_layer,,nvidia_audio-flamingo-3-hf
octave_id,8.0,0.0875992470731337,0.5884513042415099,by_layer,,nvidia_audio-flamingo-3-hf
octave_id,9.0,0.1846267109115918,0.5884513042415099,by_layer,,nvidia_audio-flamingo-3-hf
octave_id,10.0,0.0560779053096969,0.5884513042415099,by_layer,,nvidia_audio-flamingo-3-hf
octave_id,11.0,0.0756934812913338,0.5884513042415099,by_layer,,nvidia_audio-flamingo-3-hf
octave_id,12.0,0.0737776610379417,0.5884513042415099,by_layer,,nvidia_audio-flamingo-3-hf
octave_id,13.0,0.0607425042738517,0.5884513042415099,by_layer,,nvidia_audio-flamingo-3-hf
octave_id,14.0,0.0445577697828412,0.5884513042415099,by_layer,,nvidia_audio-flamingo-3-hf
octave_id,15.0,0.0373411327600479,0.5884513042415099,by_layer,,nvidia_audio-flamingo-3-hf
octave_id,16.0,0.0132965146719167,0.5884513042415099,by_layer,,nvidia_audio-flamingo-3-hf
octave_id,17.0,0.0234883022494614,0.5884513042415099,by_layer,,nvidia_audio-flamingo-3-hf
octave_id,18.0,0.0423097321763634,0.5884513042415099,by_layer,,nvidia_audio-flamingo-3-hf
octave_id,19.0,0.0494498419575393,0.5884513042415099,by_layer,,nvidia_audio-flamingo-3-hf
octave_id,20.0,0.0365755138918757,0.5884513042415099,by_layer,,nvidia_audio-flamingo-3-hf
octave_id,21.0,0.0468556623285015,0.5884513042415099,by_layer,,nvidia_audio-flamingo-3-hf
octave_id,22.0,0.0647081524754564,0.5884513042415099,by_layer,,nvidia_audio-flamingo-3-hf
octave_id,23.0,0.0443123731141289,0.5884513042415099,by_layer,,nvidia_audio-flamingo-3-hf
octave_id,24.0,0.0397399996096889,0.5884513042415099,by_layer,,nvidia_audio-flamingo-3-hf
octave_id,25.0,0.025004971306771,0.5884513042415099,by_layer,,nvidia_audio-flamingo-3-hf
octave_id,26.0,0.0419601056103905,0.5884513042415099,by_layer,,nvidia_audio-flamingo-3-hf
octave_id,27.0,0.0494078371363381,0.5884513042415099,by_layer,,nvidia_audio-flamingo-3-hf
pitch_note_id,0.0,0.0951383697489897,0.6140306424142293,by_layer,,nvidia_audio-flamingo-3-hf
pitch_note_id,1.0,0.1339591772605975,0.6140306424142293,by_layer,,nvidia_audio-flamingo-3-hf
pitch_note_id,2.0,0.2264992917577425,0.6140306424142293,by_layer,,nvidia_audio-flamingo-3-hf
pitch_note_id,3.0,0.1364599137256542,0.6140306424142293,by_layer,,nvidia_audio-flamingo-3-hf
pitch_note_id,4.0,0.0841994816437363,0.6140306424142293,by_layer,,nvidia_audio-flamingo-3-hf
pitch_note_id,5.0,0.0916171222925186,0.6140306424142293,by_layer,,nvidia_audio-flamingo-3-hf
pitch_note_id,6.0,0.0726814273123939,0.6140306424142293,by_layer,,nvidia_audio-flamingo-3-hf
pitch_note_id,7.0,0.1099956209460894,0.6140306424142293,by_layer,,nvidia_audio-flamingo-3-hf
pitch_note_id,8.0,0.0822901794066031,0.6140306424142293,by_layer,,nvidia_audio-flamingo-3-hf
pitch_note_id,9.0,0.1820615977048874,0.6140306424142293,by_layer,,nvidia_audio-flamingo-3-hf
pitch_note_id,10.0,0.0552079711730281,0.6140306424142293,by_layer,,nvidia_audio-flamingo-3-hf
pitch_note_id,11.0,0.0728434681271513,0.6140306424142293,by_layer,,nvidia_audio-flamingo-3-hf
pitch_note_id,12.0,0.0727993873879313,0.6140306424142293,by_layer,,nvidia_audio-flamingo-3-hf
pitch_note_id,13.0,0.0998990486065546,0.6140306424142293,by_layer,,nvidia_audio-flamingo-3-hf
pitch_note_id,14.0,0.0859012765189011,0.6140306424142293,by_layer,,nvidia_audio-flamingo-3-hf
pitch_note_id,15.0,0.0547900289917985,0.6140306424142293,by_layer,,nvidia_audio-flamingo-3-hf
pitch_note_id,16.0,0.0291620084705452,0.6140306424142293,by_layer,,nvidia_audio-flamingo-3-hf
pitch_note_id,17.0,0.0346937755433221,0.6140306424142293,by_layer,,nvidia_audio-flamingo-3-hf
pitch_note_id,18.0,0.0478443332637349,0.6140306424142293,by_layer,,nvidia_audio-flamingo-3-hf
pitch_note_id,19.0,0.064249409828335,0.6140306424142293,by_layer,,nvidia_audio-flamingo-3-hf
pitch_note_id,20.0,0.0524645733336607,0.6140306424142293,by_layer,,nvidia_audio-flamingo-3-hf
pitch_note_id,21.0,0.0710353304942448,0.6140306424142293,by_layer,,nvidia_audio-flamingo-3-hf
pitch_note_id,22.0,0.0784531260530154,0.6140306424142293,by_layer,,nvidia_audio-flamingo-3-hf
pitch_note_id,23.0,0.0583248422481119,0.6140306424142293,by_layer,,nvidia_audio-flamingo-3-hf
pitch_note_id,24.0,0.0483666268798212,0.6140306424142293,by_layer,,nvidia_audio-flamingo-3-hf
pitch_note_id,25.0,0.0327959701729317,0.6140306424142293,by_layer,,nvidia_audio-flamingo-3-hf
pitch_note_id,26.0,0.05453092403089,0.6140306424142293,by_layer,,nvidia_audio-flamingo-3-hf
pitch_note_id,27.0,0.06639358215034,0.6140306424142293,by_layer,,nvidia_audio-flamingo-3-hf
progression_id,0.0,0.1139484954377015,0.7269022289318131,by_layer,,nvidia_audio-flamingo-3-hf
progression_id,1.0,0.1527875270694494,0.7269022289318131,by_layer,,nvidia_audio-flamingo-3-hf
progression_id,2.0,0.2237916340430577,0.7269022289318131,by_layer,,nvidia_audio-flamingo-3-hf
progression_id,3.0,0.1378520677487055,0.7269022289318131,by_layer,,nvidia_audio-flamingo-3-hf
progression_id,4.0,0.0733338100835681,0.7269022289318131,by_layer,,nvidia_audio-flamingo-3-hf
progression_id,5.0,0.0817792732268571,0.7269022289318131,by_layer,,nvidia_audio-flamingo-3-hf
progression_id,6.0,0.0666755860050519,0.7269022289318131,by_layer,,nvidia_audio-flamingo-3-hf
progression_id,7.0,0.1104395495106776,0.7269022289318131,by_layer,,nvidia_audio-flamingo-3-hf
progression_id,8.0,0.0854386171946923,0.7269022289318131,by_layer,,nvidia_audio-flamingo-3-hf
progression_id,9.0,0.1569878607988357,0.7269022289318131,by_layer,,nvidia_audio-flamingo-3-hf
progression_id,10.0,0.0597603619098663,0.7269022289318131,by_layer,,nvidia_audio-flamingo-3-hf
progression_id,11.0,0.091521314655741,0.7269022289318131,by_layer,,nvidia_audio-flamingo-3-hf
progression_id,12.0,0.0873621326560775,0.7269022289318131,by_layer,,nvidia_audio-flamingo-3-hf
progression_id,13.0,0.0802528243511915,0.7269022289318131,by_layer,,nvidia_audio-flamingo-3-hf
progression_id,14.0,0.067150136300673,0.7269022289318131,by_layer,,nvidia_audio-flamingo-3-hf
progression_id,15.0,0.0527559736122687,0.7269022289318131,by_layer,,nvidia_audio-flamingo-3-hf
progression_id,16.0,0.0268431008638193,0.7269022289318131,by_layer,,nvidia_audio-flamingo-3-hf
progression_id,17.0,0.0411206098894278,0.7269022289318131,by_layer,,nvidia_audio-flamingo-3-hf
progression_id,18.0,0.0856436574831605,0.7269022289318131,by_layer,,nvidia_audio-flamingo-3-hf
progression_id,19.0,0.0943953674286603,0.7269022289318131,by_layer,,nvidia_audio-flamingo-3-hf
progression_id,20.0,0.0756128666301568,0.7269022289318131,by_layer,,nvidia_audio-flamingo-3-hf
progression_id,21.0,0.1020643251637617,0.7269022289318131,by_layer,,nvidia_audio-flamingo-3-hf
progression_id,22.0,0.1036669767151276,0.7269022289318131,by_layer,,nvidia_audio-flamingo-3-hf
progression_id,23.0,0.08640901496013,0.7269022289318131,by_layer,,nvidia_audio-flamingo-3-hf
progression_id,24.0,0.066000133442382,0.7269022289318131,by_layer,,nvidia_audio-flamingo-3-hf
progression_id,25.0,0.0475031421519815,0.7269022289318131,by_layer,,nvidia_audio-flamingo-3-hf
progression_id,26.0,0.074273897955815,0.7269022289318131,by_layer,,nvidia_audio-flamingo-3-hf
progression_id,27.0,0.0940650673583149,0.7269022289318131,by_layer,,nvidia_audio-flamingo-3-hf
beats_per_bar,,0.0832443566039382,0.7931650824197748,by_step,0.0,nvidia_audio-flamingo-3-hf
beats_per_bar,,0.0694472703672502,0.7911536944722479,by_step,1.0,nvidia_audio-flamingo-3-hf
chord_quality,,0.084906095694307,0.6667913662365034,by_step,0.0,nvidia_audio-flamingo-3-hf
chord_quality,,0.0816772209169964,0.6637788191265594,by_step,1.0,nvidia_audio-flamingo-3-hf
instrument_id,,0.0880271840197522,0.6354638129464399,by_step,0.0,nvidia_audio-flamingo-3-hf
instrument_id,,0.0762521812714459,0.6320581177497752,by_step,1.0,nvidia_audio-flamingo-3-hf
interval_id,,0.0719061300180675,0.6280496718632732,by_step,0.0,nvidia_audio-flamingo-3-hf
interval_id,,0.0660009600410592,0.6249181836463459,by_step,1.0,nvidia_audio-flamingo-3-hf
key_id,,0.0893195393340041,0.7251916841151618,by_step,0.0,nvidia_audio-flamingo-3-hf
key_id,,0.0786678372061855,0.7225851069624993,by_step,1.0,nvidia_audio-flamingo-3-hf
mode_id,,0.0913266430254138,0.7418531457600597,by_step,0.0,nvidia_audio-flamingo-3-hf
mode_id,,0.078863036929674,0.7393282556122611,by_step,1.0,nvidia_audio-flamingo-3-hf
note_count,,0.0712429636457402,0.6340666595692365,by_step,0.0,nvidia_audio-flamingo-3-hf
note_count,,0.0620922215415963,0.6309519871203094,by_step,1.0,nvidia_audio-flamingo-3-hf
octave_id,,0.0758553065936125,0.5899193792322899,by_step,0.0,nvidia_audio-flamingo-3-hf
octave_id,,0.0660243238089606,0.5869832292507301,by_step,1.0,nvidia_audio-flamingo-3-hf
pitch_note_id,,0.0828708971495784,0.6156289565788177,by_step,0.0,nvidia_audio-flamingo-3-hf
pitch_note_id,,0.0810332360699595,0.6124323282496411,by_step,1.0,nvidia_audio-flamingo-3-hf
progression_id,,0.0964174358551168,0.7280908430183666,by_step,0.0,nvidia_audio-flamingo-3-hf
progression_id,,0.0849708016196798,0.7257136148452596,by_step,1.0,nvidia_audio-flamingo-3-hf
beats_per_bar,0.0,0.1217803830901781,0.6613884782356622,by_layer,,nvidia_music-flamingo-2601-hf
beats_per_bar,1.0,0.1014607362449169,0.6613884782356622,by_layer,,nvidia_music-flamingo-2601-hf
beats_per_bar,2.0,0.1229226061453421,0.6613884782356622,by_layer,,nvidia_music-flamingo-2601-hf
beats_per_bar,3.0,0.1100031305104494,0.6613884782356622,by_layer,,nvidia_music-flamingo-2601-hf
beats_per_bar,4.0,0.0616902587935328,0.6613884782356622,by_layer,,nvidia_music-flamingo-2601-hf
beats_per_bar,5.0,0.0738286109020312,0.6613884782356622,by_layer,,nvidia_music-flamingo-2601-hf
beats_per_bar,6.0,0.0575426118448376,0.6613884782356622,by_layer,,nvidia_music-flamingo-2601-hf
beats_per_bar,7.0,0.1125904958074291,0.6613884782356622,by_layer,,nvidia_music-flamingo-2601-hf
beats_per_bar,8.0,0.0807159493366877,0.6613884782356622,by_layer,,nvidia_music-flamingo-2601-hf
beats_per_bar,9.0,0.1397883823762337,0.6613884782356622,by_layer,,nvidia_music-flamingo-2601-hf
beats_per_bar,10.0,0.0426615794810156,0.6613884782356622,by_layer,,nvidia_music-flamingo-2601-hf
beats_per_bar,11.0,0.0604545517514149,0.6613884782356622,by_layer,,nvidia_music-flamingo-2601-hf
beats_per_bar,12.0,0.0631946533297499,0.6613884782356622,by_layer,,nvidia_music-flamingo-2601-hf
beats_per_bar,13.0,0.0675873967508475,0.6613884782356622,by_layer,,nvidia_music-flamingo-2601-hf
beats_per_bar,14.0,0.0962120620533824,0.6613884782356622,by_layer,,nvidia_music-flamingo-2601-hf
beats_per_bar,15.0,0.0558728318040569,0.6613884782356622,by_layer,,nvidia_music-flamingo-2601-hf
beats_per_bar,16.0,0.0623542638495564,0.6613884782356622,by_layer,,nvidia_music-flamingo-2601-hf
beats_per_bar,17.0,0.0717886133740345,0.6613884782356622,by_layer,,nvidia_music-flamingo-2601-hf
beats_per_bar,18.0,0.0837511631349722,0.6613884782356622,by_layer,,nvidia_music-flamingo-2601-hf
beats_per_bar,19.0,0.0834410988415281,0.6613884782356622,by_layer,,nvidia_music-flamingo-2601-hf
beats_per_bar,20.0,0.0653872704133391,0.6613884782356622,by_layer,,nvidia_music-flamingo-2601-hf
beats_per_bar,21.0,0.0826415636887153,0.6613884782356622,by_layer,,nvidia_music-flamingo-2601-hf
beats_per_bar,22.0,0.0720702651888132,0.6613884782356622,by_layer,,nvidia_music-flamingo-2601-hf
beats_per_bar,23.0,0.0601727139825622,0.6613884782356622,by_layer,,nvidia_music-flamingo-2601-hf
beats_per_bar,24.0,0.0418068108459313,0.6613884782356622,by_layer,,nvidia_music-flamingo-2601-hf
beats_per_bar,25.0,0.0264465537232657,0.6613884782356622,by_layer,,nvidia_music-flamingo-2601-hf
beats_per_bar,26.0,0.0325526751888295,0.6613884782356622,by_layer,,nvidia_music-flamingo-2601-hf
beats_per_bar,27.0,0.0504466847827037,0.6613884782356622,by_layer,,nvidia_music-flamingo-2601-hf
chord_quality,0.0,0.0945836566388607,0.4917329894550799,by_layer,,nvidia_music-flamingo-2601-hf
chord_quality,1.0,0.0852583013474941,0.4917329894550799,by_layer,,nvidia_music-flamingo-2601-hf
chord_quality,2.0,0.1356510625531276,0.4917329894550799,by_layer,,nvidia_music-flamingo-2601-hf
chord_quality,3.0,0.1214126124978065,0.4917329894550799,by_layer,,nvidia_music-flamingo-2601-hf
chord_quality,4.0,0.0700234497586886,0.4917329894550799,by_layer,,nvidia_music-flamingo-2601-hf
chord_quality,5.0,0.0905177115152279,0.4917329894550799,by_layer,,nvidia_music-flamingo-2601-hf
chord_quality,6.0,0.0684787112598617,0.4917329894550799,by_layer,,nvidia_music-flamingo-2601-hf
chord_quality,7.0,0.1205355317021409,0.4917329894550799,by_layer,,nvidia_music-flamingo-2601-hf
chord_quality,8.0,0.0922223655506968,0.4917329894550799,by_layer,,nvidia_music-flamingo-2601-hf
chord_quality,9.0,0.153355261310935,0.4917329894550799,by_layer,,nvidia_music-flamingo-2601-hf
chord_quality,10.0,0.0511425826698541,0.4917329894550799,by_layer,,nvidia_music-flamingo-2601-hf
chord_quality,11.0,0.0781895210966467,0.4917329894550799,by_layer,,nvidia_music-flamingo-2601-hf
chord_quality,12.0,0.0793680123363931,0.4917329894550799,by_layer,,nvidia_music-flamingo-2601-hf
chord_quality,13.0,0.0866982315977414,0.4917329894550799,by_layer,,nvidia_music-flamingo-2601-hf
chord_quality,14.0,0.1232584776977698,0.4917329894550799,by_layer,,nvidia_music-flamingo-2601-hf
chord_quality,15.0,0.0682783021281163,0.4917329894550799,by_layer,,nvidia_music-flamingo-2601-hf
chord_quality,16.0,0.0850117588415741,0.4917329894550799,by_layer,,nvidia_music-flamingo-2601-hf
chord_quality,17.0,0.0995712097113331,0.4917329894550799,by_layer,,nvidia_music-flamingo-2601-hf
chord_quality,18.0,0.106389547077318,0.4917329894550799,by_layer,,nvidia_music-flamingo-2601-hf
chord_quality,19.0,0.1081398980071147,0.4917329894550799,by_layer,,nvidia_music-flamingo-2601-hf
chord_quality,20.0,0.0801585102453827,0.4917329894550799,by_layer,,nvidia_music-flamingo-2601-hf
chord_quality,21.0,0.1113088938097159,0.4917329894550799,by_layer,,nvidia_music-flamingo-2601-hf
chord_quality,22.0,0.093573959544301,0.4917329894550799,by_layer,,nvidia_music-flamingo-2601-hf
chord_quality,23.0,0.0834596694136659,0.4917329894550799,by_layer,,nvidia_music-flamingo-2601-hf
chord_quality,24.0,0.0576475871105988,0.4917329894550799,by_layer,,nvidia_music-flamingo-2601-hf
chord_quality,25.0,0.0398888662457466,0.4917329894550799,by_layer,,nvidia_music-flamingo-2601-hf
chord_quality,26.0,0.0570330418025453,0.4917329894550799,by_layer,,nvidia_music-flamingo-2601-hf
chord_quality,27.0,0.0789988255128264,0.4917329894550799,by_layer,,nvidia_music-flamingo-2601-hf
instrument_id,0.0,0.0891885428378979,0.446596177895635,by_layer,,nvidia_music-flamingo-2601-hf
instrument_id,1.0,0.0778913361330827,0.446596177895635,by_layer,,nvidia_music-flamingo-2601-hf
instrument_id,2.0,0.1121523417532444,0.446596177895635,by_layer,,nvidia_music-flamingo-2601-hf
instrument_id,3.0,0.1010323235144217,0.446596177895635,by_layer,,nvidia_music-flamingo-2601-hf
instrument_id,4.0,0.0714791510254144,0.446596177895635,by_layer,,nvidia_music-flamingo-2601-hf
instrument_id,5.0,0.0827237845708926,0.446596177895635,by_layer,,nvidia_music-flamingo-2601-hf
instrument_id,6.0,0.0601789271458983,0.446596177895635,by_layer,,nvidia_music-flamingo-2601-hf
instrument_id,7.0,0.1034288207689921,0.446596177895635,by_layer,,nvidia_music-flamingo-2601-hf
instrument_id,8.0,0.0774313605700929,0.446596177895635,by_layer,,nvidia_music-flamingo-2601-hf
instrument_id,9.0,0.1274750834951798,0.446596177895635,by_layer,,nvidia_music-flamingo-2601-hf
instrument_id,10.0,0.0471573757628599,0.446596177895635,by_layer,,nvidia_music-flamingo-2601-hf
instrument_id,11.0,0.0639367327094078,0.446596177895635,by_layer,,nvidia_music-flamingo-2601-hf
instrument_id,12.0,0.0618835243706901,0.446596177895635,by_layer,,nvidia_music-flamingo-2601-hf
instrument_id,13.0,0.0719416976595918,0.446596177895635,by_layer,,nvidia_music-flamingo-2601-hf
instrument_id,14.0,0.1333704885716239,0.446596177895635,by_layer,,nvidia_music-flamingo-2601-hf
instrument_id,15.0,0.0652668988332152,0.446596177895635,by_layer,,nvidia_music-flamingo-2601-hf
instrument_id,16.0,0.089659700791041,0.446596177895635,by_layer,,nvidia_music-flamingo-2601-hf
instrument_id,17.0,0.0894844246407349,0.446596177895635,by_layer,,nvidia_music-flamingo-2601-hf
instrument_id,18.0,0.0936945552627245,0.446596177895635,by_layer,,nvidia_music-flamingo-2601-hf
instrument_id,19.0,0.1039458243176341,0.446596177895635,by_layer,,nvidia_music-flamingo-2601-hf
instrument_id,20.0,0.1057476783171296,0.446596177895635,by_layer,,nvidia_music-flamingo-2601-hf
instrument_id,21.0,0.1172466687858104,0.446596177895635,by_layer,,nvidia_music-flamingo-2601-hf
instrument_id,22.0,0.0897698421031236,0.446596177895635,by_layer,,nvidia_music-flamingo-2601-hf
instrument_id,23.0,0.0782035753751794,0.446596177895635,by_layer,,nvidia_music-flamingo-2601-hf
instrument_id,24.0,0.0504239732399582,0.446596177895635,by_layer,,nvidia_music-flamingo-2601-hf
instrument_id,25.0,0.0438995171959201,0.446596177895635,by_layer,,nvidia_music-flamingo-2601-hf
instrument_id,26.0,0.0709256126234928,0.446596177895635,by_layer,,nvidia_music-flamingo-2601-hf
instrument_id,27.0,0.115031282727917,0.446596177895635,by_layer,,nvidia_music-flamingo-2601-hf
interval_id,0.0,0.0868659236778815,0.4507902656423108,by_layer,,nvidia_music-flamingo-2601-hf
interval_id,1.0,0.0719678550958633,0.4507902656423108,by_layer,,nvidia_music-flamingo-2601-hf
interval_id,2.0,0.1100493812312682,0.4507902656423108,by_layer,,nvidia_music-flamingo-2601-hf
interval_id,3.0,0.1033027675002813,0.4507902656423108,by_layer,,nvidia_music-flamingo-2601-hf
interval_id,4.0,0.0672788405790925,0.4507902656423108,by_layer,,nvidia_music-flamingo-2601-hf
interval_id,5.0,0.0866979189837972,0.4507902656423108,by_layer,,nvidia_music-flamingo-2601-hf
interval_id,6.0,0.059813434878985,0.4507902656423108,by_layer,,nvidia_music-flamingo-2601-hf
interval_id,7.0,0.1142150821785132,0.4507902656423108,by_layer,,nvidia_music-flamingo-2601-hf
interval_id,8.0,0.0895828182498614,0.4507902656423108,by_layer,,nvidia_music-flamingo-2601-hf
interval_id,9.0,0.1420513124515613,0.4507902656423108,by_layer,,nvidia_music-flamingo-2601-hf
interval_id,10.0,0.0485903234221041,0.4507902656423108,by_layer,,nvidia_music-flamingo-2601-hf
interval_id,11.0,0.0741509335736433,0.4507902656423108,by_layer,,nvidia_music-flamingo-2601-hf
interval_id,12.0,0.0704711868117253,0.4507902656423108,by_layer,,nvidia_music-flamingo-2601-hf
interval_id,13.0,0.0762321784471472,0.4507902656423108,by_layer,,nvidia_music-flamingo-2601-hf
interval_id,14.0,0.1068646659453709,0.4507902656423108,by_layer,,nvidia_music-flamingo-2601-hf
interval_id,15.0,0.0497753551850716,0.4507902656423108,by_layer,,nvidia_music-flamingo-2601-hf
interval_id,16.0,0.059764794850101,0.4507902656423108,by_layer,,nvidia_music-flamingo-2601-hf
interval_id,17.0,0.0722313715765873,0.4507902656423108,by_layer,,nvidia_music-flamingo-2601-hf
interval_id,18.0,0.0701958611607551,0.4507902656423108,by_layer,,nvidia_music-flamingo-2601-hf
interval_id,19.0,0.0747784168149034,0.4507902656423108,by_layer,,nvidia_music-flamingo-2601-hf
interval_id,20.0,0.0616049055630962,0.4507902656423108,by_layer,,nvidia_music-flamingo-2601-hf
interval_id,21.0,0.0800147019326686,0.4507902656423108,by_layer,,nvidia_music-flamingo-2601-hf
interval_id,22.0,0.0630070709933837,0.4507902656423108,by_layer,,nvidia_music-flamingo-2601-hf
interval_id,23.0,0.0559157154833277,0.4507902656423108,by_layer,,nvidia_music-flamingo-2601-hf
interval_id,24.0,0.041842587913076,0.4507902656423108,by_layer,,nvidia_music-flamingo-2601-hf
interval_id,25.0,0.0288239976701637,0.4507902656423108,by_layer,,nvidia_music-flamingo-2601-hf
interval_id,26.0,0.0360947661101818,0.4507902656423108,by_layer,,nvidia_music-flamingo-2601-hf
interval_id,27.0,0.0524181136861443,0.4507902656423108,by_layer,,nvidia_music-flamingo-2601-hf
key_id,0.0,0.1027478991697232,0.5652621072446925,by_layer,,nvidia_music-flamingo-2601-hf
key_id,1.0,0.0971916131675243,0.5652621072446925,by_layer,,nvidia_music-flamingo-2601-hf
key_id,2.0,0.157631433258454,0.5652621072446925,by_layer,,nvidia_music-flamingo-2601-hf
key_id,3.0,0.1441909472147623,0.5652621072446925,by_layer,,nvidia_music-flamingo-2601-hf
key_id,4.0,0.0753886861105759,0.5652621072446925,by_layer,,nvidia_music-flamingo-2601-hf
key_id,5.0,0.0980542538066705,0.5652621072446925,by_layer,,nvidia_music-flamingo-2601-hf
key_id,6.0,0.0799493171895543,0.5652621072446925,by_layer,,nvidia_music-flamingo-2601-hf
key_id,7.0,0.1398647924264272,0.5652621072446925,by_layer,,nvidia_music-flamingo-2601-hf
key_id,8.0,0.0884544607251882,0.5652621072446925,by_layer,,nvidia_music-flamingo-2601-hf
key_id,9.0,0.158680785447359,0.5652621072446925,by_layer,,nvidia_music-flamingo-2601-hf
key_id,10.0,0.0517304105063279,0.5652621072446925,by_layer,,nvidia_music-flamingo-2601-hf
key_id,11.0,0.0841626559073726,0.5652621072446925,by_layer,,nvidia_music-flamingo-2601-hf
key_id,12.0,0.0773289455100894,0.5652621072446925,by_layer,,nvidia_music-flamingo-2601-hf
key_id,13.0,0.0786418002098798,0.5652621072446925,by_layer,,nvidia_music-flamingo-2601-hf
key_id,14.0,0.1156614956756432,0.5652621072446925,by_layer,,nvidia_music-flamingo-2601-hf
key_id,15.0,0.0680440881599982,0.5652621072446925,by_layer,,nvidia_music-flamingo-2601-hf
key_id,16.0,0.0813462004686395,0.5652621072446925,by_layer,,nvidia_music-flamingo-2601-hf
key_id,17.0,0.086854426190257,0.5652621072446925,by_layer,,nvidia_music-flamingo-2601-hf
key_id,18.0,0.0838230326771736,0.5652621072446925,by_layer,,nvidia_music-flamingo-2601-hf
key_id,19.0,0.0983601445332169,0.5652621072446925,by_layer,,nvidia_music-flamingo-2601-hf
key_id,20.0,0.0778261159236232,0.5652621072446925,by_layer,,nvidia_music-flamingo-2601-hf
key_id,21.0,0.1053984630852937,0.5652621072446925,by_layer,,nvidia_music-flamingo-2601-hf
key_id,22.0,0.0881195819626251,0.5652621072446925,by_layer,,nvidia_music-flamingo-2601-hf
key_id,23.0,0.0875865506629149,0.5652621072446925,by_layer,,nvidia_music-flamingo-2601-hf
key_id,24.0,0.0493674517298738,0.5652621072446925,by_layer,,nvidia_music-flamingo-2601-hf
key_id,25.0,0.0307829470063249,0.5652621072446925,by_layer,,nvidia_music-flamingo-2601-hf
key_id,26.0,0.0487305528173844,0.5652621072446925,by_layer,,nvidia_music-flamingo-2601-hf
key_id,27.0,0.0521704234803716,0.5652621072446925,by_layer,,nvidia_music-flamingo-2601-hf
mode_id,0.0,0.1096266247332096,0.5854306606391267,by_layer,,nvidia_music-flamingo-2601-hf
mode_id,1.0,0.1016668025404214,0.5854306606391267,by_layer,,nvidia_music-flamingo-2601-hf
mode_id,2.0,0.1685522111753622,0.5854306606391267,by_layer,,nvidia_music-flamingo-2601-hf
mode_id,3.0,0.1518667849401632,0.5854306606391267,by_layer,,nvidia_music-flamingo-2601-hf
mode_id,4.0,0.0749890332420667,0.5854306606391267,by_layer,,nvidia_music-flamingo-2601-hf
mode_id,5.0,0.0975234347085158,0.5854306606391267,by_layer,,nvidia_music-flamingo-2601-hf
mode_id,6.0,0.0766806292037169,0.5854306606391267,by_layer,,nvidia_music-flamingo-2601-hf
mode_id,7.0,0.1332170075426499,0.5854306606391267,by_layer,,nvidia_music-flamingo-2601-hf
mode_id,8.0,0.0856542553131779,0.5854306606391267,by_layer,,nvidia_music-flamingo-2601-hf
mode_id,9.0,0.1397602744400501,0.5854306606391267,by_layer,,nvidia_music-flamingo-2601-hf
mode_id,10.0,0.0461231467003623,0.5854306606391267,by_layer,,nvidia_music-flamingo-2601-hf
mode_id,11.0,0.0803579402466615,0.5854306606391267,by_layer,,nvidia_music-flamingo-2601-hf
mode_id,12.0,0.06952831055969,0.5854306606391267,by_layer,,nvidia_music-flamingo-2601-hf
mode_id,13.0,0.0731803132221102,0.5854306606391267,by_layer,,nvidia_music-flamingo-2601-hf
mode_id,14.0,0.1130489343777298,0.5854306606391267,by_layer,,nvidia_music-flamingo-2601-hf
mode_id,15.0,0.0707763535901904,0.5854306606391267,by_layer,,nvidia_music-flamingo-2601-hf
mode_id,16.0,0.0801758468151092,0.5854306606391267,by_layer,,nvidia_music-flamingo-2601-hf
mode_id,17.0,0.0932389112810293,0.5854306606391267,by_layer,,nvidia_music-flamingo-2601-hf
mode_id,18.0,0.1003741864114999,0.5854306606391267,by_layer,,nvidia_music-flamingo-2601-hf
mode_id,19.0,0.0942942611873149,0.5854306606391267,by_layer,,nvidia_music-flamingo-2601-hf
mode_id,20.0,0.071497273320953,0.5854306606391267,by_layer,,nvidia_music-flamingo-2601-hf
mode_id,21.0,0.1122970550010601,0.5854306606391267,by_layer,,nvidia_music-flamingo-2601-hf
mode_id,22.0,0.0911900795375307,0.5854306606391267,by_layer,,nvidia_music-flamingo-2601-hf
mode_id,23.0,0.0882653488467137,0.5854306606391267,by_layer,,nvidia_music-flamingo-2601-hf
mode_id,24.0,0.0615289273361365,0.5854306606391267,by_layer,,nvidia_music-flamingo-2601-hf
mode_id,25.0,0.0366296713861326,0.5854306606391267,by_layer,,nvidia_music-flamingo-2601-hf
mode_id,26.0,0.0608634361997246,0.5854306606391267,by_layer,,nvidia_music-flamingo-2601-hf
mode_id,27.0,0.0640251310542225,0.5854306606391267,by_layer,,nvidia_music-flamingo-2601-hf
note_count,0.0,0.0913246050477027,0.4569970032959469,by_layer,,nvidia_music-flamingo-2601-hf
note_count,1.0,0.0748622448494037,0.4569970032959469,by_layer,,nvidia_music-flamingo-2601-hf
note_count,2.0,0.1221251854052146,0.4569970032959469,by_layer,,nvidia_music-flamingo-2601-hf
note_count,3.0,0.1007498788336912,0.4569970032959469,by_layer,,nvidia_music-flamingo-2601-hf
note_count,4.0,0.0624950161824623,0.4569970032959469,by_layer,,nvidia_music-flamingo-2601-hf
note_count,5.0,0.0847900174558162,0.4569970032959469,by_layer,,nvidia_music-flamingo-2601-hf
note_count,6.0,0.0629416285082697,0.4569970032959469,by_layer,,nvidia_music-flamingo-2601-hf
note_count,7.0,0.1114669665694236,0.4569970032959469,by_layer,,nvidia_music-flamingo-2601-hf
note_count,8.0,0.0853692820916573,0.4569970032959469,by_layer,,nvidia_music-flamingo-2601-hf
note_count,9.0,0.134051714092493,0.4569970032959469,by_layer,,nvidia_music-flamingo-2601-hf
note_count,10.0,0.0440296567976474,0.4569970032959469,by_layer,,nvidia_music-flamingo-2601-hf
note_count,11.0,0.0677342293784022,0.4569970032959469,by_layer,,nvidia_music-flamingo-2601-hf
note_count,12.0,0.0638946089893579,0.4569970032959469,by_layer,,nvidia_music-flamingo-2601-hf
note_count,13.0,0.0738168663034836,0.4569970032959469,by_layer,,nvidia_music-flamingo-2601-hf
note_count,14.0,0.1385730560868978,0.4569970032959469,by_layer,,nvidia_music-flamingo-2601-hf
note_count,15.0,0.0618247011055549,0.4569970032959469,by_layer,,nvidia_music-flamingo-2601-hf
note_count,16.0,0.0714536416344344,0.4569970032959469,by_layer,,nvidia_music-flamingo-2601-hf
note_count,17.0,0.0758189813544352,0.4569970032959469,by_layer,,nvidia_music-flamingo-2601-hf
note_count,18.0,0.1034389386574427,0.4569970032959469,by_layer,,nvidia_music-flamingo-2601-hf
note_count,19.0,0.1116297055656711,0.4569970032959469,by_layer,,nvidia_music-flamingo-2601-hf
note_count,20.0,0.0685545954232414,0.4569970032959469,by_layer,,nvidia_music-flamingo-2601-hf
note_count,21.0,0.0886614971483747,0.4569970032959469,by_layer,,nvidia_music-flamingo-2601-hf
note_count,22.0,0.0677030800531307,0.4569970032959469,by_layer,,nvidia_music-flamingo-2601-hf
note_count,23.0,0.0601934365307291,0.4569970032959469,by_layer,,nvidia_music-flamingo-2601-hf
note_count,24.0,0.0446639923999706,0.4569970032959469,by_layer,,nvidia_music-flamingo-2601-hf
note_count,25.0,0.0282501522451639,0.4569970032959469,by_layer,,nvidia_music-flamingo-2601-hf
note_count,26.0,0.0359140406362712,0.4569970032959469,by_layer,,nvidia_music-flamingo-2601-hf
note_count,27.0,0.0535354589422543,0.4569970032959469,by_layer,,nvidia_music-flamingo-2601-hf
octave_id,0.0,0.0769734891752402,0.4236102757215055,by_layer,,nvidia_music-flamingo-2601-hf
octave_id,1.0,0.0706180905302365,0.4236102757215055,by_layer,,nvidia_music-flamingo-2601-hf
octave_id,2.0,0.1114074370513359,0.4236102757215055,by_layer,,nvidia_music-flamingo-2601-hf
octave_id,3.0,0.093588367725412,0.4236102757215055,by_layer,,nvidia_music-flamingo-2601-hf
octave_id,4.0,0.0739583053315679,0.4236102757215055,by_layer,,nvidia_music-flamingo-2601-hf
octave_id,5.0,0.0833560752992828,0.4236102757215055,by_layer,,nvidia_music-flamingo-2601-hf
octave_id,6.0,0.0617232505852977,0.4236102757215055,by_layer,,nvidia_music-flamingo-2601-hf
octave_id,7.0,0.1150797850762804,0.4236102757215055,by_layer,,nvidia_music-flamingo-2601-hf
octave_id,8.0,0.0839328812435269,0.4236102757215055,by_layer,,nvidia_music-flamingo-2601-hf
octave_id,9.0,0.1397595641513665,0.4236102757215055,by_layer,,nvidia_music-flamingo-2601-hf
octave_id,10.0,0.0527176234560708,0.4236102757215055,by_layer,,nvidia_music-flamingo-2601-hf
octave_id,11.0,0.0720596993342042,0.4236102757215055,by_layer,,nvidia_music-flamingo-2601-hf
octave_id,12.0,0.0774613739922642,0.4236102757215055,by_layer,,nvidia_music-flamingo-2601-hf
octave_id,13.0,0.0815187850967049,0.4236102757215055,by_layer,,nvidia_music-flamingo-2601-hf
octave_id,14.0,0.1183886270349224,0.4236102757215055,by_layer,,nvidia_music-flamingo-2601-hf
octave_id,15.0,0.0567934761444727,0.4236102757215055,by_layer,,nvidia_music-flamingo-2601-hf
octave_id,16.0,0.0532908172657092,0.4236102757215055,by_layer,,nvidia_music-flamingo-2601-hf
octave_id,17.0,0.0779543882235884,0.4236102757215055,by_layer,,nvidia_music-flamingo-2601-hf
octave_id,18.0,0.0851979286720355,0.4236102757215055,by_layer,,nvidia_music-flamingo-2601-hf
octave_id,19.0,0.0882038588946064,0.4236102757215055,by_layer,,nvidia_music-flamingo-2601-hf
octave_id,20.0,0.074180433837076,0.4236102757215055,by_layer,,nvidia_music-flamingo-2601-hf
octave_id,21.0,0.0842411381502946,0.4236102757215055,by_layer,,nvidia_music-flamingo-2601-hf
octave_id,22.0,0.0679430176193515,0.4236102757215055,by_layer,,nvidia_music-flamingo-2601-hf
octave_id,23.0,0.0507819633930921,0.4236102757215055,by_layer,,nvidia_music-flamingo-2601-hf
octave_id,24.0,0.0381174056480328,0.4236102757215055,by_layer,,nvidia_music-flamingo-2601-hf
octave_id,25.0,0.0292837329519291,0.4236102757215055,by_layer,,nvidia_music-flamingo-2601-hf
octave_id,26.0,0.0346907625595728,0.4236102757215055,by_layer,,nvidia_music-flamingo-2601-hf
octave_id,27.0,0.0514888834829131,0.4236102757215055,by_layer,,nvidia_music-flamingo-2601-hf
pitch_note_id,0.0,0.0856830291450023,0.4367163793966348,by_layer,,nvidia_music-flamingo-2601-hf
pitch_note_id,1.0,0.0750320746252934,0.4367163793966348,by_layer,,nvidia_music-flamingo-2601-hf
pitch_note_id,2.0,0.1175723113119602,0.4367163793966348,by_layer,,nvidia_music-flamingo-2601-hf
pitch_note_id,3.0,0.0985087882727384,0.4367163793966348,by_layer,,nvidia_music-flamingo-2601-hf
pitch_note_id,4.0,0.0723978728055954,0.4367163793966348,by_layer,,nvidia_music-flamingo-2601-hf
pitch_note_id,5.0,0.0776181422794858,0.4367163793966348,by_layer,,nvidia_music-flamingo-2601-hf
pitch_note_id,6.0,0.0613424728314081,0.4367163793966348,by_layer,,nvidia_music-flamingo-2601-hf
pitch_note_id,7.0,0.1098216396446029,0.4367163793966348,by_layer,,nvidia_music-flamingo-2601-hf
pitch_note_id,8.0,0.0848503544305761,0.4367163793966348,by_layer,,nvidia_music-flamingo-2601-hf
pitch_note_id,9.0,0.1455717049539089,0.4367163793966348,by_layer,,nvidia_music-flamingo-2601-hf
pitch_note_id,10.0,0.0544742493269344,0.4367163793966348,by_layer,,nvidia_music-flamingo-2601-hf
pitch_note_id,11.0,0.0681771462162335,0.4367163793966348,by_layer,,nvidia_music-flamingo-2601-hf
pitch_note_id,12.0,0.0756741690759857,0.4367163793966348,by_layer,,nvidia_music-flamingo-2601-hf
pitch_note_id,13.0,0.0906331303219,0.4367163793966348,by_layer,,nvidia_music-flamingo-2601-hf
pitch_note_id,14.0,0.1220788042992353,0.4367163793966348,by_layer,,nvidia_music-flamingo-2601-hf
pitch_note_id,15.0,0.0535296813274423,0.4367163793966348,by_layer,,nvidia_music-flamingo-2601-hf
pitch_note_id,16.0,0.0658319086457292,0.4367163793966348,by_layer,,nvidia_music-flamingo-2601-hf
pitch_note_id,17.0,0.0811801711097359,0.4367163793966348,by_layer,,nvidia_music-flamingo-2601-hf
pitch_note_id,18.0,0.0767891236270467,0.4367163793966348,by_layer,,nvidia_music-flamingo-2601-hf
pitch_note_id,19.0,0.0849068832273284,0.4367163793966348,by_layer,,nvidia_music-flamingo-2601-hf
pitch_note_id,20.0,0.0791108064974347,0.4367163793966348,by_layer,,nvidia_music-flamingo-2601-hf
pitch_note_id,21.0,0.0856058752785126,0.4367163793966348,by_layer,,nvidia_music-flamingo-2601-hf
pitch_note_id,22.0,0.0612584383537372,0.4367163793966348,by_layer,,nvidia_music-flamingo-2601-hf
pitch_note_id,23.0,0.0507878083735704,0.4367163793966348,by_layer,,nvidia_music-flamingo-2601-hf
pitch_note_id,24.0,0.0323312827385962,0.4367163793966348,by_layer,,nvidia_music-flamingo-2601-hf
pitch_note_id,25.0,0.0264435818729301,0.4367163793966348,by_layer,,nvidia_music-flamingo-2601-hf
pitch_note_id,26.0,0.0320312149512271,0.4367163793966348,by_layer,,nvidia_music-flamingo-2601-hf
pitch_note_id,27.0,0.0502124950289726,0.4367163793966348,by_layer,,nvidia_music-flamingo-2601-hf
progression_id,0.0,0.1004089626173178,0.5791707531263697,by_layer,,nvidia_music-flamingo-2601-hf
progression_id,1.0,0.0968892512222131,0.5791707531263697,by_layer,,nvidia_music-flamingo-2601-hf
progression_id,2.0,0.170493962864081,0.5791707531263697,by_layer,,nvidia_music-flamingo-2601-hf
progression_id,3.0,0.1488666801402966,0.5791707531263697,by_layer,,nvidia_music-flamingo-2601-hf
progression_id,4.0,0.0750380335375666,0.5791707531263697,by_layer,,nvidia_music-flamingo-2601-hf
progression_id,5.0,0.0993919627120097,0.5791707531263697,by_layer,,nvidia_music-flamingo-2601-hf
progression_id,6.0,0.0745875472202897,0.5791707531263697,by_layer,,nvidia_music-flamingo-2601-hf
progression_id,7.0,0.1301316153258085,0.5791707531263697,by_layer,,nvidia_music-flamingo-2601-hf
progression_id,8.0,0.0818762440855304,0.5791707531263697,by_layer,,nvidia_music-flamingo-2601-hf
progression_id,9.0,0.1498975064605474,0.5791707531263697,by_layer,,nvidia_music-flamingo-2601-hf
progression_id,10.0,0.0511605168382326,0.5791707531263697,by_layer,,nvidia_music-flamingo-2601-hf
progression_id,11.0,0.0830164207145571,0.5791707531263697,by_layer,,nvidia_music-flamingo-2601-hf
progression_id,12.0,0.0802937963356574,0.5791707531263697,by_layer,,nvidia_music-flamingo-2601-hf
progression_id,13.0,0.0772984158247709,0.5791707531263697,by_layer,,nvidia_music-flamingo-2601-hf
progression_id,14.0,0.1136277765035629,0.5791707531263697,by_layer,,nvidia_music-flamingo-2601-hf
progression_id,15.0,0.0661511806150277,0.5791707531263697,by_layer,,nvidia_music-flamingo-2601-hf
progression_id,16.0,0.0821802346035838,0.5791707531263697,by_layer,,nvidia_music-flamingo-2601-hf
progression_id,17.0,0.0876542562618851,0.5791707531263697,by_layer,,nvidia_music-flamingo-2601-hf
progression_id,18.0,0.1077914033085107,0.5791707531263697,by_layer,,nvidia_music-flamingo-2601-hf
progression_id,19.0,0.0978126072635253,0.5791707531263697,by_layer,,nvidia_music-flamingo-2601-hf
progression_id,20.0,0.0769892955819765,0.5791707531263697,by_layer,,nvidia_music-flamingo-2601-hf
progression_id,21.0,0.1191439895580212,0.5791707531263697,by_layer,,nvidia_music-flamingo-2601-hf
progression_id,22.0,0.1028871306528647,0.5791707531263697,by_layer,,nvidia_music-flamingo-2601-hf
progression_id,23.0,0.0928726283212502,0.5791707531263697,by_layer,,nvidia_music-flamingo-2601-hf
progression_id,24.0,0.067755344013373,0.5791707531263697,by_layer,,nvidia_music-flamingo-2601-hf
progression_id,25.0,0.0410500185874601,0.5791707531263697,by_layer,,nvidia_music-flamingo-2601-hf
progression_id,26.0,0.062045910085241,0.5791707531263697,by_layer,,nvidia_music-flamingo-2601-hf
progression_id,27.0,0.0679999633381764,0.5791707531263697,by_layer,,nvidia_music-flamingo-2601-hf
beats_per_bar,,0.0901576845928849,0.6620873921206951,by_step,0.0,nvidia_music-flamingo-2601-hf
beats_per_bar,,0.059925595209712,0.6606895643506291,by_step,1.0,nvidia_music-flamingo-2601-hf
chord_quality,,0.1074003096492517,0.4925548269564089,by_step,0.0,nvidia_music-flamingo-2601-hf
chord_quality,,0.0726108017067114,0.4909111519537509,by_step,1.0,nvidia_music-flamingo-2601-hf
instrument_id,,0.1021891374673162,0.4474415253740019,by_step,0.0,nvidia_music-flamingo-2601-hf
instrument_id,,0.0688516514686246,0.4457508304172681,by_step,1.0,nvidia_music-flamingo-2601-hf
interval_id,,0.0879014538201902,0.4516004385378115,by_step,0.0,nvidia_music-flamingo-2601-hf
interval_id,,0.0588558520345638,0.44998009274681,by_step,1.0,nvidia_music-flamingo-2601-hf
key_id,,0.103940093668089,0.5660555871186775,by_step,0.0,nvidia_music-flamingo-2601-hf
key_id,,0.0752091545478573,0.5644686273707076,by_step,1.0,nvidia_music-flamingo-2601-hf
mode_id,,0.1095199877551446,0.5862147702470962,by_step,0.0,nvidia_music-flamingo-2601-hf
mode_id,,0.0724037397386772,0.5846465510311573,by_step,1.0,nvidia_music-flamingo-2601-hf
note_count,,0.0960439862018185,0.4578098142801634,by_step,0.0,nvidia_music-flamingo-2601-hf
note_count,,0.0603750979616528,0.4561841923117303,by_step,1.0,nvidia_music-flamingo-2601-hf
octave_id,,0.0898640622118754,0.42437085481097,by_step,0.0,nvidia_music-flamingo-2601-hf
octave_id,,0.0604724493542952,0.4228496966320409,by_step,1.0,nvidia_music-flamingo-2601-hf
pitch_note_id,,0.088342015254533,0.4375247010039768,by_step,0.0,nvidia_music-flamingo-2601-hf
pitch_note_id,,0.0630476390721187,0.4359080577892927,by_step,1.0,nvidia_music-flamingo-2601-hf
progression_id,,0.1123376329362924,0.5799252497955864,by_step,0.0,nvidia_music-flamingo-2601-hf
progression_id,,0.0737561281060888,0.5784162564571531,by_step,1.0,nvidia_music-flamingo-2601-hf
