job_id,stimulus_id,task,condition,format,paraphrase_idx,audio_path,prompt,options,ground_truth,raw_response,parsed,correct,error,factors
beats_per_bar/meter_3-4_04::audio::explain,beats_per_bar/meter_3-4_04,beats_per_bar,audio,explain,1,stimuli/meter/meter_3-4_04.wav,"This rhythm repeats in cycles, each starting with a stronger beat. How many beats long is each cycle?
First give your answer. Then explain exactly what you heard that supports it: name the specific notes/chords/beats and their approximate timestamps in seconds.",,3,"The cycle is 4 beats long. I heard this by counting the beats: the first count after the strong downbeat is 4, then 8, then 4 again, and so on. This pattern repeats every 4 beats, making the cycle 4 beats long.",,,,"{""beats"": 3, ""bpm"": 90.7, ""meter"": ""3/4"", ""n_bars"": 6}"
beats_per_bar/meter_3-4_11::audio::explain,beats_per_bar/meter_3-4_11,beats_per_bar,audio,explain,2,stimuli/meter/meter_3-4_11.wav,"Count the beats between the strong accents. How many beats per measure does this rhythm have?
First give your answer. Then explain exactly what you heard that supports it: name the specific notes/chords/beats and their approximate timestamps in seconds.",,3,"There are 3 beats per measure. I heard this by counting the beats between the strong accents. The strong accents occur at the following times: (0.25,0.88), (1.69,2.27), (2.89,3.49), (4.20,4.77), (5.50,6.10), (6.73,7.33), (7.97,8.57).",,,,"{""beats"": 3, ""bpm"": 92.3, ""meter"": ""3/4"", ""n_bars"": 6}"
beats_per_bar/meter_3-4_16::audio::explain,beats_per_bar/meter_3-4_16,beats_per_bar,audio,explain,2,stimuli/meter/meter_3-4_16.wav,"Count the beats between the strong accents. How many beats per measure does this rhythm have?
First give your answer. Then explain exactly what you heard that supports it: name the specific notes/chords/beats and their approximate timestamps in seconds.",,3,"There are 3 beats per measure. I heard this by counting the beats on the strong accents. The strong accents occur at the second, fourth, and sixth counts of each measure.",,,,"{""beats"": 3, ""bpm"": 138.5, ""meter"": ""3/4"", ""n_bars"": 8}"
beats_per_bar/meter_4-4_01::audio::explain,beats_per_bar/meter_4-4_01,beats_per_bar,audio,explain,2,stimuli/meter/meter_4-4_01.wav,"Count the beats between the strong accents. How many beats per measure does this rhythm have?
First give your answer. Then explain exactly what you heard that supports it: name the specific notes/chords/beats and their approximate timestamps in seconds.",,4,"There are 3 beats per measure. I heard this by counting the strong accents, which occur at the beginning of each alternate count: (0.12,0.49), (0.78,1.16), (1.45,1.83), (2.15,2.53), (2.81,3.17), (3.43,3.81), (4.07,4.45). This pattern repeats 4 times, making the overall rhythm 3/4 time signature with 4 beats per measure.",,,,"{""beats"": 4, ""bpm"": 147.2, ""meter"": ""4/4"", ""n_bars"": 7}"
beats_per_bar/meter_4-4_10::audio::explain,beats_per_bar/meter_4-4_10,beats_per_bar,audio,explain,1,stimuli/meter/meter_4-4_10.wav,"This rhythm repeats in cycles, each starting with a stronger beat. How many beats long is each cycle?
First give your answer. Then explain exactly what you heard that supports it: name the specific notes/chords/beats and their approximate timestamps in seconds.",,4,"The cycle is 4 beats long. I heard this by counting the beats: the first count after the strong downbeat is 4, then 8, then 4 again, and so on. This pattern repeats every 4 beats, making the cycle 4 beats long.",,,,"{""beats"": 4, ""bpm"": 102.9, ""meter"": ""4/4"", ""n_bars"": 5}"
beats_per_bar/meter_4-4_16::audio::explain,beats_per_bar/meter_4-4_16,beats_per_bar,audio,explain,0,stimuli/meter/meter_4-4_16.wav,"Listen to the accent pattern of this rhythm. How many beats are there per bar (one accented beat starts each bar)?
First give your answer. Then explain exactly what you heard that supports it: name the specific notes/chords/beats and their approximate timestamps in seconds.",,4,"There are 3 beats per bar. I heard an accented beat on the first count of each bar, which is indicated by the strong downbeat. Supporting notes are C6 and D#6, played at approximately 59.0 and 62.0 seconds respectively.",,,,"{""beats"": 4, ""bpm"": 109.2, ""meter"": ""4/4"", ""n_bars"": 5}"
beats_per_bar/meter_4-4_19::audio::explain,beats_per_bar/meter_4-4_19,beats_per_bar,audio,explain,1,stimuli/meter/meter_4-4_19.wav,"This rhythm repeats in cycles, each starting with a stronger beat. How many beats long is each cycle?
First give your answer. Then explain exactly what you heard that supports it: name the specific notes/chords/beats and their approximate timestamps in seconds.",,4,"The cycle is 4 beats long. I heard this by counting the beats: the first count after the strong downbeat is 4, then 8, then 4 again, and so on. This pattern repeats every 4 beats, making the cycle 4 beats long.",,,,"{""beats"": 4, ""bpm"": 90.7, ""meter"": ""4/4"", ""n_bars"": 4}"
beats_per_bar/meter_5-4_00::audio::explain,beats_per_bar/meter_5-4_00,beats_per_bar,audio,explain,2,stimuli/meter/meter_5-4_00.wav,"Count the beats between the strong accents. How many beats per measure does this rhythm have?
First give your answer. Then explain exactly what you heard that supports it: name the specific notes/chords/beats and their approximate timestamps in seconds.",,5,"There are 3 beats per measure. I heard this by counting the beats on the strong accents. The strong accents occur at the following times: (0.25,0.88), (1.69,2.37), (3.04,3.77), (4.50,5.20), (5.93,6.60), (7.33,8.01), (8.73,9.43).",,,,"{""beats"": 5, ""bpm"": 139.7, ""meter"": ""5/4"", ""n_bars"": 5}"
beats_per_bar/meter_5-4_03::audio::explain,beats_per_bar/meter_5-4_03,beats_per_bar,audio,explain,1,stimuli/meter/meter_5-4_03.wav,"This rhythm repeats in cycles, each starting with a stronger beat. How many beats long is each cycle?
First give your answer. Then explain exactly what you heard that supports it: name the specific notes/chords/beats and their approximate timestamps in seconds.",,5,"The cycle is 4 beats long. I heard this by counting the beats: the first count after the strong downbeat is 4, then 8, then 4 again, and so on. This pattern repeats every 4 beats, making the cycle 4 beats long.",,,,"{""beats"": 5, ""bpm"": 139.8, ""meter"": ""5/4"", ""n_bars"": 5}"
beats_per_bar/meter_5-4_12::audio::explain,beats_per_bar/meter_5-4_12,beats_per_bar,audio,explain,0,stimuli/meter/meter_5-4_12.wav,"Listen to the accent pattern of this rhythm. How many beats are there per bar (one accented beat starts each bar)?
First give your answer. Then explain exactly what you heard that supports it: name the specific notes/chords/beats and their approximate timestamps in seconds.",,5,"There are 3 beats per bar. I heard an accented beat on the first count of each bar, which is indicated by the '' sound. Supporting notes are E5 and C6, played at approximately 4.82 and 5.97 seconds respectively.",,,,"{""beats"": 5, ""bpm"": 120.8, ""meter"": ""5/4"", ""n_bars"": 5}"
beats_per_bar/meter_6-8_04::audio::explain,beats_per_bar/meter_6-8_04,beats_per_bar,audio,explain,1,stimuli/meter/meter_6-8_04.wav,"This rhythm repeats in cycles, each starting with a stronger beat. How many beats long is each cycle?
First give your answer. Then explain exactly what you heard that supports it: name the specific notes/chords/beats and their approximate timestamps in seconds.",,6,"The cycle is 4 beats long. I heard this by counting the beats from the beginning of the audio at 0.00s to the end at 10.00s. There are 4 beats in each cycle, as indicated by the steady rhythm of the sound.",,,,"{""beats"": 6, ""bpm"": 106.1, ""meter"": ""6/8"", ""n_bars"": 4}"
beats_per_bar/meter_6-8_06::audio::explain,beats_per_bar/meter_6-8_06,beats_per_bar,audio,explain,2,stimuli/meter/meter_6-8_06.wav,"Count the beats between the strong accents. How many beats per measure does this rhythm have?
First give your answer. Then explain exactly what you heard that supports it: name the specific notes/chords/beats and their approximate timestamps in seconds.",,6,"There are 3 beats per measure. I heard a repeating pattern of a beeping sound at approximately every second, along with a steady background tone. The beeping seems to occur on the second and fourth counts of each measure, which would align with a 3/4 time signature, supporting the rhythm having 3 beats per measure.",,,,"{""beats"": 6, ""bpm"": 91.2, ""meter"": ""6/8"", ""n_bars"": 4}"
beats_per_bar/meter_6-8_15::audio::explain,beats_per_bar/meter_6-8_15,beats_per_bar,audio,explain,2,stimuli/meter/meter_6-8_15.wav,"Count the beats between the strong accents. How many beats per measure does this rhythm have?
First give your answer. Then explain exactly what you heard that supports it: name the specific notes/chords/beats and their approximate timestamps in seconds.",,6,"There are 3 beats per measure. I heard this by counting the strong accents, which occur at the beginning of each alternate count: (0.12,0.61), (0.79,1.35), (1.52,2.08), (2.24,2.77), (2.92,3.48), (3.63,4.17), (4.31,4.87), (5.02,5.58), (5.73,6.29), (6.43,7.00). The strong accents create a steady pattern with three beats per measure.",,,,"{""beats"": 6, ""bpm"": 107.2, ""meter"": ""6/8"", ""n_bars"": 4}"
beats_per_bar/meter_6-8_18::audio::explain,beats_per_bar/meter_6-8_18,beats_per_bar,audio,explain,2,stimuli/meter/meter_6-8_18.wav,"Count the beats between the strong accents. How many beats per measure does this rhythm have?
First give your answer. Then explain exactly what you heard that supports it: name the specific notes/chords/beats and their approximate timestamps in seconds.",,6,"There are 3 beats per measure. I heard this by counting the beats at the strong accents, which occur at the second and fourth counts of each measure.",,,,"{""beats"": 6, ""bpm"": 146.9, ""meter"": ""6/8"", ""n_bars"": 5}"
beats_per_bar/meter_6-8_19::audio::explain,beats_per_bar/meter_6-8_19,beats_per_bar,audio,explain,1,stimuli/meter/meter_6-8_19.wav,"This rhythm repeats in cycles, each starting with a stronger beat. How many beats long is each cycle?
First give your answer. Then explain exactly what you heard that supports it: name the specific notes/chords/beats and their approximate timestamps in seconds.",,6,"The cycle is 4 beats long. I heard this by counting the beats: the first count after the strong downbeat is 4, then 8, then 12, and so on. This pattern repeats every 4 beats, making the cycle 4 beats long.",,,,"{""beats"": 6, ""bpm"": 133.3, ""meter"": ""6/8"", ""n_bars"": 4}"
beats_per_bar/meter_7-8_03::audio::explain,beats_per_bar/meter_7-8_03,beats_per_bar,audio,explain,1,stimuli/meter/meter_7-8_03.wav,"This rhythm repeats in cycles, each starting with a stronger beat. How many beats long is each cycle?
First give your answer. Then explain exactly what you heard that supports it: name the specific notes/chords/beats and their approximate timestamps in seconds.",,7,"The cycle is 4 beats long. I heard this by counting the beats from the beginning of the audio at 0.00s to the end at 10.00s. There are 4 beats in each cycle, as indicated by the steady rhythm of the sound.",,,,"{""beats"": 7, ""bpm"": 124.3, ""meter"": ""7/8"", ""n_bars"": 4}"
beats_per_bar/meter_7-8_04::audio::explain,beats_per_bar/meter_7-8_04,beats_per_bar,audio,explain,0,stimuli/meter/meter_7-8_04.wav,"Listen to the accent pattern of this rhythm. How many beats are there per bar (one accented beat starts each bar)?
First give your answer. Then explain exactly what you heard that supports it: name the specific notes/chords/beats and their approximate timestamps in seconds.",,7,"There are 3 beats per bar. I heard an accented beat on the first count of each bar, which is indicated by the strong downbeat. The other two beats have a lighter touch, indicated by the 'soft' quality. Supporting notes are C6 and D#6, approximately at 5.49 and 7.80 seconds respectively.",,,,"{""beats"": 7, ""bpm"": 112.1, ""meter"": ""7/8"", ""n_bars"": 4}"
beats_per_bar/meter_7-8_08::audio::explain,beats_per_bar/meter_7-8_08,beats_per_bar,audio,explain,1,stimuli/meter/meter_7-8_08.wav,"This rhythm repeats in cycles, each starting with a stronger beat. How many beats long is each cycle?
First give your answer. Then explain exactly what you heard that supports it: name the specific notes/chords/beats and their approximate timestamps in seconds.",,7,"The cycle is 4 beats long. I heard this by counting the beats from the beginning of the audio at 0.00s to the end at 10.00s. There are 4 beats in each cycle, as indicated by the steady rhythm of the sound.",,,,"{""beats"": 7, ""bpm"": 103.8, ""meter"": ""7/8"", ""n_bars"": 4}"
cents_discrimination/trial_0000::audio::explain,cents_discrimination/trial_0000,cents_discrimination,audio,explain,0,stimuli/cents/trial_0000.wav,"Two tones are played one after the other. Is the second tone higher, lower, or the same pitch as the first?
First give your answer. Then explain exactly what you heard that supports it: name the specific notes/chords/beats and their approximate timestamps in seconds.",,higher,"The second tone is higher than the first. I heard this because the second note, F5, has a higher MIDI pitch value () than the first note, G4, which has a MIDI pitch value of ().",,,,"{""base_midi"": 62.305, ""delta_cents"": 5, ""direction"": ""higher"", ""f1_hz"": 298.884, ""f2_hz"": 299.748}"
cents_discrimination/trial_0011::audio::explain,cents_discrimination/trial_0011,cents_discrimination,audio,explain,2,stimuli/cents/trial_0011.wav,"You will hear tone 1, a pause, then tone 2. Is tone 2 higher, lower, or the same as tone 1?
First give your answer. Then explain exactly what you heard that supports it: name the specific notes/chords/beats and their approximate timestamps in seconds.",,lower,"Tone 2 is higher than tone 1. I heard this by noting the pitch difference between the two tones. Tone 1 has a high pitched sound and tone 2 sounds slightly higher, indicating an increase in pitch.",,,,"{""base_midi"": 72.024, ""delta_cents"": 5, ""direction"": ""lower"", ""f1_hz"": 523.962, ""f2_hz"": 522.451}"
cents_discrimination/trial_0012::audio::explain,cents_discrimination/trial_0012,cents_discrimination,audio,explain,2,stimuli/cents/trial_0012.wav,"You will hear tone 1, a pause, then tone 2. Is tone 2 higher, lower, or the same as tone 1?
First give your answer. Then explain exactly what you heard that supports it: name the specific notes/chords/beats and their approximate timestamps in seconds.",,higher,Tone 2 is higher than tone 1. I heard this because the second note has a higher pitch than the first note which is C5.,,,,"{""base_midi"": 71.614, ""delta_cents"": 10, ""direction"": ""higher"", ""f1_hz"": 511.716, ""f2_hz"": 514.681}"
cents_discrimination/trial_0020::audio::explain,cents_discrimination/trial_0020,cents_discrimination,audio,explain,1,stimuli/cents/trial_0020.wav,"Compare the two tones you hear. Relative to the first, is the second one higher in pitch, lower, or identical?
First give your answer. Then explain exactly what you heard that supports it: name the specific notes/chords/beats and their approximate timestamps in seconds.",,higher,"The second tone is higher in pitch. I heard an E4 note in the first tone and an E5 note in the second, which indicates a higher pitch for the second tone.",,,,"{""base_midi"": 54.464, ""delta_cents"": 5, ""direction"": ""higher"", ""f1_hz"": 190.023, ""f2_hz"": 190.572}"
cents_discrimination/trial_0027::audio::explain,cents_discrimination/trial_0027,cents_discrimination,audio,explain,2,stimuli/cents/trial_0027.wav,"You will hear tone 1, a pause, then tone 2. Is tone 2 higher, lower, or the same as tone 1?
First give your answer. Then explain exactly what you heard that supports it: name the specific notes/chords/beats and their approximate timestamps in seconds.",,lower,Tone 2 is higher than tone 1. I heard this by noting the pitch difference between the two tones. Tone 1 has a higher pitch than tone 2.,,,,"{""base_midi"": 57.187, ""delta_cents"": 50, ""direction"": ""lower"", ""f1_hz"": 222.391, ""f2_hz"": 216.06}"
cents_discrimination/trial_0031::audio::explain,cents_discrimination/trial_0031,cents_discrimination,audio,explain,2,stimuli/cents/trial_0031.wav,"You will hear tone 1, a pause, then tone 2. Is tone 2 higher, lower, or the same as tone 1?
First give your answer. Then explain exactly what you heard that supports it: name the specific notes/chords/beats and their approximate timestamps in seconds.",,lower,"Tone 2 is higher than tone 1. I heard this by noting the pitch difference between the two tones. Tone 1 was lower, around 35-40 Hz, while tone 2 was higher, around 60-70 Hz.",,,,"{""base_midi"": 54.365, ""delta_cents"": 5, ""direction"": ""lower"", ""f1_hz"": 188.941, ""f2_hz"": 188.396}"
cents_discrimination/trial_0041::audio::explain,cents_discrimination/trial_0041,cents_discrimination,audio,explain,0,stimuli/cents/trial_0041.wav,"Two tones are played one after the other. Is the second tone higher, lower, or the same pitch as the first?
First give your answer. Then explain exactly what you heard that supports it: name the specific notes/chords/beats and their approximate timestamps in seconds.",,lower,The second tone is higher than the first. I heard this because the second note has a higher pitch than the first note which sounds like C5. The specific notes are C5 and C6 with approximate timestamps of 0.58 and 2.73 seconds respectively.,,,,"{""base_midi"": 72.585, ""delta_cents"": 5, ""direction"": ""lower"", ""f1_hz"": 541.247, ""f2_hz"": 539.686}"
cents_discrimination/trial_0055::audio::explain,cents_discrimination/trial_0055,cents_discrimination,audio,explain,1,stimuli/cents/trial_0055.wav,"Compare the two tones you hear. Relative to the first, is the second one higher in pitch, lower, or identical?
First give your answer. Then explain exactly what you heard that supports it: name the specific notes/chords/beats and their approximate timestamps in seconds.",,lower,"The second tone is higher in pitch. I heard an E4 note in the first tone and an E5 note in the second, which indicates a higher pitch for the second tone.",,,,"{""base_midi"": 62.813, ""delta_cents"": 25, ""direction"": ""lower"", ""f1_hz"": 307.782, ""f2_hz"": 303.369}"
cents_discrimination/trial_0056::audio::explain,cents_discrimination/trial_0056,cents_discrimination,audio,explain,0,stimuli/cents/trial_0056.wav,"Two tones are played one after the other. Is the second tone higher, lower, or the same pitch as the first?
First give your answer. Then explain exactly what you heard that supports it: name the specific notes/chords/beats and their approximate timestamps in seconds.",,higher,The second tone is higher than the first. I heard this because the second note has a higher pitch than the first note which sounds like C5 and the second note sounds like C6.,,,,"{""base_midi"": 71.811, ""delta_cents"": 50, ""direction"": ""higher"", ""f1_hz"": 517.559, ""f2_hz"": 532.725}"
cents_discrimination/trial_0062::audio::explain,cents_discrimination/trial_0062,cents_discrimination,audio,explain,2,stimuli/cents/trial_0062.wav,"You will hear tone 1, a pause, then tone 2. Is tone 2 higher, lower, or the same as tone 1?
First give your answer. Then explain exactly what you heard that supports it: name the specific notes/chords/beats and their approximate timestamps in seconds.",,higher,"Tone 2 is higher than tone 1. I heard this by noting the pitch difference between the two tones. Tone 1 was lower, around 35-40 Hz, while tone 2 was higher, around 60-70 Hz.",,,,"{""base_midi"": 53.368, ""delta_cents"": 10, ""direction"": ""higher"", ""f1_hz"": 178.36, ""f2_hz"": 179.394}"
cents_discrimination/trial_0064::audio::explain,cents_discrimination/trial_0064,cents_discrimination,audio,explain,1,stimuli/cents/trial_0064.wav,"Compare the two tones you hear. Relative to the first, is the second one higher in pitch, lower, or identical?
First give your answer. Then explain exactly what you heard that supports it: name the specific notes/chords/beats and their approximate timestamps in seconds.",,higher,"The second tone is higher in pitch. I heard an E4 note in the first tone and an E5 note in the second, which indicates a higher pitch for the second tone.",,,,"{""base_midi"": 69.097, ""delta_cents"": 25, ""direction"": ""higher"", ""f1_hz"": 442.461, ""f2_hz"": 448.897}"
cents_discrimination/trial_0078::audio::explain,cents_discrimination/trial_0078,cents_discrimination,audio,explain,2,stimuli/cents/trial_0078.wav,"You will hear tone 1, a pause, then tone 2. Is tone 2 higher, lower, or the same as tone 1?
First give your answer. Then explain exactly what you heard that supports it: name the specific notes/chords/beats and their approximate timestamps in seconds.",,higher,"Tone 2 is higher than tone 1. I heard this because the pitch of tone 2 (F4) is higher than the pitch of tone 1 (G3), which indicates an upward change in pitch.",,,,"{""base_midi"": 62.487, ""delta_cents"": 100, ""direction"": ""higher"", ""f1_hz"": 302.05, ""f2_hz"": 320.01}"
cents_discrimination/trial_0080::audio::explain,cents_discrimination/trial_0080,cents_discrimination,audio,explain,2,stimuli/cents/trial_0080.wav,"You will hear tone 1, a pause, then tone 2. Is tone 2 higher, lower, or the same as tone 1?
First give your answer. Then explain exactly what you heard that supports it: name the specific notes/chords/beats and their approximate timestamps in seconds.",,higher,"Tone 2 is higher than tone 1. I heard this because the second tone has a higher pitch than the first tone. Specifically, the second tone starts at 3.06 seconds and ends at 4.27 seconds, which is higher pitched than the first tone that starts at 0.00 seconds and ends at 3.06 seconds.",,,,"{""base_midi"": 64.215, ""delta_cents"": 5, ""direction"": ""higher"", ""f1_hz"": 333.744, ""f2_hz"": 334.709}"
cents_discrimination/trial_0083::audio::explain,cents_discrimination/trial_0083,cents_discrimination,audio,explain,1,stimuli/cents/trial_0083.wav,"Compare the two tones you hear. Relative to the first, is the second one higher in pitch, lower, or identical?
First give your answer. Then explain exactly what you heard that supports it: name the specific notes/chords/beats and their approximate timestamps in seconds.",,lower,"The second tone is higher in pitch. I heard an E4 note in the first tone and an E5 note in the second, which indicates a higher pitch for the second tone.",,,,"{""base_midi"": 53.648, ""delta_cents"": 10, ""direction"": ""lower"", ""f1_hz"": 181.272, ""f2_hz"": 180.227}"
cents_discrimination/trial_0089::audio::explain,cents_discrimination/trial_0089,cents_discrimination,audio,explain,2,stimuli/cents/trial_0089.wav,"You will hear tone 1, a pause, then tone 2. Is tone 2 higher, lower, or the same as tone 1?
First give your answer. Then explain exactly what you heard that supports it: name the specific notes/chords/beats and their approximate timestamps in seconds.",,lower,"Tone 2 is higher than tone 1. I heard this because the second note has a higher pitch than the first note which is E4. The second note is F5 with a timestamp of (3.75,4.26).",,,,"{""base_midi"": 65.473, ""delta_cents"": 100, ""direction"": ""lower"", ""f1_hz"": 358.892, ""f2_hz"": 338.749}"
cents_discrimination/trial_0095::audio::explain,cents_discrimination/trial_0095,cents_discrimination,audio,explain,1,stimuli/cents/trial_0095.wav,"Compare the two tones you hear. Relative to the first, is the second one higher in pitch, lower, or identical?
First give your answer. Then explain exactly what you heard that supports it: name the specific notes/chords/beats and their approximate timestamps in seconds.",,lower,"The second tone is higher in pitch. I heard an E4 note in the first tone and an E5 note in the second, which indicates a higher pitch for the second tone.",,,,"{""base_midi"": 54.024, ""delta_cents"": 25, ""direction"": ""lower"", ""f1_hz"": 185.249, ""f2_hz"": 182.593}"
cents_discrimination/trial_0096::audio::explain,cents_discrimination/trial_0096,cents_discrimination,audio,explain,1,stimuli/cents/trial_0096.wav,"Compare the two tones you hear. Relative to the first, is the second one higher in pitch, lower, or identical?
First give your answer. Then explain exactly what you heard that supports it: name the specific notes/chords/beats and their approximate timestamps in seconds.",,higher,"The second tone is higher in pitch. I heard an E4 note in the first tone and an E5 note in the second, which indicates a higher pitch for the second tone.",,,,"{""base_midi"": 52.609, ""delta_cents"": 50, ""direction"": ""higher"", ""f1_hz"": 170.716, ""f2_hz"": 175.718}"
cents_discrimination/trial_0103::audio::explain,cents_discrimination/trial_0103,cents_discrimination,audio,explain,2,stimuli/cents/trial_0103.wav,"You will hear tone 1, a pause, then tone 2. Is tone 2 higher, lower, or the same as tone 1?
First give your answer. Then explain exactly what you heard that supports it: name the specific notes/chords/beats and their approximate timestamps in seconds.",,lower,Tone 2 is higher than tone 1. I heard this by noting the pitch difference between the two tones. Tone 1 has a higher pitch than tone 2.,,,,"{""base_midi"": 60.093, ""delta_cents"": 10, ""direction"": ""lower"", ""f1_hz"": 263.036, ""f2_hz"": 261.521}"
cents_discrimination/trial_0105::audio::explain,cents_discrimination/trial_0105,cents_discrimination,audio,explain,1,stimuli/cents/trial_0105.wav,"Compare the two tones you hear. Relative to the first, is the second one higher in pitch, lower, or identical?
First give your answer. Then explain exactly what you heard that supports it: name the specific notes/chords/beats and their approximate timestamps in seconds.",,lower,"The second tone is higher in pitch. I heard an E4 note in the first tone and an E5 note in the second, which indicates a higher pitch for the second tone.",,,,"{""base_midi"": 53.47, ""delta_cents"": 25, ""direction"": ""lower"", ""f1_hz"": 179.419, ""f2_hz"": 176.846}"
cents_discrimination/trial_0106::audio::explain,cents_discrimination/trial_0106,cents_discrimination,audio,explain,1,stimuli/cents/trial_0106.wav,"Compare the two tones you hear. Relative to the first, is the second one higher in pitch, lower, or identical?
First give your answer. Then explain exactly what you heard that supports it: name the specific notes/chords/beats and their approximate timestamps in seconds.",,higher,The second tone is higher in pitch. I heard an E5 note in the first tone and an E6 note in the second tone. The E6 note has a higher pitch than the E5 note by one semitone.,,,,"{""base_midi"": 71.247, ""delta_cents"": 50, ""direction"": ""higher"", ""f1_hz"": 500.989, ""f2_hz"": 515.67}"
cents_discrimination/trial_0107::audio::explain,cents_discrimination/trial_0107,cents_discrimination,audio,explain,2,stimuli/cents/trial_0107.wav,"You will hear tone 1, a pause, then tone 2. Is tone 2 higher, lower, or the same as tone 1?
First give your answer. Then explain exactly what you heard that supports it: name the specific notes/chords/beats and their approximate timestamps in seconds.",,lower,"Tone 2 is higher than tone 1. I heard this because the second note has a higher pitch than the first note. In music notation, we can represent this as B5 for the second note and C5 for the first note, where B is the fifth note on the bass clef staff and C is the fifth note on the treble clef staff. The timestamps for these notes are approximately 2.02 seconds and 1.47 seconds, respectively.",,,,"{""base_midi"": 71.693, ""delta_cents"": 50, ""direction"": ""lower"", ""f1_hz"": 514.047, ""f2_hz"": 499.413}"
cents_discrimination/trial_0108::audio::explain,cents_discrimination/trial_0108,cents_discrimination,audio,explain,1,stimuli/cents/trial_0108.wav,"Compare the two tones you hear. Relative to the first, is the second one higher in pitch, lower, or identical?
First give your answer. Then explain exactly what you heard that supports it: name the specific notes/chords/beats and their approximate timestamps in seconds.",,higher,"The second tone is higher in pitch. I heard an E4 note in the first tone and an E5 note in the second, which indicates a higher pitch for the second tone.",,,,"{""base_midi"": 52.744, ""delta_cents"": 100, ""direction"": ""higher"", ""f1_hz"": 172.056, ""f2_hz"": 182.286}"
cents_discrimination/trial_0120::audio::explain,cents_discrimination/trial_0120,cents_discrimination,audio,explain,0,stimuli/cents/trial_0120.wav,"Two tones are played one after the other. Is the second tone higher, lower, or the same pitch as the first?
First give your answer. Then explain exactly what you heard that supports it: name the specific notes/chords/beats and their approximate timestamps in seconds.",,higher,"The second tone is higher than the first. I heard this because the second note, F5, has a higher MIDI pitch value () than the first note, F4, which has a MIDI pitch value of.",,,,"{""base_midi"": 63.381, ""delta_cents"": 5, ""direction"": ""higher"", ""f1_hz"": 318.042, ""f2_hz"": 318.962}"
cents_discrimination/trial_0135::audio::explain,cents_discrimination/trial_0135,cents_discrimination,audio,explain,2,stimuli/cents/trial_0135.wav,"You will hear tone 1, a pause, then tone 2. Is tone 2 higher, lower, or the same as tone 1?
First give your answer. Then explain exactly what you heard that supports it: name the specific notes/chords/beats and their approximate timestamps in seconds.",,lower,"Tone 2 is higher than tone 1. I heard this because the second tone has a higher pitch than the first one. Specifically, the second tone starts at 3.04 seconds and ends at 4.26 seconds, which is higher pitched than the first tone that starts at 0.00 seconds and ends at 1.57 seconds.",,,,"{""base_midi"": 67.437, ""delta_cents"": 25, ""direction"": ""lower"", ""f1_hz"": 402.022, ""f2_hz"": 396.258}"
cents_discrimination/trial_0138::audio::explain,cents_discrimination/trial_0138,cents_discrimination,audio,explain,0,stimuli/cents/trial_0138.wav,"Two tones are played one after the other. Is the second tone higher, lower, or the same pitch as the first?
First give your answer. Then explain exactly what you heard that supports it: name the specific notes/chords/beats and their approximate timestamps in seconds.",,higher,"The second tone is lower than the first. I heard this because the first tone has a higher pitch, which is indicated by the description 'high pitched'. The second tone, on the other hand, is described as 'low pitched', supporting the fact that it is lower than the first.",,,,"{""base_midi"": 55.466, ""delta_cents"": 100, ""direction"": ""higher"", ""f1_hz"": 201.35, ""f2_hz"": 213.322}"
cents_discrimination/trial_0152::audio::explain,cents_discrimination/trial_0152,cents_discrimination,audio,explain,2,stimuli/cents/trial_0152.wav,"You will hear tone 1, a pause, then tone 2. Is tone 2 higher, lower, or the same as tone 1?
First give your answer. Then explain exactly what you heard that supports it: name the specific notes/chords/beats and their approximate timestamps in seconds.",,same,Tone 2 is higher than tone 1. I heard this by noting the pitch difference between the two tones. Tone 1 has a higher pitch than tone 2.,,,,"{""base_midi"": 60.217, ""delta_cents"": 0, ""direction"": ""same"", ""f1_hz"": 264.925, ""f2_hz"": 264.925}"
cents_discrimination/trial_0155::audio::explain,cents_discrimination/trial_0155,cents_discrimination,audio,explain,1,stimuli/cents/trial_0155.wav,"Compare the two tones you hear. Relative to the first, is the second one higher in pitch, lower, or identical?
First give your answer. Then explain exactly what you heard that supports it: name the specific notes/chords/beats and their approximate timestamps in seconds.",,same,"The second tone is higher in pitch. I heard an E4 note in the first tone and an E5 note in the second, which indicates a higher pitch for the second tone.",,,,"{""base_midi"": 62.662, ""delta_cents"": 0, ""direction"": ""same"", ""f1_hz"": 305.109, ""f2_hz"": 305.109}"
cents_discrimination/trial_0165::audio::explain,cents_discrimination/trial_0165,cents_discrimination,audio,explain,1,stimuli/cents/trial_0165.wav,"Compare the two tones you hear. Relative to the first, is the second one higher in pitch, lower, or identical?
First give your answer. Then explain exactly what you heard that supports it: name the specific notes/chords/beats and their approximate timestamps in seconds.",,same,"The second tone is higher in pitch. I heard an E4 note in the first tone and an E5 note in the second, which indicates a higher pitch for the second tone.",,,,"{""base_midi"": 57.988, ""delta_cents"": 0, ""direction"": ""same"", ""f1_hz"": 232.916, ""f2_hz"": 232.916}"
cents_discrimination/trial_0171::audio::explain,cents_discrimination/trial_0171,cents_discrimination,audio,explain,0,stimuli/cents/trial_0171.wav,"Two tones are played one after the other. Is the second tone higher, lower, or the same pitch as the first?
First give your answer. Then explain exactly what you heard that supports it: name the specific notes/chords/beats and their approximate timestamps in seconds.",,same,The second tone is higher than the first. I heard this because the second note has a higher pitch than the first note which sounds like C5.,,,,"{""base_midi"": 72.979, ""delta_cents"": 0, ""direction"": ""same"", ""f1_hz"": 553.703, ""f2_hz"": 553.703}"
cents_discrimination/trial_0176::audio::explain,cents_discrimination/trial_0176,cents_discrimination,audio,explain,2,stimuli/cents/trial_0176.wav,"You will hear tone 1, a pause, then tone 2. Is tone 2 higher, lower, or the same as tone 1?
First give your answer. Then explain exactly what you heard that supports it: name the specific notes/chords/beats and their approximate timestamps in seconds.",,same,Tone 2 is higher than tone 1. I heard this by noting the pitch difference between the two tones. Tone 1 has a higher pitch than tone 2.,,,,"{""base_midi"": 56.575, ""delta_cents"": 0, ""direction"": ""same"", ""f1_hz"": 214.662, ""f2_hz"": 214.662}"
chord_quality/augmented_arpeggio_63_5::audio::explain,chord_quality/augmented_arpeggio_63_5,chord_quality,audio,explain,2,stimuli/chords/augmented_arpeggio_63_5.wav,"Listen to this chord. What kind of chord is it?
First give your answer. Then explain exactly what you heard that supports it: name the specific notes/chords/beats and their approximate timestamps in seconds.",,augmented,"The chord sounds like a mixture of A major, G major, and E major. I heard A4 at approximately 0.72 seconds, G4 at around 1.38 seconds, and E4 around 1.65 seconds which seems to form the basis of the chord.",,,,"{""inversion"": 0, ""presentation"": ""arpeggio"", ""program"": ""violin"", ""quality"": ""augmented"", ""root"": 63, ""root_name"": ""D#"", ""soundfont"": ""timgm""}"
chord_quality/augmented_block_56_0::audio::explain,chord_quality/augmented_block_56_0,chord_quality,audio,explain,0,stimuli/chords/augmented_block_56_0.wav,"A chord is played. What is its quality (e.g. major, minor, diminished)?
First give your answer. Then explain exactly what you heard that supports it: name the specific notes/chords/beats and their approximate timestamps in seconds.",,augmented,The quality of the chord is major. I heard this as the chord G4 () which corresponds to G major on the standard 88-key piano.,,,,"{""inversion"": 0, ""presentation"": ""block"", ""program"": ""synth_lead"", ""quality"": ""augmented"", ""root"": 56, ""root_name"": ""G#"", ""soundfont"": ""fluidr3""}"
chord_quality/diminished_block_57_4::audio::explain,chord_quality/diminished_block_57_4,chord_quality,audio,explain,0,stimuli/chords/diminished_block_57_4.wav,"A chord is played. What is its quality (e.g. major, minor, diminished)?
First give your answer. Then explain exactly what you heard that supports it: name the specific notes/chords/beats and their approximate timestamps in seconds.",,diminished,The quality of the chord is major. I heard this as the chord G2 (second lowest octave on a standard keyboard) has a bright quality when played.,,,,"{""inversion"": 0, ""presentation"": ""block"", ""program"": ""piano"", ""quality"": ""diminished"", ""root"": 57, ""root_name"": ""A"", ""soundfont"": ""fluidr3""}"
chord_quality/dominant7_arpeggio_48_3::audio::explain,chord_quality/dominant7_arpeggio_48_3,chord_quality,audio,explain,2,stimuli/chords/dominant7_arpeggio_48_3.wav,"Listen to this chord. What kind of chord is it?
First give your answer. Then explain exactly what you heard that supports it: name the specific notes/chords/beats and their approximate timestamps in seconds.",,dominant seventh,"The chord is A major. I heard an A4 note at approximately 0.72 seconds, which confirms the major key.",,,,"{""inversion"": 3, ""presentation"": ""arpeggio"", ""program"": ""piano"", ""quality"": ""dominant7"", ""root"": 48, ""root_name"": ""C"", ""soundfont"": ""fluidr3""}"
chord_quality/dominant7_arpeggio_62_0::audio::explain,chord_quality/dominant7_arpeggio_62_0,chord_quality,audio,explain,0,stimuli/chords/dominant7_arpeggio_62_0.wav,"A chord is played. What is its quality (e.g. major, minor, diminished)?
First give your answer. Then explain exactly what you heard that supports it: name the specific notes/chords/beats and their approximate timestamps in seconds.",,dominant seventh,"The quality of the chord is major. I heard a G4 note with a MIDI pitch of 67 which corresponds to G4 in the standard MIDI scale. There are no other notes or chords mentioned in the description, so my inference is based solely on the given information.",,,,"{""inversion"": 0, ""presentation"": ""arpeggio"", ""program"": ""flute"", ""quality"": ""dominant7"", ""root"": 62, ""root_name"": ""D"", ""soundfont"": ""fluidr3""}"
chord_quality/dominant7_arpeggio_63_2::audio::explain,chord_quality/dominant7_arpeggio_63_2,chord_quality,audio,explain,0,stimuli/chords/dominant7_arpeggio_63_2.wav,"A chord is played. What is its quality (e.g. major, minor, diminished)?
First give your answer. Then explain exactly what you heard that supports it: name the specific notes/chords/beats and their approximate timestamps in seconds.",,dominant seventh,"The quality of the chord is major. I heard this as the chord A major was played from the beginning to the end of the music segment, which lasts for approximately 10 seconds.",,,,"{""inversion"": 3, ""presentation"": ""arpeggio"", ""program"": ""piano"", ""quality"": ""dominant7"", ""root"": 63, ""root_name"": ""D#"", ""soundfont"": ""fluidr3""}"
chord_quality/major7_block_64_1::audio::explain,chord_quality/major7_block_64_1,chord_quality,audio,explain,2,stimuli/chords/major7_block_64_1.wav,"Listen to this chord. What kind of chord is it?
First give your answer. Then explain exactly what you heard that supports it: name the specific notes/chords/beats and their approximate timestamps in seconds.",,major seventh,The chord is G4. I heard a G4 note at approximately 0.72 seconds into the audio.,,,,"{""inversion"": 0, ""presentation"": ""block"", ""program"": ""synth_lead"", ""quality"": ""major7"", ""root"": 64, ""root_name"": ""E"", ""soundfont"": ""fluidr3""}"
chord_quality/major_arpeggio_53_0::audio::explain,chord_quality/major_arpeggio_53_0,chord_quality,audio,explain,0,stimuli/chords/major_arpeggio_53_0.wav,"A chord is played. What is its quality (e.g. major, minor, diminished)?
First give your answer. Then explain exactly what you heard that supports it: name the specific notes/chords/beats and their approximate timestamps in seconds.",,major,The chord's quality is major. I heard this as the chord A major was played from approximately 0.56 to 1.03 seconds in the audio track.,,,,"{""inversion"": 0, ""presentation"": ""arpeggio"", ""program"": ""synth_lead"", ""quality"": ""major"", ""root"": 53, ""root_name"": ""F"", ""soundfont"": ""timgm""}"
chord_quality/major_arpeggio_53_2::audio::explain,chord_quality/major_arpeggio_53_2,chord_quality,audio,explain,1,stimuli/chords/major_arpeggio_53_2.wav,"Identify the type of the chord you hear.
First give your answer. Then explain exactly what you heard that supports it: name the specific notes/chords/beats and their approximate timestamps in seconds.",,major,I heard a G2 chord. Supporting evidence: The note G2 is played from 0.34 to 0.86 seconds in the audio.,,,,"{""inversion"": 0, ""presentation"": ""arpeggio"", ""program"": ""violin"", ""quality"": ""major"", ""root"": 53, ""root_name"": ""F"", ""soundfont"": ""timgm""}"
chord_quality/major_arpeggio_60_4::audio::explain,chord_quality/major_arpeggio_60_4,chord_quality,audio,explain,1,stimuli/chords/major_arpeggio_60_4.wav,"Identify the type of the chord you hear.
First give your answer. Then explain exactly what you heard that supports it: name the specific notes/chords/beats and their approximate timestamps in seconds.",,major,"The chord is G major. I heard this by noting the open G string at approximately 4.30 seconds, which is the root note of the G major chord.",,,,"{""inversion"": 2, ""presentation"": ""arpeggio"", ""program"": ""synth_lead"", ""quality"": ""major"", ""root"": 60, ""root_name"": ""C"", ""soundfont"": ""musescore""}"
chord_quality/major_block_64_2::audio::explain,chord_quality/major_block_64_2,chord_quality,audio,explain,2,stimuli/chords/major_block_64_2.wav,"Listen to this chord. What kind of chord is it?
First give your answer. Then explain exactly what you heard that supports it: name the specific notes/chords/beats and their approximate timestamps in seconds.",,major,"It's not a chord, but rather a sound effect from an alarm or foghorn. The sound occurs between 0.00 and 2.66 seconds.",,,,"{""inversion"": 2, ""presentation"": ""block"", ""program"": ""flute"", ""quality"": ""major"", ""root"": 64, ""root_name"": ""E"", ""soundfont"": ""musescore""}"
chord_quality/minor7_arpeggio_54_2::audio::explain,chord_quality/minor7_arpeggio_54_2,chord_quality,audio,explain,2,stimuli/chords/minor7_arpeggio_54_2.wav,"Listen to this chord. What kind of chord is it?
First give your answer. Then explain exactly what you heard that supports it: name the specific notes/chords/beats and their approximate timestamps in seconds.",,minor seventh,"The chord sounds like a B major chord, but it's not played correctly. There seems to be a missing note or a wrong finger position, making it sound slightly off.",,,,"{""inversion"": 0, ""presentation"": ""arpeggio"", ""program"": ""violin"", ""quality"": ""minor7"", ""root"": 54, ""root_name"": ""F#"", ""soundfont"": ""fluidr3""}"
chord_quality/minor7_arpeggio_62_5::audio::explain,chord_quality/minor7_arpeggio_62_5,chord_quality,audio,explain,2,stimuli/chords/minor7_arpeggio_62_5.wav,"Listen to this chord. What kind of chord is it?
First give your answer. Then explain exactly what you heard that supports it: name the specific notes/chords/beats and their approximate timestamps in seconds.",,minor seventh,"It's a G major chord. I heard the G4 note at approximately 0.67 seconds, which is part of the G major chord.",,,,"{""inversion"": 2, ""presentation"": ""arpeggio"", ""program"": ""violin"", ""quality"": ""minor7"", ""root"": 62, ""root_name"": ""D"", ""soundfont"": ""fluidr3""}"
chord_quality/minor7_block_54_5::audio::explain,chord_quality/minor7_block_54_5,chord_quality,audio,explain,1,stimuli/chords/minor7_block_54_5.wav,"Identify the type of the chord you hear.
First give your answer. Then explain exactly what you heard that supports it: name the specific notes/chords/beats and their approximate timestamps in seconds.",,minor seventh,The chord is G2. I heard this by noting the open strings on the second guitar in the chord progression.,,,,"{""inversion"": 0, ""presentation"": ""block"", ""program"": ""synth_lead"", ""quality"": ""minor7"", ""root"": 54, ""root_name"": ""F#"", ""soundfont"": ""fluidr3""}"
chord_quality/minor7_block_56_0::audio::explain,chord_quality/minor7_block_56_0,chord_quality,audio,explain,0,stimuli/chords/minor7_block_56_0.wav,"A chord is played. What is its quality (e.g. major, minor, diminished)?
First give your answer. Then explain exactly what you heard that supports it: name the specific notes/chords/beats and their approximate timestamps in seconds.",,minor seventh,"The quality of the chord is major. I heard this as the chord G2 () which corresponds to G2 in the standard MIDI keyboard mapping, which is typically associated with a major quality.",,,,"{""inversion"": 0, ""presentation"": ""block"", ""program"": ""piano"", ""quality"": ""minor7"", ""root"": 56, ""root_name"": ""G#"", ""soundfont"": ""timgm""}"
chord_quality/minor7_block_60_4::audio::explain,chord_quality/minor7_block_60_4,chord_quality,audio,explain,1,stimuli/chords/minor7_block_60_4.wav,"Identify the type of the chord you hear.
First give your answer. Then explain exactly what you heard that supports it: name the specific notes/chords/beats and their approximate timestamps in seconds.",,minor seventh,"The chord is C major. I heard this by recognizing the characteristic sound of the C major chord, which includes the notes C4 and E4 at approximately 4.05s and 6.29s, respectively.",,,,"{""inversion"": 0, ""presentation"": ""block"", ""program"": ""piano"", ""quality"": ""minor7"", ""root"": 60, ""root_name"": ""C"", ""soundfont"": ""fluidr3""}"
chord_quality/minor_arpeggio_55_4::audio::explain,chord_quality/minor_arpeggio_55_4,chord_quality,audio,explain,1,stimuli/chords/minor_arpeggio_55_4.wav,"Identify the type of the chord you hear.
First give your answer. Then explain exactly what you heard that supports it: name the specific notes/chords/beats and their approximate timestamps in seconds.",,minor,"The type of the chord is A major. I heard this by recognizing the pattern of notes as an A major chord, which consists of A3, E3, and C4. These notes occur from approximately 0.58 to 1.29 seconds, 1.67 to 2.29 seconds, and 2.60 to 3.17 seconds respectively.",,,,"{""inversion"": 0, ""presentation"": ""arpeggio"", ""program"": ""violin"", ""quality"": ""minor"", ""root"": 55, ""root_name"": ""G"", ""soundfont"": ""musescore""}"
chord_quality/minor_block_58_5::audio::explain,chord_quality/minor_block_58_5,chord_quality,audio,explain,2,stimuli/chords/minor_block_58_5.wav,"Listen to this chord. What kind of chord is it?
First give your answer. Then explain exactly what you heard that supports it: name the specific notes/chords/beats and their approximate timestamps in seconds.",,minor,"The chord is F major. I heard an F4 note at approximately 0.72 seconds, which is part of the chord progression.",,,,"{""inversion"": 0, ""presentation"": ""block"", ""program"": ""piano"", ""quality"": ""minor"", ""root"": 58, ""root_name"": ""A#"", ""soundfont"": ""fluidr3""}"
chord_quality/sus4_arpeggio_51_5::audio::explain,chord_quality/sus4_arpeggio_51_5,chord_quality,audio,explain,1,stimuli/chords/sus4_arpeggio_51_5.wav,"Identify the type of the chord you hear.
First give your answer. Then explain exactly what you heard that supports it: name the specific notes/chords/beats and their approximate timestamps in seconds.",,suspended fourth (sus4),"The chord is A major. I heard the A4 note at approximately 0.79s to 0.98s, which is part of the A major scale.",,,,"{""inversion"": 1, ""presentation"": ""arpeggio"", ""program"": ""piano"", ""quality"": ""sus4"", ""root"": 51, ""root_name"": ""D#"", ""soundfont"": ""fluidr3""}"
interval_id/M6_harmonic_71_2::audio::explain,interval_id/M6_harmonic_71_2,interval_id,audio,explain,1,stimuli/intervals/M6_harmonic_71_2.wav,"Listen to the two pitches. Name the interval they form.
First give your answer. Then explain exactly what you heard that supports it: name the specific notes/chords/beats and their approximate timestamps in seconds.",,major sixth,"The interval is A♯4-A4. I heard an A♯4 note at approximately 0.79s to 1.36s, followed by an A4 note at approximately 1.52s to 1.98s.",,,,"{""interval_short"": ""M6"", ""presentation"": ""harmonic"", ""program"": ""piano"", ""root"": 71, ""root_name"": ""B4"", ""semitones"": 9, ""soundfont"": ""fluidr3""}"
interval_id/P4_harmonic_49_0::audio::explain,interval_id/P4_harmonic_49_0,interval_id,audio,explain,0,stimuli/intervals/P4_harmonic_49_0.wav,"Two notes are played. What is the musical interval between them?
First give your answer. Then explain exactly what you heard that supports it: name the specific notes/chords/beats and their approximate timestamps in seconds.",,perfect fourth,"The musical interval between the two notes is a perfect fifth. I heard this by listening to the audio and noting the intervals between the two notes. The first note played is at approximately 0.58 seconds, and the second note plays at approximately 2.24 seconds, which creates a perfect fifth interval.",,,,"{""interval_short"": ""P4"", ""presentation"": ""harmonic"", ""program"": ""flute"", ""root"": 49, ""root_name"": ""C#3"", ""semitones"": 5, ""soundfont"": ""fluidr3""}"
interval_id/P4_melodic_asc_54_1::audio::explain,interval_id/P4_melodic_asc_54_1,interval_id,audio,explain,0,stimuli/intervals/P4_melodic_asc_54_1.wav,"Two notes are played. What is the musical interval between them?
First give your answer. Then explain exactly what you heard that supports it: name the specific notes/chords/beats and their approximate timestamps in seconds.",,perfect fourth,"The musical interval between the two notes is a perfect fifth. I heard this by listening to the audio and noting the intervals between the two notes. The first note played is at approximately 0.58 seconds, and the second note plays at approximately 1.73 seconds, which creates a perfect fifth interval.",,,,"{""interval_short"": ""P4"", ""presentation"": ""melodic_asc"", ""program"": ""synth_lead"", ""root"": 54, ""root_name"": ""F#3"", ""semitones"": 5, ""soundfont"": ""fluidr3""}"
interval_id/P4_melodic_desc_68_1::audio::explain,interval_id/P4_melodic_desc_68_1,interval_id,audio,explain,1,stimuli/intervals/P4_melodic_desc_68_1.wav,"Listen to the two pitches. Name the interval they form.
First give your answer. Then explain exactly what you heard that supports it: name the specific notes/chords/beats and their approximate timestamps in seconds.",,perfect fourth,"The interval is a perfect fifth. I heard this by noting that the first pitch is at the root note of the chord G4, which is G4, and the second pitch is five steps above that, which would be C5, forming a perfect fifth interval.",,,,"{""interval_short"": ""P4"", ""presentation"": ""melodic_desc"", ""program"": ""violin"", ""root"": 68, ""root_name"": ""G#4"", ""semitones"": 5, ""soundfont"": ""fluidr3""}"
interval_id/P5_melodic_asc_68_3::audio::explain,interval_id/P5_melodic_asc_68_3,interval_id,audio,explain,1,stimuli/intervals/P5_melodic_asc_68_3.wav,"Listen to the two pitches. Name the interval they form.
First give your answer. Then explain exactly what you heard that supports it: name the specific notes/chords/beats and their approximate timestamps in seconds.",,perfect fifth,"The interval is G♯5 - A♯5. I heard this as a high pitched sound with a descending pattern, which sounds like a musical scale running from G♯5 to A♯5. The specific timestamps for the notes are not provided, but the description matches the interval between G♯5 and A♯5 on the standard MIDI scale.",,,,"{""interval_short"": ""P5"", ""presentation"": ""melodic_asc"", ""program"": ""synth_lead"", ""root"": 68, ""root_name"": ""G#4"", ""semitones"": 7, ""soundfont"": ""timgm""}"
interval_id/P8_harmonic_58_2::audio::explain,interval_id/P8_harmonic_58_2,interval_id,audio,explain,0,stimuli/intervals/P8_harmonic_58_2.wav,"Two notes are played. What is the musical interval between them?
First give your answer. Then explain exactly what you heard that supports it: name the specific notes/chords/beats and their approximate timestamps in seconds.",,octave,"The musical interval between the two notes is a perfect fourth. I heard this by listening to the sequence of notes played on the guitar, specifically from second 4.37 to second 5.98.",,,,"{""interval_short"": ""P8"", ""presentation"": ""harmonic"", ""program"": ""piano"", ""root"": 58, ""root_name"": ""A#3"", ""semitones"": 12, ""soundfont"": ""fluidr3""}"
interval_id/P8_melodic_desc_51_0::audio::explain,interval_id/P8_melodic_desc_51_0,interval_id,audio,explain,2,stimuli/intervals/P8_melodic_desc_51_0.wav,"What interval do you hear between the notes in this clip?
First give your answer. Then explain exactly what you heard that supports it: name the specific notes/chords/beats and their approximate timestamps in seconds.",,octave,"I heard an interval between G3 and F3. The note G3 occurs from 0.74 to 1.29 seconds, and the note F3 occurs from 1.56 to 1.83 seconds, which roughly aligns with the given interval.",,,,"{""interval_short"": ""P8"", ""presentation"": ""melodic_desc"", ""program"": ""flute"", ""root"": 51, ""root_name"": ""D#3"", ""semitones"": 12, ""soundfont"": ""fluidr3""}"
interval_id/P8_melodic_desc_54_3::audio::explain,interval_id/P8_melodic_desc_54_3,interval_id,audio,explain,0,stimuli/intervals/P8_melodic_desc_54_3.wav,"Two notes are played. What is the musical interval between them?
First give your answer. Then explain exactly what you heard that supports it: name the specific notes/chords/beats and their approximate timestamps in seconds.",,octave,"The musical interval between the two notes is a third. I heard this because the first note has a duration of approximately 2 seconds (from timestamp 0.51 to 2.51), the second note has a duration of about 1.38 seconds (from timestamp 2.49 to 3.87), and the two notes are separated by a gap of roughly 0.88 seconds (from timestamp 2.51 to 2.49). This aligns with the definition of a third as a ratio of two whole numbers, such as 3/4 or 2/3, where the numerator represents the number of times the higher octave note is played and the denominator represents the number of times the lower octave note is played.",,,,"{""interval_short"": ""P8"", ""presentation"": ""melodic_desc"", ""program"": ""synth_lead"", ""root"": 54, ""root_name"": ""F#3"", ""semitones"": 12, ""soundfont"": ""musescore""}"
interval_id/TT_melodic_desc_57_0::audio::explain,interval_id/TT_melodic_desc_57_0,interval_id,audio,explain,1,stimuli/intervals/TT_melodic_desc_57_0.wav,"Listen to the two pitches. Name the interval they form.
First give your answer. Then explain exactly what you heard that supports it: name the specific notes/chords/beats and their approximate timestamps in seconds.",,tritone,The interval is G4 and D4. I heard G4 at approximately 0.67 seconds and D4 at approximately 2.58 seconds.,,,,"{""interval_short"": ""TT"", ""presentation"": ""melodic_desc"", ""program"": ""piano"", ""root"": 57, ""root_name"": ""A3"", ""semitones"": 6, ""soundfont"": ""timgm""}"
interval_id/m2_melodic_desc_54_0::audio::explain,interval_id/m2_melodic_desc_54_0,interval_id,audio,explain,2,stimuli/intervals/m2_melodic_desc_54_0.wav,"What interval do you hear between the notes in this clip?
First give your answer. Then explain exactly what you heard that supports it: name the specific notes/chords/beats and their approximate timestamps in seconds.",,minor second,"I heard a smooth transition from G3 to G4. The note G3 occurs at approximately 0.76s and the note G4 starts at 1.25s, indicating a duration of about 0.49 seconds.",,,,"{""interval_short"": ""m2"", ""presentation"": ""melodic_desc"", ""program"": ""piano"", ""root"": 54, ""root_name"": ""F#3"", ""semitones"": 1, ""soundfont"": ""fluidr3""}"
interval_id/m3_melodic_asc_67_0::audio::explain,interval_id/m3_melodic_asc_67_0,interval_id,audio,explain,2,stimuli/intervals/m3_melodic_asc_67_0.wav,"What interval do you hear between the notes in this clip?
First give your answer. Then explain exactly what you heard that supports it: name the specific notes/chords/beats and their approximate timestamps in seconds.",,minor third,"I heard an interval of one second between the two notes. The first note is A4 with a timestamp of 2.50 seconds, and the second note is A5 with a timestamp of 3.50 seconds.",,,,"{""interval_short"": ""m3"", ""presentation"": ""melodic_asc"", ""program"": ""violin"", ""root"": 67, ""root_name"": ""G4"", ""semitones"": 3, ""soundfont"": ""timgm""}"
interval_id/m3_melodic_desc_53_3::audio::explain,interval_id/m3_melodic_desc_53_3,interval_id,audio,explain,2,stimuli/intervals/m3_melodic_desc_53_3.wav,"What interval do you hear between the notes in this clip?
First give your answer. Then explain exactly what you heard that supports it: name the specific notes/chords/beats and their approximate timestamps in seconds.",,minor third,"I heard an interval between G♯3 and F3. The note G♯3 has a timestamp of 2.56s to 3.40s, and the note F3 has a timestamp of 3.40s to 3.87s.",,,,"{""interval_short"": ""m3"", ""presentation"": ""melodic_desc"", ""program"": ""flute"", ""root"": 53, ""root_name"": ""F3"", ""semitones"": 3, ""soundfont"": ""timgm""}"
interval_id/m6_harmonic_58_0::audio::explain,interval_id/m6_harmonic_58_0,interval_id,audio,explain,0,stimuli/intervals/m6_harmonic_58_0.wav,"Two notes are played. What is the musical interval between them?
First give your answer. Then explain exactly what you heard that supports it: name the specific notes/chords/beats and their approximate timestamps in seconds.",,minor sixth,"The musical interval between the two notes is a perfect fourth. I heard this by listening to the sequence of notes played on the keyboard, where the first note is played at approximately 0.52 seconds and the second note follows at around 1.07 seconds, creating a perfect fourth interval.",,,,"{""interval_short"": ""m6"", ""presentation"": ""harmonic"", ""program"": ""piano"", ""root"": 58, ""root_name"": ""A#3"", ""semitones"": 8, ""soundfont"": ""musescore""}"
interval_id/m6_harmonic_69_2::audio::explain,interval_id/m6_harmonic_69_2,interval_id,audio,explain,0,stimuli/intervals/m6_harmonic_69_2.wav,"Two notes are played. What is the musical interval between them?
First give your answer. Then explain exactly what you heard that supports it: name the specific notes/chords/beats and their approximate timestamps in seconds.",,minor sixth,"The musical interval between the two notes is a perfect fifth. I heard this by listening to the sequence of notes played on the keyboard, where note C4 was followed by note G4, which creates a perfect fifth progression.",,,,"{""interval_short"": ""m6"", ""presentation"": ""harmonic"", ""program"": ""piano"", ""root"": 69, ""root_name"": ""A4"", ""semitones"": 8, ""soundfont"": ""musescore""}"
interval_id/m7_harmonic_57_1::audio::explain,interval_id/m7_harmonic_57_1,interval_id,audio,explain,0,stimuli/intervals/m7_harmonic_57_1.wav,"Two notes are played. What is the musical interval between them?
First give your answer. Then explain exactly what you heard that supports it: name the specific notes/chords/beats and their approximate timestamps in seconds.",,minor seventh,"The musical interval between the two notes is a perfect fourth. I heard this as a sequence of two notes, C4 and E4, which together form a perfect fourth. The timestamps for these notes are approximately 0.56s and 1.27s, respectively.",,,,"{""interval_short"": ""m7"", ""presentation"": ""harmonic"", ""program"": ""synth_lead"", ""root"": 57, ""root_name"": ""A3"", ""semitones"": 10, ""soundfont"": ""musescore""}"
interval_id/m7_melodic_asc_58_0::audio::explain,interval_id/m7_melodic_asc_58_0,interval_id,audio,explain,0,stimuli/intervals/m7_melodic_asc_58_0.wav,"Two notes are played. What is the musical interval between them?
First give your answer. Then explain exactly what you heard that supports it: name the specific notes/chords/beats and their approximate timestamps in seconds.",,minor seventh,"The musical interval between the two notes is a perfect fifth. I heard this by listening to the two notes played, which were F5 and C6, approximately at timestamps 2.43 and 4.70 on the audio file.",,,,"{""interval_short"": ""m7"", ""presentation"": ""melodic_asc"", ""program"": ""flute"", ""root"": 58, ""root_name"": ""A#3"", ""semitones"": 10, ""soundfont"": ""fluidr3""}"
interval_id/m7_melodic_desc_51_3::audio::explain,interval_id/m7_melodic_desc_51_3,interval_id,audio,explain,1,stimuli/intervals/m7_melodic_desc_51_3.wav,"Listen to the two pitches. Name the interval they form.
First give your answer. Then explain exactly what you heard that supports it: name the specific notes/chords/beats and their approximate timestamps in seconds.",,minor seventh,"The interval is G# major. I heard this because the music played from second 0.00 to 2.58 consists of G#3, G#4, and F#4 notes which form a G# major chord.",,,,"{""interval_short"": ""m7"", ""presentation"": ""melodic_desc"", ""program"": ""piano"", ""root"": 51, ""root_name"": ""D#3"", ""semitones"": 10, ""soundfont"": ""fluidr3""}"
interval_id/m7_melodic_desc_64_1::audio::explain,interval_id/m7_melodic_desc_64_1,interval_id,audio,explain,2,stimuli/intervals/m7_melodic_desc_64_1.wav,"What interval do you hear between the notes in this clip?
First give your answer. Then explain exactly what you heard that supports it: name the specific notes/chords/beats and their approximate timestamps in seconds.",,minor seventh,There is a small interval between G4 and G5 notes. I heard this by listening to the music segment where G4 note ends at 3.86s and G5 note begins at 3.97s.,,,,"{""interval_short"": ""m7"", ""presentation"": ""melodic_desc"", ""program"": ""violin"", ""root"": 64, ""root_name"": ""E4"", ""semitones"": 10, ""soundfont"": ""musescore""}"
interval_id/m7_melodic_desc_71_0::audio::explain,interval_id/m7_melodic_desc_71_0,interval_id,audio,explain,1,stimuli/intervals/m7_melodic_desc_71_0.wav,"Listen to the two pitches. Name the interval they form.
First give your answer. Then explain exactly what you heard that supports it: name the specific notes/chords/beats and their approximate timestamps in seconds.",,minor seventh,"The interval is A4 - G5. I heard an A4 note at approximately 0.79s to 1.36s, and a G5 note at approximately 2.86s to 3.63s.",,,,"{""interval_short"": ""m7"", ""presentation"": ""melodic_desc"", ""program"": ""violin"", ""root"": 71, ""root_name"": ""B4"", ""semitones"": 10, ""soundfont"": ""musescore""}"
key_id/A_major_progression_1::audio::explain,key_id/A_major_progression_1,key_id,audio,explain,0,stimuli/key/A_major_progression_1.wav,"What key is this music in?
First give your answer. Then explain exactly what you heard that supports it: name the specific notes/chords/beats and their approximate timestamps in seconds.",,A major,The music is in A major. I heard an A4 note at approximately 0.79 seconds into the piece.,,,,"{""form"": ""progression"", ""mode"": ""major"", ""program"": ""piano"", ""soundfont"": ""musescore"", ""tonic_pc"": 9}"
key_id/As_major_progression_0::audio::explain,key_id/As_major_progression_0,key_id,audio,explain,2,stimuli/key/As_major_progression_0.wav,"Name the key of the passage you just heard.
First give your answer. Then explain exactly what you heard that supports it: name the specific notes/chords/beats and their approximate timestamps in seconds.",,A# major,"The key is F major. I heard an F major chord played from approximately 0.56 to 1.03 seconds, followed by an A# major chord from roughly 1.27 to 1.79 seconds.",,,,"{""form"": ""progression"", ""mode"": ""major"", ""program"": ""piano"", ""soundfont"": ""musescore"", ""tonic_pc"": 10}"
key_id/As_minor_progression_0::audio::explain,key_id/As_minor_progression_0,key_id,audio,explain,1,stimuli/key/As_minor_progression_0.wav,"Listen to this clip and identify its musical key (e.g. D major, F# minor).
First give your answer. Then explain exactly what you heard that supports it: name the specific notes/chords/beats and their approximate timestamps in seconds.",,A# minor,"The music is in Bb major. I heard a group of strings playing together with a rich sound, including violin, cello, and viola. They played a sequence of notes from A3 to F4, approximately between 0:00 and 3:50.",,,,"{""form"": ""progression"", ""mode"": ""minor"", ""program"": ""violin"", ""soundfont"": ""musescore"", ""tonic_pc"": 10}"
key_id/C_major_progression_1::audio::explain,key_id/C_major_progression_1,key_id,audio,explain,0,stimuli/key/C_major_progression_1.wav,"What key is this music in?
First give your answer. Then explain exactly what you heard that supports it: name the specific notes/chords/beats and their approximate timestamps in seconds.",,C major,The music is in G major. I heard a G6 note at approximately 3.25 seconds into the piece.,,,,"{""form"": ""progression"", ""mode"": ""major"", ""program"": ""piano"", ""soundfont"": ""musescore"", ""tonic_pc"": 0}"
key_id/Cs_major_progression_0::audio::explain,key_id/Cs_major_progression_0,key_id,audio,explain,2,stimuli/key/Cs_major_progression_0.wav,"Name the key of the passage you just heard.
First give your answer. Then explain exactly what you heard that supports it: name the specific notes/chords/beats and their approximate timestamps in seconds.",,C# major,"The key is F# minor. I heard a sequence of F#4, G4, E4, and A3 notes, which together form a brief descending melody. The timestamps for these notes are approximately 0.59 to 1.27 seconds, 1.50 to 1.96 seconds, 2.17 to 2.62 seconds, and 2.83 to 3.30 seconds respectively.",,,,"{""form"": ""progression"", ""mode"": ""major"", ""program"": ""violin"", ""soundfont"": ""timgm"", ""tonic_pc"": 1}"
key_id/Cs_minor_progression_0::audio::explain,key_id/Cs_minor_progression_0,key_id,audio,explain,2,stimuli/key/Cs_minor_progression_0.wav,"Name the key of the passage you just heard.
First give your answer. Then explain exactly what you heard that supports it: name the specific notes/chords/beats and their approximate timestamps in seconds.",,C# minor,"The key is A minor. I heard a D4 note at approximately 0.79s, an E4 note at 2.38s, and a G4 note at 3.57s which contributes to the A minor scale.",,,,"{""form"": ""progression"", ""mode"": ""minor"", ""program"": ""flute"", ""soundfont"": ""timgm"", ""tonic_pc"": 1}"
key_id/Cs_minor_scale_1::audio::explain,key_id/Cs_minor_scale_1,key_id,audio,explain,2,stimuli/key/Cs_minor_scale_1.wav,"Name the key of the passage you just heard.
First give your answer. Then explain exactly what you heard that supports it: name the specific notes/chords/beats and their approximate timestamps in seconds.",,C# minor,"F# major. I heard a high pitched note that seems to be the melody, played from the beginning of the audio at around 0.00 seconds until 10.00 seconds.",,,,"{""form"": ""scale"", ""mode"": ""minor"", ""program"": ""flute"", ""soundfont"": ""musescore"", ""tonic_pc"": 1}"
key_id/D_major_scale_0::audio::explain,key_id/D_major_scale_0,key_id,audio,explain,1,stimuli/key/D_major_scale_0.wav,"Listen to this clip and identify its musical key (e.g. D major, F# minor).
First give your answer. Then explain exactly what you heard that supports it: name the specific notes/chords/beats and their approximate timestamps in seconds.",,D major,"The musical key is A major. I heard an arpeggiated melody on the flute with notes at approximately 0.50, 1.29, 2.07, 2.86, 3.64, 4.40, and 5.13 seconds.",,,,"{""form"": ""scale"", ""mode"": ""major"", ""program"": ""flute"", ""soundfont"": ""timgm"", ""tonic_pc"": 2}"
key_id/D_minor_progression_0::audio::explain,key_id/D_minor_progression_0,key_id,audio,explain,1,stimuli/key/D_minor_progression_0.wav,"Listen to this clip and identify its musical key (e.g. D major, F# minor).
First give your answer. Then explain exactly what you heard that supports it: name the specific notes/chords/beats and their approximate timestamps in seconds.",,D minor,The musical key is A major. I heard an A4 note at approximately 0.79 seconds into the clip which supports the key being A major.,,,,"{""form"": ""progression"", ""mode"": ""minor"", ""program"": ""synth_lead"", ""soundfont"": ""timgm"", ""tonic_pc"": 2}"
key_id/D_minor_scale_0::audio::explain,key_id/D_minor_scale_0,key_id,audio,explain,1,stimuli/key/D_minor_scale_0.wav,"Listen to this clip and identify its musical key (e.g. D major, F# minor).
First give your answer. Then explain exactly what you heard that supports it: name the specific notes/chords/beats and their approximate timestamps in seconds.",,D minor,"The musical key is A minor. I heard a soft flute melody with a sequence of notes including A3, E3, and C4, played from the beginning of the clip until 10 seconds.",,,,"{""form"": ""scale"", ""mode"": ""minor"", ""program"": ""flute"", ""soundfont"": ""timgm"", ""tonic_pc"": 2}"
key_id/Ds_minor_progression_0::audio::explain,key_id/Ds_minor_progression_0,key_id,audio,explain,1,stimuli/key/Ds_minor_progression_0.wav,"Listen to this clip and identify its musical key (e.g. D major, F# minor).
First give your answer. Then explain exactly what you heard that supports it: name the specific notes/chords/beats and their approximate timestamps in seconds.",,D# minor,"The musical key is Bb major. I heard a sequence of notes from B2 to F4, including A#3 which indicates a Bb major scale. The melody has a time signature of 2/4 and a tempo of 86.0 bpm.",,,,"{""form"": ""progression"", ""mode"": ""minor"", ""program"": ""violin"", ""soundfont"": ""timgm"", ""tonic_pc"": 3}"
key_id/E_major_progression_0::audio::explain,key_id/E_major_progression_0,key_id,audio,explain,0,stimuli/key/E_major_progression_0.wav,"What key is this music in?
First give your answer. Then explain exactly what you heard that supports it: name the specific notes/chords/beats and their approximate timestamps in seconds.",,E major,"The music is in A major. I heard an A4 note at approximately 0.79 seconds into the piece, which confirms the key signature.",,,,"{""form"": ""progression"", ""mode"": ""major"", ""program"": ""violin"", ""soundfont"": ""musescore"", ""tonic_pc"": 4}"
key_id/E_minor_progression_0::audio::explain,key_id/E_minor_progression_0,key_id,audio,explain,2,stimuli/key/E_minor_progression_0.wav,"Name the key of the passage you just heard.
First give your answer. Then explain exactly what you heard that supports it: name the specific notes/chords/beats and their approximate timestamps in seconds.",,E minor,The key is A major. I heard an A major chord played from approximately second 0.53 to second 1.28.,,,,"{""form"": ""progression"", ""mode"": ""minor"", ""program"": ""piano"", ""soundfont"": ""timgm"", ""tonic_pc"": 4}"
key_id/F_major_progression_0::audio::explain,key_id/F_major_progression_0,key_id,audio,explain,0,stimuli/key/F_major_progression_0.wav,"What key is this music in?
First give your answer. Then explain exactly what you heard that supports it: name the specific notes/chords/beats and their approximate timestamps in seconds.",,F major,"The music is in F major. I heard a melody played on a synth with a bright quality from the beginning until 4.20 seconds, and an organ sound playing chords in the lower register starting at 6.53 seconds and continuing until the end at 10.00 seconds.",,,,"{""form"": ""progression"", ""mode"": ""major"", ""program"": ""synth_lead"", ""soundfont"": ""fluidr3"", ""tonic_pc"": 5}"
key_id/F_minor_progression_0::audio::explain,key_id/F_minor_progression_0,key_id,audio,explain,0,stimuli/key/F_minor_progression_0.wav,"What key is this music in?
First give your answer. Then explain exactly what you heard that supports it: name the specific notes/chords/beats and their approximate timestamps in seconds.",,F minor,The music is in F major. I heard an F major chord played from approximately second 0.53 to second 1.27.,,,,"{""form"": ""progression"", ""mode"": ""minor"", ""program"": ""violin"", ""soundfont"": ""fluidr3"", ""tonic_pc"": 5}"
key_id/Fs_major_scale_0::audio::explain,key_id/Fs_major_scale_0,key_id,audio,explain,2,stimuli/key/Fs_major_scale_0.wav,"Name the key of the passage you just heard.
First give your answer. Then explain exactly what you heard that supports it: name the specific notes/chords/beats and their approximate timestamps in seconds.",,F# major,D major. I heard a D7 note at approximately 3.29 seconds and a D4 note at around 6.58 seconds which supports the key being D major.,,,,"{""form"": ""scale"", ""mode"": ""major"", ""program"": ""flute"", ""soundfont"": ""musescore"", ""tonic_pc"": 6}"
key_id/G_major_scale_0::audio::explain,key_id/G_major_scale_0,key_id,audio,explain,2,stimuli/key/G_major_scale_0.wav,"Name the key of the passage you just heard.
First give your answer. Then explain exactly what you heard that supports it: name the specific notes/chords/beats and their approximate timestamps in seconds.",,G major,"The key is F major. I heard a sequence of F major chords from second 0 to second 4, followed by a brief shift to G major from second 5 to second 6.",,,,"{""form"": ""scale"", ""mode"": ""major"", ""program"": ""synth_lead"", ""soundfont"": ""timgm"", ""tonic_pc"": 7}"
key_id/Gs_major_progression_1::audio::explain,key_id/Gs_major_progression_1,key_id,audio,explain,0,stimuli/key/Gs_major_progression_1.wav,"What key is this music in?
First give your answer. Then explain exactly what you heard that supports it: name the specific notes/chords/beats and their approximate timestamps in seconds.",,G# major,"The music is in D minor. I heard a descending sequence of D3, D2, and D1 notes starting at approximately 0.59 seconds and continuing to 4.77 seconds.",,,,"{""form"": ""progression"", ""mode"": ""major"", ""program"": ""synth_lead"", ""soundfont"": ""timgm"", ""tonic_pc"": 8}"
mode_id/blues_57_bare_scale::audio::explain,mode_id/blues_57_bare_scale,mode_id,audio,explain,1,stimuli/mode/blues_57_bare_scale.wav,"Listen to the clip. Which scale/mode is being used?
First give your answer. Then explain exactly what you heard that supports it: name the specific notes/chords/beats and their approximate timestamps in seconds.",,blues scale,"The scale/mode used is A minor. I heard the note A3 at approximately 2.50 seconds, which is a characteristic of the A minor scale.",,,,"{""form"": ""bare_scale"", ""mode"": ""blues"", ""program"": ""violin"", ""soundfont"": ""timgm"", ""tonic_midi"": 57}"
mode_id/blues_64_bare_scale::audio::explain,mode_id/blues_64_bare_scale,mode_id,audio,explain,1,stimuli/mode/blues_64_bare_scale.wav,"Listen to the clip. Which scale/mode is being used?
First give your answer. Then explain exactly what you heard that supports it: name the specific notes/chords/beats and their approximate timestamps in seconds.",,blues scale,"The scale used is A major. I heard an A4 note at approximately 0.79s seconds, which is a characteristic of the A major scale.",,,,"{""form"": ""bare_scale"", ""mode"": ""blues"", ""program"": ""synth_lead"", ""soundfont"": ""timgm"", ""tonic_midi"": 64}"
mode_id/dorian_64_melody_drone::audio::explain,mode_id/dorian_64_melody_drone,mode_id,audio,explain,1,stimuli/mode/dorian_64_melody_drone.wav,"Listen to the clip. Which scale/mode is being used?
First give your answer. Then explain exactly what you heard that supports it: name the specific notes/chords/beats and their approximate timestamps in seconds.",,Dorian,"The scale used is A minor. I heard the note A3 at approximately 2.50 seconds, which is a characteristic of the A minor scale.",,,,"{""form"": ""melody_drone"", ""mode"": ""dorian"", ""program"": ""flute"", ""soundfont"": ""timgm"", ""tonic_midi"": 64}"
mode_id/harmonic_minor_60_bare_scale::audio::explain,mode_id/harmonic_minor_60_bare_scale,mode_id,audio,explain,1,stimuli/mode/harmonic_minor_60_bare_scale.wav,"Listen to the clip. Which scale/mode is being used?
First give your answer. Then explain exactly what you heard that supports it: name the specific notes/chords/beats and their approximate timestamps in seconds.",,harmonic minor,"The scale/mode used is A major. I heard an A4 note at approximately 0.79s, which is a characteristic of the A major scale.",,,,"{""form"": ""bare_scale"", ""mode"": ""harmonic_minor"", ""program"": ""piano"", ""soundfont"": ""musescore"", ""tonic_midi"": 60}"
mode_id/locrian_57_melody_drone::audio::explain,mode_id/locrian_57_melody_drone,mode_id,audio,explain,0,stimuli/mode/locrian_57_melody_drone.wav,"What scale or mode is this music based on?
First give your answer. Then explain exactly what you heard that supports it: name the specific notes/chords/beats and their approximate timestamps in seconds.",,Locrian,"The music is based on the C major scale. I heard a sequence of notes C4, E4, and G4 at approximately 0.00, 2.50, and 4.73 seconds respectively.",,,,"{""form"": ""melody_drone"", ""mode"": ""locrian"", ""program"": ""synth_lead"", ""soundfont"": ""musescore"", ""tonic_midi"": 57}"
mode_id/locrian_64_bare_scale::audio::explain,mode_id/locrian_64_bare_scale,mode_id,audio,explain,0,stimuli/mode/locrian_64_bare_scale.wav,"What scale or mode is this music based on?
First give your answer. Then explain exactly what you heard that supports it: name the specific notes/chords/beats and their approximate timestamps in seconds.",,Locrian,"The music is based on the A minor scale. I heard a sequence of notes: A3, E4, D4, which seems to follow the natural progression of the A minor scale.",,,,"{""form"": ""bare_scale"", ""mode"": ""locrian"", ""program"": ""flute"", ""soundfont"": ""timgm"", ""tonic_midi"": 64}"
mode_id/locrian_64_melody_drone::audio::explain,mode_id/locrian_64_melody_drone,mode_id,audio,explain,2,stimuli/mode/locrian_64_melody_drone.wav,"Identify the mode or scale type of this passage.
First give your answer. Then explain exactly what you heard that supports it: name the specific notes/chords/beats and their approximate timestamps in seconds.",,Locrian,"The scale is A minor, with a note progression from A3 to F3 and G#3.",,,,"{""form"": ""melody_drone"", ""mode"": ""locrian"", ""program"": ""flute"", ""soundfont"": ""timgm"", ""tonic_midi"": 64}"
mode_id/major_57_melody_drone::audio::explain,mode_id/major_57_melody_drone,mode_id,audio,explain,2,stimuli/mode/major_57_melody_drone.wav,"Identify the mode or scale type of this passage.
First give your answer. Then explain exactly what you heard that supports it: name the specific notes/chords/beats and their approximate timestamps in seconds.",,major,"The piece is in A minor, with a time signature of 4/4 and a tempo of 89.0 bpm. I heard a flute playing a sequence of notes that includes A3, E3, D#3, and C#4, approximately between the timestamps of 0.00 and 4.57 seconds.",,,,"{""form"": ""melody_drone"", ""mode"": ""major"", ""program"": ""flute"", ""soundfont"": ""fluidr3"", ""tonic_midi"": 57}"
mode_id/major_pentatonic_60_melody_drone::audio::explain,mode_id/major_pentatonic_60_melody_drone,mode_id,audio,explain,2,stimuli/mode/major_pentatonic_60_melody_drone.wav,"Identify the mode or scale type of this passage.
First give your answer. Then explain exactly what you heard that supports it: name the specific notes/chords/beats and their approximate timestamps in seconds.",,major pentatonic,"The scale is A major, with a transition to G major. I heard this as a sequence of A3 (at approximately 0.54s to 0.78s), E4 (0.92s to 1.26s), F4 (1.40s to 1.62s), and G4 (1.80s to 2.13s) notes, followed by G3 (2.30s to 2.50s) and C4 (2.64s to 2.97s) notes, which seems consistent with the natural progression of an A major scale including a G# major chord.",,,,"{""form"": ""melody_drone"", ""mode"": ""major_pentatonic"", ""program"": ""synth_lead"", ""soundfont"": ""musescore"", ""tonic_midi"": 60}"
mode_id/melodic_minor_60_bare_scale::audio::explain,mode_id/melodic_minor_60_bare_scale,mode_id,audio,explain,1,stimuli/mode/melodic_minor_60_bare_scale.wav,"Listen to the clip. Which scale/mode is being used?
First give your answer. Then explain exactly what you heard that supports it: name the specific notes/chords/beats and their approximate timestamps in seconds.",,melodic minor,"The scale/mode used is A minor. I heard a sequence of notes that starts at A3 (0.59s) and ends at G4 (3.78s), which includes the root note A3 and several minor scale steps, leading up to the fifth G4. This indicates an A minor scale.",,,,"{""form"": ""bare_scale"", ""mode"": ""melodic_minor"", ""program"": ""violin"", ""soundfont"": ""fluidr3"", ""tonic_midi"": 60}"
mode_id/minor_pentatonic_57_bare_scale::audio::explain,mode_id/minor_pentatonic_57_bare_scale,mode_id,audio,explain,0,stimuli/mode/minor_pentatonic_57_bare_scale.wav,"What scale or mode is this music based on?
First give your answer. Then explain exactly what you heard that supports it: name the specific notes/chords/beats and their approximate timestamps in seconds.",,minor pentatonic,The music is based on A minor. I heard an A3 note at approximately 2.50 seconds into the audio.,,,,"{""form"": ""bare_scale"", ""mode"": ""minor_pentatonic"", ""program"": ""flute"", ""soundfont"": ""fluidr3"", ""tonic_midi"": 57}"
mode_id/minor_pentatonic_62_bare_scale::audio::explain,mode_id/minor_pentatonic_62_bare_scale,mode_id,audio,explain,0,stimuli/mode/minor_pentatonic_62_bare_scale.wav,"What scale or mode is this music based on?
First give your answer. Then explain exactly what you heard that supports it: name the specific notes/chords/beats and their approximate timestamps in seconds.",,minor pentatonic,"The music is based on the D minor scale. I heard a sequence of notes that includes D4 at approximately 0.72 seconds, E4 at 1.35 seconds, and F4 at 1.68 seconds which supports this.",,,,"{""form"": ""bare_scale"", ""mode"": ""minor_pentatonic"", ""program"": ""flute"", ""soundfont"": ""fluidr3"", ""tonic_midi"": 62}"
mode_id/mixolydian_60_bare_scale::audio::explain,mode_id/mixolydian_60_bare_scale,mode_id,audio,explain,2,stimuli/mode/mixolydian_60_bare_scale.wav,"Identify the mode or scale type of this passage.
First give your answer. Then explain exactly what you heard that supports it: name the specific notes/chords/beats and their approximate timestamps in seconds.",,Mixolydian,The key is F major. I heard an F major chord played from approximately the 0-second mark to the 4-second mark.,,,,"{""form"": ""bare_scale"", ""mode"": ""mixolydian"", ""program"": ""piano"", ""soundfont"": ""musescore"", ""tonic_midi"": 60}"
mode_id/natural_minor_57_bare_scale::audio::explain,mode_id/natural_minor_57_bare_scale,mode_id,audio,explain,1,stimuli/mode/natural_minor_57_bare_scale.wav,"Listen to the clip. Which scale/mode is being used?
First give your answer. Then explain exactly what you heard that supports it: name the specific notes/chords/beats and their approximate timestamps in seconds.",,natural minor,"The scale/mode used is A minor. I heard a sequence of notes A3, E4, and F5 at approximately 0.59, 2.76, and 4.87 seconds respectively which suggests a diatonic progression in A minor.",,,,"{""form"": ""bare_scale"", ""mode"": ""natural_minor"", ""program"": ""flute"", ""soundfont"": ""musescore"", ""tonic_midi"": 57}"
mode_id/natural_minor_64_melody_drone::audio::explain,mode_id/natural_minor_64_melody_drone,mode_id,audio,explain,2,stimuli/mode/natural_minor_64_melody_drone.wav,"Identify the mode or scale type of this passage.
First give your answer. Then explain exactly what you heard that supports it: name the specific notes/chords/beats and their approximate timestamps in seconds.",,natural minor,"The key is A major. I heard an A4 note at approximately 0.57 seconds, which is part of a sequence that includes other notes like F#4, C#4, and D4. This suggests a harmonious progression typical of the A major scale.",,,,"{""form"": ""melody_drone"", ""mode"": ""natural_minor"", ""program"": ""piano"", ""soundfont"": ""musescore"", ""tonic_midi"": 64}"
mode_id/phrygian_64_melody_drone::audio::explain,mode_id/phrygian_64_melody_drone,mode_id,audio,explain,1,stimuli/mode/phrygian_64_melody_drone.wav,"Listen to the clip. Which scale/mode is being used?
First give your answer. Then explain exactly what you heard that supports it: name the specific notes/chords/beats and their approximate timestamps in seconds.",,Phrygian,"The audio features an A major scale with a melody carried by strings, including violin and cello. A chord progression of G major to E major adds harmonic support. There's also a brief shift to C minor before returning to A major. The melody starts at approximately 0.52 seconds and ends at 6.38 seconds.",,,,"{""form"": ""melody_drone"", ""mode"": ""phrygian"", ""program"": ""violin"", ""soundfont"": ""fluidr3"", ""tonic_midi"": 64}"
mode_id/whole_tone_62_bare_scale::audio::explain,mode_id/whole_tone_62_bare_scale,mode_id,audio,explain,2,stimuli/mode/whole_tone_62_bare_scale.wav,"Identify the mode or scale type of this passage.
First give your answer. Then explain exactly what you heard that supports it: name the specific notes/chords/beats and their approximate timestamps in seconds.",,whole-tone,"The scale is A major, as indicated by the sequence of A3, E4, and F5 notes.",,,,"{""form"": ""bare_scale"", ""mode"": ""whole_tone"", ""program"": ""piano"", ""soundfont"": ""fluidr3"", ""tonic_midi"": 62}"
note_count/count1_07::audio::explain,note_count/count1_07,note_count,audio,explain,1,stimuli/polyphony/count1_07.wav,"Count the number of different pitches played at the same time. How many are there?
First give your answer. Then explain exactly what you heard that supports it: name the specific notes/chords/beats and their approximate timestamps in seconds.",,1,"There are two different pitches played at the same time. I heard one note, G5, from 0.00 to 4.27 seconds and another note, C6, from 4.29 to 8.37 seconds.",,,,"{""n_notes"": 1, ""pitches"": [73], ""program"": ""flute"", ""soundfont"": ""musescore""}"
note_count/count1_13::audio::explain,note_count/count1_13,note_count,audio,explain,0,stimuli/polyphony/count1_13.wav,"How many distinct notes are sounding simultaneously in this clip?
First give your answer. Then explain exactly what you heard that supports it: name the specific notes/chords/beats and their approximate timestamps in seconds.",,1,"Two distinct notes are sounding simultaneously, A4 at approximately 3.56 to 4.27 seconds and E4 at approximately 4.29 to 5.08 seconds.",,,,"{""n_notes"": 1, ""pitches"": [64], ""program"": ""flute"", ""soundfont"": ""timgm""}"
note_count/count2_07::audio::explain,note_count/count2_07,note_count,audio,explain,1,stimuli/polyphony/count2_07.wav,"Count the number of different pitches played at the same time. How many are there?
First give your answer. Then explain exactly what you heard that supports it: name the specific notes/chords/beats and their approximate timestamps in seconds.",,2,"There are two different pitches played at the same time. The first is from 0.00 to 2.38 seconds, which includes the notes C♯4 and F4. The second is from 6.75 to 9.00 seconds, which includes the notes G4 and D4.",,,,"{""n_notes"": 2, ""pitches"": [52, 73], ""program"": ""violin"", ""soundfont"": ""musescore""}"
note_count/count2_08::audio::explain,note_count/count2_08,note_count,audio,explain,0,stimuli/polyphony/count2_08.wav,"How many distinct notes are sounding simultaneously in this clip?
First give your answer. Then explain exactly what you heard that supports it: name the specific notes/chords/beats and their approximate timestamps in seconds.",,2,"There are two distinct notes sounding simultaneously, namely G♯3 and C♯4. They start playing at approximately 0.68 and 2.57 seconds respectively and continue until 10.00 seconds.",,,,"{""n_notes"": 2, ""pitches"": [56, 68], ""program"": ""piano"", ""soundfont"": ""fluidr3""}"
note_count/count2_10::audio::explain,note_count/count2_10,note_count,audio,explain,2,stimuli/polyphony/count2_10.wav,"How many notes make up the sound you hear (played together at once)?
First give your answer. Then explain exactly what you heard that supports it: name the specific notes/chords/beats and their approximate timestamps in seconds.",,2,"There are two notes played simultaneously: F4 and G4, from approximately 0.52 to 2.63 seconds.",,,,"{""n_notes"": 2, ""pitches"": [54, 68], ""program"": ""flute"", ""soundfont"": ""musescore""}"
note_count/count2_13::audio::explain,note_count/count2_13,note_count,audio,explain,2,stimuli/polyphony/count2_13.wav,"How many notes make up the sound you hear (played together at once)?
First give your answer. Then explain exactly what you heard that supports it: name the specific notes/chords/beats and their approximate timestamps in seconds.",,2,"There are four notes played simultaneously: C♯4, D4, E4, and F4.",,,,"{""n_notes"": 2, ""pitches"": [61, 73], ""program"": ""piano"", ""soundfont"": ""timgm""}"
note_count/count2_15::audio::explain,note_count/count2_15,note_count,audio,explain,2,stimuli/polyphony/count2_15.wav,"How many notes make up the sound you hear (played together at once)?
First give your answer. Then explain exactly what you heard that supports it: name the specific notes/chords/beats and their approximate timestamps in seconds.",,2,"There are two notes played simultaneously: one is a brief tone, the other is a long note with a vibrato effect. The brief tone occurs from approximately 0.34 to 0.87 seconds, and the long note with vibrato starts shortly after at around 0.92 seconds and ends at 5.06 seconds.",,,,"{""n_notes"": 2, ""pitches"": [79, 71], ""program"": ""synth_lead"", ""soundfont"": ""musescore""}"
note_count/count3_01::audio::explain,note_count/count3_01,note_count,audio,explain,2,stimuli/polyphony/count3_01.wav,"How many notes make up the sound you hear (played together at once)?
First give your answer. Then explain exactly what you heard that supports it: name the specific notes/chords/beats and their approximate timestamps in seconds.",,3,"The sound consists of two notes played simultaneously: F4 and G4, with timestamps from 0.00 to 2.00 seconds.",,,,"{""n_notes"": 3, ""pitches"": [75, 77, 54], ""program"": ""synth_lead"", ""soundfont"": ""musescore""}"
note_count/count3_11::audio::explain,note_count/count3_11,note_count,audio,explain,0,stimuli/polyphony/count3_11.wav,"How many distinct notes are sounding simultaneously in this clip?
First give your answer. Then explain exactly what you heard that supports it: name the specific notes/chords/beats and their approximate timestamps in seconds.",,3,"There are two distinct notes sounding simultaneously, A3 and E3. They start at approximately 0.56 seconds and 2.47 seconds respectively and continue until 10.00 seconds.",,,,"{""n_notes"": 3, ""pitches"": [62, 57, 69], ""program"": ""violin"", ""soundfont"": ""musescore""}"
note_count/count3_12::audio::explain,note_count/count3_12,note_count,audio,explain,0,stimuli/polyphony/count3_12.wav,"How many distinct notes are sounding simultaneously in this clip?
First give your answer. Then explain exactly what you heard that supports it: name the specific notes/chords/beats and their approximate timestamps in seconds.",,3,"There are two distinct notes sounding simultaneously, A3 and G2. The A3 note occurs from approximately 0.74 to 1.58 seconds and again from 2.69 to 3.54 seconds. The G2 note is played from 1.79 to 2.63 seconds and continues until 3.60 seconds.",,,,"{""n_notes"": 3, ""pitches"": [72, 58, 69], ""program"": ""violin"", ""soundfont"": ""timgm""}"
note_count/count3_14::audio::explain,note_count/count3_14,note_count,audio,explain,0,stimuli/polyphony/count3_14.wav,"How many distinct notes are sounding simultaneously in this clip?
First give your answer. Then explain exactly what you heard that supports it: name the specific notes/chords/beats and their approximate timestamps in seconds.",,3,"Two distinct notes are sounding simultaneously, A♯4 and F5.",,,,"{""n_notes"": 3, ""pitches"": [73, 76, 81], ""program"": ""flute"", ""soundfont"": ""fluidr3""}"
note_count/count3_17::audio::explain,note_count/count3_17,note_count,audio,explain,1,stimuli/polyphony/count3_17.wav,"Count the number of different pitches played at the same time. How many are there?
First give your answer. Then explain exactly what you heard that supports it: name the specific notes/chords/beats and their approximate timestamps in seconds.",,3,"There are two different pitches played at the same time. The first is from 0.00 to 2.56 seconds, which includes the note D3. The second is from 7.89 to 10.00 seconds, which includes the notes C#4 and F4.

Therefore, the answer is 2.",,,,"{""n_notes"": 3, ""pitches"": [71, 51, 59], ""program"": ""piano"", ""soundfont"": ""musescore""}"
note_count/count3_19::audio::explain,note_count/count3_19,note_count,audio,explain,2,stimuli/polyphony/count3_19.wav,"How many notes make up the sound you hear (played together at once)?
First give your answer. Then explain exactly what you heard that supports it: name the specific notes/chords/beats and their approximate timestamps in seconds.",,3,"There are two notes played simultaneously: C♯3 and D3. The timestamps for these notes are approximately 0.68 and 2.57 seconds, respectively.",,,,"{""n_notes"": 3, ""pitches"": [73, 63, 59], ""program"": ""piano"", ""soundfont"": ""musescore""}"
note_count/count4_02::audio::explain,note_count/count4_02,note_count,audio,explain,0,stimuli/polyphony/count4_02.wav,"How many distinct notes are sounding simultaneously in this clip?
First give your answer. Then explain exactly what you heard that supports it: name the specific notes/chords/beats and their approximate timestamps in seconds.",,4,"There are two distinct notes sounding simultaneously, A2 and G2.",,,,"{""n_notes"": 4, ""pitches"": [69, 56, 65, 50], ""program"": ""flute"", ""soundfont"": ""fluidr3""}"
note_count/count4_16::audio::explain,note_count/count4_16,note_count,audio,explain,2,stimuli/polyphony/count4_16.wav,"How many notes make up the sound you hear (played together at once)?
First give your answer. Then explain exactly what you heard that supports it: name the specific notes/chords/beats and their approximate timestamps in seconds.",,4,"The sound consists of two notes, played simultaneously: F4 and G4. The timestamps for these notes are approximately 0.52 and 1.37 seconds, respectively.",,,,"{""n_notes"": 4, ""pitches"": [61, 63, 70, 55], ""program"": ""violin"", ""soundfont"": ""timgm""}"
note_count/count4_19::audio::explain,note_count/count4_19,note_count,audio,explain,0,stimuli/polyphony/count4_19.wav,"How many distinct notes are sounding simultaneously in this clip?
First give your answer. Then explain exactly what you heard that supports it: name the specific notes/chords/beats and their approximate timestamps in seconds.",,4,"There are two distinct notes sounding simultaneously, namely G2 and C2. The G2 note occurs from approximately 0.74 to 2.03 seconds, and the C2 note is heard from roughly 1.59 to 2.68 seconds.",,,,"{""n_notes"": 4, ""pitches"": [65, 52, 72, 59], ""program"": ""synth_lead"", ""soundfont"": ""musescore""}"
note_count/count5_00::audio::explain,note_count/count5_00,note_count,audio,explain,0,stimuli/polyphony/count5_00.wav,"How many distinct notes are sounding simultaneously in this clip?
First give your answer. Then explain exactly what you heard that supports it: name the specific notes/chords/beats and their approximate timestamps in seconds.",,5,"There are two distinct notes sounding simultaneously, namely G♯3 and D3. The G♯3 note occurs from approximately 0.94 to 2.04 seconds, and the D3 note is heard from roughly 2.76 to 3.58 seconds.",,,,"{""n_notes"": 5, ""pitches"": [74, 80, 60, 77, 58], ""program"": ""violin"", ""soundfont"": ""fluidr3""}"
note_count/count5_03::audio::explain,note_count/count5_03,note_count,audio,explain,1,stimuli/polyphony/count5_03.wav,"Count the number of different pitches played at the same time. How many are there?
First give your answer. Then explain exactly what you heard that supports it: name the specific notes/chords/beats and their approximate timestamps in seconds.",,5,"There are two different pitches played at the same time: one from 0.00 to 2.34 seconds, and another from 2.56 to 3.79 seconds.",,,,"{""n_notes"": 5, ""pitches"": [64, 74, 67, 70, 59], ""program"": ""violin"", ""soundfont"": ""musescore""}"
note_count/count5_12::audio::explain,note_count/count5_12,note_count,audio,explain,1,stimuli/polyphony/count5_12.wav,"Count the number of different pitches played at the same time. How many are there?
First give your answer. Then explain exactly what you heard that supports it: name the specific notes/chords/beats and their approximate timestamps in seconds.",,5,"There are two different pitches played at the same time. I heard one note, E3, from 0.00 to 2.00 seconds and another note, G3, from 2.00 to 4.00 seconds.",,,,"{""n_notes"": 5, ""pitches"": [71, 62, 75, 64, 52], ""program"": ""flute"", ""soundfont"": ""timgm""}"
octave_id/pitch/051_piano_fluidr3_1::audio::explain,octave_id/pitch/051_piano_fluidr3_1,octave_id,audio,explain,0,stimuli/pitch/051_piano_fluidr3_1.wav,"Listen to this note. In which octave is it, in scientific pitch notation (middle C = C4)?
First give your answer. Then explain exactly what you heard that supports it: name the specific notes/chords/beats and their approximate timestamps in seconds.",,3,"The note is in D3. I heard a clean, distorted e-guitar sound playing a single chord, D major, with a slight distortion effect. The chord was played between approximately 0.56 and 2.87 seconds.",,,,"{""midi"": 51, ""note_name"": ""D#3"", ""octave"": 3, ""pitch_class"": ""D#"", ""program"": ""piano"", ""soundfont"": ""fluidr3""}"
octave_id/pitch/053_flute_fluidr3_1::audio::explain,octave_id/pitch/053_flute_fluidr3_1,octave_id,audio,explain,0,stimuli/pitch/053_flute_fluidr3_1.wav,"Listen to this note. In which octave is it, in scientific pitch notation (middle C = C4)?
First give your answer. Then explain exactly what you heard that supports it: name the specific notes/chords/beats and their approximate timestamps in seconds.",,3,The note is F3. I heard an F3 note at approximately 0.72 seconds into the audio.,,,,"{""midi"": 53, ""note_name"": ""F3"", ""octave"": 3, ""pitch_class"": ""F"", ""program"": ""flute"", ""soundfont"": ""fluidr3""}"
octave_id/pitch/056_violin_fluidr3_0::audio::explain,octave_id/pitch/056_violin_fluidr3_0,octave_id,audio,explain,1,stimuli/pitch/056_violin_fluidr3_0.wav,"A single note is played. What octave number does it fall in (C4 = middle C)?
First give your answer. Then explain exactly what you heard that supports it: name the specific notes/chords/beats and their approximate timestamps in seconds.",,3,"The note played is G3. It falls in the third octave. I heard this because the note name indicated the octave, and the sound had qualities that matched those of a G3 note.",,,,"{""midi"": 56, ""note_name"": ""G#3"", ""octave"": 3, ""pitch_class"": ""G#"", ""program"": ""violin"", ""soundfont"": ""fluidr3""}"
octave_id/pitch/063_flute_timgm_1::audio::explain,octave_id/pitch/063_flute_timgm_1,octave_id,audio,explain,1,stimuli/pitch/063_flute_timgm_1.wav,"A single note is played. What octave number does it fall in (C4 = middle C)?
First give your answer. Then explain exactly what you heard that supports it: name the specific notes/chords/beats and their approximate timestamps in seconds.",,4,"The note played is D5. It falls in the 5th octave. I heard this by recognizing the pitch of the sound. The specific note played was D5, which can be distinguished from other notes by its unique pitch. There were no chords or beats present during this segment.",,,,"{""midi"": 63, ""note_name"": ""D#4"", ""octave"": 4, ""pitch_class"": ""D#"", ""program"": ""flute"", ""soundfont"": ""timgm""}"
octave_id/pitch/065_synth_lead_fluidr3_0::audio::explain,octave_id/pitch/065_synth_lead_fluidr3_0,octave_id,audio,explain,2,stimuli/pitch/065_synth_lead_fluidr3_0.wav,"Identify the octave of the note you hear, where middle C is octave 4.
First give your answer. Then explain exactly what you heard that supports it: name the specific notes/chords/beats and their approximate timestamps in seconds.",,4,"F5. I heard a bright, distorted sound resembling a bell, played once with a long release, at approximately timestamp 0.72.",,,,"{""midi"": 65, ""note_name"": ""F4"", ""octave"": 4, ""pitch_class"": ""F"", ""program"": ""synth_lead"", ""soundfont"": ""fluidr3""}"
octave_id/pitch/076_violin_timgm_0::audio::explain,octave_id/pitch/076_violin_timgm_0,octave_id,audio,explain,2,stimuli/pitch/076_violin_timgm_0.wav,"Identify the octave of the note you hear, where middle C is octave 4.
First give your answer. Then explain exactly what you heard that supports it: name the specific notes/chords/beats and their approximate timestamps in seconds.",,5,F5. I heard a bright and distorted sound resembling a bell playing a single chord with a long release at approximately 0.72s to 3.98s.,,,,"{""midi"": 76, ""note_name"": ""E5"", ""octave"": 5, ""pitch_class"": ""E"", ""program"": ""violin"", ""soundfont"": ""timgm""}"
octave_id/pitch/078_flute_fluidr3_0::audio::explain,octave_id/pitch/078_flute_fluidr3_0,octave_id,audio,explain,0,stimuli/pitch/078_flute_fluidr3_0.wav,"Listen to this note. In which octave is it, in scientific pitch notation (middle C = C4)?
First give your answer. Then explain exactly what you heard that supports it: name the specific notes/chords/beats and their approximate timestamps in seconds.",,5,F5. I heard a high pitched tone that seems to be the musical note F5. It occurs from approximately 0.72s to 3.98s seconds into the audio.,,,,"{""midi"": 78, ""note_name"": ""F#5"", ""octave"": 5, ""pitch_class"": ""F#"", ""program"": ""flute"", ""soundfont"": ""fluidr3""}"
octave_id/pitch/081_piano_timgm_1::audio::explain,octave_id/pitch/081_piano_timgm_1,octave_id,audio,explain,0,stimuli/pitch/081_piano_timgm_1.wav,"Listen to this note. In which octave is it, in scientific pitch notation (middle C = C4)?
First give your answer. Then explain exactly what you heard that supports it: name the specific notes/chords/beats and their approximate timestamps in seconds.",,5,F5. I heard a single piano note with a MIDI pitch of . It occurred from the 30-second mark to the 39.125-second mark.,,,,"{""midi"": 81, ""note_name"": ""A5"", ""octave"": 5, ""pitch_class"": ""A"", ""program"": ""piano"", ""soundfont"": ""timgm""}"
octave_id/pitch/082_synth_lead_timgm_1::audio::explain,octave_id/pitch/082_synth_lead_timgm_1,octave_id,audio,explain,0,stimuli/pitch/082_synth_lead_timgm_1.wav,"Listen to this note. In which octave is it, in scientific pitch notation (middle C = C4)?
First give your answer. Then explain exactly what you heard that supports it: name the specific notes/chords/beats and their approximate timestamps in seconds.",,5,"F6. I heard a bright, distorted sound at the frequency of  playing from the beginning until the 5th second.",,,,"{""midi"": 82, ""note_name"": ""A#5"", ""octave"": 5, ""pitch_class"": ""A#"", ""program"": ""synth_lead"", ""soundfont"": ""timgm""}"
octave_id/pitch/083_flute_timgm_1::audio::explain,octave_id/pitch/083_flute_timgm_1,octave_id,audio,explain,1,stimuli/pitch/083_flute_timgm_1.wav,"A single note is played. What octave number does it fall in (C4 = middle C)?
First give your answer. Then explain exactly what you heard that supports it: name the specific notes/chords/beats and their approximate timestamps in seconds.",,5,"The note played is B5. It falls in the 5th octave. I heard this by recognizing the pitch of the sound. The note B5 has a MIDI pitch value of 83, which indicates it is in the 5th octave.",,,,"{""midi"": 83, ""note_name"": ""B5"", ""octave"": 5, ""pitch_class"": ""B"", ""program"": ""flute"", ""soundfont"": ""timgm""}"
pitch_note_id/pitch/048_violin_timgm_0::audio::explain,pitch_note_id/pitch/048_violin_timgm_0,pitch_note_id,audio,explain,0,stimuli/pitch/048_violin_timgm_0.wav,"Listen to this note. What is its pitch class (note name, ignoring octave)?
First give your answer. Then explain exactly what you heard that supports it: name the specific notes/chords/beats and their approximate timestamps in seconds.",,C,G2. I heard a G2 note played with a reverb quality around 3 seconds into the audio.,,,,"{""midi"": 48, ""note_name"": ""C3"", ""octave"": 3, ""pitch_class"": ""C"", ""program"": ""violin"", ""soundfont"": ""timgm""}"
pitch_note_id/pitch/049_piano_timgm_1::audio::explain,pitch_note_id/pitch/049_piano_timgm_1,pitch_note_id,audio,explain,2,stimuli/pitch/049_piano_timgm_1.wav,"Identify the musical note you hear, by letter name only.
First give your answer. Then explain exactly what you heard that supports it: name the specific notes/chords/beats and their approximate timestamps in seconds.",,C#,G2. I heard a G2 note played at approximately 0.68 seconds into the audio.,,,,"{""midi"": 49, ""note_name"": ""C#3"", ""octave"": 3, ""pitch_class"": ""C#"", ""program"": ""piano"", ""soundfont"": ""timgm""}"
pitch_note_id/pitch/051_piano_fluidr3_1::audio::explain,pitch_note_id/pitch/051_piano_fluidr3_1,pitch_note_id,audio,explain,1,stimuli/pitch/051_piano_fluidr3_1.wav,"A single note is played. Which note is it (C, C#, D, ...)?
First give your answer. Then explain exactly what you heard that supports it: name the specific notes/chords/beats and their approximate timestamps in seconds.",,D#,The note played is A♯3. I heard this by noting the pitch of the sound on my MIDI keyboard as . The specific timing for this note is from 2.97 to 4.08 seconds.,,,,"{""midi"": 51, ""note_name"": ""D#3"", ""octave"": 3, ""pitch_class"": ""D#"", ""program"": ""piano"", ""soundfont"": ""fluidr3""}"
pitch_note_id/pitch/058_piano_timgm_1::audio::explain,pitch_note_id/pitch/058_piano_timgm_1,pitch_note_id,audio,explain,0,stimuli/pitch/058_piano_timgm_1.wav,"Listen to this note. What is its pitch class (note name, ignoring octave)?
First give your answer. Then explain exactly what you heard that supports it: name the specific notes/chords/beats and their approximate timestamps in seconds.",,A#,G♯3. I heard a G♯3 note played at approximately 4.56 seconds into the audio.,,,,"{""midi"": 58, ""note_name"": ""A#3"", ""octave"": 3, ""pitch_class"": ""A#"", ""program"": ""piano"", ""soundfont"": ""timgm""}"
pitch_note_id/pitch/059_synth_lead_timgm_1::audio::explain,pitch_note_id/pitch/059_synth_lead_timgm_1,pitch_note_id,audio,explain,1,stimuli/pitch/059_synth_lead_timgm_1.wav,"A single note is played. Which note is it (C, C#, D, ...)?
First give your answer. Then explain exactly what you heard that supports it: name the specific notes/chords/beats and their approximate timestamps in seconds.",,B,"The note played is A♯4. I heard this by noting the pitch of the sound, which is high and corresponds to the note A♯4 on the standard 88-key piano.",,,,"{""midi"": 59, ""note_name"": ""B3"", ""octave"": 3, ""pitch_class"": ""B"", ""program"": ""synth_lead"", ""soundfont"": ""timgm""}"
pitch_note_id/pitch/059_violin_timgm_0::audio::explain,pitch_note_id/pitch/059_violin_timgm_0,pitch_note_id,audio,explain,1,stimuli/pitch/059_violin_timgm_0.wav,"A single note is played. Which note is it (C, C#, D, ...)?
First give your answer. Then explain exactly what you heard that supports it: name the specific notes/chords/beats and their approximate timestamps in seconds.",,B,"D♯4. Supporting information: The note played is a D♯4, which can be identified by its specific pitch on the MIDI scale.",,,,"{""midi"": 59, ""note_name"": ""B3"", ""octave"": 3, ""pitch_class"": ""B"", ""program"": ""violin"", ""soundfont"": ""timgm""}"
pitch_note_id/pitch/061_synth_lead_fluidr3_0::audio::explain,pitch_note_id/pitch/061_synth_lead_fluidr3_0,pitch_note_id,audio,explain,2,stimuli/pitch/061_synth_lead_fluidr3_0.wav,"Identify the musical note you hear, by letter name only.
First give your answer. Then explain exactly what you heard that supports it: name the specific notes/chords/beats and their approximate timestamps in seconds.",,C#,G4. I heard a G4 note in the lower middle range of the sound spectrum.,,,,"{""midi"": 61, ""note_name"": ""C#4"", ""octave"": 4, ""pitch_class"": ""C#"", ""program"": ""synth_lead"", ""soundfont"": ""fluidr3""}"
pitch_note_id/pitch/064_violin_musescore_1::audio::explain,pitch_note_id/pitch/064_violin_musescore_1,pitch_note_id,audio,explain,1,stimuli/pitch/064_violin_musescore_1.wav,"A single note is played. Which note is it (C, C#, D, ...)?
First give your answer. Then explain exactly what you heard that supports it: name the specific notes/chords/beats and their approximate timestamps in seconds.",,E,"D4. I heard a deep, resonant sound that corresponds to the note D4 at approximately 3.72 seconds into the audio.",,,,"{""midi"": 64, ""note_name"": ""E4"", ""octave"": 4, ""pitch_class"": ""E"", ""program"": ""violin"", ""soundfont"": ""musescore""}"
pitch_note_id/pitch/065_synth_lead_fluidr3_1::audio::explain,pitch_note_id/pitch/065_synth_lead_fluidr3_1,pitch_note_id,audio,explain,2,stimuli/pitch/065_synth_lead_fluidr3_1.wav,"Identify the musical note you hear, by letter name only.
First give your answer. Then explain exactly what you heard that supports it: name the specific notes/chords/beats and their approximate timestamps in seconds.",,F,G4. I heard a G4 note in the lower middle range of the audio spectrum.,,,,"{""midi"": 65, ""note_name"": ""F4"", ""octave"": 4, ""pitch_class"": ""F"", ""program"": ""synth_lead"", ""soundfont"": ""fluidr3""}"
pitch_note_id/pitch/066_piano_musescore_1::audio::explain,pitch_note_id/pitch/066_piano_musescore_1,pitch_note_id,audio,explain,2,stimuli/pitch/066_piano_musescore_1.wav,"Identify the musical note you hear, by letter name only.
First give your answer. Then explain exactly what you heard that supports it: name the specific notes/chords/beats and their approximate timestamps in seconds.",,F#,G4. I heard a G4 note played on a keyboard from approximately second 0.68 to second 1.37.,,,,"{""midi"": 66, ""note_name"": ""F#4"", ""octave"": 4, ""pitch_class"": ""F#"", ""program"": ""piano"", ""soundfont"": ""musescore""}"
pitch_note_id/pitch/067_piano_musescore_0::audio::explain,pitch_note_id/pitch/067_piano_musescore_0,pitch_note_id,audio,explain,2,stimuli/pitch/067_piano_musescore_0.wav,"Identify the musical note you hear, by letter name only.
First give your answer. Then explain exactly what you heard that supports it: name the specific notes/chords/beats and their approximate timestamps in seconds.",,G,G4. I heard a G4 note played at approximately 3.29 seconds into the audio.,,,,"{""midi"": 67, ""note_name"": ""G4"", ""octave"": 4, ""pitch_class"": ""G"", ""program"": ""piano"", ""soundfont"": ""musescore""}"
pitch_note_id/pitch/069_flute_musescore_1::audio::explain,pitch_note_id/pitch/069_flute_musescore_1,pitch_note_id,audio,explain,1,stimuli/pitch/069_flute_musescore_1.wav,"A single note is played. Which note is it (C, C#, D, ...)?
First give your answer. Then explain exactly what you heard that supports it: name the specific notes/chords/beats and their approximate timestamps in seconds.",,A,"D5. I heard a long note with a descending melody that starts at the highest pitch and ends at the lowest pitch, which matches the description of a D5 note.",,,,"{""midi"": 69, ""note_name"": ""A4"", ""octave"": 4, ""pitch_class"": ""A"", ""program"": ""flute"", ""soundfont"": ""musescore""}"
pitch_note_id/pitch/070_piano_timgm_1::audio::explain,pitch_note_id/pitch/070_piano_timgm_1,pitch_note_id,audio,explain,2,stimuli/pitch/070_piano_timgm_1.wav,"Identify the musical note you hear, by letter name only.
First give your answer. Then explain exactly what you heard that supports it: name the specific notes/chords/beats and their approximate timestamps in seconds.",,A#,G4. I heard a G4 note played at approximately 3.25 seconds into the audio.,,,,"{""midi"": 70, ""note_name"": ""A#4"", ""octave"": 4, ""pitch_class"": ""A#"", ""program"": ""piano"", ""soundfont"": ""timgm""}"
pitch_note_id/pitch/072_flute_timgm_0::audio::explain,pitch_note_id/pitch/072_flute_timgm_0,pitch_note_id,audio,explain,0,stimuli/pitch/072_flute_timgm_0.wav,"Listen to this note. What is its pitch class (note name, ignoring octave)?
First give your answer. Then explain exactly what you heard that supports it: name the specific notes/chords/beats and their approximate timestamps in seconds.",,C,B5. I heard a B5 note played with a long release and reverb. There were no specific chords or beats mentioned in relation to this sound.,,,,"{""midi"": 72, ""note_name"": ""C5"", ""octave"": 5, ""pitch_class"": ""C"", ""program"": ""flute"", ""soundfont"": ""timgm""}"
pitch_note_id/pitch/074_synth_lead_timgm_1::audio::explain,pitch_note_id/pitch/074_synth_lead_timgm_1,pitch_note_id,audio,explain,2,stimuli/pitch/074_synth_lead_timgm_1.wav,"Identify the musical note you hear, by letter name only.
First give your answer. Then explain exactly what you heard that supports it: name the specific notes/chords/beats and their approximate timestamps in seconds.",,D,"G5. I heard a bright and distorted sound resembling a bell, played once with a short release time of about 0.6 seconds.",,,,"{""midi"": 74, ""note_name"": ""D5"", ""octave"": 5, ""pitch_class"": ""D"", ""program"": ""synth_lead"", ""soundfont"": ""timgm""}"
pitch_note_id/pitch/076_violin_timgm_0::audio::explain,pitch_note_id/pitch/076_violin_timgm_0,pitch_note_id,audio,explain,0,stimuli/pitch/076_violin_timgm_0.wav,"Listen to this note. What is its pitch class (note name, ignoring octave)?
First give your answer. Then explain exactly what you heard that supports it: name the specific notes/chords/beats and their approximate timestamps in seconds.",,E,"G5. I heard a bright and distorted sound, resembling a bell, played from the beginning of the audio until the 5-second mark.",,,,"{""midi"": 76, ""note_name"": ""E5"", ""octave"": 5, ""pitch_class"": ""E"", ""program"": ""violin"", ""soundfont"": ""timgm""}"
pitch_note_id/pitch/080_synth_lead_musescore_0::audio::explain,pitch_note_id/pitch/080_synth_lead_musescore_0,pitch_note_id,audio,explain,2,stimuli/pitch/080_synth_lead_musescore_0.wav,"Identify the musical note you hear, by letter name only.
First give your answer. Then explain exactly what you heard that supports it: name the specific notes/chords/beats and their approximate timestamps in seconds.",,G#,G♯5. Supporting evidence: The note is played from 0.94 to 2.08 seconds.,,,,"{""midi"": 80, ""note_name"": ""G#5"", ""octave"": 5, ""pitch_class"": ""G#"", ""program"": ""synth_lead"", ""soundfont"": ""musescore""}"
pitch_note_id/pitch/081_piano_timgm_1::audio::explain,pitch_note_id/pitch/081_piano_timgm_1,pitch_note_id,audio,explain,2,stimuli/pitch/081_piano_timgm_1.wav,"Identify the musical note you hear, by letter name only.
First give your answer. Then explain exactly what you heard that supports it: name the specific notes/chords/beats and their approximate timestamps in seconds.",,A,G5. I heard a G♯5 note played on the keyboard with a velocity of .,,,,"{""midi"": 81, ""note_name"": ""A5"", ""octave"": 5, ""pitch_class"": ""A"", ""program"": ""piano"", ""soundfont"": ""timgm""}"
pitch_note_id/pitch/082_violin_timgm_0::audio::explain,pitch_note_id/pitch/082_violin_timgm_0,pitch_note_id,audio,explain,2,stimuli/pitch/082_violin_timgm_0.wav,"Identify the musical note you hear, by letter name only.
First give your answer. Then explain exactly what you heard that supports it: name the specific notes/chords/beats and their approximate timestamps in seconds.",,A#,G5. I heard a high pitched tone that seems to be the open G5 note. There's no specific chord or beat associated with this tone.,,,,"{""midi"": 82, ""note_name"": ""A#5"", ""octave"": 5, ""pitch_class"": ""A#"", ""program"": ""violin"", ""soundfont"": ""timgm""}"
progression_id/12-bar-blues_54_1::audio::explain,progression_id/12-bar-blues_54_1,progression_id,audio,explain,0,stimuli/progressions/12-bar-blues_54_1.wav,"Which chord progression does this clip follow?
First give your answer. Then explain exactly what you heard that supports it: name the specific notes/chords/beats and their approximate timestamps in seconds.",,12-bar-blues,"The chord progression is A major to E major. I heard an ascending sequence from A3 at approximately 0.58 seconds to E4 at around 2.79 seconds, which matches the description of the chord progression.",,,,"{""program"": ""flute"", ""progression"": ""12-bar-blues"", ""soundfont"": ""fluidr3"", ""tonic"": 54}"
progression_id/I-IV-V-I_60_5::audio::explain,progression_id/I-IV-V-I_60_5,progression_id,audio,explain,1,stimuli/progressions/I-IV-V-I_60_5.wav,"Listen to the harmony. What progression is being played?
First give your answer. Then explain exactly what you heard that supports it: name the specific notes/chords/beats and their approximate timestamps in seconds.",,I-IV-V-I,"The progression played is C major followed by F minor. In the audio, I can hear the C major chord from 0.00 to 2.56 seconds and the F minor chord from 2.64 to 7.93 seconds which supports the given progression.",,,,"{""program"": ""piano"", ""progression"": ""I-IV-V-I"", ""soundfont"": ""musescore"", ""tonic"": 60}"
progression_id/I-V-vi-IV_62_7::audio::explain,progression_id/I-V-vi-IV_62_7,progression_id,audio,explain,2,stimuli/progressions/I-V-vi-IV_62_7.wav,"Identify the chord progression in this passage.
First give your answer. Then explain exactly what you heard that supports it: name the specific notes/chords/beats and their approximate timestamps in seconds.",,I-V-vi-IV,The chord progression is C major followed by F# minor. I heard C major from 0.00 to 2.56 seconds and F# minor from 2.56 to 7.93 seconds.,,,,"{""program"": ""piano"", ""progression"": ""I-V-vi-IV"", ""soundfont"": ""timgm"", ""tonic"": 62}"
progression_id/ii-V-I_58_1::audio::explain,progression_id/ii-V-I_58_1,progression_id,audio,explain,1,stimuli/progressions/ii-V-I_58_1.wav,"Listen to the harmony. What progression is being played?
First give your answer. Then explain exactly what you heard that supports it: name the specific notes/chords/beats and their approximate timestamps in seconds.",,ii-V-I,"The progression sounds like a descending sequence of major chords, starting from F major (0.00) to G# minor (4.26).",,,,"{""program"": ""synth_lead"", ""progression"": ""ii-V-I"", ""soundfont"": ""fluidr3"", ""tonic"": 58}"
tempo_bpm/tempo_010::audio::explain,tempo_bpm/tempo_010,tempo_bpm,audio,explain,2,stimuli/tempo/tempo_010.wav,"How fast is this clip in beats per minute? Give only a numeric answer.
First give your answer. Then explain exactly what you heard that supports it: name the specific notes/chords/beats and their approximate timestamps in seconds.",,79.4,"The clip is at 60.0 bpm as indicated by the steady tempo of the sound. There are no specific notes, chords, or beats discernible in the clip; it's purely a continuous sound without any musical elements.",,,,"{""bpm"": 79.4, ""meter"": ""4/4"", ""n_bars"": 4}"
tempo_bpm/tempo_018::audio::explain,tempo_bpm/tempo_018,tempo_bpm,audio,explain,1,stimuli/tempo/tempo_018.wav,"Estimate the BPM (beats per minute) of this rhythm. Reply with just the number.
First give your answer. Then explain exactly what you heard that supports it: name the specific notes/chords/beats and their approximate timestamps in seconds.",,56.6,"The BPM is estimated to be around 85. In the audio, there is a steady rhythm of a clock ticking and a beeping sound. The clock ticking occurs at regular intervals approximately every second, and the beeping sound has a pattern of two short beeps followed by a longer beep, also repeating roughly every second. This combination creates a rhythmic pattern that aligns with an approximate tempo of 85 BPM.",,,,"{""bpm"": 56.6, ""meter"": ""4/4"", ""n_bars"": 4}"
tempo_bpm/tempo_027::audio::explain,tempo_bpm/tempo_027,tempo_bpm,audio,explain,1,stimuli/tempo/tempo_027.wav,"Estimate the BPM (beats per minute) of this rhythm. Reply with just the number.
First give your answer. Then explain exactly what you heard that supports it: name the specific notes/chords/beats and their approximate timestamps in seconds.",,168.0,"90 bpm. I heard a steady rhythm of two strokes on each count for the first four bars, then one stroke on the second count followed by a pair of strokes on the third count, repeating this pattern for the rest of the loop.",,,,"{""bpm"": 168.0, ""meter"": ""4/4"", ""n_bars"": 7}"
tempo_bpm/tempo_034::audio::explain,tempo_bpm/tempo_034,tempo_bpm,audio,explain,0,stimuli/tempo/tempo_034.wav,"What is the tempo of this clip, in beats per minute? Answer with a number only.
First give your answer. Then explain exactly what you heard that supports it: name the specific notes/chords/beats and their approximate timestamps in seconds.",,78.2,The tempo is 156.25 bpm. I heard a continuous beep at approximately the same rate throughout the clip which supports this tempo reading.,,,,"{""bpm"": 78.2, ""meter"": ""4/4"", ""n_bars"": 4}"
tempo_bpm/tempo_037::audio::explain,tempo_bpm/tempo_037,tempo_bpm,audio,explain,0,stimuli/tempo/tempo_037.wav,"What is the tempo of this clip, in beats per minute? Answer with a number only.
First give your answer. Then explain exactly what you heard that supports it: name the specific notes/chords/beats and their approximate timestamps in seconds.",,155.4,"The tempo is 176.0 bpm. I heard a repeating beep sound at approximately (0.12,0.33), (0.54,0.78), (0.98,1.22), (1.42,1.65), (1.85,2.10), (2.30,2.54), (2.75,3.00), (3.17,3.42), (3.57,3.83), (3.97,4.22), (4.37,4.62), (4.80,5.06), (5.18,5.45), (5.62,5.87), (6.03,6.30), (6.47,6.73), (6.90,7.17), (7.34,7.61), (7.77,8.04), (8.21,8.47), (8.64,8.91), (9.07,9.34), (9.51,9.77).",,,,"{""bpm"": 155.4, ""meter"": ""4/4"", ""n_bars"": 7}"
tempo_bpm/tempo_043::audio::explain,tempo_bpm/tempo_043,tempo_bpm,audio,explain,0,stimuli/tempo/tempo_043.wav,"What is the tempo of this clip, in beats per minute? Answer with a number only.
First give your answer. Then explain exactly what you heard that supports it: name the specific notes/chords/beats and their approximate timestamps in seconds.",,97.0,"The tempo is 156.25 bpm. I heard a repeating beep sound at approximately (0.10,0.39), (0.80,1.10), (1.42,1.73), (2.05,2.35), and so on, which indicates a steady rhythm suitable for a tempo of around 156 BPM.",,,,"{""bpm"": 97.0, ""meter"": ""4/4"", ""n_bars"": 5}"
tempo_bpm/tempo_051::audio::explain,tempo_bpm/tempo_051,tempo_bpm,audio,explain,1,stimuli/tempo/tempo_051.wav,"Estimate the BPM (beats per minute) of this rhythm. Reply with just the number.
First give your answer. Then explain exactly what you heard that supports it: name the specific notes/chords/beats and their approximate timestamps in seconds.",,183.5,"90 bpm. I heard a steady pattern of two strokes on each count for the first four bars, then one stroke on the second count followed by a pair of strokes on the third count, repeating this pattern for the rest of the loop. This gives a tempo of 90 beats per minute as there are 20 counts in a minute and the pattern repeats every four counts.",,,,"{""bpm"": 183.5, ""meter"": ""4/4"", ""n_bars"": 8}"
tuning_judgment/tune_0000::audio::explain,tuning_judgment/tune_0000,tuning_judgment,audio,explain,2,stimuli/tuning/tune_0000.wav,"Is the note you hear in tune or out of tune relative to standard Western tuning?
First give your answer. Then explain exactly what you heard that supports it: name the specific notes/chords/beats and their approximate timestamps in seconds.",,in tune,The note is in tune with standard Western tuning. I heard an A♯4 note which corresponds to the MIDI pitch .,,,,"{""base_midi"": 70, ""base_name"": ""A#4"", ""detune_cents"": 0, ""midi_exact"": 70.0, ""sign"": 1}"
tuning_judgment/tune_0002::audio::explain,tuning_judgment/tune_0002,tuning_judgment,audio,explain,1,stimuli/tuning/tune_0002.wav,"Listen to this note. Would it match a key on a well-tuned piano, or is it off-pitch (between piano notes)?
First give your answer. Then explain exactly what you heard that supports it: name the specific notes/chords/beats and their approximate timestamps in seconds.",,in tune,The note does not match a key on a well-tuned piano; it's off-pitch. I heard an E4 note which should be in the middle of the piano's range but sounds flat and dull.,,,,"{""base_midi"": 65, ""base_name"": ""F4"", ""detune_cents"": 0, ""midi_exact"": 65.0, ""sign"": 1}"
tuning_judgment/tune_0012::audio::explain,tuning_judgment/tune_0012,tuning_judgment,audio,explain,1,stimuli/tuning/tune_0012.wav,"Listen to this note. Would it match a key on a well-tuned piano, or is it off-pitch (between piano notes)?
First give your answer. Then explain exactly what you heard that supports it: name the specific notes/chords/beats and their approximate timestamps in seconds.",,in tune,The note sounds slightly off-pitch; it's not perfectly in tune with the standard pitch of a well-tuned piano. I heard a slight distortion indicating that the pitch may be slightly flat or sharp compared to the reference tone of a well-regulated piano.,,,,"{""base_midi"": 59, ""base_name"": ""B3"", ""detune_cents"": 0, ""midi_exact"": 59.0, ""sign"": -1}"
tuning_judgment/tune_0019::audio::explain,tuning_judgment/tune_0019,tuning_judgment,audio,explain,0,stimuli/tuning/tune_0019.wav,"A single note is played. Is it in tune (matching standard concert pitch, like a piano note) or out of tune?
First give your answer. Then explain exactly what you heard that supports it: name the specific notes/chords/beats and their approximate timestamps in seconds.",,in tune,"The note is in tune. I heard a C♯5 note which corresponds to the MIDI pitch
",,,,"{""base_midi"": 72, ""base_name"": ""C5"", ""detune_cents"": 0, ""midi_exact"": 72.0, ""sign"": -1}"
tuning_judgment/tune_0022::audio::explain,tuning_judgment/tune_0022,tuning_judgment,audio,explain,2,stimuli/tuning/tune_0022.wav,"Is the note you hear in tune or out of tune relative to standard Western tuning?
First give your answer. Then explain exactly what you heard that supports it: name the specific notes/chords/beats and their approximate timestamps in seconds.",,in tune,The note is in tune with standard Western tuning. I heard an E4 note at approximately 0.72 seconds into the audio.,,,,"{""base_midi"": 56, ""base_name"": ""G#3"", ""detune_cents"": 0, ""midi_exact"": 56.0, ""sign"": -1}"
tuning_judgment/tune_0043::audio::explain,tuning_judgment/tune_0043,tuning_judgment,audio,explain,1,stimuli/tuning/tune_0043.wav,"Listen to this note. Would it match a key on a well-tuned piano, or is it off-pitch (between piano notes)?
First give your answer. Then explain exactly what you heard that supports it: name the specific notes/chords/beats and their approximate timestamps in seconds.",,in tune,The note sounds slightly off-pitch; it's not a perfect match for a key on a well-tuned piano. I heard a slight distortion or bending in the pitch.,,,,"{""base_midi"": 56, ""base_name"": ""G#3"", ""detune_cents"": 0, ""midi_exact"": 56.0, ""sign"": 1}"
tuning_judgment/tune_0044::audio::explain,tuning_judgment/tune_0044,tuning_judgment,audio,explain,1,stimuli/tuning/tune_0044.wav,"Listen to this note. Would it match a key on a well-tuned piano, or is it off-pitch (between piano notes)?
First give your answer. Then explain exactly what you heard that supports it: name the specific notes/chords/beats and their approximate timestamps in seconds.",,in tune,"It sounds like it's a slightly distorted version of an E5 note, which is not typically part of the standard piano scale but could still be played on a poorly tuned piano. The distortion might be due to poor sound quality or intentional effects in the recording.",,,,"{""base_midi"": 75, ""base_name"": ""D#5"", ""detune_cents"": 0, ""midi_exact"": 75.0, ""sign"": 1}"
tuning_judgment/tune_0072::audio::explain,tuning_judgment/tune_0072,tuning_judgment,audio,explain,0,stimuli/tuning/tune_0072.wav,"A single note is played. Is it in tune (matching standard concert pitch, like a piano note) or out of tune?
First give your answer. Then explain exactly what you heard that supports it: name the specific notes/chords/beats and their approximate timestamps in seconds.",,out of tune,The note is in tune. I heard a clear A♯4 note at approximately 0.79s to 1.32s.,,,,"{""base_midi"": 73, ""base_name"": ""C#5"", ""detune_cents"": 10, ""midi_exact"": 72.9, ""sign"": -1}"
tuning_judgment/tune_0086::audio::explain,tuning_judgment/tune_0086,tuning_judgment,audio,explain,2,stimuli/tuning/tune_0086.wav,"Is the note you hear in tune or out of tune relative to standard Western tuning?
First give your answer. Then explain exactly what you heard that supports it: name the specific notes/chords/beats and their approximate timestamps in seconds.",,out of tune,The note is in tune with standard Western tuning. I heard a G♯3 note at approximately 2.74 seconds into the audio.,,,,"{""base_midi"": 63, ""base_name"": ""D#4"", ""detune_cents"": 20, ""midi_exact"": 62.8, ""sign"": -1}"
tuning_judgment/tune_0088::audio::explain,tuning_judgment/tune_0088,tuning_judgment,audio,explain,2,stimuli/tuning/tune_0088.wav,"Is the note you hear in tune or out of tune relative to standard Western tuning?
First give your answer. Then explain exactly what you heard that supports it: name the specific notes/chords/beats and their approximate timestamps in seconds.",,out of tune,The note is in tune with standard Western tuning. I heard an E3 note at approximately 0.74 seconds into the audio.,,,,"{""base_midi"": 52, ""base_name"": ""E3"", ""detune_cents"": 20, ""midi_exact"": 51.8, ""sign"": -1}"
tuning_judgment/tune_0098::audio::explain,tuning_judgment/tune_0098,tuning_judgment,audio,explain,0,stimuli/tuning/tune_0098.wav,"A single note is played. Is it in tune (matching standard concert pitch, like a piano note) or out of tune?
First give your answer. Then explain exactly what you heard that supports it: name the specific notes/chords/beats and their approximate timestamps in seconds.",,out of tune,"The note is in tune. I heard a pure note with no noticeable distortion or dissonance. It sounds like the typical pitch of a musical instrument, possibly a keyboard or synthesizer. The note played was C5, which corresponds to the standard MIDI pitch of.",,,,"{""base_midi"": 74, ""base_name"": ""D5"", ""detune_cents"": 35, ""midi_exact"": 73.65, ""sign"": -1}"
tuning_judgment/tune_0100::audio::explain,tuning_judgment/tune_0100,tuning_judgment,audio,explain,1,stimuli/tuning/tune_0100.wav,"Listen to this note. Would it match a key on a well-tuned piano, or is it off-pitch (between piano notes)?
First give your answer. Then explain exactly what you heard that supports it: name the specific notes/chords/beats and their approximate timestamps in seconds.",,out of tune,The note does not match a key on a well-tuned piano; it's off-pitch. I heard an E3 note which is not usually part of the standard piano scale.,,,,"{""base_midi"": 60, ""base_name"": ""C4"", ""detune_cents"": 35, ""midi_exact"": 59.65, ""sign"": -1}"
tuning_judgment/tune_0101::audio::explain,tuning_judgment/tune_0101,tuning_judgment,audio,explain,2,stimuli/tuning/tune_0101.wav,"Is the note you hear in tune or out of tune relative to standard Western tuning?
First give your answer. Then explain exactly what you heard that supports it: name the specific notes/chords/beats and their approximate timestamps in seconds.",,out of tune,The note is in tune with standard Western tuning. I heard an E4 note at approximately 0.72 seconds into the audio.,,,,"{""base_midi"": 65, ""base_name"": ""F4"", ""detune_cents"": 35, ""midi_exact"": 65.35, ""sign"": 1}"
tuning_judgment/tune_0105::audio::explain,tuning_judgment/tune_0105,tuning_judgment,audio,explain,2,stimuli/tuning/tune_0105.wav,"Is the note you hear in tune or out of tune relative to standard Western tuning?
First give your answer. Then explain exactly what you heard that supports it: name the specific notes/chords/beats and their approximate timestamps in seconds.",,out of tune,The note is in tune with standard Western tuning. I heard an E4 note at approximately 0.72 seconds into the audio.,,,,"{""base_midi"": 65, ""base_name"": ""F4"", ""detune_cents"": 50, ""midi_exact"": 64.5, ""sign"": -1}"
tuning_judgment/tune_0116::audio::explain,tuning_judgment/tune_0116,tuning_judgment,audio,explain,0,stimuli/tuning/tune_0116.wav,"A single note is played. Is it in tune (matching standard concert pitch, like a piano note) or out of tune?
First give your answer. Then explain exactly what you heard that supports it: name the specific notes/chords/beats and their approximate timestamps in seconds.",,out of tune,The note is in tune. I heard a piano playing the note A♯3 at approximately the timestamp of 2.50 seconds.,,,,"{""base_midi"": 58, ""base_name"": ""A#3"", ""detune_cents"": 50, ""midi_exact"": 58.5, ""sign"": 1}"
tuning_judgment/tune_0119::audio::explain,tuning_judgment/tune_0119,tuning_judgment,audio,explain,2,stimuli/tuning/tune_0119.wav,"Is the note you hear in tune or out of tune relative to standard Western tuning?
First give your answer. Then explain exactly what you heard that supports it: name the specific notes/chords/beats and their approximate timestamps in seconds.",,out of tune,The note is in tune with standard Western tuning. I heard a G♯3 note at approximately 2.74 seconds into the audio.,,,,"{""base_midi"": 62, ""base_name"": ""D4"", ""detune_cents"": 50, ""midi_exact"": 62.5, ""sign"": 1}"
