job_id,stimulus_id,task,condition,format,paraphrase_idx,audio_path,prompt,options,ground_truth,raw_response,parsed,correct,error,factors
mode_id/blues_57_bare_scale::audio::mcq,mode_id/blues_57_bare_scale,mode_id,audio,mcq,1,stimuli/mode/blues_57_bare_scale.wav,"Listen to the clip. Which scale/mode is being used?
A. blues scale
B. Lydian
C. major
D. Locrian
Answer with the letter of the correct option only (A, B, C, or D). Do not explain.",blues scale|Lydian|major|Locrian,blues scale,D,Locrian,False,,"{""form"": ""bare_scale"", ""mode"": ""blues"", ""program"": ""violin"", ""soundfont"": ""timgm"", ""tonic_midi"": 57}"
mode_id/blues_57_bare_scale::audio::explain,mode_id/blues_57_bare_scale,mode_id,audio,explain,1,stimuli/mode/blues_57_bare_scale.wav,"Listen to the clip. Which scale/mode is being used?
First give your answer. Then explain exactly what you heard that supports it: name the specific notes/chords/beats and their approximate timestamps in seconds.",,blues scale,"The scale/mode used is A minor. I heard the note A3 at approximately 2.50 seconds, which is a characteristic of the A minor scale.",,,,"{""form"": ""bare_scale"", ""mode"": ""blues"", ""program"": ""violin"", ""soundfont"": ""timgm"", ""tonic_midi"": 57}"
mode_id/blues_57_melody_drone::audio::mcq,mode_id/blues_57_melody_drone,mode_id,audio,mcq,0,stimuli/mode/blues_57_melody_drone.wav,"What scale or mode is this music based on?
A. blues scale
B. major
C. melodic minor
D. Locrian
Answer with the letter of the correct option only (A, B, C, or D). Do not explain.",blues scale|major|melodic minor|Locrian,blues scale,C,melodic minor,False,,"{""form"": ""melody_drone"", ""mode"": ""blues"", ""program"": ""synth_lead"", ""soundfont"": ""timgm"", ""tonic_midi"": 57}"
mode_id/blues_60_bare_scale::audio::mcq,mode_id/blues_60_bare_scale,mode_id,audio,mcq,0,stimuli/mode/blues_60_bare_scale.wav,"What scale or mode is this music based on?
A. Phrygian
B. major pentatonic
C. natural minor
D. blues scale
Answer with the letter of the correct option only (A, B, C, or D). Do not explain.",Phrygian|major pentatonic|natural minor|blues scale,blues scale,C,natural minor,False,,"{""form"": ""bare_scale"", ""mode"": ""blues"", ""program"": ""flute"", ""soundfont"": ""musescore"", ""tonic_midi"": 60}"
mode_id/blues_60_bare_scale::audio::open,mode_id/blues_60_bare_scale,mode_id,audio,open,2,stimuli/mode/blues_60_bare_scale.wav,"Identify the mode or scale type of this passage.
Give a short, direct answer.",,blues scale,F major.,F major.,False,,"{""form"": ""bare_scale"", ""mode"": ""blues"", ""program"": ""flute"", ""soundfont"": ""musescore"", ""tonic_midi"": 60}"
mode_id/blues_60_melody_drone::audio::mcq,mode_id/blues_60_melody_drone,mode_id,audio,mcq,0,stimuli/mode/blues_60_melody_drone.wav,"What scale or mode is this music based on?
A. Lydian
B. Dorian
C. blues scale
D. major
Answer with the letter of the correct option only (A, B, C, or D). Do not explain.",Lydian|Dorian|blues scale|major,blues scale,D,major,False,,"{""form"": ""melody_drone"", ""mode"": ""blues"", ""program"": ""flute"", ""soundfont"": ""timgm"", ""tonic_midi"": 60}"
mode_id/blues_60_melody_drone::audio::open,mode_id/blues_60_melody_drone,mode_id,audio,open,1,stimuli/mode/blues_60_melody_drone.wav,"Listen to the clip. Which scale/mode is being used?
Give a short, direct answer.",,blues scale,D minor,D minor,False,,"{""form"": ""melody_drone"", ""mode"": ""blues"", ""program"": ""flute"", ""soundfont"": ""timgm"", ""tonic_midi"": 60}"
mode_id/blues_62_bare_scale::audio::mcq,mode_id/blues_62_bare_scale,mode_id,audio,mcq,0,stimuli/mode/blues_62_bare_scale.wav,"What scale or mode is this music based on?
A. blues scale
B. natural minor
C. Mixolydian
D. melodic minor
Answer with the letter of the correct option only (A, B, C, or D). Do not explain.",blues scale|natural minor|Mixolydian|melodic minor,blues scale,D,melodic minor,False,,"{""form"": ""bare_scale"", ""mode"": ""blues"", ""program"": ""synth_lead"", ""soundfont"": ""timgm"", ""tonic_midi"": 62}"
mode_id/blues_62_melody_drone::audio::mcq,mode_id/blues_62_melody_drone,mode_id,audio,mcq,2,stimuli/mode/blues_62_melody_drone.wav,"Identify the mode or scale type of this passage.
A. whole-tone
B. blues scale
C. Mixolydian
D. major
Answer with the letter of the correct option only (A, B, C, or D). Do not explain.",whole-tone|blues scale|Mixolydian|major,blues scale,C,Mixolydian,False,,"{""form"": ""melody_drone"", ""mode"": ""blues"", ""program"": ""piano"", ""soundfont"": ""fluidr3"", ""tonic_midi"": 62}"
mode_id/blues_64_bare_scale::audio::mcq,mode_id/blues_64_bare_scale,mode_id,audio,mcq,0,stimuli/mode/blues_64_bare_scale.wav,"What scale or mode is this music based on?
A. whole-tone
B. melodic minor
C. blues scale
D. Phrygian
Answer with the letter of the correct option only (A, B, C, or D). Do not explain.",whole-tone|melodic minor|blues scale|Phrygian,blues scale,C,blues scale,True,,"{""form"": ""bare_scale"", ""mode"": ""blues"", ""program"": ""synth_lead"", ""soundfont"": ""timgm"", ""tonic_midi"": 64}"
mode_id/blues_64_bare_scale::audio::explain,mode_id/blues_64_bare_scale,mode_id,audio,explain,1,stimuli/mode/blues_64_bare_scale.wav,"Listen to the clip. Which scale/mode is being used?
First give your answer. Then explain exactly what you heard that supports it: name the specific notes/chords/beats and their approximate timestamps in seconds.",,blues scale,"The scale used is A major. I heard an A4 note at approximately 0.79s seconds, which is a characteristic of the A major scale.",,,,"{""form"": ""bare_scale"", ""mode"": ""blues"", ""program"": ""synth_lead"", ""soundfont"": ""timgm"", ""tonic_midi"": 64}"
mode_id/blues_64_melody_drone::audio::mcq,mode_id/blues_64_melody_drone,mode_id,audio,mcq,0,stimuli/mode/blues_64_melody_drone.wav,"What scale or mode is this music based on?
A. Phrygian
B. melodic minor
C. Locrian
D. blues scale
Answer with the letter of the correct option only (A, B, C, or D). Do not explain.",Phrygian|melodic minor|Locrian|blues scale,blues scale,B,melodic minor,False,,"{""form"": ""melody_drone"", ""mode"": ""blues"", ""program"": ""flute"", ""soundfont"": ""musescore"", ""tonic_midi"": 64}"
mode_id/dorian_57_bare_scale::audio::mcq,mode_id/dorian_57_bare_scale,mode_id,audio,mcq,0,stimuli/mode/dorian_57_bare_scale.wav,"What scale or mode is this music based on?
A. major pentatonic
B. Dorian
C. Locrian
D. blues scale
Answer with the letter of the correct option only (A, B, C, or D). Do not explain.",major pentatonic|Dorian|Locrian|blues scale,Dorian,D,blues scale,False,,"{""form"": ""bare_scale"", ""mode"": ""dorian"", ""program"": ""piano"", ""soundfont"": ""fluidr3"", ""tonic_midi"": 57}"
mode_id/dorian_57_melody_drone::audio::mcq,mode_id/dorian_57_melody_drone,mode_id,audio,mcq,2,stimuli/mode/dorian_57_melody_drone.wav,"Identify the mode or scale type of this passage.
A. Dorian
B. Phrygian
C. melodic minor
D. natural minor
Answer with the letter of the correct option only (A, B, C, or D). Do not explain.",Dorian|Phrygian|melodic minor|natural minor,Dorian,D,natural minor,False,,"{""form"": ""melody_drone"", ""mode"": ""dorian"", ""program"": ""synth_lead"", ""soundfont"": ""fluidr3"", ""tonic_midi"": 57}"
mode_id/dorian_60_bare_scale::audio::mcq,mode_id/dorian_60_bare_scale,mode_id,audio,mcq,2,stimuli/mode/dorian_60_bare_scale.wav,"Identify the mode or scale type of this passage.
A. minor pentatonic
B. natural minor
C. Dorian
D. Phrygian
Answer with the letter of the correct option only (A, B, C, or D). Do not explain.",minor pentatonic|natural minor|Dorian|Phrygian,Dorian,D,Phrygian,False,,"{""form"": ""bare_scale"", ""mode"": ""dorian"", ""program"": ""piano"", ""soundfont"": ""musescore"", ""tonic_midi"": 60}"
mode_id/dorian_60_melody_drone::audio::mcq,mode_id/dorian_60_melody_drone,mode_id,audio,mcq,0,stimuli/mode/dorian_60_melody_drone.wav,"What scale or mode is this music based on?
A. harmonic minor
B. natural minor
C. Dorian
D. Phrygian
Answer with the letter of the correct option only (A, B, C, or D). Do not explain.",harmonic minor|natural minor|Dorian|Phrygian,Dorian,C,Dorian,True,,"{""form"": ""melody_drone"", ""mode"": ""dorian"", ""program"": ""flute"", ""soundfont"": ""fluidr3"", ""tonic_midi"": 60}"
mode_id/dorian_62_bare_scale::audio::mcq,mode_id/dorian_62_bare_scale,mode_id,audio,mcq,1,stimuli/mode/dorian_62_bare_scale.wav,"Listen to the clip. Which scale/mode is being used?
A. blues scale
B. Dorian
C. melodic minor
D. major pentatonic
Answer with the letter of the correct option only (A, B, C, or D). Do not explain.",blues scale|Dorian|melodic minor|major pentatonic,Dorian,C,melodic minor,False,,"{""form"": ""bare_scale"", ""mode"": ""dorian"", ""program"": ""piano"", ""soundfont"": ""musescore"", ""tonic_midi"": 62}"
mode_id/dorian_62_melody_drone::audio::mcq,mode_id/dorian_62_melody_drone,mode_id,audio,mcq,0,stimuli/mode/dorian_62_melody_drone.wav,"What scale or mode is this music based on?
A. Mixolydian
B. natural minor
C. Dorian
D. Phrygian
Answer with the letter of the correct option only (A, B, C, or D). Do not explain.",Mixolydian|natural minor|Dorian|Phrygian,Dorian,B,natural minor,False,,"{""form"": ""melody_drone"", ""mode"": ""dorian"", ""program"": ""piano"", ""soundfont"": ""timgm"", ""tonic_midi"": 62}"
mode_id/dorian_64_bare_scale::audio::mcq,mode_id/dorian_64_bare_scale,mode_id,audio,mcq,2,stimuli/mode/dorian_64_bare_scale.wav,"Identify the mode or scale type of this passage.
A. harmonic minor
B. whole-tone
C. major
D. Dorian
Answer with the letter of the correct option only (A, B, C, or D). Do not explain.",harmonic minor|whole-tone|major|Dorian,Dorian,D,Dorian,True,,"{""form"": ""bare_scale"", ""mode"": ""dorian"", ""program"": ""piano"", ""soundfont"": ""timgm"", ""tonic_midi"": 64}"
mode_id/dorian_64_melody_drone::audio::mcq,mode_id/dorian_64_melody_drone,mode_id,audio,mcq,1,stimuli/mode/dorian_64_melody_drone.wav,"Listen to the clip. Which scale/mode is being used?
A. major pentatonic
B. major
C. Dorian
D. whole-tone
Answer with the letter of the correct option only (A, B, C, or D). Do not explain.",major pentatonic|major|Dorian|whole-tone,Dorian,C,Dorian,True,,"{""form"": ""melody_drone"", ""mode"": ""dorian"", ""program"": ""flute"", ""soundfont"": ""timgm"", ""tonic_midi"": 64}"
mode_id/dorian_64_melody_drone::audio::explain,mode_id/dorian_64_melody_drone,mode_id,audio,explain,1,stimuli/mode/dorian_64_melody_drone.wav,"Listen to the clip. Which scale/mode is being used?
First give your answer. Then explain exactly what you heard that supports it: name the specific notes/chords/beats and their approximate timestamps in seconds.",,Dorian,"The scale used is A minor. I heard the note A3 at approximately 2.50 seconds, which is a characteristic of the A minor scale.",,,,"{""form"": ""melody_drone"", ""mode"": ""dorian"", ""program"": ""flute"", ""soundfont"": ""timgm"", ""tonic_midi"": 64}"
mode_id/harmonic_minor_57_bare_scale::audio::mcq,mode_id/harmonic_minor_57_bare_scale,mode_id,audio,mcq,1,stimuli/mode/harmonic_minor_57_bare_scale.wav,"Listen to the clip. Which scale/mode is being used?
A. blues scale
B. Locrian
C. natural minor
D. harmonic minor
Answer with the letter of the correct option only (A, B, C, or D). Do not explain.",blues scale|Locrian|natural minor|harmonic minor,harmonic minor,D,harmonic minor,True,,"{""form"": ""bare_scale"", ""mode"": ""harmonic_minor"", ""program"": ""piano"", ""soundfont"": ""musescore"", ""tonic_midi"": 57}"
mode_id/harmonic_minor_57_bare_scale::audio::open,mode_id/harmonic_minor_57_bare_scale,mode_id,audio,open,0,stimuli/mode/harmonic_minor_57_bare_scale.wav,"What scale or mode is this music based on?
Give a short, direct answer.",,harmonic minor,D minor,D minor,False,,"{""form"": ""bare_scale"", ""mode"": ""harmonic_minor"", ""program"": ""piano"", ""soundfont"": ""musescore"", ""tonic_midi"": 57}"
mode_id/harmonic_minor_57_melody_drone::audio::mcq,mode_id/harmonic_minor_57_melody_drone,mode_id,audio,mcq,0,stimuli/mode/harmonic_minor_57_melody_drone.wav,"What scale or mode is this music based on?
A. Mixolydian
B. major
C. natural minor
D. harmonic minor
Answer with the letter of the correct option only (A, B, C, or D). Do not explain.",Mixolydian|major|natural minor|harmonic minor,harmonic minor,D,harmonic minor,True,,"{""form"": ""melody_drone"", ""mode"": ""harmonic_minor"", ""program"": ""flute"", ""soundfont"": ""musescore"", ""tonic_midi"": 57}"
mode_id/harmonic_minor_60_bare_scale::audio::mcq,mode_id/harmonic_minor_60_bare_scale,mode_id,audio,mcq,1,stimuli/mode/harmonic_minor_60_bare_scale.wav,"Listen to the clip. Which scale/mode is being used?
A. natural minor
B. Dorian
C. harmonic minor
D. melodic minor
Answer with the letter of the correct option only (A, B, C, or D). Do not explain.",natural minor|Dorian|harmonic minor|melodic minor,harmonic minor,D,melodic minor,False,,"{""form"": ""bare_scale"", ""mode"": ""harmonic_minor"", ""program"": ""piano"", ""soundfont"": ""musescore"", ""tonic_midi"": 60}"
mode_id/harmonic_minor_60_bare_scale::audio::open,mode_id/harmonic_minor_60_bare_scale,mode_id,audio,open,1,stimuli/mode/harmonic_minor_60_bare_scale.wav,"Listen to the clip. Which scale/mode is being used?
Give a short, direct answer.",,harmonic minor,C major,C major,False,,"{""form"": ""bare_scale"", ""mode"": ""harmonic_minor"", ""program"": ""piano"", ""soundfont"": ""musescore"", ""tonic_midi"": 60}"
mode_id/harmonic_minor_60_bare_scale::audio::explain,mode_id/harmonic_minor_60_bare_scale,mode_id,audio,explain,1,stimuli/mode/harmonic_minor_60_bare_scale.wav,"Listen to the clip. Which scale/mode is being used?
First give your answer. Then explain exactly what you heard that supports it: name the specific notes/chords/beats and their approximate timestamps in seconds.",,harmonic minor,"The scale/mode used is A major. I heard an A4 note at approximately 0.79s, which is a characteristic of the A major scale.",,,,"{""form"": ""bare_scale"", ""mode"": ""harmonic_minor"", ""program"": ""piano"", ""soundfont"": ""musescore"", ""tonic_midi"": 60}"
mode_id/harmonic_minor_60_melody_drone::audio::mcq,mode_id/harmonic_minor_60_melody_drone,mode_id,audio,mcq,2,stimuli/mode/harmonic_minor_60_melody_drone.wav,"Identify the mode or scale type of this passage.
A. Locrian
B. harmonic minor
C. Lydian
D. Dorian
Answer with the letter of the correct option only (A, B, C, or D). Do not explain.",Locrian|harmonic minor|Lydian|Dorian,harmonic minor,D,Dorian,False,,"{""form"": ""melody_drone"", ""mode"": ""harmonic_minor"", ""program"": ""violin"", ""soundfont"": ""musescore"", ""tonic_midi"": 60}"
mode_id/harmonic_minor_60_melody_drone::audio::open,mode_id/harmonic_minor_60_melody_drone,mode_id,audio,open,1,stimuli/mode/harmonic_minor_60_melody_drone.wav,"Listen to the clip. Which scale/mode is being used?
Give a short, direct answer.",,harmonic minor,A minor,A minor,False,,"{""form"": ""melody_drone"", ""mode"": ""harmonic_minor"", ""program"": ""violin"", ""soundfont"": ""musescore"", ""tonic_midi"": 60}"
mode_id/harmonic_minor_62_bare_scale::audio::mcq,mode_id/harmonic_minor_62_bare_scale,mode_id,audio,mcq,2,stimuli/mode/harmonic_minor_62_bare_scale.wav,"Identify the mode or scale type of this passage.
A. whole-tone
B. harmonic minor
C. Dorian
D. major
Answer with the letter of the correct option only (A, B, C, or D). Do not explain.",whole-tone|harmonic minor|Dorian|major,harmonic minor,C,Dorian,False,,"{""form"": ""bare_scale"", ""mode"": ""harmonic_minor"", ""program"": ""synth_lead"", ""soundfont"": ""fluidr3"", ""tonic_midi"": 62}"
mode_id/harmonic_minor_62_melody_drone::audio::mcq,mode_id/harmonic_minor_62_melody_drone,mode_id,audio,mcq,1,stimuli/mode/harmonic_minor_62_melody_drone.wav,"Listen to the clip. Which scale/mode is being used?
A. Locrian
B. blues scale
C. Lydian
D. harmonic minor
Answer with the letter of the correct option only (A, B, C, or D). Do not explain.",Locrian|blues scale|Lydian|harmonic minor,harmonic minor,D,harmonic minor,True,,"{""form"": ""melody_drone"", ""mode"": ""harmonic_minor"", ""program"": ""flute"", ""soundfont"": ""fluidr3"", ""tonic_midi"": 62}"
mode_id/harmonic_minor_64_bare_scale::audio::mcq,mode_id/harmonic_minor_64_bare_scale,mode_id,audio,mcq,2,stimuli/mode/harmonic_minor_64_bare_scale.wav,"Identify the mode or scale type of this passage.
A. Locrian
B. whole-tone
C. Phrygian
D. harmonic minor
Answer with the letter of the correct option only (A, B, C, or D). Do not explain.",Locrian|whole-tone|Phrygian|harmonic minor,harmonic minor,D,harmonic minor,True,,"{""form"": ""bare_scale"", ""mode"": ""harmonic_minor"", ""program"": ""synth_lead"", ""soundfont"": ""musescore"", ""tonic_midi"": 64}"
mode_id/harmonic_minor_64_melody_drone::audio::mcq,mode_id/harmonic_minor_64_melody_drone,mode_id,audio,mcq,0,stimuli/mode/harmonic_minor_64_melody_drone.wav,"What scale or mode is this music based on?
A. major
B. blues scale
C. harmonic minor
D. Dorian
Answer with the letter of the correct option only (A, B, C, or D). Do not explain.",major|blues scale|harmonic minor|Dorian,harmonic minor,C,harmonic minor,True,,"{""form"": ""melody_drone"", ""mode"": ""harmonic_minor"", ""program"": ""violin"", ""soundfont"": ""musescore"", ""tonic_midi"": 64}"
mode_id/locrian_57_bare_scale::audio::mcq,mode_id/locrian_57_bare_scale,mode_id,audio,mcq,1,stimuli/mode/locrian_57_bare_scale.wav,"Listen to the clip. Which scale/mode is being used?
A. Locrian
B. Mixolydian
C. melodic minor
D. harmonic minor
Answer with the letter of the correct option only (A, B, C, or D). Do not explain.",Locrian|Mixolydian|melodic minor|harmonic minor,Locrian,D,harmonic minor,False,,"{""form"": ""bare_scale"", ""mode"": ""locrian"", ""program"": ""piano"", ""soundfont"": ""timgm"", ""tonic_midi"": 57}"
mode_id/locrian_57_melody_drone::audio::mcq,mode_id/locrian_57_melody_drone,mode_id,audio,mcq,1,stimuli/mode/locrian_57_melody_drone.wav,"Listen to the clip. Which scale/mode is being used?
A. major
B. Phrygian
C. Locrian
D. natural minor
Answer with the letter of the correct option only (A, B, C, or D). Do not explain.",major|Phrygian|Locrian|natural minor,Locrian,D,natural minor,False,,"{""form"": ""melody_drone"", ""mode"": ""locrian"", ""program"": ""synth_lead"", ""soundfont"": ""musescore"", ""tonic_midi"": 57}"
mode_id/locrian_57_melody_drone::audio::explain,mode_id/locrian_57_melody_drone,mode_id,audio,explain,0,stimuli/mode/locrian_57_melody_drone.wav,"What scale or mode is this music based on?
First give your answer. Then explain exactly what you heard that supports it: name the specific notes/chords/beats and their approximate timestamps in seconds.",,Locrian,"The music is based on the C major scale. I heard a sequence of notes C4, E4, and G4 at approximately 0.00, 2.50, and 4.73 seconds respectively.",,,,"{""form"": ""melody_drone"", ""mode"": ""locrian"", ""program"": ""synth_lead"", ""soundfont"": ""musescore"", ""tonic_midi"": 57}"
mode_id/locrian_60_bare_scale::audio::mcq,mode_id/locrian_60_bare_scale,mode_id,audio,mcq,0,stimuli/mode/locrian_60_bare_scale.wav,"What scale or mode is this music based on?
A. Mixolydian
B. Lydian
C. Locrian
D. Phrygian
Answer with the letter of the correct option only (A, B, C, or D). Do not explain.",Mixolydian|Lydian|Locrian|Phrygian,Locrian,C,Locrian,True,,"{""form"": ""bare_scale"", ""mode"": ""locrian"", ""program"": ""flute"", ""soundfont"": ""musescore"", ""tonic_midi"": 60}"
mode_id/locrian_60_melody_drone::audio::mcq,mode_id/locrian_60_melody_drone,mode_id,audio,mcq,0,stimuli/mode/locrian_60_melody_drone.wav,"What scale or mode is this music based on?
A. Dorian
B. melodic minor
C. Locrian
D. major
Answer with the letter of the correct option only (A, B, C, or D). Do not explain.",Dorian|melodic minor|Locrian|major,Locrian,B,melodic minor,False,,"{""form"": ""melody_drone"", ""mode"": ""locrian"", ""program"": ""violin"", ""soundfont"": ""musescore"", ""tonic_midi"": 60}"
mode_id/locrian_62_bare_scale::audio::mcq,mode_id/locrian_62_bare_scale,mode_id,audio,mcq,1,stimuli/mode/locrian_62_bare_scale.wav,"Listen to the clip. Which scale/mode is being used?
A. harmonic minor
B. natural minor
C. Locrian
D. minor pentatonic
Answer with the letter of the correct option only (A, B, C, or D). Do not explain.",harmonic minor|natural minor|Locrian|minor pentatonic,Locrian,C,Locrian,True,,"{""form"": ""bare_scale"", ""mode"": ""locrian"", ""program"": ""piano"", ""soundfont"": ""fluidr3"", ""tonic_midi"": 62}"
mode_id/locrian_62_bare_scale::audio::open,mode_id/locrian_62_bare_scale,mode_id,audio,open,2,stimuli/mode/locrian_62_bare_scale.wav,"Identify the mode or scale type of this passage.
Give a short, direct answer.",,Locrian,D minor,D minor,False,,"{""form"": ""bare_scale"", ""mode"": ""locrian"", ""program"": ""piano"", ""soundfont"": ""fluidr3"", ""tonic_midi"": 62}"
mode_id/locrian_62_melody_drone::audio::mcq,mode_id/locrian_62_melody_drone,mode_id,audio,mcq,0,stimuli/mode/locrian_62_melody_drone.wav,"What scale or mode is this music based on?
A. Dorian
B. minor pentatonic
C. Mixolydian
D. Locrian
Answer with the letter of the correct option only (A, B, C, or D). Do not explain.",Dorian|minor pentatonic|Mixolydian|Locrian,Locrian,C,Mixolydian,False,,"{""form"": ""melody_drone"", ""mode"": ""locrian"", ""program"": ""violin"", ""soundfont"": ""fluidr3"", ""tonic_midi"": 62}"
mode_id/locrian_64_bare_scale::audio::mcq,mode_id/locrian_64_bare_scale,mode_id,audio,mcq,2,stimuli/mode/locrian_64_bare_scale.wav,"Identify the mode or scale type of this passage.
A. Locrian
B. Phrygian
C. harmonic minor
D. major pentatonic
Answer with the letter of the correct option only (A, B, C, or D). Do not explain.",Locrian|Phrygian|harmonic minor|major pentatonic,Locrian,C,harmonic minor,False,,"{""form"": ""bare_scale"", ""mode"": ""locrian"", ""program"": ""flute"", ""soundfont"": ""timgm"", ""tonic_midi"": 64}"
mode_id/locrian_64_bare_scale::audio::open,mode_id/locrian_64_bare_scale,mode_id,audio,open,1,stimuli/mode/locrian_64_bare_scale.wav,"Listen to the clip. Which scale/mode is being used?
Give a short, direct answer.",,Locrian,A minor,A minor,False,,"{""form"": ""bare_scale"", ""mode"": ""locrian"", ""program"": ""flute"", ""soundfont"": ""timgm"", ""tonic_midi"": 64}"
mode_id/locrian_64_bare_scale::audio::explain,mode_id/locrian_64_bare_scale,mode_id,audio,explain,0,stimuli/mode/locrian_64_bare_scale.wav,"What scale or mode is this music based on?
First give your answer. Then explain exactly what you heard that supports it: name the specific notes/chords/beats and their approximate timestamps in seconds.",,Locrian,"The music is based on the A minor scale. I heard a sequence of notes: A3, E4, D4, which seems to follow the natural progression of the A minor scale.",,,,"{""form"": ""bare_scale"", ""mode"": ""locrian"", ""program"": ""flute"", ""soundfont"": ""timgm"", ""tonic_midi"": 64}"
mode_id/locrian_64_melody_drone::audio::mcq,mode_id/locrian_64_melody_drone,mode_id,audio,mcq,2,stimuli/mode/locrian_64_melody_drone.wav,"Identify the mode or scale type of this passage.
A. minor pentatonic
B. Locrian
C. natural minor
D. Dorian
Answer with the letter of the correct option only (A, B, C, or D). Do not explain.",minor pentatonic|Locrian|natural minor|Dorian,Locrian,C,natural minor,False,,"{""form"": ""melody_drone"", ""mode"": ""locrian"", ""program"": ""flute"", ""soundfont"": ""timgm"", ""tonic_midi"": 64}"
mode_id/locrian_64_melody_drone::audio::explain,mode_id/locrian_64_melody_drone,mode_id,audio,explain,2,stimuli/mode/locrian_64_melody_drone.wav,"Identify the mode or scale type of this passage.
First give your answer. Then explain exactly what you heard that supports it: name the specific notes/chords/beats and their approximate timestamps in seconds.",,Locrian,"The scale is A minor, with a note progression from A3 to F3 and G#3.",,,,"{""form"": ""melody_drone"", ""mode"": ""locrian"", ""program"": ""flute"", ""soundfont"": ""timgm"", ""tonic_midi"": 64}"
mode_id/lydian_57_bare_scale::audio::mcq,mode_id/lydian_57_bare_scale,mode_id,audio,mcq,0,stimuli/mode/lydian_57_bare_scale.wav,"What scale or mode is this music based on?
A. Mixolydian
B. blues scale
C. Lydian
D. major
Answer with the letter of the correct option only (A, B, C, or D). Do not explain.",Mixolydian|blues scale|Lydian|major,Lydian,C,Lydian,True,,"{""form"": ""bare_scale"", ""mode"": ""lydian"", ""program"": ""piano"", ""soundfont"": ""musescore"", ""tonic_midi"": 57}"
mode_id/lydian_57_melody_drone::audio::mcq,mode_id/lydian_57_melody_drone,mode_id,audio,mcq,0,stimuli/mode/lydian_57_melody_drone.wav,"What scale or mode is this music based on?
A. Phrygian
B. Mixolydian
C. Lydian
D. major pentatonic
Answer with the letter of the correct option only (A, B, C, or D). Do not explain.",Phrygian|Mixolydian|Lydian|major pentatonic,Lydian,D,major pentatonic,False,,"{""form"": ""melody_drone"", ""mode"": ""lydian"", ""program"": ""synth_lead"", ""soundfont"": ""timgm"", ""tonic_midi"": 57}"
mode_id/lydian_60_bare_scale::audio::mcq,mode_id/lydian_60_bare_scale,mode_id,audio,mcq,0,stimuli/mode/lydian_60_bare_scale.wav,"What scale or mode is this music based on?
A. Mixolydian
B. blues scale
C. Lydian
D. harmonic minor
Answer with the letter of the correct option only (A, B, C, or D). Do not explain.",Mixolydian|blues scale|Lydian|harmonic minor,Lydian,D,harmonic minor,False,,"{""form"": ""bare_scale"", ""mode"": ""lydian"", ""program"": ""violin"", ""soundfont"": ""timgm"", ""tonic_midi"": 60}"
mode_id/lydian_60_melody_drone::audio::mcq,mode_id/lydian_60_melody_drone,mode_id,audio,mcq,0,stimuli/mode/lydian_60_melody_drone.wav,"What scale or mode is this music based on?
A. Lydian
B. harmonic minor
C. minor pentatonic
D. Mixolydian
Answer with the letter of the correct option only (A, B, C, or D). Do not explain.",Lydian|harmonic minor|minor pentatonic|Mixolydian,Lydian,C,minor pentatonic,False,,"{""form"": ""melody_drone"", ""mode"": ""lydian"", ""program"": ""synth_lead"", ""soundfont"": ""fluidr3"", ""tonic_midi"": 60}"
mode_id/lydian_60_melody_drone::audio::open,mode_id/lydian_60_melody_drone,mode_id,audio,open,2,stimuli/mode/lydian_60_melody_drone.wav,"Identify the mode or scale type of this passage.
Give a short, direct answer.",,Lydian,C minor,C minor,False,,"{""form"": ""melody_drone"", ""mode"": ""lydian"", ""program"": ""synth_lead"", ""soundfont"": ""fluidr3"", ""tonic_midi"": 60}"
mode_id/lydian_62_bare_scale::audio::mcq,mode_id/lydian_62_bare_scale,mode_id,audio,mcq,2,stimuli/mode/lydian_62_bare_scale.wav,"Identify the mode or scale type of this passage.
A. Lydian
B. major pentatonic
C. major
D. minor pentatonic
Answer with the letter of the correct option only (A, B, C, or D). Do not explain.",Lydian|major pentatonic|major|minor pentatonic,Lydian,C,major,False,,"{""form"": ""bare_scale"", ""mode"": ""lydian"", ""program"": ""piano"", ""soundfont"": ""timgm"", ""tonic_midi"": 62}"
mode_id/lydian_62_melody_drone::audio::mcq,mode_id/lydian_62_melody_drone,mode_id,audio,mcq,1,stimuli/mode/lydian_62_melody_drone.wav,"Listen to the clip. Which scale/mode is being used?
A. Lydian
B. Dorian
C. major
D. Phrygian
Answer with the letter of the correct option only (A, B, C, or D). Do not explain.",Lydian|Dorian|major|Phrygian,Lydian,C,major,False,,"{""form"": ""melody_drone"", ""mode"": ""lydian"", ""program"": ""piano"", ""soundfont"": ""timgm"", ""tonic_midi"": 62}"
mode_id/lydian_64_bare_scale::audio::mcq,mode_id/lydian_64_bare_scale,mode_id,audio,mcq,0,stimuli/mode/lydian_64_bare_scale.wav,"What scale or mode is this music based on?
A. Phrygian
B. Dorian
C. minor pentatonic
D. Lydian
Answer with the letter of the correct option only (A, B, C, or D). Do not explain.",Phrygian|Dorian|minor pentatonic|Lydian,Lydian,C,minor pentatonic,False,,"{""form"": ""bare_scale"", ""mode"": ""lydian"", ""program"": ""synth_lead"", ""soundfont"": ""timgm"", ""tonic_midi"": 64}"
mode_id/lydian_64_bare_scale::audio::open,mode_id/lydian_64_bare_scale,mode_id,audio,open,1,stimuli/mode/lydian_64_bare_scale.wav,"Listen to the clip. Which scale/mode is being used?
Give a short, direct answer.",,Lydian,B major,B major,False,,"{""form"": ""bare_scale"", ""mode"": ""lydian"", ""program"": ""synth_lead"", ""soundfont"": ""timgm"", ""tonic_midi"": 64}"
mode_id/lydian_64_melody_drone::audio::mcq,mode_id/lydian_64_melody_drone,mode_id,audio,mcq,0,stimuli/mode/lydian_64_melody_drone.wav,"What scale or mode is this music based on?
A. major
B. Lydian
C. natural minor
D. Dorian
Answer with the letter of the correct option only (A, B, C, or D). Do not explain.",major|Lydian|natural minor|Dorian,Lydian,C,natural minor,False,,"{""form"": ""melody_drone"", ""mode"": ""lydian"", ""program"": ""violin"", ""soundfont"": ""musescore"", ""tonic_midi"": 64}"
mode_id/major_57_bare_scale::audio::mcq,mode_id/major_57_bare_scale,mode_id,audio,mcq,0,stimuli/mode/major_57_bare_scale.wav,"What scale or mode is this music based on?
A. Mixolydian
B. minor pentatonic
C. major pentatonic
D. major
Answer with the letter of the correct option only (A, B, C, or D). Do not explain.",Mixolydian|minor pentatonic|major pentatonic|major,major,C,major pentatonic,True,,"{""form"": ""bare_scale"", ""mode"": ""major"", ""program"": ""flute"", ""soundfont"": ""fluidr3"", ""tonic_midi"": 57}"
mode_id/major_57_melody_drone::audio::mcq,mode_id/major_57_melody_drone,mode_id,audio,mcq,0,stimuli/mode/major_57_melody_drone.wav,"What scale or mode is this music based on?
A. Locrian
B. major
C. natural minor
D. Mixolydian
Answer with the letter of the correct option only (A, B, C, or D). Do not explain.",Locrian|major|natural minor|Mixolydian,major,C,natural minor,False,,"{""form"": ""melody_drone"", ""mode"": ""major"", ""program"": ""flute"", ""soundfont"": ""fluidr3"", ""tonic_midi"": 57}"
mode_id/major_57_melody_drone::audio::explain,mode_id/major_57_melody_drone,mode_id,audio,explain,2,stimuli/mode/major_57_melody_drone.wav,"Identify the mode or scale type of this passage.
First give your answer. Then explain exactly what you heard that supports it: name the specific notes/chords/beats and their approximate timestamps in seconds.",,major,"The piece is in A minor, with a time signature of 4/4 and a tempo of 89.0 bpm. I heard a flute playing a sequence of notes that includes A3, E3, D#3, and C#4, approximately between the timestamps of 0.00 and 4.57 seconds.",,,,"{""form"": ""melody_drone"", ""mode"": ""major"", ""program"": ""flute"", ""soundfont"": ""fluidr3"", ""tonic_midi"": 57}"
mode_id/major_60_bare_scale::audio::mcq,mode_id/major_60_bare_scale,mode_id,audio,mcq,2,stimuli/mode/major_60_bare_scale.wav,"Identify the mode or scale type of this passage.
A. harmonic minor
B. melodic minor
C. major
D. whole-tone
Answer with the letter of the correct option only (A, B, C, or D). Do not explain.",harmonic minor|melodic minor|major|whole-tone,major,B,melodic minor,False,,"{""form"": ""bare_scale"", ""mode"": ""major"", ""program"": ""piano"", ""soundfont"": ""musescore"", ""tonic_midi"": 60}"
mode_id/major_60_melody_drone::audio::mcq,mode_id/major_60_melody_drone,mode_id,audio,mcq,0,stimuli/mode/major_60_melody_drone.wav,"What scale or mode is this music based on?
A. major
B. Locrian
C. natural minor
D. Lydian
Answer with the letter of the correct option only (A, B, C, or D). Do not explain.",major|Locrian|natural minor|Lydian,major,C,natural minor,False,,"{""form"": ""melody_drone"", ""mode"": ""major"", ""program"": ""flute"", ""soundfont"": ""timgm"", ""tonic_midi"": 60}"
mode_id/major_60_melody_drone::audio::open,mode_id/major_60_melody_drone,mode_id,audio,open,0,stimuli/mode/major_60_melody_drone.wav,"What scale or mode is this music based on?
Give a short, direct answer.",,major,A minor,A minor,False,,"{""form"": ""melody_drone"", ""mode"": ""major"", ""program"": ""flute"", ""soundfont"": ""timgm"", ""tonic_midi"": 60}"
mode_id/major_62_bare_scale::audio::mcq,mode_id/major_62_bare_scale,mode_id,audio,mcq,0,stimuli/mode/major_62_bare_scale.wav,"What scale or mode is this music based on?
A. major
B. Mixolydian
C. Dorian
D. major pentatonic
Answer with the letter of the correct option only (A, B, C, or D). Do not explain.",major|Mixolydian|Dorian|major pentatonic,major,C,Dorian,False,,"{""form"": ""bare_scale"", ""mode"": ""major"", ""program"": ""violin"", ""soundfont"": ""musescore"", ""tonic_midi"": 62}"
mode_id/major_62_melody_drone::audio::mcq,mode_id/major_62_melody_drone,mode_id,audio,mcq,2,stimuli/mode/major_62_melody_drone.wav,"Identify the mode or scale type of this passage.
A. natural minor
B. melodic minor
C. major
D. Locrian
Answer with the letter of the correct option only (A, B, C, or D). Do not explain.",natural minor|melodic minor|major|Locrian,major,D,Locrian,False,,"{""form"": ""melody_drone"", ""mode"": ""major"", ""program"": ""violin"", ""soundfont"": ""fluidr3"", ""tonic_midi"": 62}"
mode_id/major_64_bare_scale::audio::mcq,mode_id/major_64_bare_scale,mode_id,audio,mcq,1,stimuli/mode/major_64_bare_scale.wav,"Listen to the clip. Which scale/mode is being used?
A. Phrygian
B. blues scale
C. minor pentatonic
D. major
Answer with the letter of the correct option only (A, B, C, or D). Do not explain.",Phrygian|blues scale|minor pentatonic|major,major,C,minor pentatonic,False,,"{""form"": ""bare_scale"", ""mode"": ""major"", ""program"": ""flute"", ""soundfont"": ""musescore"", ""tonic_midi"": 64}"
mode_id/major_64_bare_scale::audio::open,mode_id/major_64_bare_scale,mode_id,audio,open,1,stimuli/mode/major_64_bare_scale.wav,"Listen to the clip. Which scale/mode is being used?
Give a short, direct answer.",,major,A major scale.,A major scale.,True,,"{""form"": ""bare_scale"", ""mode"": ""major"", ""program"": ""flute"", ""soundfont"": ""musescore"", ""tonic_midi"": 64}"
mode_id/major_64_melody_drone::audio::mcq,mode_id/major_64_melody_drone,mode_id,audio,mcq,1,stimuli/mode/major_64_melody_drone.wav,"Listen to the clip. Which scale/mode is being used?
A. major
B. Dorian
C. major pentatonic
D. Lydian
Answer with the letter of the correct option only (A, B, C, or D). Do not explain.",major|Dorian|major pentatonic|Lydian,major,D,Lydian,False,,"{""form"": ""melody_drone"", ""mode"": ""major"", ""program"": ""flute"", ""soundfont"": ""musescore"", ""tonic_midi"": 64}"
mode_id/major_64_melody_drone::audio::open,mode_id/major_64_melody_drone,mode_id,audio,open,2,stimuli/mode/major_64_melody_drone.wav,"Identify the mode or scale type of this passage.
Give a short, direct answer.",,major,A minor,A minor,False,,"{""form"": ""melody_drone"", ""mode"": ""major"", ""program"": ""flute"", ""soundfont"": ""musescore"", ""tonic_midi"": 64}"
mode_id/major_pentatonic_57_bare_scale::audio::mcq,mode_id/major_pentatonic_57_bare_scale,mode_id,audio,mcq,0,stimuli/mode/major_pentatonic_57_bare_scale.wav,"What scale or mode is this music based on?
A. major pentatonic
B. Locrian
C. whole-tone
D. Mixolydian
Answer with the letter of the correct option only (A, B, C, or D). Do not explain.",major pentatonic|Locrian|whole-tone|Mixolydian,major pentatonic,D,Mixolydian,False,,"{""form"": ""bare_scale"", ""mode"": ""major_pentatonic"", ""program"": ""flute"", ""soundfont"": ""timgm"", ""tonic_midi"": 57}"
mode_id/major_pentatonic_57_melody_drone::audio::mcq,mode_id/major_pentatonic_57_melody_drone,mode_id,audio,mcq,1,stimuli/mode/major_pentatonic_57_melody_drone.wav,"Listen to the clip. Which scale/mode is being used?
A. major pentatonic
B. natural minor
C. Phrygian
D. minor pentatonic
Answer with the letter of the correct option only (A, B, C, or D). Do not explain.",major pentatonic|natural minor|Phrygian|minor pentatonic,major pentatonic,D,minor pentatonic,False,,"{""form"": ""melody_drone"", ""mode"": ""major_pentatonic"", ""program"": ""flute"", ""soundfont"": ""musescore"", ""tonic_midi"": 57}"
mode_id/major_pentatonic_60_bare_scale::audio::mcq,mode_id/major_pentatonic_60_bare_scale,mode_id,audio,mcq,1,stimuli/mode/major_pentatonic_60_bare_scale.wav,"Listen to the clip. Which scale/mode is being used?
A. Locrian
B. major pentatonic
C. Mixolydian
D. harmonic minor
Answer with the letter of the correct option only (A, B, C, or D). Do not explain.",Locrian|major pentatonic|Mixolydian|harmonic minor,major pentatonic,C,Mixolydian,False,,"{""form"": ""bare_scale"", ""mode"": ""major_pentatonic"", ""program"": ""flute"", ""soundfont"": ""fluidr3"", ""tonic_midi"": 60}"
mode_id/major_pentatonic_60_melody_drone::audio::mcq,mode_id/major_pentatonic_60_melody_drone,mode_id,audio,mcq,2,stimuli/mode/major_pentatonic_60_melody_drone.wav,"Identify the mode or scale type of this passage.
A. Phrygian
B. harmonic minor
C. major
D. major pentatonic
Answer with the letter of the correct option only (A, B, C, or D). Do not explain.",Phrygian|harmonic minor|major|major pentatonic,major pentatonic,D,major pentatonic,True,,"{""form"": ""melody_drone"", ""mode"": ""major_pentatonic"", ""program"": ""synth_lead"", ""soundfont"": ""musescore"", ""tonic_midi"": 60}"
mode_id/major_pentatonic_60_melody_drone::audio::open,mode_id/major_pentatonic_60_melody_drone,mode_id,audio,open,0,stimuli/mode/major_pentatonic_60_melody_drone.wav,"What scale or mode is this music based on?
Give a short, direct answer.",,major pentatonic,D minor,D minor,False,,"{""form"": ""melody_drone"", ""mode"": ""major_pentatonic"", ""program"": ""synth_lead"", ""soundfont"": ""musescore"", ""tonic_midi"": 60}"
mode_id/major_pentatonic_60_melody_drone::audio::explain,mode_id/major_pentatonic_60_melody_drone,mode_id,audio,explain,2,stimuli/mode/major_pentatonic_60_melody_drone.wav,"Identify the mode or scale type of this passage.
First give your answer. Then explain exactly what you heard that supports it: name the specific notes/chords/beats and their approximate timestamps in seconds.",,major pentatonic,"The scale is A major, with a transition to G major. I heard this as a sequence of A3 (at approximately 0.54s to 0.78s), E4 (0.92s to 1.26s), F4 (1.40s to 1.62s), and G4 (1.80s to 2.13s) notes, followed by G3 (2.30s to 2.50s) and C4 (2.64s to 2.97s) notes, which seems consistent with the natural progression of an A major scale including a G# major chord.",,,,"{""form"": ""melody_drone"", ""mode"": ""major_pentatonic"", ""program"": ""synth_lead"", ""soundfont"": ""musescore"", ""tonic_midi"": 60}"
mode_id/major_pentatonic_62_bare_scale::audio::mcq,mode_id/major_pentatonic_62_bare_scale,mode_id,audio,mcq,0,stimuli/mode/major_pentatonic_62_bare_scale.wav,"What scale or mode is this music based on?
A. major pentatonic
B. Mixolydian
C. Lydian
D. Locrian
Answer with the letter of the correct option only (A, B, C, or D). Do not explain.",major pentatonic|Mixolydian|Lydian|Locrian,major pentatonic,C,Lydian,False,,"{""form"": ""bare_scale"", ""mode"": ""major_pentatonic"", ""program"": ""synth_lead"", ""soundfont"": ""musescore"", ""tonic_midi"": 62}"
mode_id/major_pentatonic_62_bare_scale::audio::open,mode_id/major_pentatonic_62_bare_scale,mode_id,audio,open,2,stimuli/mode/major_pentatonic_62_bare_scale.wav,"Identify the mode or scale type of this passage.
Give a short, direct answer.",,major pentatonic,D major,D major,False,,"{""form"": ""bare_scale"", ""mode"": ""major_pentatonic"", ""program"": ""synth_lead"", ""soundfont"": ""musescore"", ""tonic_midi"": 62}"
mode_id/major_pentatonic_62_melody_drone::audio::mcq,mode_id/major_pentatonic_62_melody_drone,mode_id,audio,mcq,2,stimuli/mode/major_pentatonic_62_melody_drone.wav,"Identify the mode or scale type of this passage.
A. minor pentatonic
B. Lydian
C. major pentatonic
D. Phrygian
Answer with the letter of the correct option only (A, B, C, or D). Do not explain.",minor pentatonic|Lydian|major pentatonic|Phrygian,major pentatonic,C,major pentatonic,True,,"{""form"": ""melody_drone"", ""mode"": ""major_pentatonic"", ""program"": ""flute"", ""soundfont"": ""timgm"", ""tonic_midi"": 62}"
mode_id/major_pentatonic_62_melody_drone::audio::open,mode_id/major_pentatonic_62_melody_drone,mode_id,audio,open,2,stimuli/mode/major_pentatonic_62_melody_drone.wav,"Identify the mode or scale type of this passage.
Give a short, direct answer.",,major pentatonic,D minor,D minor,False,,"{""form"": ""melody_drone"", ""mode"": ""major_pentatonic"", ""program"": ""flute"", ""soundfont"": ""timgm"", ""tonic_midi"": 62}"
mode_id/major_pentatonic_64_bare_scale::audio::mcq,mode_id/major_pentatonic_64_bare_scale,mode_id,audio,mcq,1,stimuli/mode/major_pentatonic_64_bare_scale.wav,"Listen to the clip. Which scale/mode is being used?
A. major
B. Mixolydian
C. major pentatonic
D. melodic minor
Answer with the letter of the correct option only (A, B, C, or D). Do not explain.",major|Mixolydian|major pentatonic|melodic minor,major pentatonic,D,melodic minor,False,,"{""form"": ""bare_scale"", ""mode"": ""major_pentatonic"", ""program"": ""piano"", ""soundfont"": ""fluidr3"", ""tonic_midi"": 64}"
mode_id/major_pentatonic_64_bare_scale::audio::open,mode_id/major_pentatonic_64_bare_scale,mode_id,audio,open,2,stimuli/mode/major_pentatonic_64_bare_scale.wav,"Identify the mode or scale type of this passage.
Give a short, direct answer.",,major pentatonic,A major scale.,A major scale.,False,,"{""form"": ""bare_scale"", ""mode"": ""major_pentatonic"", ""program"": ""piano"", ""soundfont"": ""fluidr3"", ""tonic_midi"": 64}"
mode_id/major_pentatonic_64_melody_drone::audio::mcq,mode_id/major_pentatonic_64_melody_drone,mode_id,audio,mcq,0,stimuli/mode/major_pentatonic_64_melody_drone.wav,"What scale or mode is this music based on?
A. major
B. major pentatonic
C. natural minor
D. Phrygian
Answer with the letter of the correct option only (A, B, C, or D). Do not explain.",major|major pentatonic|natural minor|Phrygian,major pentatonic,C,natural minor,False,,"{""form"": ""melody_drone"", ""mode"": ""major_pentatonic"", ""program"": ""synth_lead"", ""soundfont"": ""timgm"", ""tonic_midi"": 64}"
mode_id/melodic_minor_57_bare_scale::audio::mcq,mode_id/melodic_minor_57_bare_scale,mode_id,audio,mcq,0,stimuli/mode/melodic_minor_57_bare_scale.wav,"What scale or mode is this music based on?
A. minor pentatonic
B. major pentatonic
C. melodic minor
D. blues scale
Answer with the letter of the correct option only (A, B, C, or D). Do not explain.",minor pentatonic|major pentatonic|melodic minor|blues scale,melodic minor,C,melodic minor,True,,"{""form"": ""bare_scale"", ""mode"": ""melodic_minor"", ""program"": ""synth_lead"", ""soundfont"": ""fluidr3"", ""tonic_midi"": 57}"
mode_id/melodic_minor_57_melody_drone::audio::mcq,mode_id/melodic_minor_57_melody_drone,mode_id,audio,mcq,2,stimuli/mode/melodic_minor_57_melody_drone.wav,"Identify the mode or scale type of this passage.
A. major
B. Locrian
C. Lydian
D. melodic minor
Answer with the letter of the correct option only (A, B, C, or D). Do not explain.",major|Locrian|Lydian|melodic minor,melodic minor,D,melodic minor,True,,"{""form"": ""melody_drone"", ""mode"": ""melodic_minor"", ""program"": ""flute"", ""soundfont"": ""timgm"", ""tonic_midi"": 57}"
mode_id/melodic_minor_57_melody_drone::audio::open,mode_id/melodic_minor_57_melody_drone,mode_id,audio,open,0,stimuli/mode/melodic_minor_57_melody_drone.wav,"What scale or mode is this music based on?
Give a short, direct answer.",,melodic minor,A minor,A minor,False,,"{""form"": ""melody_drone"", ""mode"": ""melodic_minor"", ""program"": ""flute"", ""soundfont"": ""timgm"", ""tonic_midi"": 57}"
mode_id/melodic_minor_60_bare_scale::audio::mcq,mode_id/melodic_minor_60_bare_scale,mode_id,audio,mcq,0,stimuli/mode/melodic_minor_60_bare_scale.wav,"What scale or mode is this music based on?
A. Locrian
B. melodic minor
C. minor pentatonic
D. whole-tone
Answer with the letter of the correct option only (A, B, C, or D). Do not explain.",Locrian|melodic minor|minor pentatonic|whole-tone,melodic minor,B,melodic minor,True,,"{""form"": ""bare_scale"", ""mode"": ""melodic_minor"", ""program"": ""violin"", ""soundfont"": ""fluidr3"", ""tonic_midi"": 60}"
mode_id/melodic_minor_60_bare_scale::audio::explain,mode_id/melodic_minor_60_bare_scale,mode_id,audio,explain,1,stimuli/mode/melodic_minor_60_bare_scale.wav,"Listen to the clip. Which scale/mode is being used?
First give your answer. Then explain exactly what you heard that supports it: name the specific notes/chords/beats and their approximate timestamps in seconds.",,melodic minor,"The scale/mode used is A minor. I heard a sequence of notes that starts at A3 (0.59s) and ends at G4 (3.78s), which includes the root note A3 and several minor scale steps, leading up to the fifth G4. This indicates an A minor scale.",,,,"{""form"": ""bare_scale"", ""mode"": ""melodic_minor"", ""program"": ""violin"", ""soundfont"": ""fluidr3"", ""tonic_midi"": 60}"
mode_id/melodic_minor_60_melody_drone::audio::mcq,mode_id/melodic_minor_60_melody_drone,mode_id,audio,mcq,1,stimuli/mode/melodic_minor_60_melody_drone.wav,"Listen to the clip. Which scale/mode is being used?
A. melodic minor
B. Locrian
C. Phrygian
D. Lydian
Answer with the letter of the correct option only (A, B, C, or D). Do not explain.",melodic minor|Locrian|Phrygian|Lydian,melodic minor,D,Lydian,False,,"{""form"": ""melody_drone"", ""mode"": ""melodic_minor"", ""program"": ""piano"", ""soundfont"": ""fluidr3"", ""tonic_midi"": 60}"
mode_id/melodic_minor_62_bare_scale::audio::mcq,mode_id/melodic_minor_62_bare_scale,mode_id,audio,mcq,0,stimuli/mode/melodic_minor_62_bare_scale.wav,"What scale or mode is this music based on?
A. Mixolydian
B. melodic minor
C. harmonic minor
D. Lydian
Answer with the letter of the correct option only (A, B, C, or D). Do not explain.",Mixolydian|melodic minor|harmonic minor|Lydian,melodic minor,C,harmonic minor,False,,"{""form"": ""bare_scale"", ""mode"": ""melodic_minor"", ""program"": ""flute"", ""soundfont"": ""timgm"", ""tonic_midi"": 62}"
mode_id/melodic_minor_62_melody_drone::audio::mcq,mode_id/melodic_minor_62_melody_drone,mode_id,audio,mcq,0,stimuli/mode/melodic_minor_62_melody_drone.wav,"What scale or mode is this music based on?
A. Mixolydian
B. blues scale
C. melodic minor
D. Locrian
Answer with the letter of the correct option only (A, B, C, or D). Do not explain.",Mixolydian|blues scale|melodic minor|Locrian,melodic minor,C,melodic minor,True,,"{""form"": ""melody_drone"", ""mode"": ""melodic_minor"", ""program"": ""flute"", ""soundfont"": ""timgm"", ""tonic_midi"": 62}"
mode_id/melodic_minor_64_bare_scale::audio::mcq,mode_id/melodic_minor_64_bare_scale,mode_id,audio,mcq,0,stimuli/mode/melodic_minor_64_bare_scale.wav,"What scale or mode is this music based on?
A. melodic minor
B. blues scale
C. Mixolydian
D. Locrian
Answer with the letter of the correct option only (A, B, C, or D). Do not explain.",melodic minor|blues scale|Mixolydian|Locrian,melodic minor,C,Mixolydian,False,,"{""form"": ""bare_scale"", ""mode"": ""melodic_minor"", ""program"": ""violin"", ""soundfont"": ""fluidr3"", ""tonic_midi"": 64}"
mode_id/melodic_minor_64_bare_scale::audio::open,mode_id/melodic_minor_64_bare_scale,mode_id,audio,open,1,stimuli/mode/melodic_minor_64_bare_scale.wav,"Listen to the clip. Which scale/mode is being used?
Give a short, direct answer.",,melodic minor,A major scale.,A major scale.,False,,"{""form"": ""bare_scale"", ""mode"": ""melodic_minor"", ""program"": ""violin"", ""soundfont"": ""fluidr3"", ""tonic_midi"": 64}"
mode_id/melodic_minor_64_melody_drone::audio::mcq,mode_id/melodic_minor_64_melody_drone,mode_id,audio,mcq,1,stimuli/mode/melodic_minor_64_melody_drone.wav,"Listen to the clip. Which scale/mode is being used?
A. Mixolydian
B. melodic minor
C. Lydian
D. Dorian
Answer with the letter of the correct option only (A, B, C, or D). Do not explain.",Mixolydian|melodic minor|Lydian|Dorian,melodic minor,D,Dorian,False,,"{""form"": ""melody_drone"", ""mode"": ""melodic_minor"", ""program"": ""flute"", ""soundfont"": ""timgm"", ""tonic_midi"": 64}"
mode_id/minor_pentatonic_57_bare_scale::audio::mcq,mode_id/minor_pentatonic_57_bare_scale,mode_id,audio,mcq,1,stimuli/mode/minor_pentatonic_57_bare_scale.wav,"Listen to the clip. Which scale/mode is being used?
A. major pentatonic
B. melodic minor
C. minor pentatonic
D. major
Answer with the letter of the correct option only (A, B, C, or D). Do not explain.",major pentatonic|melodic minor|minor pentatonic|major,minor pentatonic,C,minor pentatonic,True,,"{""form"": ""bare_scale"", ""mode"": ""minor_pentatonic"", ""program"": ""flute"", ""soundfont"": ""fluidr3"", ""tonic_midi"": 57}"
mode_id/minor_pentatonic_57_bare_scale::audio::explain,mode_id/minor_pentatonic_57_bare_scale,mode_id,audio,explain,0,stimuli/mode/minor_pentatonic_57_bare_scale.wav,"What scale or mode is this music based on?
First give your answer. Then explain exactly what you heard that supports it: name the specific notes/chords/beats and their approximate timestamps in seconds.",,minor pentatonic,The music is based on A minor. I heard an A3 note at approximately 2.50 seconds into the audio.,,,,"{""form"": ""bare_scale"", ""mode"": ""minor_pentatonic"", ""program"": ""flute"", ""soundfont"": ""fluidr3"", ""tonic_midi"": 57}"
mode_id/minor_pentatonic_57_melody_drone::audio::mcq,mode_id/minor_pentatonic_57_melody_drone,mode_id,audio,mcq,0,stimuli/mode/minor_pentatonic_57_melody_drone.wav,"What scale or mode is this music based on?
A. Phrygian
B. Locrian
C. minor pentatonic
D. major
Answer with the letter of the correct option only (A, B, C, or D). Do not explain.",Phrygian|Locrian|minor pentatonic|major,minor pentatonic,C,minor pentatonic,True,,"{""form"": ""melody_drone"", ""mode"": ""minor_pentatonic"", ""program"": ""violin"", ""soundfont"": ""fluidr3"", ""tonic_midi"": 57}"
mode_id/minor_pentatonic_57_melody_drone::audio::open,mode_id/minor_pentatonic_57_melody_drone,mode_id,audio,open,1,stimuli/mode/minor_pentatonic_57_melody_drone.wav,"Listen to the clip. Which scale/mode is being used?
Give a short, direct answer.",,minor pentatonic,A minor,A minor,False,,"{""form"": ""melody_drone"", ""mode"": ""minor_pentatonic"", ""program"": ""violin"", ""soundfont"": ""fluidr3"", ""tonic_midi"": 57}"
mode_id/minor_pentatonic_60_bare_scale::audio::mcq,mode_id/minor_pentatonic_60_bare_scale,mode_id,audio,mcq,1,stimuli/mode/minor_pentatonic_60_bare_scale.wav,"Listen to the clip. Which scale/mode is being used?
A. major pentatonic
B. major
C. minor pentatonic
D. whole-tone
Answer with the letter of the correct option only (A, B, C, or D). Do not explain.",major pentatonic|major|minor pentatonic|whole-tone,minor pentatonic,C,minor pentatonic,True,,"{""form"": ""bare_scale"", ""mode"": ""minor_pentatonic"", ""program"": ""flute"", ""soundfont"": ""timgm"", ""tonic_midi"": 60}"
mode_id/minor_pentatonic_60_melody_drone::audio::mcq,mode_id/minor_pentatonic_60_melody_drone,mode_id,audio,mcq,0,stimuli/mode/minor_pentatonic_60_melody_drone.wav,"What scale or mode is this music based on?
A. natural minor
B. minor pentatonic
C. Lydian
D. Phrygian
Answer with the letter of the correct option only (A, B, C, or D). Do not explain.",natural minor|minor pentatonic|Lydian|Phrygian,minor pentatonic,C,Lydian,False,,"{""form"": ""melody_drone"", ""mode"": ""minor_pentatonic"", ""program"": ""piano"", ""soundfont"": ""timgm"", ""tonic_midi"": 60}"
mode_id/minor_pentatonic_62_bare_scale::audio::mcq,mode_id/minor_pentatonic_62_bare_scale,mode_id,audio,mcq,2,stimuli/mode/minor_pentatonic_62_bare_scale.wav,"Identify the mode or scale type of this passage.
A. minor pentatonic
B. whole-tone
C. Mixolydian
D. harmonic minor
Answer with the letter of the correct option only (A, B, C, or D). Do not explain.",minor pentatonic|whole-tone|Mixolydian|harmonic minor,minor pentatonic,D,harmonic minor,False,,"{""form"": ""bare_scale"", ""mode"": ""minor_pentatonic"", ""program"": ""flute"", ""soundfont"": ""fluidr3"", ""tonic_midi"": 62}"
mode_id/minor_pentatonic_62_bare_scale::audio::explain,mode_id/minor_pentatonic_62_bare_scale,mode_id,audio,explain,0,stimuli/mode/minor_pentatonic_62_bare_scale.wav,"What scale or mode is this music based on?
First give your answer. Then explain exactly what you heard that supports it: name the specific notes/chords/beats and their approximate timestamps in seconds.",,minor pentatonic,"The music is based on the D minor scale. I heard a sequence of notes that includes D4 at approximately 0.72 seconds, E4 at 1.35 seconds, and F4 at 1.68 seconds which supports this.",,,,"{""form"": ""bare_scale"", ""mode"": ""minor_pentatonic"", ""program"": ""flute"", ""soundfont"": ""fluidr3"", ""tonic_midi"": 62}"
mode_id/minor_pentatonic_62_melody_drone::audio::mcq,mode_id/minor_pentatonic_62_melody_drone,mode_id,audio,mcq,1,stimuli/mode/minor_pentatonic_62_melody_drone.wav,"Listen to the clip. Which scale/mode is being used?
A. harmonic minor
B. Lydian
C. natural minor
D. minor pentatonic
Answer with the letter of the correct option only (A, B, C, or D). Do not explain.",harmonic minor|Lydian|natural minor|minor pentatonic,minor pentatonic,C,natural minor,False,,"{""form"": ""melody_drone"", ""mode"": ""minor_pentatonic"", ""program"": ""violin"", ""soundfont"": ""musescore"", ""tonic_midi"": 62}"
mode_id/minor_pentatonic_62_melody_drone::audio::open,mode_id/minor_pentatonic_62_melody_drone,mode_id,audio,open,1,stimuli/mode/minor_pentatonic_62_melody_drone.wav,"Listen to the clip. Which scale/mode is being used?
Give a short, direct answer.",,minor pentatonic,A minor,A minor,False,,"{""form"": ""melody_drone"", ""mode"": ""minor_pentatonic"", ""program"": ""violin"", ""soundfont"": ""musescore"", ""tonic_midi"": 62}"
mode_id/minor_pentatonic_64_bare_scale::audio::mcq,mode_id/minor_pentatonic_64_bare_scale,mode_id,audio,mcq,1,stimuli/mode/minor_pentatonic_64_bare_scale.wav,"Listen to the clip. Which scale/mode is being used?
A. Dorian
B. minor pentatonic
C. major
D. Mixolydian
Answer with the letter of the correct option only (A, B, C, or D). Do not explain.",Dorian|minor pentatonic|major|Mixolydian,minor pentatonic,D,Mixolydian,False,,"{""form"": ""bare_scale"", ""mode"": ""minor_pentatonic"", ""program"": ""violin"", ""soundfont"": ""timgm"", ""tonic_midi"": 64}"
mode_id/minor_pentatonic_64_melody_drone::audio::mcq,mode_id/minor_pentatonic_64_melody_drone,mode_id,audio,mcq,0,stimuli/mode/minor_pentatonic_64_melody_drone.wav,"What scale or mode is this music based on?
A. harmonic minor
B. Locrian
C. melodic minor
D. minor pentatonic
Answer with the letter of the correct option only (A, B, C, or D). Do not explain.",harmonic minor|Locrian|melodic minor|minor pentatonic,minor pentatonic,C,melodic minor,False,,"{""form"": ""melody_drone"", ""mode"": ""minor_pentatonic"", ""program"": ""flute"", ""soundfont"": ""musescore"", ""tonic_midi"": 64}"
mode_id/minor_pentatonic_64_melody_drone::audio::open,mode_id/minor_pentatonic_64_melody_drone,mode_id,audio,open,2,stimuli/mode/minor_pentatonic_64_melody_drone.wav,"Identify the mode or scale type of this passage.
Give a short, direct answer.",,minor pentatonic,A minor,A minor,False,,"{""form"": ""melody_drone"", ""mode"": ""minor_pentatonic"", ""program"": ""flute"", ""soundfont"": ""musescore"", ""tonic_midi"": 64}"
mode_id/mixolydian_57_bare_scale::audio::mcq,mode_id/mixolydian_57_bare_scale,mode_id,audio,mcq,1,stimuli/mode/mixolydian_57_bare_scale.wav,"Listen to the clip. Which scale/mode is being used?
A. major
B. whole-tone
C. major pentatonic
D. Mixolydian
Answer with the letter of the correct option only (A, B, C, or D). Do not explain.",major|whole-tone|major pentatonic|Mixolydian,Mixolydian,D,Mixolydian,True,,"{""form"": ""bare_scale"", ""mode"": ""mixolydian"", ""program"": ""flute"", ""soundfont"": ""musescore"", ""tonic_midi"": 57}"
mode_id/mixolydian_57_melody_drone::audio::mcq,mode_id/mixolydian_57_melody_drone,mode_id,audio,mcq,2,stimuli/mode/mixolydian_57_melody_drone.wav,"Identify the mode or scale type of this passage.
A. melodic minor
B. Phrygian
C. major
D. Mixolydian
Answer with the letter of the correct option only (A, B, C, or D). Do not explain.",melodic minor|Phrygian|major|Mixolydian,Mixolydian,C,major,False,,"{""form"": ""melody_drone"", ""mode"": ""mixolydian"", ""program"": ""synth_lead"", ""soundfont"": ""musescore"", ""tonic_midi"": 57}"
mode_id/mixolydian_60_bare_scale::audio::mcq,mode_id/mixolydian_60_bare_scale,mode_id,audio,mcq,2,stimuli/mode/mixolydian_60_bare_scale.wav,"Identify the mode or scale type of this passage.
A. Dorian
B. Mixolydian
C. melodic minor
D. harmonic minor
Answer with the letter of the correct option only (A, B, C, or D). Do not explain.",Dorian|Mixolydian|melodic minor|harmonic minor,Mixolydian,D,harmonic minor,False,,"{""form"": ""bare_scale"", ""mode"": ""mixolydian"", ""program"": ""piano"", ""soundfont"": ""musescore"", ""tonic_midi"": 60}"
mode_id/mixolydian_60_bare_scale::audio::explain,mode_id/mixolydian_60_bare_scale,mode_id,audio,explain,2,stimuli/mode/mixolydian_60_bare_scale.wav,"Identify the mode or scale type of this passage.
First give your answer. Then explain exactly what you heard that supports it: name the specific notes/chords/beats and their approximate timestamps in seconds.",,Mixolydian,The key is F major. I heard an F major chord played from approximately the 0-second mark to the 4-second mark.,,,,"{""form"": ""bare_scale"", ""mode"": ""mixolydian"", ""program"": ""piano"", ""soundfont"": ""musescore"", ""tonic_midi"": 60}"
mode_id/mixolydian_60_melody_drone::audio::mcq,mode_id/mixolydian_60_melody_drone,mode_id,audio,mcq,1,stimuli/mode/mixolydian_60_melody_drone.wav,"Listen to the clip. Which scale/mode is being used?
A. harmonic minor
B. Locrian
C. Mixolydian
D. blues scale
Answer with the letter of the correct option only (A, B, C, or D). Do not explain.",harmonic minor|Locrian|Mixolydian|blues scale,Mixolydian,D,blues scale,False,,"{""form"": ""melody_drone"", ""mode"": ""mixolydian"", ""program"": ""flute"", ""soundfont"": ""musescore"", ""tonic_midi"": 60}"
mode_id/mixolydian_62_bare_scale::audio::mcq,mode_id/mixolydian_62_bare_scale,mode_id,audio,mcq,1,stimuli/mode/mixolydian_62_bare_scale.wav,"Listen to the clip. Which scale/mode is being used?
A. major pentatonic
B. Phrygian
C. whole-tone
D. Mixolydian
Answer with the letter of the correct option only (A, B, C, or D). Do not explain.",major pentatonic|Phrygian|whole-tone|Mixolydian,Mixolydian,D,Mixolydian,True,,"{""form"": ""bare_scale"", ""mode"": ""mixolydian"", ""program"": ""violin"", ""soundfont"": ""timgm"", ""tonic_midi"": 62}"
mode_id/mixolydian_62_melody_drone::audio::mcq,mode_id/mixolydian_62_melody_drone,mode_id,audio,mcq,2,stimuli/mode/mixolydian_62_melody_drone.wav,"Identify the mode or scale type of this passage.
A. whole-tone
B. Lydian
C. Mixolydian
D. harmonic minor
Answer with the letter of the correct option only (A, B, C, or D). Do not explain.",whole-tone|Lydian|Mixolydian|harmonic minor,Mixolydian,D,harmonic minor,False,,"{""form"": ""melody_drone"", ""mode"": ""mixolydian"", ""program"": ""violin"", ""soundfont"": ""musescore"", ""tonic_midi"": 62}"
mode_id/mixolydian_64_bare_scale::audio::mcq,mode_id/mixolydian_64_bare_scale,mode_id,audio,mcq,0,stimuli/mode/mixolydian_64_bare_scale.wav,"What scale or mode is this music based on?
A. major pentatonic
B. natural minor
C. Mixolydian
D. Locrian
Answer with the letter of the correct option only (A, B, C, or D). Do not explain.",major pentatonic|natural minor|Mixolydian|Locrian,Mixolydian,C,Mixolydian,True,,"{""form"": ""bare_scale"", ""mode"": ""mixolydian"", ""program"": ""synth_lead"", ""soundfont"": ""fluidr3"", ""tonic_midi"": 64}"
mode_id/mixolydian_64_melody_drone::audio::mcq,mode_id/mixolydian_64_melody_drone,mode_id,audio,mcq,0,stimuli/mode/mixolydian_64_melody_drone.wav,"What scale or mode is this music based on?
A. harmonic minor
B. major pentatonic
C. Lydian
D. Mixolydian
Answer with the letter of the correct option only (A, B, C, or D). Do not explain.",harmonic minor|major pentatonic|Lydian|Mixolydian,Mixolydian,D,Mixolydian,True,,"{""form"": ""melody_drone"", ""mode"": ""mixolydian"", ""program"": ""piano"", ""soundfont"": ""musescore"", ""tonic_midi"": 64}"
mode_id/natural_minor_57_bare_scale::audio::mcq,mode_id/natural_minor_57_bare_scale,mode_id,audio,mcq,0,stimuli/mode/natural_minor_57_bare_scale.wav,"What scale or mode is this music based on?
A. Mixolydian
B. major pentatonic
C. natural minor
D. whole-tone
Answer with the letter of the correct option only (A, B, C, or D). Do not explain.",Mixolydian|major pentatonic|natural minor|whole-tone,natural minor,C,natural minor,True,,"{""form"": ""bare_scale"", ""mode"": ""natural_minor"", ""program"": ""flute"", ""soundfont"": ""musescore"", ""tonic_midi"": 57}"
mode_id/natural_minor_57_bare_scale::audio::explain,mode_id/natural_minor_57_bare_scale,mode_id,audio,explain,1,stimuli/mode/natural_minor_57_bare_scale.wav,"Listen to the clip. Which scale/mode is being used?
First give your answer. Then explain exactly what you heard that supports it: name the specific notes/chords/beats and their approximate timestamps in seconds.",,natural minor,"The scale/mode used is A minor. I heard a sequence of notes A3, E4, and F5 at approximately 0.59, 2.76, and 4.87 seconds respectively which suggests a diatonic progression in A minor.",,,,"{""form"": ""bare_scale"", ""mode"": ""natural_minor"", ""program"": ""flute"", ""soundfont"": ""musescore"", ""tonic_midi"": 57}"
mode_id/natural_minor_57_melody_drone::audio::mcq,mode_id/natural_minor_57_melody_drone,mode_id,audio,mcq,1,stimuli/mode/natural_minor_57_melody_drone.wav,"Listen to the clip. Which scale/mode is being used?
A. natural minor
B. harmonic minor
C. blues scale
D. Phrygian
Answer with the letter of the correct option only (A, B, C, or D). Do not explain.",natural minor|harmonic minor|blues scale|Phrygian,natural minor,C,blues scale,False,,"{""form"": ""melody_drone"", ""mode"": ""natural_minor"", ""program"": ""piano"", ""soundfont"": ""timgm"", ""tonic_midi"": 57}"
mode_id/natural_minor_60_bare_scale::audio::mcq,mode_id/natural_minor_60_bare_scale,mode_id,audio,mcq,0,stimuli/mode/natural_minor_60_bare_scale.wav,"What scale or mode is this music based on?
A. whole-tone
B. melodic minor
C. Lydian
D. natural minor
Answer with the letter of the correct option only (A, B, C, or D). Do not explain.",whole-tone|melodic minor|Lydian|natural minor,natural minor,D,natural minor,True,,"{""form"": ""bare_scale"", ""mode"": ""natural_minor"", ""program"": ""violin"", ""soundfont"": ""timgm"", ""tonic_midi"": 60}"
mode_id/natural_minor_60_melody_drone::audio::mcq,mode_id/natural_minor_60_melody_drone,mode_id,audio,mcq,1,stimuli/mode/natural_minor_60_melody_drone.wav,"Listen to the clip. Which scale/mode is being used?
A. minor pentatonic
B. Dorian
C. Phrygian
D. natural minor
Answer with the letter of the correct option only (A, B, C, or D). Do not explain.",minor pentatonic|Dorian|Phrygian|natural minor,natural minor,D,natural minor,True,,"{""form"": ""melody_drone"", ""mode"": ""natural_minor"", ""program"": ""flute"", ""soundfont"": ""musescore"", ""tonic_midi"": 60}"
mode_id/natural_minor_62_bare_scale::audio::mcq,mode_id/natural_minor_62_bare_scale,mode_id,audio,mcq,1,stimuli/mode/natural_minor_62_bare_scale.wav,"Listen to the clip. Which scale/mode is being used?
A. minor pentatonic
B. natural minor
C. major pentatonic
D. blues scale
Answer with the letter of the correct option only (A, B, C, or D). Do not explain.",minor pentatonic|natural minor|major pentatonic|blues scale,natural minor,D,blues scale,False,,"{""form"": ""bare_scale"", ""mode"": ""natural_minor"", ""program"": ""synth_lead"", ""soundfont"": ""fluidr3"", ""tonic_midi"": 62}"
mode_id/natural_minor_62_melody_drone::audio::mcq,mode_id/natural_minor_62_melody_drone,mode_id,audio,mcq,2,stimuli/mode/natural_minor_62_melody_drone.wav,"Identify the mode or scale type of this passage.
A. melodic minor
B. harmonic minor
C. whole-tone
D. natural minor
Answer with the letter of the correct option only (A, B, C, or D). Do not explain.",melodic minor|harmonic minor|whole-tone|natural minor,natural minor,D,natural minor,True,,"{""form"": ""melody_drone"", ""mode"": ""natural_minor"", ""program"": ""flute"", ""soundfont"": ""fluidr3"", ""tonic_midi"": 62}"
mode_id/natural_minor_64_bare_scale::audio::mcq,mode_id/natural_minor_64_bare_scale,mode_id,audio,mcq,2,stimuli/mode/natural_minor_64_bare_scale.wav,"Identify the mode or scale type of this passage.
A. natural minor
B. melodic minor
C. Phrygian
D. Lydian
Answer with the letter of the correct option only (A, B, C, or D). Do not explain.",natural minor|melodic minor|Phrygian|Lydian,natural minor,D,Lydian,False,,"{""form"": ""bare_scale"", ""mode"": ""natural_minor"", ""program"": ""flute"", ""soundfont"": ""timgm"", ""tonic_midi"": 64}"
mode_id/natural_minor_64_melody_drone::audio::mcq,mode_id/natural_minor_64_melody_drone,mode_id,audio,mcq,2,stimuli/mode/natural_minor_64_melody_drone.wav,"Identify the mode or scale type of this passage.
A. Lydian
B. natural minor
C. harmonic minor
D. Mixolydian
Answer with the letter of the correct option only (A, B, C, or D). Do not explain.",Lydian|natural minor|harmonic minor|Mixolydian,natural minor,C,harmonic minor,False,,"{""form"": ""melody_drone"", ""mode"": ""natural_minor"", ""program"": ""piano"", ""soundfont"": ""musescore"", ""tonic_midi"": 64}"
mode_id/natural_minor_64_melody_drone::audio::explain,mode_id/natural_minor_64_melody_drone,mode_id,audio,explain,2,stimuli/mode/natural_minor_64_melody_drone.wav,"Identify the mode or scale type of this passage.
First give your answer. Then explain exactly what you heard that supports it: name the specific notes/chords/beats and their approximate timestamps in seconds.",,natural minor,"The key is A major. I heard an A4 note at approximately 0.57 seconds, which is part of a sequence that includes other notes like F#4, C#4, and D4. This suggests a harmonious progression typical of the A major scale.",,,,"{""form"": ""melody_drone"", ""mode"": ""natural_minor"", ""program"": ""piano"", ""soundfont"": ""musescore"", ""tonic_midi"": 64}"
mode_id/phrygian_57_bare_scale::audio::mcq,mode_id/phrygian_57_bare_scale,mode_id,audio,mcq,1,stimuli/mode/phrygian_57_bare_scale.wav,"Listen to the clip. Which scale/mode is being used?
A. Lydian
B. harmonic minor
C. melodic minor
D. Phrygian
Answer with the letter of the correct option only (A, B, C, or D). Do not explain.",Lydian|harmonic minor|melodic minor|Phrygian,Phrygian,C,melodic minor,False,,"{""form"": ""bare_scale"", ""mode"": ""phrygian"", ""program"": ""piano"", ""soundfont"": ""musescore"", ""tonic_midi"": 57}"
mode_id/phrygian_57_melody_drone::audio::mcq,mode_id/phrygian_57_melody_drone,mode_id,audio,mcq,2,stimuli/mode/phrygian_57_melody_drone.wav,"Identify the mode or scale type of this passage.
A. Dorian
B. Mixolydian
C. Locrian
D. Phrygian
Answer with the letter of the correct option only (A, B, C, or D). Do not explain.",Dorian|Mixolydian|Locrian|Phrygian,Phrygian,D,Phrygian,True,,"{""form"": ""melody_drone"", ""mode"": ""phrygian"", ""program"": ""violin"", ""soundfont"": ""fluidr3"", ""tonic_midi"": 57}"
mode_id/phrygian_60_bare_scale::audio::mcq,mode_id/phrygian_60_bare_scale,mode_id,audio,mcq,2,stimuli/mode/phrygian_60_bare_scale.wav,"Identify the mode or scale type of this passage.
A. Phrygian
B. Dorian
C. major pentatonic
D. Locrian
Answer with the letter of the correct option only (A, B, C, or D). Do not explain.",Phrygian|Dorian|major pentatonic|Locrian,Phrygian,C,major pentatonic,False,,"{""form"": ""bare_scale"", ""mode"": ""phrygian"", ""program"": ""synth_lead"", ""soundfont"": ""timgm"", ""tonic_midi"": 60}"
mode_id/phrygian_60_melody_drone::audio::mcq,mode_id/phrygian_60_melody_drone,mode_id,audio,mcq,0,stimuli/mode/phrygian_60_melody_drone.wav,"What scale or mode is this music based on?
A. minor pentatonic
B. melodic minor
C. Lydian
D. Phrygian
Answer with the letter of the correct option only (A, B, C, or D). Do not explain.",minor pentatonic|melodic minor|Lydian|Phrygian,Phrygian,B,melodic minor,False,,"{""form"": ""melody_drone"", ""mode"": ""phrygian"", ""program"": ""piano"", ""soundfont"": ""fluidr3"", ""tonic_midi"": 60}"
mode_id/phrygian_62_bare_scale::audio::mcq,mode_id/phrygian_62_bare_scale,mode_id,audio,mcq,0,stimuli/mode/phrygian_62_bare_scale.wav,"What scale or mode is this music based on?
A. Dorian
B. Locrian
C. Lydian
D. Phrygian
Answer with the letter of the correct option only (A, B, C, or D). Do not explain.",Dorian|Locrian|Lydian|Phrygian,Phrygian,C,Lydian,False,,"{""form"": ""bare_scale"", ""mode"": ""phrygian"", ""program"": ""piano"", ""soundfont"": ""musescore"", ""tonic_midi"": 62}"
mode_id/phrygian_62_melody_drone::audio::mcq,mode_id/phrygian_62_melody_drone,mode_id,audio,mcq,0,stimuli/mode/phrygian_62_melody_drone.wav,"What scale or mode is this music based on?
A. Phrygian
B. Mixolydian
C. whole-tone
D. major pentatonic
Answer with the letter of the correct option only (A, B, C, or D). Do not explain.",Phrygian|Mixolydian|whole-tone|major pentatonic,Phrygian,D,major pentatonic,False,,"{""form"": ""melody_drone"", ""mode"": ""phrygian"", ""program"": ""violin"", ""soundfont"": ""musescore"", ""tonic_midi"": 62}"
mode_id/phrygian_64_bare_scale::audio::mcq,mode_id/phrygian_64_bare_scale,mode_id,audio,mcq,1,stimuli/mode/phrygian_64_bare_scale.wav,"Listen to the clip. Which scale/mode is being used?
A. Dorian
B. blues scale
C. Phrygian
D. minor pentatonic
Answer with the letter of the correct option only (A, B, C, or D). Do not explain.",Dorian|blues scale|Phrygian|minor pentatonic,Phrygian,D,minor pentatonic,False,,"{""form"": ""bare_scale"", ""mode"": ""phrygian"", ""program"": ""synth_lead"", ""soundfont"": ""musescore"", ""tonic_midi"": 64}"
mode_id/phrygian_64_melody_drone::audio::mcq,mode_id/phrygian_64_melody_drone,mode_id,audio,mcq,2,stimuli/mode/phrygian_64_melody_drone.wav,"Identify the mode or scale type of this passage.
A. Phrygian
B. natural minor
C. Mixolydian
D. minor pentatonic
Answer with the letter of the correct option only (A, B, C, or D). Do not explain.",Phrygian|natural minor|Mixolydian|minor pentatonic,Phrygian,B,natural minor,False,,"{""form"": ""melody_drone"", ""mode"": ""phrygian"", ""program"": ""violin"", ""soundfont"": ""fluidr3"", ""tonic_midi"": 64}"
mode_id/phrygian_64_melody_drone::audio::explain,mode_id/phrygian_64_melody_drone,mode_id,audio,explain,1,stimuli/mode/phrygian_64_melody_drone.wav,"Listen to the clip. Which scale/mode is being used?
First give your answer. Then explain exactly what you heard that supports it: name the specific notes/chords/beats and their approximate timestamps in seconds.",,Phrygian,"The audio features an A major scale with a melody carried by strings, including violin and cello. A chord progression of G major to E major adds harmonic support. There's also a brief shift to C minor before returning to A major. The melody starts at approximately 0.52 seconds and ends at 6.38 seconds.",,,,"{""form"": ""melody_drone"", ""mode"": ""phrygian"", ""program"": ""violin"", ""soundfont"": ""fluidr3"", ""tonic_midi"": 64}"
mode_id/whole_tone_57_bare_scale::audio::mcq,mode_id/whole_tone_57_bare_scale,mode_id,audio,mcq,2,stimuli/mode/whole_tone_57_bare_scale.wav,"Identify the mode or scale type of this passage.
A. harmonic minor
B. whole-tone
C. Lydian
D. Dorian
Answer with the letter of the correct option only (A, B, C, or D). Do not explain.",harmonic minor|whole-tone|Lydian|Dorian,whole-tone,D,Dorian,False,,"{""form"": ""bare_scale"", ""mode"": ""whole_tone"", ""program"": ""synth_lead"", ""soundfont"": ""fluidr3"", ""tonic_midi"": 57}"
mode_id/whole_tone_57_melody_drone::audio::mcq,mode_id/whole_tone_57_melody_drone,mode_id,audio,mcq,2,stimuli/mode/whole_tone_57_melody_drone.wav,"Identify the mode or scale type of this passage.
A. Locrian
B. whole-tone
C. Mixolydian
D. melodic minor
Answer with the letter of the correct option only (A, B, C, or D). Do not explain.",Locrian|whole-tone|Mixolydian|melodic minor,whole-tone,D,melodic minor,False,,"{""form"": ""melody_drone"", ""mode"": ""whole_tone"", ""program"": ""violin"", ""soundfont"": ""timgm"", ""tonic_midi"": 57}"
mode_id/whole_tone_57_melody_drone::audio::open,mode_id/whole_tone_57_melody_drone,mode_id,audio,open,1,stimuli/mode/whole_tone_57_melody_drone.wav,"Listen to the clip. Which scale/mode is being used?
Give a short, direct answer.",,whole-tone,A minor,A minor,False,,"{""form"": ""melody_drone"", ""mode"": ""whole_tone"", ""program"": ""violin"", ""soundfont"": ""timgm"", ""tonic_midi"": 57}"
mode_id/whole_tone_60_bare_scale::audio::mcq,mode_id/whole_tone_60_bare_scale,mode_id,audio,mcq,2,stimuli/mode/whole_tone_60_bare_scale.wav,"Identify the mode or scale type of this passage.
A. melodic minor
B. Phrygian
C. whole-tone
D. Lydian
Answer with the letter of the correct option only (A, B, C, or D). Do not explain.",melodic minor|Phrygian|whole-tone|Lydian,whole-tone,D,Lydian,False,,"{""form"": ""bare_scale"", ""mode"": ""whole_tone"", ""program"": ""violin"", ""soundfont"": ""fluidr3"", ""tonic_midi"": 60}"
mode_id/whole_tone_60_bare_scale::audio::open,mode_id/whole_tone_60_bare_scale,mode_id,audio,open,2,stimuli/mode/whole_tone_60_bare_scale.wav,"Identify the mode or scale type of this passage.
Give a short, direct answer.",,whole-tone,A major.,A major.,False,,"{""form"": ""bare_scale"", ""mode"": ""whole_tone"", ""program"": ""violin"", ""soundfont"": ""fluidr3"", ""tonic_midi"": 60}"
mode_id/whole_tone_60_melody_drone::audio::mcq,mode_id/whole_tone_60_melody_drone,mode_id,audio,mcq,0,stimuli/mode/whole_tone_60_melody_drone.wav,"What scale or mode is this music based on?
A. Lydian
B. melodic minor
C. major
D. whole-tone
Answer with the letter of the correct option only (A, B, C, or D). Do not explain.",Lydian|melodic minor|major|whole-tone,whole-tone,B,melodic minor,False,,"{""form"": ""melody_drone"", ""mode"": ""whole_tone"", ""program"": ""violin"", ""soundfont"": ""timgm"", ""tonic_midi"": 60}"
mode_id/whole_tone_60_melody_drone::audio::open,mode_id/whole_tone_60_melody_drone,mode_id,audio,open,0,stimuli/mode/whole_tone_60_melody_drone.wav,"What scale or mode is this music based on?
Give a short, direct answer.",,whole-tone,E minor.,E minor.,False,,"{""form"": ""melody_drone"", ""mode"": ""whole_tone"", ""program"": ""violin"", ""soundfont"": ""timgm"", ""tonic_midi"": 60}"
mode_id/whole_tone_62_bare_scale::audio::mcq,mode_id/whole_tone_62_bare_scale,mode_id,audio,mcq,0,stimuli/mode/whole_tone_62_bare_scale.wav,"What scale or mode is this music based on?
A. whole-tone
B. Locrian
C. Mixolydian
D. harmonic minor
Answer with the letter of the correct option only (A, B, C, or D). Do not explain.",whole-tone|Locrian|Mixolydian|harmonic minor,whole-tone,D,harmonic minor,False,,"{""form"": ""bare_scale"", ""mode"": ""whole_tone"", ""program"": ""piano"", ""soundfont"": ""fluidr3"", ""tonic_midi"": 62}"
mode_id/whole_tone_62_bare_scale::audio::explain,mode_id/whole_tone_62_bare_scale,mode_id,audio,explain,2,stimuli/mode/whole_tone_62_bare_scale.wav,"Identify the mode or scale type of this passage.
First give your answer. Then explain exactly what you heard that supports it: name the specific notes/chords/beats and their approximate timestamps in seconds.",,whole-tone,"The scale is A major, as indicated by the sequence of A3, E4, and F5 notes.",,,,"{""form"": ""bare_scale"", ""mode"": ""whole_tone"", ""program"": ""piano"", ""soundfont"": ""fluidr3"", ""tonic_midi"": 62}"
mode_id/whole_tone_62_melody_drone::audio::mcq,mode_id/whole_tone_62_melody_drone,mode_id,audio,mcq,1,stimuli/mode/whole_tone_62_melody_drone.wav,"Listen to the clip. Which scale/mode is being used?
A. whole-tone
B. melodic minor
C. natural minor
D. major pentatonic
Answer with the letter of the correct option only (A, B, C, or D). Do not explain.",whole-tone|melodic minor|natural minor|major pentatonic,whole-tone,C,natural minor,False,,"{""form"": ""melody_drone"", ""mode"": ""whole_tone"", ""program"": ""violin"", ""soundfont"": ""timgm"", ""tonic_midi"": 62}"
mode_id/whole_tone_64_bare_scale::audio::mcq,mode_id/whole_tone_64_bare_scale,mode_id,audio,mcq,0,stimuli/mode/whole_tone_64_bare_scale.wav,"What scale or mode is this music based on?
A. whole-tone
B. Mixolydian
C. natural minor
D. Lydian
Answer with the letter of the correct option only (A, B, C, or D). Do not explain.",whole-tone|Mixolydian|natural minor|Lydian,whole-tone,C,natural minor,False,,"{""form"": ""bare_scale"", ""mode"": ""whole_tone"", ""program"": ""synth_lead"", ""soundfont"": ""musescore"", ""tonic_midi"": 64}"
mode_id/whole_tone_64_melody_drone::audio::mcq,mode_id/whole_tone_64_melody_drone,mode_id,audio,mcq,1,stimuli/mode/whole_tone_64_melody_drone.wav,"Listen to the clip. Which scale/mode is being used?
A. blues scale
B. Phrygian
C. whole-tone
D. Lydian
Answer with the letter of the correct option only (A, B, C, or D). Do not explain.",blues scale|Phrygian|whole-tone|Lydian,whole-tone,D,Lydian,False,,"{""form"": ""melody_drone"", ""mode"": ""whole_tone"", ""program"": ""synth_lead"", ""soundfont"": ""timgm"", ""tonic_midi"": 64}"
mode_id/blues_57_melody_drone::no_audio::mcq,mode_id/blues_57_melody_drone,mode_id,no_audio,mcq,1,,"Listen to the clip. Which scale/mode is being used?
A. Lydian
B. blues scale
C. natural minor
D. Phrygian
Answer with the letter of the correct option only (A, B, C, or D). Do not explain.",Lydian|blues scale|natural minor|Phrygian,blues scale,D,Phrygian,False,,"{""form"": ""melody_drone"", ""mode"": ""blues"", ""program"": ""synth_lead"", ""soundfont"": ""timgm"", ""tonic_midi"": 57}"
mode_id/blues_60_bare_scale::no_audio::mcq,mode_id/blues_60_bare_scale,mode_id,no_audio,mcq,1,,"Listen to the clip. Which scale/mode is being used?
A. minor pentatonic
B. blues scale
C. Phrygian
D. major pentatonic
Answer with the letter of the correct option only (A, B, C, or D). Do not explain.",minor pentatonic|blues scale|Phrygian|major pentatonic,blues scale,D,major pentatonic,False,,"{""form"": ""bare_scale"", ""mode"": ""blues"", ""program"": ""flute"", ""soundfont"": ""musescore"", ""tonic_midi"": 60}"
mode_id/blues_62_melody_drone::no_audio::mcq,mode_id/blues_62_melody_drone,mode_id,no_audio,mcq,2,,"Identify the mode or scale type of this passage.
A. Locrian
B. Mixolydian
C. major
D. blues scale
Answer with the letter of the correct option only (A, B, C, or D). Do not explain.",Locrian|Mixolydian|major|blues scale,blues scale,D,blues scale,True,,"{""form"": ""melody_drone"", ""mode"": ""blues"", ""program"": ""piano"", ""soundfont"": ""fluidr3"", ""tonic_midi"": 62}"
mode_id/blues_64_bare_scale::no_audio::mcq,mode_id/blues_64_bare_scale,mode_id,no_audio,mcq,1,,"Listen to the clip. Which scale/mode is being used?
A. harmonic minor
B. minor pentatonic
C. major pentatonic
D. blues scale
Answer with the letter of the correct option only (A, B, C, or D). Do not explain.",harmonic minor|minor pentatonic|major pentatonic|blues scale,blues scale,D,blues scale,True,,"{""form"": ""bare_scale"", ""mode"": ""blues"", ""program"": ""synth_lead"", ""soundfont"": ""timgm"", ""tonic_midi"": 64}"
mode_id/blues_64_melody_drone::no_audio::mcq,mode_id/blues_64_melody_drone,mode_id,no_audio,mcq,2,,"Identify the mode or scale type of this passage.
A. blues scale
B. major pentatonic
C. Mixolydian
D. Dorian
Answer with the letter of the correct option only (A, B, C, or D). Do not explain.",blues scale|major pentatonic|Mixolydian|Dorian,blues scale,D,Dorian,False,,"{""form"": ""melody_drone"", ""mode"": ""blues"", ""program"": ""flute"", ""soundfont"": ""musescore"", ""tonic_midi"": 64}"
mode_id/dorian_57_bare_scale::no_audio::mcq,mode_id/dorian_57_bare_scale,mode_id,no_audio,mcq,2,,"Identify the mode or scale type of this passage.
A. Dorian
B. Locrian
C. minor pentatonic
D. whole-tone
Answer with the letter of the correct option only (A, B, C, or D). Do not explain.",Dorian|Locrian|minor pentatonic|whole-tone,Dorian,C,minor pentatonic,False,,"{""form"": ""bare_scale"", ""mode"": ""dorian"", ""program"": ""piano"", ""soundfont"": ""fluidr3"", ""tonic_midi"": 57}"
mode_id/dorian_57_melody_drone::no_audio::mcq,mode_id/dorian_57_melody_drone,mode_id,no_audio,mcq,1,,"Listen to the clip. Which scale/mode is being used?
A. Phrygian
B. Dorian
C. major
D. Lydian
Answer with the letter of the correct option only (A, B, C, or D). Do not explain.",Phrygian|Dorian|major|Lydian,Dorian,D,Lydian,False,,"{""form"": ""melody_drone"", ""mode"": ""dorian"", ""program"": ""synth_lead"", ""soundfont"": ""fluidr3"", ""tonic_midi"": 57}"
mode_id/dorian_60_bare_scale::no_audio::mcq,mode_id/dorian_60_bare_scale,mode_id,no_audio,mcq,2,,"Identify the mode or scale type of this passage.
A. natural minor
B. major pentatonic
C. Dorian
D. Lydian
Answer with the letter of the correct option only (A, B, C, or D). Do not explain.",natural minor|major pentatonic|Dorian|Lydian,Dorian,C,Dorian,True,,"{""form"": ""bare_scale"", ""mode"": ""dorian"", ""program"": ""piano"", ""soundfont"": ""musescore"", ""tonic_midi"": 60}"
mode_id/dorian_64_melody_drone::no_audio::mcq,mode_id/dorian_64_melody_drone,mode_id,no_audio,mcq,1,,"Listen to the clip. Which scale/mode is being used?
A. melodic minor
B. major
C. Dorian
D. blues scale
Answer with the letter of the correct option only (A, B, C, or D). Do not explain.",melodic minor|major|Dorian|blues scale,Dorian,D,blues scale,False,,"{""form"": ""melody_drone"", ""mode"": ""dorian"", ""program"": ""flute"", ""soundfont"": ""timgm"", ""tonic_midi"": 64}"
mode_id/harmonic_minor_57_bare_scale::no_audio::mcq,mode_id/harmonic_minor_57_bare_scale,mode_id,no_audio,mcq,2,,"Identify the mode or scale type of this passage.
A. harmonic minor
B. Locrian
C. blues scale
D. minor pentatonic
Answer with the letter of the correct option only (A, B, C, or D). Do not explain.",harmonic minor|Locrian|blues scale|minor pentatonic,harmonic minor,D,minor pentatonic,False,,"{""form"": ""bare_scale"", ""mode"": ""harmonic_minor"", ""program"": ""piano"", ""soundfont"": ""musescore"", ""tonic_midi"": 57}"
mode_id/harmonic_minor_57_melody_drone::no_audio::mcq,mode_id/harmonic_minor_57_melody_drone,mode_id,no_audio,mcq,1,,"Listen to the clip. Which scale/mode is being used?
A. Dorian
B. Phrygian
C. natural minor
D. harmonic minor
Answer with the letter of the correct option only (A, B, C, or D). Do not explain.",Dorian|Phrygian|natural minor|harmonic minor,harmonic minor,D,harmonic minor,True,,"{""form"": ""melody_drone"", ""mode"": ""harmonic_minor"", ""program"": ""flute"", ""soundfont"": ""musescore"", ""tonic_midi"": 57}"
mode_id/harmonic_minor_60_bare_scale::no_audio::mcq,mode_id/harmonic_minor_60_bare_scale,mode_id,no_audio,mcq,0,,"What scale or mode is this music based on?
A. natural minor
B. major pentatonic
C. Mixolydian
D. harmonic minor
Answer with the letter of the correct option only (A, B, C, or D). Do not explain.",natural minor|major pentatonic|Mixolydian|harmonic minor,harmonic minor,D,harmonic minor,True,,"{""form"": ""bare_scale"", ""mode"": ""harmonic_minor"", ""program"": ""piano"", ""soundfont"": ""musescore"", ""tonic_midi"": 60}"
mode_id/harmonic_minor_60_melody_drone::no_audio::mcq,mode_id/harmonic_minor_60_melody_drone,mode_id,no_audio,mcq,0,,"What scale or mode is this music based on?
A. harmonic minor
B. major
C. Lydian
D. blues scale
Answer with the letter of the correct option only (A, B, C, or D). Do not explain.",harmonic minor|major|Lydian|blues scale,harmonic minor,D,blues scale,False,,"{""form"": ""melody_drone"", ""mode"": ""harmonic_minor"", ""program"": ""violin"", ""soundfont"": ""musescore"", ""tonic_midi"": 60}"
mode_id/harmonic_minor_62_melody_drone::no_audio::mcq,mode_id/harmonic_minor_62_melody_drone,mode_id,no_audio,mcq,2,,"Identify the mode or scale type of this passage.
A. Locrian
B. minor pentatonic
C. blues scale
D. harmonic minor
Answer with the letter of the correct option only (A, B, C, or D). Do not explain.",Locrian|minor pentatonic|blues scale|harmonic minor,harmonic minor,D,harmonic minor,True,,"{""form"": ""melody_drone"", ""mode"": ""harmonic_minor"", ""program"": ""flute"", ""soundfont"": ""fluidr3"", ""tonic_midi"": 62}"
mode_id/locrian_64_melody_drone::no_audio::mcq,mode_id/locrian_64_melody_drone,mode_id,no_audio,mcq,1,,"Listen to the clip. Which scale/mode is being used?
A. blues scale
B. Mixolydian
C. Locrian
D. Lydian
Answer with the letter of the correct option only (A, B, C, or D). Do not explain.",blues scale|Mixolydian|Locrian|Lydian,Locrian,D,Lydian,False,,"{""form"": ""melody_drone"", ""mode"": ""locrian"", ""program"": ""flute"", ""soundfont"": ""timgm"", ""tonic_midi"": 64}"
mode_id/lydian_62_bare_scale::no_audio::mcq,mode_id/lydian_62_bare_scale,mode_id,no_audio,mcq,0,,"What scale or mode is this music based on?
A. Lydian
B. melodic minor
C. natural minor
D. minor pentatonic
Answer with the letter of the correct option only (A, B, C, or D). Do not explain.",Lydian|melodic minor|natural minor|minor pentatonic,Lydian,C,natural minor,False,,"{""form"": ""bare_scale"", ""mode"": ""lydian"", ""program"": ""piano"", ""soundfont"": ""timgm"", ""tonic_midi"": 62}"
mode_id/lydian_64_bare_scale::no_audio::mcq,mode_id/lydian_64_bare_scale,mode_id,no_audio,mcq,1,,"Listen to the clip. Which scale/mode is being used?
A. Lydian
B. harmonic minor
C. major
D. blues scale
Answer with the letter of the correct option only (A, B, C, or D). Do not explain.",Lydian|harmonic minor|major|blues scale,Lydian,D,blues scale,False,,"{""form"": ""bare_scale"", ""mode"": ""lydian"", ""program"": ""synth_lead"", ""soundfont"": ""timgm"", ""tonic_midi"": 64}"
mode_id/lydian_64_melody_drone::no_audio::mcq,mode_id/lydian_64_melody_drone,mode_id,no_audio,mcq,1,,"Listen to the clip. Which scale/mode is being used?
A. melodic minor
B. blues scale
C. Phrygian
D. Lydian
Answer with the letter of the correct option only (A, B, C, or D). Do not explain.",melodic minor|blues scale|Phrygian|Lydian,Lydian,D,Lydian,True,,"{""form"": ""melody_drone"", ""mode"": ""lydian"", ""program"": ""violin"", ""soundfont"": ""musescore"", ""tonic_midi"": 64}"
mode_id/major_pentatonic_57_bare_scale::no_audio::mcq,mode_id/major_pentatonic_57_bare_scale,mode_id,no_audio,mcq,0,,"What scale or mode is this music based on?
A. blues scale
B. major
C. whole-tone
D. major pentatonic
Answer with the letter of the correct option only (A, B, C, or D). Do not explain.",blues scale|major|whole-tone|major pentatonic,major pentatonic,D,major pentatonic,True,,"{""form"": ""bare_scale"", ""mode"": ""major_pentatonic"", ""program"": ""flute"", ""soundfont"": ""timgm"", ""tonic_midi"": 57}"
mode_id/major_pentatonic_62_melody_drone::no_audio::mcq,mode_id/major_pentatonic_62_melody_drone,mode_id,no_audio,mcq,2,,"Identify the mode or scale type of this passage.
A. Dorian
B. blues scale
C. major
D. major pentatonic
Answer with the letter of the correct option only (A, B, C, or D). Do not explain.",Dorian|blues scale|major|major pentatonic,major pentatonic,D,major pentatonic,True,,"{""form"": ""melody_drone"", ""mode"": ""major_pentatonic"", ""program"": ""flute"", ""soundfont"": ""timgm"", ""tonic_midi"": 62}"
mode_id/melodic_minor_57_melody_drone::no_audio::mcq,mode_id/melodic_minor_57_melody_drone,mode_id,no_audio,mcq,2,,"Identify the mode or scale type of this passage.
A. Phrygian
B. Dorian
C. minor pentatonic
D. melodic minor
Answer with the letter of the correct option only (A, B, C, or D). Do not explain.",Phrygian|Dorian|minor pentatonic|melodic minor,melodic minor,D,melodic minor,True,,"{""form"": ""melody_drone"", ""mode"": ""melodic_minor"", ""program"": ""flute"", ""soundfont"": ""timgm"", ""tonic_midi"": 57}"
mode_id/melodic_minor_62_melody_drone::no_audio::mcq,mode_id/melodic_minor_62_melody_drone,mode_id,no_audio,mcq,2,,"Identify the mode or scale type of this passage.
A. natural minor
B. Mixolydian
C. Phrygian
D. melodic minor
Answer with the letter of the correct option only (A, B, C, or D). Do not explain.",natural minor|Mixolydian|Phrygian|melodic minor,melodic minor,D,melodic minor,True,,"{""form"": ""melody_drone"", ""mode"": ""melodic_minor"", ""program"": ""flute"", ""soundfont"": ""timgm"", ""tonic_midi"": 62}"
mode_id/melodic_minor_64_bare_scale::no_audio::mcq,mode_id/melodic_minor_64_bare_scale,mode_id,no_audio,mcq,2,,"Identify the mode or scale type of this passage.
A. Dorian
B. major pentatonic
C. Mixolydian
D. melodic minor
Answer with the letter of the correct option only (A, B, C, or D). Do not explain.",Dorian|major pentatonic|Mixolydian|melodic minor,melodic minor,D,melodic minor,True,,"{""form"": ""bare_scale"", ""mode"": ""melodic_minor"", ""program"": ""violin"", ""soundfont"": ""fluidr3"", ""tonic_midi"": 64}"
mode_id/melodic_minor_64_melody_drone::no_audio::mcq,mode_id/melodic_minor_64_melody_drone,mode_id,no_audio,mcq,2,,"Identify the mode or scale type of this passage.
A. Dorian
B. melodic minor
C. blues scale
D. major pentatonic
Answer with the letter of the correct option only (A, B, C, or D). Do not explain.",Dorian|melodic minor|blues scale|major pentatonic,melodic minor,D,major pentatonic,False,,"{""form"": ""melody_drone"", ""mode"": ""melodic_minor"", ""program"": ""flute"", ""soundfont"": ""timgm"", ""tonic_midi"": 64}"
mode_id/minor_pentatonic_57_bare_scale::no_audio::mcq,mode_id/minor_pentatonic_57_bare_scale,mode_id,no_audio,mcq,0,,"What scale or mode is this music based on?
A. whole-tone
B. Lydian
C. Locrian
D. minor pentatonic
Answer with the letter of the correct option only (A, B, C, or D). Do not explain.",whole-tone|Lydian|Locrian|minor pentatonic,minor pentatonic,D,minor pentatonic,True,,"{""form"": ""bare_scale"", ""mode"": ""minor_pentatonic"", ""program"": ""flute"", ""soundfont"": ""fluidr3"", ""tonic_midi"": 57}"
mode_id/minor_pentatonic_60_bare_scale::no_audio::mcq,mode_id/minor_pentatonic_60_bare_scale,mode_id,no_audio,mcq,0,,"What scale or mode is this music based on?
A. Lydian
B. harmonic minor
C. minor pentatonic
D. major pentatonic
Answer with the letter of the correct option only (A, B, C, or D). Do not explain.",Lydian|harmonic minor|minor pentatonic|major pentatonic,minor pentatonic,D,major pentatonic,False,,"{""form"": ""bare_scale"", ""mode"": ""minor_pentatonic"", ""program"": ""flute"", ""soundfont"": ""timgm"", ""tonic_midi"": 60}"
mode_id/minor_pentatonic_62_bare_scale::no_audio::mcq,mode_id/minor_pentatonic_62_bare_scale,mode_id,no_audio,mcq,2,,"Identify the mode or scale type of this passage.
A. major
B. melodic minor
C. natural minor
D. minor pentatonic
Answer with the letter of the correct option only (A, B, C, or D). Do not explain.",major|melodic minor|natural minor|minor pentatonic,minor pentatonic,C,natural minor,False,,"{""form"": ""bare_scale"", ""mode"": ""minor_pentatonic"", ""program"": ""flute"", ""soundfont"": ""fluidr3"", ""tonic_midi"": 62}"
mode_id/mixolydian_57_bare_scale::no_audio::mcq,mode_id/mixolydian_57_bare_scale,mode_id,no_audio,mcq,0,,"What scale or mode is this music based on?
A. major pentatonic
B. natural minor
C. Locrian
D. Mixolydian
Answer with the letter of the correct option only (A, B, C, or D). Do not explain.",major pentatonic|natural minor|Locrian|Mixolydian,Mixolydian,C,Locrian,False,,"{""form"": ""bare_scale"", ""mode"": ""mixolydian"", ""program"": ""flute"", ""soundfont"": ""musescore"", ""tonic_midi"": 57}"
mode_id/mixolydian_60_bare_scale::no_audio::mcq,mode_id/mixolydian_60_bare_scale,mode_id,no_audio,mcq,0,,"What scale or mode is this music based on?
A. Dorian
B. Phrygian
C. major
D. Mixolydian
Answer with the letter of the correct option only (A, B, C, or D). Do not explain.",Dorian|Phrygian|major|Mixolydian,Mixolydian,D,Mixolydian,True,,"{""form"": ""bare_scale"", ""mode"": ""mixolydian"", ""program"": ""piano"", ""soundfont"": ""musescore"", ""tonic_midi"": 60}"
mode_id/mixolydian_62_bare_scale::no_audio::mcq,mode_id/mixolydian_62_bare_scale,mode_id,no_audio,mcq,2,,"Identify the mode or scale type of this passage.
A. major pentatonic
B. natural minor
C. melodic minor
D. Mixolydian
Answer with the letter of the correct option only (A, B, C, or D). Do not explain.",major pentatonic|natural minor|melodic minor|Mixolydian,Mixolydian,D,Mixolydian,True,,"{""form"": ""bare_scale"", ""mode"": ""mixolydian"", ""program"": ""violin"", ""soundfont"": ""timgm"", ""tonic_midi"": 62}"
mode_id/natural_minor_57_melody_drone::no_audio::mcq,mode_id/natural_minor_57_melody_drone,mode_id,no_audio,mcq,2,,"Identify the mode or scale type of this passage.
A. Lydian
B. whole-tone
C. Phrygian
D. natural minor
Answer with the letter of the correct option only (A, B, C, or D). Do not explain.",Lydian|whole-tone|Phrygian|natural minor,natural minor,D,natural minor,True,,"{""form"": ""melody_drone"", ""mode"": ""natural_minor"", ""program"": ""piano"", ""soundfont"": ""timgm"", ""tonic_midi"": 57}"
mode_id/natural_minor_60_melody_drone::no_audio::mcq,mode_id/natural_minor_60_melody_drone,mode_id,no_audio,mcq,0,,"What scale or mode is this music based on?
A. natural minor
B. Phrygian
C. harmonic minor
D. whole-tone
Answer with the letter of the correct option only (A, B, C, or D). Do not explain.",natural minor|Phrygian|harmonic minor|whole-tone,natural minor,C,harmonic minor,False,,"{""form"": ""melody_drone"", ""mode"": ""natural_minor"", ""program"": ""flute"", ""soundfont"": ""musescore"", ""tonic_midi"": 60}"
mode_id/natural_minor_62_bare_scale::no_audio::mcq,mode_id/natural_minor_62_bare_scale,mode_id,no_audio,mcq,1,,"Listen to the clip. Which scale/mode is being used?
A. Dorian
B. whole-tone
C. minor pentatonic
D. natural minor
Answer with the letter of the correct option only (A, B, C, or D). Do not explain.",Dorian|whole-tone|minor pentatonic|natural minor,natural minor,D,natural minor,True,,"{""form"": ""bare_scale"", ""mode"": ""natural_minor"", ""program"": ""synth_lead"", ""soundfont"": ""fluidr3"", ""tonic_midi"": 62}"
mode_id/phrygian_57_bare_scale::no_audio::mcq,mode_id/phrygian_57_bare_scale,mode_id,no_audio,mcq,2,,"Identify the mode or scale type of this passage.
A. minor pentatonic
B. Phrygian
C. melodic minor
D. natural minor
Answer with the letter of the correct option only (A, B, C, or D). Do not explain.",minor pentatonic|Phrygian|melodic minor|natural minor,Phrygian,D,natural minor,False,,"{""form"": ""bare_scale"", ""mode"": ""phrygian"", ""program"": ""piano"", ""soundfont"": ""musescore"", ""tonic_midi"": 57}"
mode_id/phrygian_57_melody_drone::no_audio::mcq,mode_id/phrygian_57_melody_drone,mode_id,no_audio,mcq,0,,"What scale or mode is this music based on?
A. blues scale
B. major
C. Phrygian
D. melodic minor
Answer with the letter of the correct option only (A, B, C, or D). Do not explain.",blues scale|major|Phrygian|melodic minor,Phrygian,D,melodic minor,False,,"{""form"": ""melody_drone"", ""mode"": ""phrygian"", ""program"": ""violin"", ""soundfont"": ""fluidr3"", ""tonic_midi"": 57}"
mode_id/phrygian_60_melody_drone::no_audio::mcq,mode_id/phrygian_60_melody_drone,mode_id,no_audio,mcq,1,,"Listen to the clip. Which scale/mode is being used?
A. melodic minor
B. minor pentatonic
C. Phrygian
D. harmonic minor
Answer with the letter of the correct option only (A, B, C, or D). Do not explain.",melodic minor|minor pentatonic|Phrygian|harmonic minor,Phrygian,D,harmonic minor,False,,"{""form"": ""melody_drone"", ""mode"": ""phrygian"", ""program"": ""piano"", ""soundfont"": ""fluidr3"", ""tonic_midi"": 60}"
mode_id/phrygian_62_bare_scale::no_audio::mcq,mode_id/phrygian_62_bare_scale,mode_id,no_audio,mcq,2,,"Identify the mode or scale type of this passage.
A. melodic minor
B. harmonic minor
C. major
D. Phrygian
Answer with the letter of the correct option only (A, B, C, or D). Do not explain.",melodic minor|harmonic minor|major|Phrygian,Phrygian,D,Phrygian,True,,"{""form"": ""bare_scale"", ""mode"": ""phrygian"", ""program"": ""piano"", ""soundfont"": ""musescore"", ""tonic_midi"": 62}"
mode_id/phrygian_62_melody_drone::no_audio::mcq,mode_id/phrygian_62_melody_drone,mode_id,no_audio,mcq,1,,"Listen to the clip. Which scale/mode is being used?
A. Phrygian
B. Mixolydian
C. Lydian
D. blues scale
Answer with the letter of the correct option only (A, B, C, or D). Do not explain.",Phrygian|Mixolydian|Lydian|blues scale,Phrygian,C,Lydian,False,,"{""form"": ""melody_drone"", ""mode"": ""phrygian"", ""program"": ""violin"", ""soundfont"": ""musescore"", ""tonic_midi"": 62}"
mode_id/phrygian_64_bare_scale::no_audio::mcq,mode_id/phrygian_64_bare_scale,mode_id,no_audio,mcq,0,,"What scale or mode is this music based on?
A. Phrygian
B. Dorian
C. major pentatonic
D. Locrian
Answer with the letter of the correct option only (A, B, C, or D). Do not explain.",Phrygian|Dorian|major pentatonic|Locrian,Phrygian,C,major pentatonic,False,,"{""form"": ""bare_scale"", ""mode"": ""phrygian"", ""program"": ""synth_lead"", ""soundfont"": ""musescore"", ""tonic_midi"": 64}"
mode_id/whole_tone_60_bare_scale::no_audio::mcq,mode_id/whole_tone_60_bare_scale,mode_id,no_audio,mcq,2,,"Identify the mode or scale type of this passage.
A. Dorian
B. Mixolydian
C. minor pentatonic
D. whole-tone
Answer with the letter of the correct option only (A, B, C, or D). Do not explain.",Dorian|Mixolydian|minor pentatonic|whole-tone,whole-tone,D,whole-tone,True,,"{""form"": ""bare_scale"", ""mode"": ""whole_tone"", ""program"": ""violin"", ""soundfont"": ""fluidr3"", ""tonic_midi"": 60}"
mode_id/whole_tone_64_bare_scale::no_audio::mcq,mode_id/whole_tone_64_bare_scale,mode_id,no_audio,mcq,2,,"Identify the mode or scale type of this passage.
A. Mixolydian
B. minor pentatonic
C. melodic minor
D. whole-tone
Answer with the letter of the correct option only (A, B, C, or D). Do not explain.",Mixolydian|minor pentatonic|melodic minor|whole-tone,whole-tone,C,melodic minor,False,,"{""form"": ""bare_scale"", ""mode"": ""whole_tone"", ""program"": ""synth_lead"", ""soundfont"": ""musescore"", ""tonic_midi"": 64}"
mode_id/whole_tone_64_melody_drone::no_audio::mcq,mode_id/whole_tone_64_melody_drone,mode_id,no_audio,mcq,0,,"What scale or mode is this music based on?
A. major
B. whole-tone
C. minor pentatonic
D. major pentatonic
Answer with the letter of the correct option only (A, B, C, or D). Do not explain.",major|whole-tone|minor pentatonic|major pentatonic,whole-tone,D,major pentatonic,False,,"{""form"": ""melody_drone"", ""mode"": ""whole_tone"", ""program"": ""synth_lead"", ""soundfont"": ""timgm"", ""tonic_midi"": 64}"
mode_id/dorian_60_bare_scale::wrong_audio::mcq,mode_id/dorian_60_bare_scale,mode_id,wrong_audio,mcq,2,stimuli/intervals/m6_melodic_desc_57_2.wav,"Identify the mode or scale type of this passage.
A. blues scale
B. Dorian
C. Lydian
D. Phrygian
Answer with the letter of the correct option only (A, B, C, or D). Do not explain.",blues scale|Dorian|Lydian|Phrygian,Dorian,D,Phrygian,False,,"{""form"": ""bare_scale"", ""mode"": ""dorian"", ""program"": ""piano"", ""soundfont"": ""musescore"", ""tonic_midi"": 60}"
mode_id/dorian_62_bare_scale::wrong_audio::mcq,mode_id/dorian_62_bare_scale,mode_id,wrong_audio,mcq,2,stimuli/mode/dorian_62_melody_drone.wav,"Identify the mode or scale type of this passage.
A. Lydian
B. Mixolydian
C. major
D. Dorian
Answer with the letter of the correct option only (A, B, C, or D). Do not explain.",Lydian|Mixolydian|major|Dorian,Dorian,C,major,False,,"{""form"": ""bare_scale"", ""mode"": ""dorian"", ""program"": ""piano"", ""soundfont"": ""musescore"", ""tonic_midi"": 62}"
mode_id/locrian_60_melody_drone::wrong_audio::mcq,mode_id/locrian_60_melody_drone,mode_id,wrong_audio,mcq,0,stimuli/tuning/tune_0059.wav,"What scale or mode is this music based on?
A. Locrian
B. melodic minor
C. whole-tone
D. harmonic minor
Answer with the letter of the correct option only (A, B, C, or D). Do not explain.",Locrian|melodic minor|whole-tone|harmonic minor,Locrian,D,harmonic minor,False,,"{""form"": ""melody_drone"", ""mode"": ""locrian"", ""program"": ""violin"", ""soundfont"": ""musescore"", ""tonic_midi"": 60}"
mode_id/lydian_60_melody_drone::wrong_audio::mcq,mode_id/lydian_60_melody_drone,mode_id,wrong_audio,mcq,0,stimuli/cents/trial_0029.wav,"What scale or mode is this music based on?
A. Mixolydian
B. major
C. minor pentatonic
D. Lydian
Answer with the letter of the correct option only (A, B, C, or D). Do not explain.",Mixolydian|major|minor pentatonic|Lydian,Lydian,C,minor pentatonic,False,,"{""form"": ""melody_drone"", ""mode"": ""lydian"", ""program"": ""synth_lead"", ""soundfont"": ""fluidr3"", ""tonic_midi"": 60}"
mode_id/major_57_bare_scale::wrong_audio::mcq,mode_id/major_57_bare_scale,mode_id,wrong_audio,mcq,2,stimuli/tuning/tune_0099.wav,"Identify the mode or scale type of this passage.
A. minor pentatonic
B. natural minor
C. Mixolydian
D. major
Answer with the letter of the correct option only (A, B, C, or D). Do not explain.",minor pentatonic|natural minor|Mixolydian|major,major,B,natural minor,False,,"{""form"": ""bare_scale"", ""mode"": ""major"", ""program"": ""flute"", ""soundfont"": ""fluidr3"", ""tonic_midi"": 57}"
mode_id/major_60_bare_scale::wrong_audio::mcq,mode_id/major_60_bare_scale,mode_id,wrong_audio,mcq,0,stimuli/chords/augmented_block_61_1.wav,"What scale or mode is this music based on?
A. whole-tone
B. major pentatonic
C. major
D. natural minor
Answer with the letter of the correct option only (A, B, C, or D). Do not explain.",whole-tone|major pentatonic|major|natural minor,major,C,major,True,,"{""form"": ""bare_scale"", ""mode"": ""major"", ""program"": ""piano"", ""soundfont"": ""musescore"", ""tonic_midi"": 60}"
mode_id/major_64_bare_scale::wrong_audio::mcq,mode_id/major_64_bare_scale,mode_id,wrong_audio,mcq,1,stimuli/tuning/tune_0032.wav,"Listen to the clip. Which scale/mode is being used?
A. Locrian
B. major
C. melodic minor
D. blues scale
Answer with the letter of the correct option only (A, B, C, or D). Do not explain.",Locrian|major|melodic minor|blues scale,major,C,melodic minor,False,,"{""form"": ""bare_scale"", ""mode"": ""major"", ""program"": ""flute"", ""soundfont"": ""musescore"", ""tonic_midi"": 64}"
mode_id/major_64_melody_drone::wrong_audio::mcq,mode_id/major_64_melody_drone,mode_id,wrong_audio,mcq,2,stimuli/chords/dominant7_arpeggio_63_2.wav,"Identify the mode or scale type of this passage.
A. Mixolydian
B. major
C. Lydian
D. natural minor
Answer with the letter of the correct option only (A, B, C, or D). Do not explain.",Mixolydian|major|Lydian|natural minor,major,D,natural minor,False,,"{""form"": ""melody_drone"", ""mode"": ""major"", ""program"": ""flute"", ""soundfont"": ""musescore"", ""tonic_midi"": 64}"
mode_id/melodic_minor_64_melody_drone::wrong_audio::mcq,mode_id/melodic_minor_64_melody_drone,mode_id,wrong_audio,mcq,0,stimuli/polyphony/count2_00.wav,"What scale or mode is this music based on?
A. major pentatonic
B. melodic minor
C. minor pentatonic
D. Locrian
Answer with the letter of the correct option only (A, B, C, or D). Do not explain.",major pentatonic|melodic minor|minor pentatonic|Locrian,melodic minor,C,minor pentatonic,False,,"{""form"": ""melody_drone"", ""mode"": ""melodic_minor"", ""program"": ""flute"", ""soundfont"": ""timgm"", ""tonic_midi"": 64}"
mode_id/minor_pentatonic_62_bare_scale::wrong_audio::mcq,mode_id/minor_pentatonic_62_bare_scale,mode_id,wrong_audio,mcq,0,stimuli/polyphony/count2_10.wav,"What scale or mode is this music based on?
A. Locrian
B. minor pentatonic
C. Mixolydian
D. blues scale
Answer with the letter of the correct option only (A, B, C, or D). Do not explain.",Locrian|minor pentatonic|Mixolydian|blues scale,minor pentatonic,C,Mixolydian,False,,"{""form"": ""bare_scale"", ""mode"": ""minor_pentatonic"", ""program"": ""flute"", ""soundfont"": ""fluidr3"", ""tonic_midi"": 62}"
mode_id/minor_pentatonic_64_melody_drone::wrong_audio::mcq,mode_id/minor_pentatonic_64_melody_drone,mode_id,wrong_audio,mcq,1,stimuli/key/E_minor_scale_0.wav,"Listen to the clip. Which scale/mode is being used?
A. melodic minor
B. Locrian
C. minor pentatonic
D. whole-tone
Answer with the letter of the correct option only (A, B, C, or D). Do not explain.",melodic minor|Locrian|minor pentatonic|whole-tone,minor pentatonic,C,minor pentatonic,True,,"{""form"": ""melody_drone"", ""mode"": ""minor_pentatonic"", ""program"": ""flute"", ""soundfont"": ""musescore"", ""tonic_midi"": 64}"
mode_id/natural_minor_64_bare_scale::wrong_audio::mcq,mode_id/natural_minor_64_bare_scale,mode_id,wrong_audio,mcq,2,stimuli/key/As_minor_scale_1.wav,"Identify the mode or scale type of this passage.
A. Mixolydian
B. whole-tone
C. melodic minor
D. natural minor
Answer with the letter of the correct option only (A, B, C, or D). Do not explain.",Mixolydian|whole-tone|melodic minor|natural minor,natural minor,D,natural minor,True,,"{""form"": ""bare_scale"", ""mode"": ""natural_minor"", ""program"": ""flute"", ""soundfont"": ""timgm"", ""tonic_midi"": 64}"
mode_id/natural_minor_64_melody_drone::wrong_audio::mcq,mode_id/natural_minor_64_melody_drone,mode_id,wrong_audio,mcq,2,stimuli/mode/harmonic_minor_60_melody_drone.wav,"Identify the mode or scale type of this passage.
A. Phrygian
B. harmonic minor
C. melodic minor
D. natural minor
Answer with the letter of the correct option only (A, B, C, or D). Do not explain.",Phrygian|harmonic minor|melodic minor|natural minor,natural minor,D,natural minor,True,,"{""form"": ""melody_drone"", ""mode"": ""natural_minor"", ""program"": ""piano"", ""soundfont"": ""musescore"", ""tonic_midi"": 64}"
mode_id/whole_tone_57_bare_scale::wrong_audio::mcq,mode_id/whole_tone_57_bare_scale,mode_id,wrong_audio,mcq,1,stimuli/tuning/tune_0065.wav,"Listen to the clip. Which scale/mode is being used?
A. major pentatonic
B. whole-tone
C. minor pentatonic
D. Dorian
Answer with the letter of the correct option only (A, B, C, or D). Do not explain.",major pentatonic|whole-tone|minor pentatonic|Dorian,whole-tone,C,minor pentatonic,False,,"{""form"": ""bare_scale"", ""mode"": ""whole_tone"", ""program"": ""synth_lead"", ""soundfont"": ""fluidr3"", ""tonic_midi"": 57}"
