job_id,stimulus_id,task,condition,format,paraphrase_idx,audio_path,prompt,options,ground_truth,raw_response,parsed,correct,error,factors
cents_discrimination/trial_0000::audio::open,cents_discrimination/trial_0000,cents_discrimination,audio,open,1,stimuli/cents/trial_0000.wav,"Compare the two tones you hear. Relative to the first, is the second one higher in pitch, lower, or identical?
Answer with exactly one word: higher, lower, or same.",,higher,same,same,False,,"{""base_midi"": 62.305, ""delta_cents"": 5, ""direction"": ""higher"", ""f1_hz"": 298.884, ""f2_hz"": 299.748}"
cents_discrimination/trial_0000::audio::explain,cents_discrimination/trial_0000,cents_discrimination,audio,explain,0,stimuli/cents/trial_0000.wav,"Two tones are played one after the other. Is the second tone higher, lower, or the same pitch as the first?
First give your answer. Then explain exactly what you heard that supports it: name the specific notes/chords/beats and their approximate timestamps in seconds.",,higher,"The second tone is higher than the first. I heard this because the second note, F5, has a higher MIDI pitch value () than the first note, G4, which has a MIDI pitch value of ().",,,,"{""base_midi"": 62.305, ""delta_cents"": 5, ""direction"": ""higher"", ""f1_hz"": 298.884, ""f2_hz"": 299.748}"
cents_discrimination/trial_0001::audio::open,cents_discrimination/trial_0001,cents_discrimination,audio,open,2,stimuli/cents/trial_0001.wav,"You will hear tone 1, a pause, then tone 2. Is tone 2 higher, lower, or the same as tone 1?
Answer with exactly one word: higher, lower, or same.",,lower,same,same,False,,"{""base_midi"": 71.349, ""delta_cents"": 5, ""direction"": ""lower"", ""f1_hz"": 503.927, ""f2_hz"": 502.474}"
cents_discrimination/trial_0002::audio::open,cents_discrimination/trial_0002,cents_discrimination,audio,open,2,stimuli/cents/trial_0002.wav,"You will hear tone 1, a pause, then tone 2. Is tone 2 higher, lower, or the same as tone 1?
Answer with exactly one word: higher, lower, or same.",,higher,same.,same,False,,"{""base_midi"": 63.112, ""delta_cents"": 10, ""direction"": ""higher"", ""f1_hz"": 313.145, ""f2_hz"": 314.959}"
cents_discrimination/trial_0003::audio::open,cents_discrimination/trial_0003,cents_discrimination,audio,open,0,stimuli/cents/trial_0003.wav,"Two tones are played one after the other. Is the second tone higher, lower, or the same pitch as the first?
Answer with exactly one word: higher, lower, or same.",,lower,same.,same,False,,"{""base_midi"": 62.003, ""delta_cents"": 10, ""direction"": ""lower"", ""f1_hz"": 293.721, ""f2_hz"": 292.029}"
cents_discrimination/trial_0004::audio::open,cents_discrimination/trial_0004,cents_discrimination,audio,open,2,stimuli/cents/trial_0004.wav,"You will hear tone 1, a pause, then tone 2. Is tone 2 higher, lower, or the same as tone 1?
Answer with exactly one word: higher, lower, or same.",,higher,same,same,False,,"{""base_midi"": 56.171, ""delta_cents"": 25, ""direction"": ""higher"", ""f1_hz"": 209.718, ""f2_hz"": 212.768}"
cents_discrimination/trial_0005::audio::open,cents_discrimination/trial_0005,cents_discrimination,audio,open,1,stimuli/cents/trial_0005.wav,"Compare the two tones you hear. Relative to the first, is the second one higher in pitch, lower, or identical?
Answer with exactly one word: higher, lower, or same.",,lower,same,same,False,,"{""base_midi"": 62.631, ""delta_cents"": 25, ""direction"": ""lower"", ""f1_hz"": 304.558, ""f2_hz"": 300.191}"
cents_discrimination/trial_0006::audio::open,cents_discrimination/trial_0006,cents_discrimination,audio,open,1,stimuli/cents/trial_0006.wav,"Compare the two tones you hear. Relative to the first, is the second one higher in pitch, lower, or identical?
Answer with exactly one word: higher, lower, or same.",,higher,same,same,False,,"{""base_midi"": 62.378, ""delta_cents"": 50, ""direction"": ""higher"", ""f1_hz"": 300.155, ""f2_hz"": 308.95}"
cents_discrimination/trial_0007::audio::open,cents_discrimination/trial_0007,cents_discrimination,audio,open,2,stimuli/cents/trial_0007.wav,"You will hear tone 1, a pause, then tone 2. Is tone 2 higher, lower, or the same as tone 1?
Answer with exactly one word: higher, lower, or same.",,lower,same.,same,False,,"{""base_midi"": 65.076, ""delta_cents"": 50, ""direction"": ""lower"", ""f1_hz"": 350.756, ""f2_hz"": 340.771}"
cents_discrimination/trial_0008::audio::open,cents_discrimination/trial_0008,cents_discrimination,audio,open,0,stimuli/cents/trial_0008.wav,"Two tones are played one after the other. Is the second tone higher, lower, or the same pitch as the first?
Answer with exactly one word: higher, lower, or same.",,higher,same.,same,False,,"{""base_midi"": 71.864, ""delta_cents"": 100, ""direction"": ""higher"", ""f1_hz"": 519.15, ""f2_hz"": 550.02}"
cents_discrimination/trial_0009::audio::open,cents_discrimination/trial_0009,cents_discrimination,audio,open,1,stimuli/cents/trial_0009.wav,"Compare the two tones you hear. Relative to the first, is the second one higher in pitch, lower, or identical?
Answer with exactly one word: higher, lower, or same.",,lower,same,same,False,,"{""base_midi"": 73.508, ""delta_cents"": 100, ""direction"": ""lower"", ""f1_hz"": 570.872, ""f2_hz"": 538.832}"
cents_discrimination/trial_0010::audio::open,cents_discrimination/trial_0010,cents_discrimination,audio,open,0,stimuli/cents/trial_0010.wav,"Two tones are played one after the other. Is the second tone higher, lower, or the same pitch as the first?
Answer with exactly one word: higher, lower, or same.",,higher,same.,same,False,,"{""base_midi"": 69.652, ""delta_cents"": 5, ""direction"": ""higher"", ""f1_hz"": 456.898, ""f2_hz"": 458.219}"
cents_discrimination/trial_0011::audio::open,cents_discrimination/trial_0011,cents_discrimination,audio,open,0,stimuli/cents/trial_0011.wav,"Two tones are played one after the other. Is the second tone higher, lower, or the same pitch as the first?
Answer with exactly one word: higher, lower, or same.",,lower,same.,same,False,,"{""base_midi"": 72.024, ""delta_cents"": 5, ""direction"": ""lower"", ""f1_hz"": 523.962, ""f2_hz"": 522.451}"
cents_discrimination/trial_0011::audio::explain,cents_discrimination/trial_0011,cents_discrimination,audio,explain,2,stimuli/cents/trial_0011.wav,"You will hear tone 1, a pause, then tone 2. Is tone 2 higher, lower, or the same as tone 1?
First give your answer. Then explain exactly what you heard that supports it: name the specific notes/chords/beats and their approximate timestamps in seconds.",,lower,"Tone 2 is higher than tone 1. I heard this by noting the pitch difference between the two tones. Tone 1 has a high pitched sound and tone 2 sounds slightly higher, indicating an increase in pitch.",,,,"{""base_midi"": 72.024, ""delta_cents"": 5, ""direction"": ""lower"", ""f1_hz"": 523.962, ""f2_hz"": 522.451}"
cents_discrimination/trial_0012::audio::open,cents_discrimination/trial_0012,cents_discrimination,audio,open,2,stimuli/cents/trial_0012.wav,"You will hear tone 1, a pause, then tone 2. Is tone 2 higher, lower, or the same as tone 1?
Answer with exactly one word: higher, lower, or same.",,higher,same,same,False,,"{""base_midi"": 71.614, ""delta_cents"": 10, ""direction"": ""higher"", ""f1_hz"": 511.716, ""f2_hz"": 514.681}"
cents_discrimination/trial_0012::audio::explain,cents_discrimination/trial_0012,cents_discrimination,audio,explain,2,stimuli/cents/trial_0012.wav,"You will hear tone 1, a pause, then tone 2. Is tone 2 higher, lower, or the same as tone 1?
First give your answer. Then explain exactly what you heard that supports it: name the specific notes/chords/beats and their approximate timestamps in seconds.",,higher,Tone 2 is higher than tone 1. I heard this because the second note has a higher pitch than the first note which is C5.,,,,"{""base_midi"": 71.614, ""delta_cents"": 10, ""direction"": ""higher"", ""f1_hz"": 511.716, ""f2_hz"": 514.681}"
cents_discrimination/trial_0013::audio::open,cents_discrimination/trial_0013,cents_discrimination,audio,open,2,stimuli/cents/trial_0013.wav,"You will hear tone 1, a pause, then tone 2. Is tone 2 higher, lower, or the same as tone 1?
Answer with exactly one word: higher, lower, or same.",,lower,same.,same,False,,"{""base_midi"": 53.713, ""delta_cents"": 10, ""direction"": ""lower"", ""f1_hz"": 181.951, ""f2_hz"": 180.903}"
cents_discrimination/trial_0014::audio::open,cents_discrimination/trial_0014,cents_discrimination,audio,open,1,stimuli/cents/trial_0014.wav,"Compare the two tones you hear. Relative to the first, is the second one higher in pitch, lower, or identical?
Answer with exactly one word: higher, lower, or same.",,higher,same,same,False,,"{""base_midi"": 56.857, ""delta_cents"": 25, ""direction"": ""higher"", ""f1_hz"": 218.192, ""f2_hz"": 221.366}"
cents_discrimination/trial_0015::audio::open,cents_discrimination/trial_0015,cents_discrimination,audio,open,2,stimuli/cents/trial_0015.wav,"You will hear tone 1, a pause, then tone 2. Is tone 2 higher, lower, or the same as tone 1?
Answer with exactly one word: higher, lower, or same.",,lower,same,same,False,,"{""base_midi"": 62.28, ""delta_cents"": 25, ""direction"": ""lower"", ""f1_hz"": 298.454, ""f2_hz"": 294.175}"
cents_discrimination/trial_0016::audio::open,cents_discrimination/trial_0016,cents_discrimination,audio,open,1,stimuli/cents/trial_0016.wav,"Compare the two tones you hear. Relative to the first, is the second one higher in pitch, lower, or identical?
Answer with exactly one word: higher, lower, or same.",,higher,same,same,False,,"{""base_midi"": 55.383, ""delta_cents"": 50, ""direction"": ""higher"", ""f1_hz"": 200.382, ""f2_hz"": 206.254}"
cents_discrimination/trial_0017::audio::open,cents_discrimination/trial_0017,cents_discrimination,audio,open,1,stimuli/cents/trial_0017.wav,"Compare the two tones you hear. Relative to the first, is the second one higher in pitch, lower, or identical?
Answer with exactly one word: higher, lower, or same.",,lower,same,same,False,,"{""base_midi"": 63.538, ""delta_cents"": 50, ""direction"": ""lower"", ""f1_hz"": 320.947, ""f2_hz"": 311.81}"
cents_discrimination/trial_0018::audio::open,cents_discrimination/trial_0018,cents_discrimination,audio,open,0,stimuli/cents/trial_0018.wav,"Two tones are played one after the other. Is the second tone higher, lower, or the same pitch as the first?
Answer with exactly one word: higher, lower, or same.",,higher,same.,same,False,,"{""base_midi"": 60.7, ""delta_cents"": 100, ""direction"": ""higher"", ""f1_hz"": 272.415, ""f2_hz"": 288.614}"
cents_discrimination/trial_0019::audio::open,cents_discrimination/trial_0019,cents_discrimination,audio,open,2,stimuli/cents/trial_0019.wav,"You will hear tone 1, a pause, then tone 2. Is tone 2 higher, lower, or the same as tone 1?
Answer with exactly one word: higher, lower, or same.",,lower,same,same,False,,"{""base_midi"": 70.291, ""delta_cents"": 100, ""direction"": ""lower"", ""f1_hz"": 474.065, ""f2_hz"": 447.458}"
cents_discrimination/trial_0020::audio::open,cents_discrimination/trial_0020,cents_discrimination,audio,open,1,stimuli/cents/trial_0020.wav,"Compare the two tones you hear. Relative to the first, is the second one higher in pitch, lower, or identical?
Answer with exactly one word: higher, lower, or same.",,higher,same,same,False,,"{""base_midi"": 54.464, ""delta_cents"": 5, ""direction"": ""higher"", ""f1_hz"": 190.023, ""f2_hz"": 190.572}"
cents_discrimination/trial_0020::audio::explain,cents_discrimination/trial_0020,cents_discrimination,audio,explain,1,stimuli/cents/trial_0020.wav,"Compare the two tones you hear. Relative to the first, is the second one higher in pitch, lower, or identical?
First give your answer. Then explain exactly what you heard that supports it: name the specific notes/chords/beats and their approximate timestamps in seconds.",,higher,"The second tone is higher in pitch. I heard an E4 note in the first tone and an E5 note in the second, which indicates a higher pitch for the second tone.",,,,"{""base_midi"": 54.464, ""delta_cents"": 5, ""direction"": ""higher"", ""f1_hz"": 190.023, ""f2_hz"": 190.572}"
cents_discrimination/trial_0021::audio::open,cents_discrimination/trial_0021,cents_discrimination,audio,open,1,stimuli/cents/trial_0021.wav,"Compare the two tones you hear. Relative to the first, is the second one higher in pitch, lower, or identical?
Answer with exactly one word: higher, lower, or same.",,lower,same,same,False,,"{""base_midi"": 59.068, ""delta_cents"": 5, ""direction"": ""lower"", ""f1_hz"": 247.915, ""f2_hz"": 247.2}"
cents_discrimination/trial_0022::audio::open,cents_discrimination/trial_0022,cents_discrimination,audio,open,1,stimuli/cents/trial_0022.wav,"Compare the two tones you hear. Relative to the first, is the second one higher in pitch, lower, or identical?
Answer with exactly one word: higher, lower, or same.",,higher,same,same,False,,"{""base_midi"": 57.281, ""delta_cents"": 10, ""direction"": ""higher"", ""f1_hz"": 223.6, ""f2_hz"": 224.895}"
cents_discrimination/trial_0023::audio::open,cents_discrimination/trial_0023,cents_discrimination,audio,open,1,stimuli/cents/trial_0023.wav,"Compare the two tones you hear. Relative to the first, is the second one higher in pitch, lower, or identical?
Answer with exactly one word: higher, lower, or same.",,lower,same,same,False,,"{""base_midi"": 69.832, ""delta_cents"": 10, ""direction"": ""lower"", ""f1_hz"": 461.658, ""f2_hz"": 458.999}"
cents_discrimination/trial_0024::audio::open,cents_discrimination/trial_0024,cents_discrimination,audio,open,0,stimuli/cents/trial_0024.wav,"Two tones are played one after the other. Is the second tone higher, lower, or the same pitch as the first?
Answer with exactly one word: higher, lower, or same.",,higher,same.,same,False,,"{""base_midi"": 74.894, ""delta_cents"": 25, ""direction"": ""higher"", ""f1_hz"": 618.473, ""f2_hz"": 627.469}"
cents_discrimination/trial_0025::audio::open,cents_discrimination/trial_0025,cents_discrimination,audio,open,1,stimuli/cents/trial_0025.wav,"Compare the two tones you hear. Relative to the first, is the second one higher in pitch, lower, or identical?
Answer with exactly one word: higher, lower, or same.",,lower,same,same,False,,"{""base_midi"": 62.207, ""delta_cents"": 25, ""direction"": ""lower"", ""f1_hz"": 297.193, ""f2_hz"": 292.932}"
cents_discrimination/trial_0026::audio::open,cents_discrimination/trial_0026,cents_discrimination,audio,open,2,stimuli/cents/trial_0026.wav,"You will hear tone 1, a pause, then tone 2. Is tone 2 higher, lower, or the same as tone 1?
Answer with exactly one word: higher, lower, or same.",,higher,same.,same,False,,"{""base_midi"": 70.892, ""delta_cents"": 50, ""direction"": ""higher"", ""f1_hz"": 490.822, ""f2_hz"": 505.205}"
cents_discrimination/trial_0027::audio::open,cents_discrimination/trial_0027,cents_discrimination,audio,open,2,stimuli/cents/trial_0027.wav,"You will hear tone 1, a pause, then tone 2. Is tone 2 higher, lower, or the same as tone 1?
Answer with exactly one word: higher, lower, or same.",,lower,same.,same,False,,"{""base_midi"": 57.187, ""delta_cents"": 50, ""direction"": ""lower"", ""f1_hz"": 222.391, ""f2_hz"": 216.06}"
cents_discrimination/trial_0027::audio::explain,cents_discrimination/trial_0027,cents_discrimination,audio,explain,2,stimuli/cents/trial_0027.wav,"You will hear tone 1, a pause, then tone 2. Is tone 2 higher, lower, or the same as tone 1?
First give your answer. Then explain exactly what you heard that supports it: name the specific notes/chords/beats and their approximate timestamps in seconds.",,lower,Tone 2 is higher than tone 1. I heard this by noting the pitch difference between the two tones. Tone 1 has a higher pitch than tone 2.,,,,"{""base_midi"": 57.187, ""delta_cents"": 50, ""direction"": ""lower"", ""f1_hz"": 222.391, ""f2_hz"": 216.06}"
cents_discrimination/trial_0028::audio::open,cents_discrimination/trial_0028,cents_discrimination,audio,open,1,stimuli/cents/trial_0028.wav,"Compare the two tones you hear. Relative to the first, is the second one higher in pitch, lower, or identical?
Answer with exactly one word: higher, lower, or same.",,higher,same,same,False,,"{""base_midi"": 53.776, ""delta_cents"": 100, ""direction"": ""higher"", ""f1_hz"": 182.615, ""f2_hz"": 193.473}"
cents_discrimination/trial_0029::audio::open,cents_discrimination/trial_0029,cents_discrimination,audio,open,1,stimuli/cents/trial_0029.wav,"Compare the two tones you hear. Relative to the first, is the second one higher in pitch, lower, or identical?
Answer with exactly one word: higher, lower, or same.",,lower,same,same,False,,"{""base_midi"": 71.948, ""delta_cents"": 100, ""direction"": ""lower"", ""f1_hz"": 521.678, ""f2_hz"": 492.399}"
cents_discrimination/trial_0030::audio::open,cents_discrimination/trial_0030,cents_discrimination,audio,open,1,stimuli/cents/trial_0030.wav,"Compare the two tones you hear. Relative to the first, is the second one higher in pitch, lower, or identical?
Answer with exactly one word: higher, lower, or same.",,higher,same,same,False,,"{""base_midi"": 69.724, ""delta_cents"": 5, ""direction"": ""higher"", ""f1_hz"": 458.797, ""f2_hz"": 460.124}"
cents_discrimination/trial_0031::audio::open,cents_discrimination/trial_0031,cents_discrimination,audio,open,2,stimuli/cents/trial_0031.wav,"You will hear tone 1, a pause, then tone 2. Is tone 2 higher, lower, or the same as tone 1?
Answer with exactly one word: higher, lower, or same.",,lower,same.,same,False,,"{""base_midi"": 54.365, ""delta_cents"": 5, ""direction"": ""lower"", ""f1_hz"": 188.941, ""f2_hz"": 188.396}"
cents_discrimination/trial_0031::audio::explain,cents_discrimination/trial_0031,cents_discrimination,audio,explain,2,stimuli/cents/trial_0031.wav,"You will hear tone 1, a pause, then tone 2. Is tone 2 higher, lower, or the same as tone 1?
First give your answer. Then explain exactly what you heard that supports it: name the specific notes/chords/beats and their approximate timestamps in seconds.",,lower,"Tone 2 is higher than tone 1. I heard this by noting the pitch difference between the two tones. Tone 1 was lower, around 35-40 Hz, while tone 2 was higher, around 60-70 Hz.",,,,"{""base_midi"": 54.365, ""delta_cents"": 5, ""direction"": ""lower"", ""f1_hz"": 188.941, ""f2_hz"": 188.396}"
cents_discrimination/trial_0032::audio::open,cents_discrimination/trial_0032,cents_discrimination,audio,open,1,stimuli/cents/trial_0032.wav,"Compare the two tones you hear. Relative to the first, is the second one higher in pitch, lower, or identical?
Answer with exactly one word: higher, lower, or same.",,higher,same,same,False,,"{""base_midi"": 58.903, ""delta_cents"": 10, ""direction"": ""higher"", ""f1_hz"": 245.568, ""f2_hz"": 246.991}"
cents_discrimination/trial_0033::audio::open,cents_discrimination/trial_0033,cents_discrimination,audio,open,0,stimuli/cents/trial_0033.wav,"Two tones are played one after the other. Is the second tone higher, lower, or the same pitch as the first?
Answer with exactly one word: higher, lower, or same.",,lower,same.,same,False,,"{""base_midi"": 67.154, ""delta_cents"": 10, ""direction"": ""lower"", ""f1_hz"": 395.508, ""f2_hz"": 393.23}"
cents_discrimination/trial_0034::audio::open,cents_discrimination/trial_0034,cents_discrimination,audio,open,0,stimuli/cents/trial_0034.wav,"Two tones are played one after the other. Is the second tone higher, lower, or the same pitch as the first?
Answer with exactly one word: higher, lower, or same.",,higher,same.,same,False,,"{""base_midi"": 71.127, ""delta_cents"": 25, ""direction"": ""higher"", ""f1_hz"": 497.513, ""f2_hz"": 504.75}"
cents_discrimination/trial_0035::audio::open,cents_discrimination/trial_0035,cents_discrimination,audio,open,1,stimuli/cents/trial_0035.wav,"Compare the two tones you hear. Relative to the first, is the second one higher in pitch, lower, or identical?
Answer with exactly one word: higher, lower, or same.",,lower,same,same,False,,"{""base_midi"": 56.028, ""delta_cents"": 25, ""direction"": ""lower"", ""f1_hz"": 207.985, ""f2_hz"": 205.003}"
cents_discrimination/trial_0036::audio::open,cents_discrimination/trial_0036,cents_discrimination,audio,open,0,stimuli/cents/trial_0036.wav,"Two tones are played one after the other. Is the second tone higher, lower, or the same pitch as the first?
Answer with exactly one word: higher, lower, or same.",,higher,same.,same,False,,"{""base_midi"": 70.075, ""delta_cents"": 50, ""direction"": ""higher"", ""f1_hz"": 468.191, ""f2_hz"": 481.91}"
cents_discrimination/trial_0037::audio::open,cents_discrimination/trial_0037,cents_discrimination,audio,open,1,stimuli/cents/trial_0037.wav,"Compare the two tones you hear. Relative to the first, is the second one higher in pitch, lower, or identical?
Answer with exactly one word: higher, lower, or same.",,lower,same,same,False,,"{""base_midi"": 56.32, ""delta_cents"": 50, ""direction"": ""lower"", ""f1_hz"": 211.531, ""f2_hz"": 205.509}"
cents_discrimination/trial_0038::audio::open,cents_discrimination/trial_0038,cents_discrimination,audio,open,1,stimuli/cents/trial_0038.wav,"Compare the two tones you hear. Relative to the first, is the second one higher in pitch, lower, or identical?
Answer with exactly one word: higher, lower, or same.",,higher,same,same,False,,"{""base_midi"": 67.67, ""delta_cents"": 100, ""direction"": ""higher"", ""f1_hz"": 407.464, ""f2_hz"": 431.693}"
cents_discrimination/trial_0039::audio::open,cents_discrimination/trial_0039,cents_discrimination,audio,open,2,stimuli/cents/trial_0039.wav,"You will hear tone 1, a pause, then tone 2. Is tone 2 higher, lower, or the same as tone 1?
Answer with exactly one word: higher, lower, or same.",,lower,same.,same,False,,"{""base_midi"": 75.207, ""delta_cents"": 100, ""direction"": ""lower"", ""f1_hz"": 629.744, ""f2_hz"": 594.399}"
cents_discrimination/trial_0040::audio::open,cents_discrimination/trial_0040,cents_discrimination,audio,open,1,stimuli/cents/trial_0040.wav,"Compare the two tones you hear. Relative to the first, is the second one higher in pitch, lower, or identical?
Answer with exactly one word: higher, lower, or same.",,higher,same,same,False,,"{""base_midi"": 62.734, ""delta_cents"": 5, ""direction"": ""higher"", ""f1_hz"": 306.386, ""f2_hz"": 307.272}"
cents_discrimination/trial_0041::audio::open,cents_discrimination/trial_0041,cents_discrimination,audio,open,2,stimuli/cents/trial_0041.wav,"You will hear tone 1, a pause, then tone 2. Is tone 2 higher, lower, or the same as tone 1?
Answer with exactly one word: higher, lower, or same.",,lower,same.,same,False,,"{""base_midi"": 72.585, ""delta_cents"": 5, ""direction"": ""lower"", ""f1_hz"": 541.247, ""f2_hz"": 539.686}"
cents_discrimination/trial_0041::audio::explain,cents_discrimination/trial_0041,cents_discrimination,audio,explain,0,stimuli/cents/trial_0041.wav,"Two tones are played one after the other. Is the second tone higher, lower, or the same pitch as the first?
First give your answer. Then explain exactly what you heard that supports it: name the specific notes/chords/beats and their approximate timestamps in seconds.",,lower,The second tone is higher than the first. I heard this because the second note has a higher pitch than the first note which sounds like C5. The specific notes are C5 and C6 with approximate timestamps of 0.58 and 2.73 seconds respectively.,,,,"{""base_midi"": 72.585, ""delta_cents"": 5, ""direction"": ""lower"", ""f1_hz"": 541.247, ""f2_hz"": 539.686}"
cents_discrimination/trial_0042::audio::open,cents_discrimination/trial_0042,cents_discrimination,audio,open,2,stimuli/cents/trial_0042.wav,"You will hear tone 1, a pause, then tone 2. Is tone 2 higher, lower, or the same as tone 1?
Answer with exactly one word: higher, lower, or same.",,higher,same,same,False,,"{""base_midi"": 65.6, ""delta_cents"": 10, ""direction"": ""higher"", ""f1_hz"": 361.538, ""f2_hz"": 363.632}"
cents_discrimination/trial_0043::audio::open,cents_discrimination/trial_0043,cents_discrimination,audio,open,1,stimuli/cents/trial_0043.wav,"Compare the two tones you hear. Relative to the first, is the second one higher in pitch, lower, or identical?
Answer with exactly one word: higher, lower, or same.",,lower,same,same,False,,"{""base_midi"": 75.466, ""delta_cents"": 10, ""direction"": ""lower"", ""f1_hz"": 639.22, ""f2_hz"": 635.539}"
cents_discrimination/trial_0044::audio::open,cents_discrimination/trial_0044,cents_discrimination,audio,open,1,stimuli/cents/trial_0044.wav,"Compare the two tones you hear. Relative to the first, is the second one higher in pitch, lower, or identical?
Answer with exactly one word: higher, lower, or same.",,higher,same,same,False,,"{""base_midi"": 58.058, ""delta_cents"": 25, ""direction"": ""higher"", ""f1_hz"": 233.858, ""f2_hz"": 237.26}"
cents_discrimination/trial_0045::audio::open,cents_discrimination/trial_0045,cents_discrimination,audio,open,0,stimuli/cents/trial_0045.wav,"Two tones are played one after the other. Is the second tone higher, lower, or the same pitch as the first?
Answer with exactly one word: higher, lower, or same.",,lower,same.,same,False,,"{""base_midi"": 53.048, ""delta_cents"": 25, ""direction"": ""lower"", ""f1_hz"": 175.103, ""f2_hz"": 172.593}"
cents_discrimination/trial_0046::audio::open,cents_discrimination/trial_0046,cents_discrimination,audio,open,1,stimuli/cents/trial_0046.wav,"Compare the two tones you hear. Relative to the first, is the second one higher in pitch, lower, or identical?
Answer with exactly one word: higher, lower, or same.",,higher,same,same,False,,"{""base_midi"": 57.133, ""delta_cents"": 50, ""direction"": ""higher"", ""f1_hz"": 221.697, ""f2_hz"": 228.193}"
cents_discrimination/trial_0047::audio::open,cents_discrimination/trial_0047,cents_discrimination,audio,open,0,stimuli/cents/trial_0047.wav,"Two tones are played one after the other. Is the second tone higher, lower, or the same pitch as the first?
Answer with exactly one word: higher, lower, or same.",,lower,same.,same,False,,"{""base_midi"": 71.159, ""delta_cents"": 50, ""direction"": ""lower"", ""f1_hz"": 498.448, ""f2_hz"": 484.258}"
cents_discrimination/trial_0048::audio::open,cents_discrimination/trial_0048,cents_discrimination,audio,open,1,stimuli/cents/trial_0048.wav,"Compare the two tones you hear. Relative to the first, is the second one higher in pitch, lower, or identical?
Answer with exactly one word: higher, lower, or same.",,higher,same,same,False,,"{""base_midi"": 59.687, ""delta_cents"": 100, ""direction"": ""higher"", ""f1_hz"": 256.939, ""f2_hz"": 272.217}"
cents_discrimination/trial_0049::audio::open,cents_discrimination/trial_0049,cents_discrimination,audio,open,0,stimuli/cents/trial_0049.wav,"Two tones are played one after the other. Is the second tone higher, lower, or the same pitch as the first?
Answer with exactly one word: higher, lower, or same.",,lower,same.,same,False,,"{""base_midi"": 56.594, ""delta_cents"": 100, ""direction"": ""lower"", ""f1_hz"": 214.905, ""f2_hz"": 202.844}"
cents_discrimination/trial_0050::audio::open,cents_discrimination/trial_0050,cents_discrimination,audio,open,2,stimuli/cents/trial_0050.wav,"You will hear tone 1, a pause, then tone 2. Is tone 2 higher, lower, or the same as tone 1?
Answer with exactly one word: higher, lower, or same.",,higher,same,same,False,,"{""base_midi"": 69.29, ""delta_cents"": 5, ""direction"": ""higher"", ""f1_hz"": 447.444, ""f2_hz"": 448.738}"
cents_discrimination/trial_0051::audio::open,cents_discrimination/trial_0051,cents_discrimination,audio,open,1,stimuli/cents/trial_0051.wav,"Compare the two tones you hear. Relative to the first, is the second one higher in pitch, lower, or identical?
Answer with exactly one word: higher, lower, or same.",,lower,same,same,False,,"{""base_midi"": 69.221, ""delta_cents"": 5, ""direction"": ""lower"", ""f1_hz"": 445.662, ""f2_hz"": 444.377}"
cents_discrimination/trial_0052::audio::open,cents_discrimination/trial_0052,cents_discrimination,audio,open,0,stimuli/cents/trial_0052.wav,"Two tones are played one after the other. Is the second tone higher, lower, or the same pitch as the first?
Answer with exactly one word: higher, lower, or same.",,higher,same.,same,False,,"{""base_midi"": 62.723, ""delta_cents"": 10, ""direction"": ""higher"", ""f1_hz"": 306.184, ""f2_hz"": 307.958}"
cents_discrimination/trial_0053::audio::open,cents_discrimination/trial_0053,cents_discrimination,audio,open,1,stimuli/cents/trial_0053.wav,"Compare the two tones you hear. Relative to the first, is the second one higher in pitch, lower, or identical?
Answer with exactly one word: higher, lower, or same.",,lower,same,same,False,,"{""base_midi"": 74.962, ""delta_cents"": 10, ""direction"": ""lower"", ""f1_hz"": 620.903, ""f2_hz"": 617.327}"
cents_discrimination/trial_0054::audio::open,cents_discrimination/trial_0054,cents_discrimination,audio,open,1,stimuli/cents/trial_0054.wav,"Compare the two tones you hear. Relative to the first, is the second one higher in pitch, lower, or identical?
Answer with exactly one word: higher, lower, or same.",,higher,same.,same,False,,"{""base_midi"": 64.088, ""delta_cents"": 25, ""direction"": ""higher"", ""f1_hz"": 331.31, ""f2_hz"": 336.129}"
cents_discrimination/trial_0055::audio::open,cents_discrimination/trial_0055,cents_discrimination,audio,open,0,stimuli/cents/trial_0055.wav,"Two tones are played one after the other. Is the second tone higher, lower, or the same pitch as the first?
Answer with exactly one word: higher, lower, or same.",,lower,same.,same,False,,"{""base_midi"": 62.813, ""delta_cents"": 25, ""direction"": ""lower"", ""f1_hz"": 307.782, ""f2_hz"": 303.369}"
cents_discrimination/trial_0055::audio::explain,cents_discrimination/trial_0055,cents_discrimination,audio,explain,1,stimuli/cents/trial_0055.wav,"Compare the two tones you hear. Relative to the first, is the second one higher in pitch, lower, or identical?
First give your answer. Then explain exactly what you heard that supports it: name the specific notes/chords/beats and their approximate timestamps in seconds.",,lower,"The second tone is higher in pitch. I heard an E4 note in the first tone and an E5 note in the second, which indicates a higher pitch for the second tone.",,,,"{""base_midi"": 62.813, ""delta_cents"": 25, ""direction"": ""lower"", ""f1_hz"": 307.782, ""f2_hz"": 303.369}"
cents_discrimination/trial_0056::audio::open,cents_discrimination/trial_0056,cents_discrimination,audio,open,2,stimuli/cents/trial_0056.wav,"You will hear tone 1, a pause, then tone 2. Is tone 2 higher, lower, or the same as tone 1?
Answer with exactly one word: higher, lower, or same.",,higher,same,same,False,,"{""base_midi"": 71.811, ""delta_cents"": 50, ""direction"": ""higher"", ""f1_hz"": 517.559, ""f2_hz"": 532.725}"
cents_discrimination/trial_0056::audio::explain,cents_discrimination/trial_0056,cents_discrimination,audio,explain,0,stimuli/cents/trial_0056.wav,"Two tones are played one after the other. Is the second tone higher, lower, or the same pitch as the first?
First give your answer. Then explain exactly what you heard that supports it: name the specific notes/chords/beats and their approximate timestamps in seconds.",,higher,The second tone is higher than the first. I heard this because the second note has a higher pitch than the first note which sounds like C5 and the second note sounds like C6.,,,,"{""base_midi"": 71.811, ""delta_cents"": 50, ""direction"": ""higher"", ""f1_hz"": 517.559, ""f2_hz"": 532.725}"
cents_discrimination/trial_0057::audio::open,cents_discrimination/trial_0057,cents_discrimination,audio,open,0,stimuli/cents/trial_0057.wav,"Two tones are played one after the other. Is the second tone higher, lower, or the same pitch as the first?
Answer with exactly one word: higher, lower, or same.",,lower,same.,same,False,,"{""base_midi"": 72.035, ""delta_cents"": 50, ""direction"": ""lower"", ""f1_hz"": 524.302, ""f2_hz"": 509.376}"
cents_discrimination/trial_0058::audio::open,cents_discrimination/trial_0058,cents_discrimination,audio,open,1,stimuli/cents/trial_0058.wav,"Compare the two tones you hear. Relative to the first, is the second one higher in pitch, lower, or identical?
Answer with exactly one word: higher, lower, or same.",,higher,same,same,False,,"{""base_midi"": 63.785, ""delta_cents"": 100, ""direction"": ""higher"", ""f1_hz"": 325.557, ""f2_hz"": 344.915}"
cents_discrimination/trial_0059::audio::open,cents_discrimination/trial_0059,cents_discrimination,audio,open,1,stimuli/cents/trial_0059.wav,"Compare the two tones you hear. Relative to the first, is the second one higher in pitch, lower, or identical?
Answer with exactly one word: higher, lower, or same.",,lower,same,same,False,,"{""base_midi"": 52.525, ""delta_cents"": 100, ""direction"": ""lower"", ""f1_hz"": 169.89, ""f2_hz"": 160.355}"
cents_discrimination/trial_0060::audio::open,cents_discrimination/trial_0060,cents_discrimination,audio,open,0,stimuli/cents/trial_0060.wav,"Two tones are played one after the other. Is the second tone higher, lower, or the same pitch as the first?
Answer with exactly one word: higher, lower, or same.",,higher,same.,same,False,,"{""base_midi"": 56.82, ""delta_cents"": 5, ""direction"": ""higher"", ""f1_hz"": 217.725, ""f2_hz"": 218.355}"
cents_discrimination/trial_0061::audio::open,cents_discrimination/trial_0061,cents_discrimination,audio,open,1,stimuli/cents/trial_0061.wav,"Compare the two tones you hear. Relative to the first, is the second one higher in pitch, lower, or identical?
Answer with exactly one word: higher, lower, or same.",,lower,same,same,False,,"{""base_midi"": 67.803, ""delta_cents"": 5, ""direction"": ""lower"", ""f1_hz"": 410.598, ""f2_hz"": 409.414}"
cents_discrimination/trial_0062::audio::open,cents_discrimination/trial_0062,cents_discrimination,audio,open,0,stimuli/cents/trial_0062.wav,"Two tones are played one after the other. Is the second tone higher, lower, or the same pitch as the first?
Answer with exactly one word: higher, lower, or same.",,higher,same.,same,False,,"{""base_midi"": 53.368, ""delta_cents"": 10, ""direction"": ""higher"", ""f1_hz"": 178.36, ""f2_hz"": 179.394}"
cents_discrimination/trial_0062::audio::explain,cents_discrimination/trial_0062,cents_discrimination,audio,explain,2,stimuli/cents/trial_0062.wav,"You will hear tone 1, a pause, then tone 2. Is tone 2 higher, lower, or the same as tone 1?
First give your answer. Then explain exactly what you heard that supports it: name the specific notes/chords/beats and their approximate timestamps in seconds.",,higher,"Tone 2 is higher than tone 1. I heard this by noting the pitch difference between the two tones. Tone 1 was lower, around 35-40 Hz, while tone 2 was higher, around 60-70 Hz.",,,,"{""base_midi"": 53.368, ""delta_cents"": 10, ""direction"": ""higher"", ""f1_hz"": 178.36, ""f2_hz"": 179.394}"
cents_discrimination/trial_0063::audio::open,cents_discrimination/trial_0063,cents_discrimination,audio,open,0,stimuli/cents/trial_0063.wav,"Two tones are played one after the other. Is the second tone higher, lower, or the same pitch as the first?
Answer with exactly one word: higher, lower, or same.",,lower,same.,same,False,,"{""base_midi"": 60.379, ""delta_cents"": 10, ""direction"": ""lower"", ""f1_hz"": 267.413, ""f2_hz"": 265.873}"
cents_discrimination/trial_0064::audio::open,cents_discrimination/trial_0064,cents_discrimination,audio,open,0,stimuli/cents/trial_0064.wav,"Two tones are played one after the other. Is the second tone higher, lower, or the same pitch as the first?
Answer with exactly one word: higher, lower, or same.",,higher,same.,same,False,,"{""base_midi"": 69.097, ""delta_cents"": 25, ""direction"": ""higher"", ""f1_hz"": 442.461, ""f2_hz"": 448.897}"
cents_discrimination/trial_0064::audio::explain,cents_discrimination/trial_0064,cents_discrimination,audio,explain,1,stimuli/cents/trial_0064.wav,"Compare the two tones you hear. Relative to the first, is the second one higher in pitch, lower, or identical?
First give your answer. Then explain exactly what you heard that supports it: name the specific notes/chords/beats and their approximate timestamps in seconds.",,higher,"The second tone is higher in pitch. I heard an E4 note in the first tone and an E5 note in the second, which indicates a higher pitch for the second tone.",,,,"{""base_midi"": 69.097, ""delta_cents"": 25, ""direction"": ""higher"", ""f1_hz"": 442.461, ""f2_hz"": 448.897}"
cents_discrimination/trial_0065::audio::open,cents_discrimination/trial_0065,cents_discrimination,audio,open,1,stimuli/cents/trial_0065.wav,"Compare the two tones you hear. Relative to the first, is the second one higher in pitch, lower, or identical?
Answer with exactly one word: higher, lower, or same.",,lower,same,same,False,,"{""base_midi"": 58.18, ""delta_cents"": 25, ""direction"": ""lower"", ""f1_hz"": 235.523, ""f2_hz"": 232.146}"
cents_discrimination/trial_0066::audio::open,cents_discrimination/trial_0066,cents_discrimination,audio,open,1,stimuli/cents/trial_0066.wav,"Compare the two tones you hear. Relative to the first, is the second one higher in pitch, lower, or identical?
Answer with exactly one word: higher, lower, or same.",,higher,same,same,False,,"{""base_midi"": 63.598, ""delta_cents"": 50, ""direction"": ""higher"", ""f1_hz"": 322.064, ""f2_hz"": 331.501}"
cents_discrimination/trial_0067::audio::open,cents_discrimination/trial_0067,cents_discrimination,audio,open,1,stimuli/cents/trial_0067.wav,"Compare the two tones you hear. Relative to the first, is the second one higher in pitch, lower, or identical?
Answer with exactly one word: higher, lower, or same.",,lower,same,same,False,,"{""base_midi"": 69.398, ""delta_cents"": 50, ""direction"": ""lower"", ""f1_hz"": 450.245, ""f2_hz"": 437.428}"
cents_discrimination/trial_0068::audio::open,cents_discrimination/trial_0068,cents_discrimination,audio,open,1,stimuli/cents/trial_0068.wav,"Compare the two tones you hear. Relative to the first, is the second one higher in pitch, lower, or identical?
Answer with exactly one word: higher, lower, or same.",,higher,same,same,False,,"{""base_midi"": 62.522, ""delta_cents"": 100, ""direction"": ""higher"", ""f1_hz"": 302.653, ""f2_hz"": 320.65}"
cents_discrimination/trial_0069::audio::open,cents_discrimination/trial_0069,cents_discrimination,audio,open,0,stimuli/cents/trial_0069.wav,"Two tones are played one after the other. Is the second tone higher, lower, or the same pitch as the first?
Answer with exactly one word: higher, lower, or same.",,lower,same.,same,False,,"{""base_midi"": 72.027, ""delta_cents"": 100, ""direction"": ""lower"", ""f1_hz"": 524.07, ""f2_hz"": 494.656}"
cents_discrimination/trial_0070::audio::open,cents_discrimination/trial_0070,cents_discrimination,audio,open,0,stimuli/cents/trial_0070.wav,"Two tones are played one after the other. Is the second tone higher, lower, or the same pitch as the first?
Answer with exactly one word: higher, lower, or same.",,higher,same.,same,False,,"{""base_midi"": 61.606, ""delta_cents"": 5, ""direction"": ""higher"", ""f1_hz"": 287.057, ""f2_hz"": 287.887}"
cents_discrimination/trial_0071::audio::open,cents_discrimination/trial_0071,cents_discrimination,audio,open,2,stimuli/cents/trial_0071.wav,"You will hear tone 1, a pause, then tone 2. Is tone 2 higher, lower, or the same as tone 1?
Answer with exactly one word: higher, lower, or same.",,lower,same,same,False,,"{""base_midi"": 62.121, ""delta_cents"": 5, ""direction"": ""lower"", ""f1_hz"": 295.721, ""f2_hz"": 294.868}"
cents_discrimination/trial_0072::audio::open,cents_discrimination/trial_0072,cents_discrimination,audio,open,1,stimuli/cents/trial_0072.wav,"Compare the two tones you hear. Relative to the first, is the second one higher in pitch, lower, or identical?
Answer with exactly one word: higher, lower, or same.",,higher,same,same,False,,"{""base_midi"": 59.331, ""delta_cents"": 10, ""direction"": ""higher"", ""f1_hz"": 251.707, ""f2_hz"": 253.165}"
cents_discrimination/trial_0073::audio::open,cents_discrimination/trial_0073,cents_discrimination,audio,open,0,stimuli/cents/trial_0073.wav,"Two tones are played one after the other. Is the second tone higher, lower, or the same pitch as the first?
Answer with exactly one word: higher, lower, or same.",,lower,same.,same,False,,"{""base_midi"": 58.66, ""delta_cents"": 10, ""direction"": ""lower"", ""f1_hz"": 242.135, ""f2_hz"": 240.74}"
cents_discrimination/trial_0074::audio::open,cents_discrimination/trial_0074,cents_discrimination,audio,open,2,stimuli/cents/trial_0074.wav,"You will hear tone 1, a pause, then tone 2. Is tone 2 higher, lower, or the same as tone 1?
Answer with exactly one word: higher, lower, or same.",,higher,same.,same,False,,"{""base_midi"": 73.191, ""delta_cents"": 25, ""direction"": ""higher"", ""f1_hz"": 560.525, ""f2_hz"": 568.678}"
cents_discrimination/trial_0075::audio::open,cents_discrimination/trial_0075,cents_discrimination,audio,open,0,stimuli/cents/trial_0075.wav,"Two tones are played one after the other. Is the second tone higher, lower, or the same pitch as the first?
Answer with exactly one word: higher, lower, or same.",,lower,same.,same,False,,"{""base_midi"": 73.814, ""delta_cents"": 25, ""direction"": ""lower"", ""f1_hz"": 581.056, ""f2_hz"": 572.725}"
cents_discrimination/trial_0076::audio::open,cents_discrimination/trial_0076,cents_discrimination,audio,open,2,stimuli/cents/trial_0076.wav,"You will hear tone 1, a pause, then tone 2. Is tone 2 higher, lower, or the same as tone 1?
Answer with exactly one word: higher, lower, or same.",,higher,same,same,False,,"{""base_midi"": 62.077, ""delta_cents"": 50, ""direction"": ""higher"", ""f1_hz"": 294.982, ""f2_hz"": 303.625}"
cents_discrimination/trial_0077::audio::open,cents_discrimination/trial_0077,cents_discrimination,audio,open,0,stimuli/cents/trial_0077.wav,"Two tones are played one after the other. Is the second tone higher, lower, or the same pitch as the first?
Answer with exactly one word: higher, lower, or same.",,lower,same.,same,False,,"{""base_midi"": 69.178, ""delta_cents"": 50, ""direction"": ""lower"", ""f1_hz"": 444.536, ""f2_hz"": 431.881}"
cents_discrimination/trial_0078::audio::open,cents_discrimination/trial_0078,cents_discrimination,audio,open,1,stimuli/cents/trial_0078.wav,"Compare the two tones you hear. Relative to the first, is the second one higher in pitch, lower, or identical?
Answer with exactly one word: higher, lower, or same.",,higher,same,same,False,,"{""base_midi"": 62.487, ""delta_cents"": 100, ""direction"": ""higher"", ""f1_hz"": 302.05, ""f2_hz"": 320.01}"
cents_discrimination/trial_0078::audio::explain,cents_discrimination/trial_0078,cents_discrimination,audio,explain,2,stimuli/cents/trial_0078.wav,"You will hear tone 1, a pause, then tone 2. Is tone 2 higher, lower, or the same as tone 1?
First give your answer. Then explain exactly what you heard that supports it: name the specific notes/chords/beats and their approximate timestamps in seconds.",,higher,"Tone 2 is higher than tone 1. I heard this because the pitch of tone 2 (F4) is higher than the pitch of tone 1 (G3), which indicates an upward change in pitch.",,,,"{""base_midi"": 62.487, ""delta_cents"": 100, ""direction"": ""higher"", ""f1_hz"": 302.05, ""f2_hz"": 320.01}"
cents_discrimination/trial_0079::audio::open,cents_discrimination/trial_0079,cents_discrimination,audio,open,1,stimuli/cents/trial_0079.wav,"Compare the two tones you hear. Relative to the first, is the second one higher in pitch, lower, or identical?
Answer with exactly one word: higher, lower, or same.",,lower,same,same,False,,"{""base_midi"": 55.87, ""delta_cents"": 100, ""direction"": ""lower"", ""f1_hz"": 206.103, ""f2_hz"": 194.535}"
cents_discrimination/trial_0080::audio::open,cents_discrimination/trial_0080,cents_discrimination,audio,open,1,stimuli/cents/trial_0080.wav,"Compare the two tones you hear. Relative to the first, is the second one higher in pitch, lower, or identical?
Answer with exactly one word: higher, lower, or same.",,higher,same,same,False,,"{""base_midi"": 64.215, ""delta_cents"": 5, ""direction"": ""higher"", ""f1_hz"": 333.744, ""f2_hz"": 334.709}"
cents_discrimination/trial_0080::audio::explain,cents_discrimination/trial_0080,cents_discrimination,audio,explain,2,stimuli/cents/trial_0080.wav,"You will hear tone 1, a pause, then tone 2. Is tone 2 higher, lower, or the same as tone 1?
First give your answer. Then explain exactly what you heard that supports it: name the specific notes/chords/beats and their approximate timestamps in seconds.",,higher,"Tone 2 is higher than tone 1. I heard this because the second tone has a higher pitch than the first tone. Specifically, the second tone starts at 3.06 seconds and ends at 4.27 seconds, which is higher pitched than the first tone that starts at 0.00 seconds and ends at 3.06 seconds.",,,,"{""base_midi"": 64.215, ""delta_cents"": 5, ""direction"": ""higher"", ""f1_hz"": 333.744, ""f2_hz"": 334.709}"
cents_discrimination/trial_0081::audio::open,cents_discrimination/trial_0081,cents_discrimination,audio,open,2,stimuli/cents/trial_0081.wav,"You will hear tone 1, a pause, then tone 2. Is tone 2 higher, lower, or the same as tone 1?
Answer with exactly one word: higher, lower, or same.",,lower,same,same,False,,"{""base_midi"": 72.018, ""delta_cents"": 5, ""direction"": ""lower"", ""f1_hz"": 523.81, ""f2_hz"": 522.299}"
cents_discrimination/trial_0082::audio::open,cents_discrimination/trial_0082,cents_discrimination,audio,open,2,stimuli/cents/trial_0082.wav,"You will hear tone 1, a pause, then tone 2. Is tone 2 higher, lower, or the same as tone 1?
Answer with exactly one word: higher, lower, or same.",,higher,same,same,False,,"{""base_midi"": 55.819, ""delta_cents"": 10, ""direction"": ""higher"", ""f1_hz"": 205.495, ""f2_hz"": 206.685}"
cents_discrimination/trial_0083::audio::open,cents_discrimination/trial_0083,cents_discrimination,audio,open,2,stimuli/cents/trial_0083.wav,"You will hear tone 1, a pause, then tone 2. Is tone 2 higher, lower, or the same as tone 1?
Answer with exactly one word: higher, lower, or same.",,lower,same,same,False,,"{""base_midi"": 53.648, ""delta_cents"": 10, ""direction"": ""lower"", ""f1_hz"": 181.272, ""f2_hz"": 180.227}"
cents_discrimination/trial_0083::audio::explain,cents_discrimination/trial_0083,cents_discrimination,audio,explain,1,stimuli/cents/trial_0083.wav,"Compare the two tones you hear. Relative to the first, is the second one higher in pitch, lower, or identical?
First give your answer. Then explain exactly what you heard that supports it: name the specific notes/chords/beats and their approximate timestamps in seconds.",,lower,"The second tone is higher in pitch. I heard an E4 note in the first tone and an E5 note in the second, which indicates a higher pitch for the second tone.",,,,"{""base_midi"": 53.648, ""delta_cents"": 10, ""direction"": ""lower"", ""f1_hz"": 181.272, ""f2_hz"": 180.227}"
cents_discrimination/trial_0084::audio::open,cents_discrimination/trial_0084,cents_discrimination,audio,open,0,stimuli/cents/trial_0084.wav,"Two tones are played one after the other. Is the second tone higher, lower, or the same pitch as the first?
Answer with exactly one word: higher, lower, or same.",,higher,same.,same,False,,"{""base_midi"": 53.666, ""delta_cents"": 25, ""direction"": ""higher"", ""f1_hz"": 181.467, ""f2_hz"": 184.106}"
cents_discrimination/trial_0085::audio::open,cents_discrimination/trial_0085,cents_discrimination,audio,open,1,stimuli/cents/trial_0085.wav,"Compare the two tones you hear. Relative to the first, is the second one higher in pitch, lower, or identical?
Answer with exactly one word: higher, lower, or same.",,lower,same,same,False,,"{""base_midi"": 54.286, ""delta_cents"": 25, ""direction"": ""lower"", ""f1_hz"": 188.079, ""f2_hz"": 185.382}"
cents_discrimination/trial_0086::audio::open,cents_discrimination/trial_0086,cents_discrimination,audio,open,1,stimuli/cents/trial_0086.wav,"Compare the two tones you hear. Relative to the first, is the second one higher in pitch, lower, or identical?
Answer with exactly one word: higher, lower, or same.",,higher,same,same,False,,"{""base_midi"": 66.427, ""delta_cents"": 50, ""direction"": ""higher"", ""f1_hz"": 379.243, ""f2_hz"": 390.355}"
cents_discrimination/trial_0087::audio::open,cents_discrimination/trial_0087,cents_discrimination,audio,open,1,stimuli/cents/trial_0087.wav,"Compare the two tones you hear. Relative to the first, is the second one higher in pitch, lower, or identical?
Answer with exactly one word: higher, lower, or same.",,lower,same,same,False,,"{""base_midi"": 68.02, ""delta_cents"": 50, ""direction"": ""lower"", ""f1_hz"": 415.785, ""f2_hz"": 403.949}"
cents_discrimination/trial_0088::audio::open,cents_discrimination/trial_0088,cents_discrimination,audio,open,1,stimuli/cents/trial_0088.wav,"Compare the two tones you hear. Relative to the first, is the second one higher in pitch, lower, or identical?
Answer with exactly one word: higher, lower, or same.",,higher,same,same,False,,"{""base_midi"": 71.191, ""delta_cents"": 100, ""direction"": ""higher"", ""f1_hz"": 499.375, ""f2_hz"": 529.069}"
cents_discrimination/trial_0089::audio::open,cents_discrimination/trial_0089,cents_discrimination,audio,open,2,stimuli/cents/trial_0089.wav,"You will hear tone 1, a pause, then tone 2. Is tone 2 higher, lower, or the same as tone 1?
Answer with exactly one word: higher, lower, or same.",,lower,same,same,False,,"{""base_midi"": 65.473, ""delta_cents"": 100, ""direction"": ""lower"", ""f1_hz"": 358.892, ""f2_hz"": 338.749}"
cents_discrimination/trial_0089::audio::explain,cents_discrimination/trial_0089,cents_discrimination,audio,explain,2,stimuli/cents/trial_0089.wav,"You will hear tone 1, a pause, then tone 2. Is tone 2 higher, lower, or the same as tone 1?
First give your answer. Then explain exactly what you heard that supports it: name the specific notes/chords/beats and their approximate timestamps in seconds.",,lower,"Tone 2 is higher than tone 1. I heard this because the second note has a higher pitch than the first note which is E4. The second note is F5 with a timestamp of (3.75,4.26).",,,,"{""base_midi"": 65.473, ""delta_cents"": 100, ""direction"": ""lower"", ""f1_hz"": 358.892, ""f2_hz"": 338.749}"
cents_discrimination/trial_0090::audio::open,cents_discrimination/trial_0090,cents_discrimination,audio,open,0,stimuli/cents/trial_0090.wav,"Two tones are played one after the other. Is the second tone higher, lower, or the same pitch as the first?
Answer with exactly one word: higher, lower, or same.",,higher,same.,same,False,,"{""base_midi"": 58.649, ""delta_cents"": 5, ""direction"": ""higher"", ""f1_hz"": 241.989, ""f2_hz"": 242.689}"
cents_discrimination/trial_0091::audio::open,cents_discrimination/trial_0091,cents_discrimination,audio,open,0,stimuli/cents/trial_0091.wav,"Two tones are played one after the other. Is the second tone higher, lower, or the same pitch as the first?
Answer with exactly one word: higher, lower, or same.",,lower,same.,same,False,,"{""base_midi"": 73.548, ""delta_cents"": 5, ""direction"": ""lower"", ""f1_hz"": 572.205, ""f2_hz"": 570.555}"
cents_discrimination/trial_0092::audio::open,cents_discrimination/trial_0092,cents_discrimination,audio,open,0,stimuli/cents/trial_0092.wav,"Two tones are played one after the other. Is the second tone higher, lower, or the same pitch as the first?
Answer with exactly one word: higher, lower, or same.",,higher,same.,same,False,,"{""base_midi"": 67.21, ""delta_cents"": 10, ""direction"": ""higher"", ""f1_hz"": 396.779, ""f2_hz"": 399.077}"
cents_discrimination/trial_0093::audio::open,cents_discrimination/trial_0093,cents_discrimination,audio,open,2,stimuli/cents/trial_0093.wav,"You will hear tone 1, a pause, then tone 2. Is tone 2 higher, lower, or the same as tone 1?
Answer with exactly one word: higher, lower, or same.",,lower,same,same,False,,"{""base_midi"": 68.08, ""delta_cents"": 10, ""direction"": ""lower"", ""f1_hz"": 417.223, ""f2_hz"": 414.82}"
cents_discrimination/trial_0094::audio::open,cents_discrimination/trial_0094,cents_discrimination,audio,open,0,stimuli/cents/trial_0094.wav,"Two tones are played one after the other. Is the second tone higher, lower, or the same pitch as the first?
Answer with exactly one word: higher, lower, or same.",,higher,same.,same,False,,"{""base_midi"": 71.901, ""delta_cents"": 25, ""direction"": ""higher"", ""f1_hz"": 520.268, ""f2_hz"": 527.835}"
cents_discrimination/trial_0095::audio::open,cents_discrimination/trial_0095,cents_discrimination,audio,open,0,stimuli/cents/trial_0095.wav,"Two tones are played one after the other. Is the second tone higher, lower, or the same pitch as the first?
Answer with exactly one word: higher, lower, or same.",,lower,same.,same,False,,"{""base_midi"": 54.024, ""delta_cents"": 25, ""direction"": ""lower"", ""f1_hz"": 185.249, ""f2_hz"": 182.593}"
cents_discrimination/trial_0095::audio::explain,cents_discrimination/trial_0095,cents_discrimination,audio,explain,1,stimuli/cents/trial_0095.wav,"Compare the two tones you hear. Relative to the first, is the second one higher in pitch, lower, or identical?
First give your answer. Then explain exactly what you heard that supports it: name the specific notes/chords/beats and their approximate timestamps in seconds.",,lower,"The second tone is higher in pitch. I heard an E4 note in the first tone and an E5 note in the second, which indicates a higher pitch for the second tone.",,,,"{""base_midi"": 54.024, ""delta_cents"": 25, ""direction"": ""lower"", ""f1_hz"": 185.249, ""f2_hz"": 182.593}"
cents_discrimination/trial_0096::audio::open,cents_discrimination/trial_0096,cents_discrimination,audio,open,0,stimuli/cents/trial_0096.wav,"Two tones are played one after the other. Is the second tone higher, lower, or the same pitch as the first?
Answer with exactly one word: higher, lower, or same.",,higher,same.,same,False,,"{""base_midi"": 52.609, ""delta_cents"": 50, ""direction"": ""higher"", ""f1_hz"": 170.716, ""f2_hz"": 175.718}"
cents_discrimination/trial_0096::audio::explain,cents_discrimination/trial_0096,cents_discrimination,audio,explain,1,stimuli/cents/trial_0096.wav,"Compare the two tones you hear. Relative to the first, is the second one higher in pitch, lower, or identical?
First give your answer. Then explain exactly what you heard that supports it: name the specific notes/chords/beats and their approximate timestamps in seconds.",,higher,"The second tone is higher in pitch. I heard an E4 note in the first tone and an E5 note in the second, which indicates a higher pitch for the second tone.",,,,"{""base_midi"": 52.609, ""delta_cents"": 50, ""direction"": ""higher"", ""f1_hz"": 170.716, ""f2_hz"": 175.718}"
cents_discrimination/trial_0097::audio::open,cents_discrimination/trial_0097,cents_discrimination,audio,open,2,stimuli/cents/trial_0097.wav,"You will hear tone 1, a pause, then tone 2. Is tone 2 higher, lower, or the same as tone 1?
Answer with exactly one word: higher, lower, or same.",,lower,same,same,False,,"{""base_midi"": 61.68, ""delta_cents"": 50, ""direction"": ""lower"", ""f1_hz"": 288.291, ""f2_hz"": 280.084}"
cents_discrimination/trial_0098::audio::open,cents_discrimination/trial_0098,cents_discrimination,audio,open,0,stimuli/cents/trial_0098.wav,"Two tones are played one after the other. Is the second tone higher, lower, or the same pitch as the first?
Answer with exactly one word: higher, lower, or same.",,higher,same.,same,False,,"{""base_midi"": 69.93, ""delta_cents"": 100, ""direction"": ""higher"", ""f1_hz"": 464.287, ""f2_hz"": 491.895}"
cents_discrimination/trial_0099::audio::open,cents_discrimination/trial_0099,cents_discrimination,audio,open,2,stimuli/cents/trial_0099.wav,"You will hear tone 1, a pause, then tone 2. Is tone 2 higher, lower, or the same as tone 1?
Answer with exactly one word: higher, lower, or same.",,lower,same,same,False,,"{""base_midi"": 58.864, ""delta_cents"": 100, ""direction"": ""lower"", ""f1_hz"": 245.012, ""f2_hz"": 231.26}"
cents_discrimination/trial_0100::audio::open,cents_discrimination/trial_0100,cents_discrimination,audio,open,1,stimuli/cents/trial_0100.wav,"Compare the two tones you hear. Relative to the first, is the second one higher in pitch, lower, or identical?
Answer with exactly one word: higher, lower, or same.",,higher,same,same,False,,"{""base_midi"": 74.472, ""delta_cents"": 5, ""direction"": ""higher"", ""f1_hz"": 603.572, ""f2_hz"": 605.317}"
cents_discrimination/trial_0101::audio::open,cents_discrimination/trial_0101,cents_discrimination,audio,open,2,stimuli/cents/trial_0101.wav,"You will hear tone 1, a pause, then tone 2. Is tone 2 higher, lower, or the same as tone 1?
Answer with exactly one word: higher, lower, or same.",,lower,same,same,False,,"{""base_midi"": 66.586, ""delta_cents"": 5, ""direction"": ""lower"", ""f1_hz"": 382.73, ""f2_hz"": 381.626}"
cents_discrimination/trial_0102::audio::open,cents_discrimination/trial_0102,cents_discrimination,audio,open,1,stimuli/cents/trial_0102.wav,"Compare the two tones you hear. Relative to the first, is the second one higher in pitch, lower, or identical?
Answer with exactly one word: higher, lower, or same.",,higher,same,same,False,,"{""base_midi"": 75.85, ""delta_cents"": 10, ""direction"": ""higher"", ""f1_hz"": 653.578, ""f2_hz"": 657.364}"
cents_discrimination/trial_0103::audio::open,cents_discrimination/trial_0103,cents_discrimination,audio,open,1,stimuli/cents/trial_0103.wav,"Compare the two tones you hear. Relative to the first, is the second one higher in pitch, lower, or identical?
Answer with exactly one word: higher, lower, or same.",,lower,same,same,False,,"{""base_midi"": 60.093, ""delta_cents"": 10, ""direction"": ""lower"", ""f1_hz"": 263.036, ""f2_hz"": 261.521}"
cents_discrimination/trial_0103::audio::explain,cents_discrimination/trial_0103,cents_discrimination,audio,explain,2,stimuli/cents/trial_0103.wav,"You will hear tone 1, a pause, then tone 2. Is tone 2 higher, lower, or the same as tone 1?
First give your answer. Then explain exactly what you heard that supports it: name the specific notes/chords/beats and their approximate timestamps in seconds.",,lower,Tone 2 is higher than tone 1. I heard this by noting the pitch difference between the two tones. Tone 1 has a higher pitch than tone 2.,,,,"{""base_midi"": 60.093, ""delta_cents"": 10, ""direction"": ""lower"", ""f1_hz"": 263.036, ""f2_hz"": 261.521}"
cents_discrimination/trial_0104::audio::open,cents_discrimination/trial_0104,cents_discrimination,audio,open,2,stimuli/cents/trial_0104.wav,"You will hear tone 1, a pause, then tone 2. Is tone 2 higher, lower, or the same as tone 1?
Answer with exactly one word: higher, lower, or same.",,higher,same,same,False,,"{""base_midi"": 75.55, ""delta_cents"": 25, ""direction"": ""higher"", ""f1_hz"": 642.347, ""f2_hz"": 651.69}"
cents_discrimination/trial_0105::audio::open,cents_discrimination/trial_0105,cents_discrimination,audio,open,2,stimuli/cents/trial_0105.wav,"You will hear tone 1, a pause, then tone 2. Is tone 2 higher, lower, or the same as tone 1?
Answer with exactly one word: higher, lower, or same.",,lower,same.,same,False,,"{""base_midi"": 53.47, ""delta_cents"": 25, ""direction"": ""lower"", ""f1_hz"": 179.419, ""f2_hz"": 176.846}"
cents_discrimination/trial_0105::audio::explain,cents_discrimination/trial_0105,cents_discrimination,audio,explain,1,stimuli/cents/trial_0105.wav,"Compare the two tones you hear. Relative to the first, is the second one higher in pitch, lower, or identical?
First give your answer. Then explain exactly what you heard that supports it: name the specific notes/chords/beats and their approximate timestamps in seconds.",,lower,"The second tone is higher in pitch. I heard an E4 note in the first tone and an E5 note in the second, which indicates a higher pitch for the second tone.",,,,"{""base_midi"": 53.47, ""delta_cents"": 25, ""direction"": ""lower"", ""f1_hz"": 179.419, ""f2_hz"": 176.846}"
cents_discrimination/trial_0106::audio::open,cents_discrimination/trial_0106,cents_discrimination,audio,open,0,stimuli/cents/trial_0106.wav,"Two tones are played one after the other. Is the second tone higher, lower, or the same pitch as the first?
Answer with exactly one word: higher, lower, or same.",,higher,same.,same,False,,"{""base_midi"": 71.247, ""delta_cents"": 50, ""direction"": ""higher"", ""f1_hz"": 500.989, ""f2_hz"": 515.67}"
cents_discrimination/trial_0106::audio::explain,cents_discrimination/trial_0106,cents_discrimination,audio,explain,1,stimuli/cents/trial_0106.wav,"Compare the two tones you hear. Relative to the first, is the second one higher in pitch, lower, or identical?
First give your answer. Then explain exactly what you heard that supports it: name the specific notes/chords/beats and their approximate timestamps in seconds.",,higher,The second tone is higher in pitch. I heard an E5 note in the first tone and an E6 note in the second tone. The E6 note has a higher pitch than the E5 note by one semitone.,,,,"{""base_midi"": 71.247, ""delta_cents"": 50, ""direction"": ""higher"", ""f1_hz"": 500.989, ""f2_hz"": 515.67}"
cents_discrimination/trial_0107::audio::open,cents_discrimination/trial_0107,cents_discrimination,audio,open,1,stimuli/cents/trial_0107.wav,"Compare the two tones you hear. Relative to the first, is the second one higher in pitch, lower, or identical?
Answer with exactly one word: higher, lower, or same.",,lower,same,same,False,,"{""base_midi"": 71.693, ""delta_cents"": 50, ""direction"": ""lower"", ""f1_hz"": 514.047, ""f2_hz"": 499.413}"
cents_discrimination/trial_0107::audio::explain,cents_discrimination/trial_0107,cents_discrimination,audio,explain,2,stimuli/cents/trial_0107.wav,"You will hear tone 1, a pause, then tone 2. Is tone 2 higher, lower, or the same as tone 1?
First give your answer. Then explain exactly what you heard that supports it: name the specific notes/chords/beats and their approximate timestamps in seconds.",,lower,"Tone 2 is higher than tone 1. I heard this because the second note has a higher pitch than the first note. In music notation, we can represent this as B5 for the second note and C5 for the first note, where B is the fifth note on the bass clef staff and C is the fifth note on the treble clef staff. The timestamps for these notes are approximately 2.02 seconds and 1.47 seconds, respectively.",,,,"{""base_midi"": 71.693, ""delta_cents"": 50, ""direction"": ""lower"", ""f1_hz"": 514.047, ""f2_hz"": 499.413}"
cents_discrimination/trial_0108::audio::open,cents_discrimination/trial_0108,cents_discrimination,audio,open,2,stimuli/cents/trial_0108.wav,"You will hear tone 1, a pause, then tone 2. Is tone 2 higher, lower, or the same as tone 1?
Answer with exactly one word: higher, lower, or same.",,higher,same,same,False,,"{""base_midi"": 52.744, ""delta_cents"": 100, ""direction"": ""higher"", ""f1_hz"": 172.056, ""f2_hz"": 182.286}"
cents_discrimination/trial_0108::audio::explain,cents_discrimination/trial_0108,cents_discrimination,audio,explain,1,stimuli/cents/trial_0108.wav,"Compare the two tones you hear. Relative to the first, is the second one higher in pitch, lower, or identical?
First give your answer. Then explain exactly what you heard that supports it: name the specific notes/chords/beats and their approximate timestamps in seconds.",,higher,"The second tone is higher in pitch. I heard an E4 note in the first tone and an E5 note in the second, which indicates a higher pitch for the second tone.",,,,"{""base_midi"": 52.744, ""delta_cents"": 100, ""direction"": ""higher"", ""f1_hz"": 172.056, ""f2_hz"": 182.286}"
cents_discrimination/trial_0109::audio::open,cents_discrimination/trial_0109,cents_discrimination,audio,open,1,stimuli/cents/trial_0109.wav,"Compare the two tones you hear. Relative to the first, is the second one higher in pitch, lower, or identical?
Answer with exactly one word: higher, lower, or same.",,lower,same,same,False,,"{""base_midi"": 75.114, ""delta_cents"": 100, ""direction"": ""lower"", ""f1_hz"": 626.379, ""f2_hz"": 591.223}"
cents_discrimination/trial_0110::audio::open,cents_discrimination/trial_0110,cents_discrimination,audio,open,2,stimuli/cents/trial_0110.wav,"You will hear tone 1, a pause, then tone 2. Is tone 2 higher, lower, or the same as tone 1?
Answer with exactly one word: higher, lower, or same.",,higher,same,same,False,,"{""base_midi"": 55.268, ""delta_cents"": 5, ""direction"": ""higher"", ""f1_hz"": 199.053, ""f2_hz"": 199.628}"
cents_discrimination/trial_0111::audio::open,cents_discrimination/trial_0111,cents_discrimination,audio,open,0,stimuli/cents/trial_0111.wav,"Two tones are played one after the other. Is the second tone higher, lower, or the same pitch as the first?
Answer with exactly one word: higher, lower, or same.",,lower,same.,same,False,,"{""base_midi"": 69.445, ""delta_cents"": 5, ""direction"": ""lower"", ""f1_hz"": 451.451, ""f2_hz"": 450.149}"
cents_discrimination/trial_0112::audio::open,cents_discrimination/trial_0112,cents_discrimination,audio,open,1,stimuli/cents/trial_0112.wav,"Compare the two tones you hear. Relative to the first, is the second one higher in pitch, lower, or identical?
Answer with exactly one word: higher, lower, or same.",,higher,same,same,False,,"{""base_midi"": 54.473, ""delta_cents"": 10, ""direction"": ""higher"", ""f1_hz"": 190.125, ""f2_hz"": 191.226}"
cents_discrimination/trial_0113::audio::open,cents_discrimination/trial_0113,cents_discrimination,audio,open,0,stimuli/cents/trial_0113.wav,"Two tones are played one after the other. Is the second tone higher, lower, or the same pitch as the first?
Answer with exactly one word: higher, lower, or same.",,lower,same.,same,False,,"{""base_midi"": 70.681, ""delta_cents"": 10, ""direction"": ""lower"", ""f1_hz"": 484.862, ""f2_hz"": 482.07}"
cents_discrimination/trial_0114::audio::open,cents_discrimination/trial_0114,cents_discrimination,audio,open,0,stimuli/cents/trial_0114.wav,"Two tones are played one after the other. Is the second tone higher, lower, or the same pitch as the first?
Answer with exactly one word: higher, lower, or same.",,higher,same.,same,False,,"{""base_midi"": 61.532, ""delta_cents"": 25, ""direction"": ""higher"", ""f1_hz"": 285.837, ""f2_hz"": 289.995}"
cents_discrimination/trial_0115::audio::open,cents_discrimination/trial_0115,cents_discrimination,audio,open,1,stimuli/cents/trial_0115.wav,"Compare the two tones you hear. Relative to the first, is the second one higher in pitch, lower, or identical?
Answer with exactly one word: higher, lower, or same.",,lower,same,same,False,,"{""base_midi"": 59.181, ""delta_cents"": 25, ""direction"": ""lower"", ""f1_hz"": 249.543, ""f2_hz"": 245.965}"
cents_discrimination/trial_0116::audio::open,cents_discrimination/trial_0116,cents_discrimination,audio,open,1,stimuli/cents/trial_0116.wav,"Compare the two tones you hear. Relative to the first, is the second one higher in pitch, lower, or identical?
Answer with exactly one word: higher, lower, or same.",,higher,same.,same,False,,"{""base_midi"": 59.328, ""delta_cents"": 50, ""direction"": ""higher"", ""f1_hz"": 251.659, ""f2_hz"": 259.033}"
cents_discrimination/trial_0117::audio::open,cents_discrimination/trial_0117,cents_discrimination,audio,open,2,stimuli/cents/trial_0117.wav,"You will hear tone 1, a pause, then tone 2. Is tone 2 higher, lower, or the same as tone 1?
Answer with exactly one word: higher, lower, or same.",,lower,same,same,False,,"{""base_midi"": 57.814, ""delta_cents"": 50, ""direction"": ""lower"", ""f1_hz"": 230.585, ""f2_hz"": 224.021}"
cents_discrimination/trial_0118::audio::open,cents_discrimination/trial_0118,cents_discrimination,audio,open,0,stimuli/cents/trial_0118.wav,"Two tones are played one after the other. Is the second tone higher, lower, or the same pitch as the first?
Answer with exactly one word: higher, lower, or same.",,higher,same.,same,False,,"{""base_midi"": 58.903, ""delta_cents"": 100, ""direction"": ""higher"", ""f1_hz"": 245.555, ""f2_hz"": 260.157}"
cents_discrimination/trial_0119::audio::open,cents_discrimination/trial_0119,cents_discrimination,audio,open,2,stimuli/cents/trial_0119.wav,"You will hear tone 1, a pause, then tone 2. Is tone 2 higher, lower, or the same as tone 1?
Answer with exactly one word: higher, lower, or same.",,lower,same.,same,False,,"{""base_midi"": 74.49, ""delta_cents"": 100, ""direction"": ""lower"", ""f1_hz"": 604.204, ""f2_hz"": 570.293}"
cents_discrimination/trial_0120::audio::open,cents_discrimination/trial_0120,cents_discrimination,audio,open,2,stimuli/cents/trial_0120.wav,"You will hear tone 1, a pause, then tone 2. Is tone 2 higher, lower, or the same as tone 1?
Answer with exactly one word: higher, lower, or same.",,higher,same,same,False,,"{""base_midi"": 63.381, ""delta_cents"": 5, ""direction"": ""higher"", ""f1_hz"": 318.042, ""f2_hz"": 318.962}"
cents_discrimination/trial_0120::audio::explain,cents_discrimination/trial_0120,cents_discrimination,audio,explain,0,stimuli/cents/trial_0120.wav,"Two tones are played one after the other. Is the second tone higher, lower, or the same pitch as the first?
First give your answer. Then explain exactly what you heard that supports it: name the specific notes/chords/beats and their approximate timestamps in seconds.",,higher,"The second tone is higher than the first. I heard this because the second note, F5, has a higher MIDI pitch value () than the first note, F4, which has a MIDI pitch value of.",,,,"{""base_midi"": 63.381, ""delta_cents"": 5, ""direction"": ""higher"", ""f1_hz"": 318.042, ""f2_hz"": 318.962}"
cents_discrimination/trial_0121::audio::open,cents_discrimination/trial_0121,cents_discrimination,audio,open,2,stimuli/cents/trial_0121.wav,"You will hear tone 1, a pause, then tone 2. Is tone 2 higher, lower, or the same as tone 1?
Answer with exactly one word: higher, lower, or same.",,lower,same.,same,False,,"{""base_midi"": 57.446, ""delta_cents"": 5, ""direction"": ""lower"", ""f1_hz"": 225.738, ""f2_hz"": 225.087}"
cents_discrimination/trial_0122::audio::open,cents_discrimination/trial_0122,cents_discrimination,audio,open,1,stimuli/cents/trial_0122.wav,"Compare the two tones you hear. Relative to the first, is the second one higher in pitch, lower, or identical?
Answer with exactly one word: higher, lower, or same.",,higher,same,same,False,,"{""base_midi"": 67.782, ""delta_cents"": 10, ""direction"": ""higher"", ""f1_hz"": 410.106, ""f2_hz"": 412.482}"
cents_discrimination/trial_0123::audio::open,cents_discrimination/trial_0123,cents_discrimination,audio,open,2,stimuli/cents/trial_0123.wav,"You will hear tone 1, a pause, then tone 2. Is tone 2 higher, lower, or the same as tone 1?
Answer with exactly one word: higher, lower, or same.",,lower,same,same,False,,"{""base_midi"": 55.557, ""delta_cents"": 10, ""direction"": ""lower"", ""f1_hz"": 202.411, ""f2_hz"": 201.245}"
cents_discrimination/trial_0124::audio::open,cents_discrimination/trial_0124,cents_discrimination,audio,open,2,stimuli/cents/trial_0124.wav,"You will hear tone 1, a pause, then tone 2. Is tone 2 higher, lower, or the same as tone 1?
Answer with exactly one word: higher, lower, or same.",,higher,same,same,False,,"{""base_midi"": 68.44, ""delta_cents"": 25, ""direction"": ""higher"", ""f1_hz"": 425.994, ""f2_hz"": 432.191}"
cents_discrimination/trial_0125::audio::open,cents_discrimination/trial_0125,cents_discrimination,audio,open,0,stimuli/cents/trial_0125.wav,"Two tones are played one after the other. Is the second tone higher, lower, or the same pitch as the first?
Answer with exactly one word: higher, lower, or same.",,lower,same.,same,False,,"{""base_midi"": 60.074, ""delta_cents"": 25, ""direction"": ""lower"", ""f1_hz"": 262.743, ""f2_hz"": 258.977}"
cents_discrimination/trial_0126::audio::open,cents_discrimination/trial_0126,cents_discrimination,audio,open,0,stimuli/cents/trial_0126.wav,"Two tones are played one after the other. Is the second tone higher, lower, or the same pitch as the first?
Answer with exactly one word: higher, lower, or same.",,higher,same.,same,False,,"{""base_midi"": 70.573, ""delta_cents"": 50, ""direction"": ""higher"", ""f1_hz"": 481.859, ""f2_hz"": 495.979}"
cents_discrimination/trial_0127::audio::open,cents_discrimination/trial_0127,cents_discrimination,audio,open,2,stimuli/cents/trial_0127.wav,"You will hear tone 1, a pause, then tone 2. Is tone 2 higher, lower, or the same as tone 1?
Answer with exactly one word: higher, lower, or same.",,lower,same,same,False,,"{""base_midi"": 65.466, ""delta_cents"": 50, ""direction"": ""lower"", ""f1_hz"": 358.755, ""f2_hz"": 348.542}"
cents_discrimination/trial_0128::audio::open,cents_discrimination/trial_0128,cents_discrimination,audio,open,2,stimuli/cents/trial_0128.wav,"You will hear tone 1, a pause, then tone 2. Is tone 2 higher, lower, or the same as tone 1?
Answer with exactly one word: higher, lower, or same.",,higher,same,same,False,,"{""base_midi"": 70.588, ""delta_cents"": 100, ""direction"": ""higher"", ""f1_hz"": 482.265, ""f2_hz"": 510.942}"
cents_discrimination/trial_0129::audio::open,cents_discrimination/trial_0129,cents_discrimination,audio,open,2,stimuli/cents/trial_0129.wav,"You will hear tone 1, a pause, then tone 2. Is tone 2 higher, lower, or the same as tone 1?
Answer with exactly one word: higher, lower, or same.",,lower,same,same,False,,"{""base_midi"": 67.641, ""delta_cents"": 100, ""direction"": ""lower"", ""f1_hz"": 406.781, ""f2_hz"": 383.95}"
cents_discrimination/trial_0130::audio::open,cents_discrimination/trial_0130,cents_discrimination,audio,open,0,stimuli/cents/trial_0130.wav,"Two tones are played one after the other. Is the second tone higher, lower, or the same pitch as the first?
Answer with exactly one word: higher, lower, or same.",,higher,same.,same,False,,"{""base_midi"": 61.848, ""delta_cents"": 5, ""direction"": ""higher"", ""f1_hz"": 291.099, ""f2_hz"": 291.941}"
cents_discrimination/trial_0131::audio::open,cents_discrimination/trial_0131,cents_discrimination,audio,open,2,stimuli/cents/trial_0131.wav,"You will hear tone 1, a pause, then tone 2. Is tone 2 higher, lower, or the same as tone 1?
Answer with exactly one word: higher, lower, or same.",,lower,same,same,False,,"{""base_midi"": 54.423, ""delta_cents"": 5, ""direction"": ""lower"", ""f1_hz"": 189.572, ""f2_hz"": 189.025}"
cents_discrimination/trial_0132::audio::open,cents_discrimination/trial_0132,cents_discrimination,audio,open,0,stimuli/cents/trial_0132.wav,"Two tones are played one after the other. Is the second tone higher, lower, or the same pitch as the first?
Answer with exactly one word: higher, lower, or same.",,higher,same.,same,False,,"{""base_midi"": 69.522, ""delta_cents"": 10, ""direction"": ""higher"", ""f1_hz"": 453.472, ""f2_hz"": 456.099}"
cents_discrimination/trial_0133::audio::open,cents_discrimination/trial_0133,cents_discrimination,audio,open,2,stimuli/cents/trial_0133.wav,"You will hear tone 1, a pause, then tone 2. Is tone 2 higher, lower, or the same as tone 1?
Answer with exactly one word: higher, lower, or same.",,lower,same,same,False,,"{""base_midi"": 66.573, ""delta_cents"": 10, ""direction"": ""lower"", ""f1_hz"": 382.445, ""f2_hz"": 380.242}"
cents_discrimination/trial_0134::audio::open,cents_discrimination/trial_0134,cents_discrimination,audio,open,0,stimuli/cents/trial_0134.wav,"Two tones are played one after the other. Is the second tone higher, lower, or the same pitch as the first?
Answer with exactly one word: higher, lower, or same.",,higher,same.,same,False,,"{""base_midi"": 62.756, ""delta_cents"": 25, ""direction"": ""higher"", ""f1_hz"": 306.781, ""f2_hz"": 311.243}"
cents_discrimination/trial_0135::audio::open,cents_discrimination/trial_0135,cents_discrimination,audio,open,2,stimuli/cents/trial_0135.wav,"You will hear tone 1, a pause, then tone 2. Is tone 2 higher, lower, or the same as tone 1?
Answer with exactly one word: higher, lower, or same.",,lower,same,same,False,,"{""base_midi"": 67.437, ""delta_cents"": 25, ""direction"": ""lower"", ""f1_hz"": 402.022, ""f2_hz"": 396.258}"
cents_discrimination/trial_0135::audio::explain,cents_discrimination/trial_0135,cents_discrimination,audio,explain,2,stimuli/cents/trial_0135.wav,"You will hear tone 1, a pause, then tone 2. Is tone 2 higher, lower, or the same as tone 1?
First give your answer. Then explain exactly what you heard that supports it: name the specific notes/chords/beats and their approximate timestamps in seconds.",,lower,"Tone 2 is higher than tone 1. I heard this because the second tone has a higher pitch than the first one. Specifically, the second tone starts at 3.04 seconds and ends at 4.26 seconds, which is higher pitched than the first tone that starts at 0.00 seconds and ends at 1.57 seconds.",,,,"{""base_midi"": 67.437, ""delta_cents"": 25, ""direction"": ""lower"", ""f1_hz"": 402.022, ""f2_hz"": 396.258}"
cents_discrimination/trial_0136::audio::open,cents_discrimination/trial_0136,cents_discrimination,audio,open,1,stimuli/cents/trial_0136.wav,"Compare the two tones you hear. Relative to the first, is the second one higher in pitch, lower, or identical?
Answer with exactly one word: higher, lower, or same.",,higher,same,same,False,,"{""base_midi"": 71.853, ""delta_cents"": 50, ""direction"": ""higher"", ""f1_hz"": 518.829, ""f2_hz"": 534.032}"
cents_discrimination/trial_0137::audio::open,cents_discrimination/trial_0137,cents_discrimination,audio,open,1,stimuli/cents/trial_0137.wav,"Compare the two tones you hear. Relative to the first, is the second one higher in pitch, lower, or identical?
Answer with exactly one word: higher, lower, or same.",,lower,same,same,False,,"{""base_midi"": 74.771, ""delta_cents"": 50, ""direction"": ""lower"", ""f1_hz"": 614.073, ""f2_hz"": 596.591}"
cents_discrimination/trial_0138::audio::open,cents_discrimination/trial_0138,cents_discrimination,audio,open,0,stimuli/cents/trial_0138.wav,"Two tones are played one after the other. Is the second tone higher, lower, or the same pitch as the first?
Answer with exactly one word: higher, lower, or same.",,higher,same.,same,False,,"{""base_midi"": 55.466, ""delta_cents"": 100, ""direction"": ""higher"", ""f1_hz"": 201.35, ""f2_hz"": 213.322}"
cents_discrimination/trial_0138::audio::explain,cents_discrimination/trial_0138,cents_discrimination,audio,explain,0,stimuli/cents/trial_0138.wav,"Two tones are played one after the other. Is the second tone higher, lower, or the same pitch as the first?
First give your answer. Then explain exactly what you heard that supports it: name the specific notes/chords/beats and their approximate timestamps in seconds.",,higher,"The second tone is lower than the first. I heard this because the first tone has a higher pitch, which is indicated by the description 'high pitched'. The second tone, on the other hand, is described as 'low pitched', supporting the fact that it is lower than the first.",,,,"{""base_midi"": 55.466, ""delta_cents"": 100, ""direction"": ""higher"", ""f1_hz"": 201.35, ""f2_hz"": 213.322}"
cents_discrimination/trial_0139::audio::open,cents_discrimination/trial_0139,cents_discrimination,audio,open,2,stimuli/cents/trial_0139.wav,"You will hear tone 1, a pause, then tone 2. Is tone 2 higher, lower, or the same as tone 1?
Answer with exactly one word: higher, lower, or same.",,lower,same,same,False,,"{""base_midi"": 69.532, ""delta_cents"": 100, ""direction"": ""lower"", ""f1_hz"": 453.725, ""f2_hz"": 428.26}"
cents_discrimination/trial_0140::audio::open,cents_discrimination/trial_0140,cents_discrimination,audio,open,1,stimuli/cents/trial_0140.wav,"Compare the two tones you hear. Relative to the first, is the second one higher in pitch, lower, or identical?
Answer with exactly one word: higher, lower, or same.",,higher,same,same,False,,"{""base_midi"": 71.371, ""delta_cents"": 5, ""direction"": ""higher"", ""f1_hz"": 504.568, ""f2_hz"": 506.028}"
cents_discrimination/trial_0141::audio::open,cents_discrimination/trial_0141,cents_discrimination,audio,open,1,stimuli/cents/trial_0141.wav,"Compare the two tones you hear. Relative to the first, is the second one higher in pitch, lower, or identical?
Answer with exactly one word: higher, lower, or same.",,lower,same,same,False,,"{""base_midi"": 67.319, ""delta_cents"": 5, ""direction"": ""lower"", ""f1_hz"": 399.28, ""f2_hz"": 398.128}"
cents_discrimination/trial_0142::audio::open,cents_discrimination/trial_0142,cents_discrimination,audio,open,2,stimuli/cents/trial_0142.wav,"You will hear tone 1, a pause, then tone 2. Is tone 2 higher, lower, or the same as tone 1?
Answer with exactly one word: higher, lower, or same.",,higher,same,same,False,,"{""base_midi"": 73.241, ""delta_cents"": 10, ""direction"": ""higher"", ""f1_hz"": 562.129, ""f2_hz"": 565.386}"
cents_discrimination/trial_0143::audio::open,cents_discrimination/trial_0143,cents_discrimination,audio,open,0,stimuli/cents/trial_0143.wav,"Two tones are played one after the other. Is the second tone higher, lower, or the same pitch as the first?
Answer with exactly one word: higher, lower, or same.",,lower,same.,same,False,,"{""base_midi"": 70.295, ""delta_cents"": 10, ""direction"": ""lower"", ""f1_hz"": 474.183, ""f2_hz"": 471.452}"
cents_discrimination/trial_0144::audio::open,cents_discrimination/trial_0144,cents_discrimination,audio,open,2,stimuli/cents/trial_0144.wav,"You will hear tone 1, a pause, then tone 2. Is tone 2 higher, lower, or the same as tone 1?
Answer with exactly one word: higher, lower, or same.",,higher,same.,same,False,,"{""base_midi"": 73.811, ""delta_cents"": 25, ""direction"": ""higher"", ""f1_hz"": 580.937, ""f2_hz"": 589.387}"
cents_discrimination/trial_0145::audio::open,cents_discrimination/trial_0145,cents_discrimination,audio,open,2,stimuli/cents/trial_0145.wav,"You will hear tone 1, a pause, then tone 2. Is tone 2 higher, lower, or the same as tone 1?
Answer with exactly one word: higher, lower, or same.",,lower,same.,same,False,,"{""base_midi"": 57.989, ""delta_cents"": 25, ""direction"": ""lower"", ""f1_hz"": 232.935, ""f2_hz"": 229.596}"
cents_discrimination/trial_0146::audio::open,cents_discrimination/trial_0146,cents_discrimination,audio,open,2,stimuli/cents/trial_0146.wav,"You will hear tone 1, a pause, then tone 2. Is tone 2 higher, lower, or the same as tone 1?
Answer with exactly one word: higher, lower, or same.",,higher,same,same,False,,"{""base_midi"": 66.382, ""delta_cents"": 50, ""direction"": ""higher"", ""f1_hz"": 378.259, ""f2_hz"": 389.343}"
cents_discrimination/trial_0147::audio::open,cents_discrimination/trial_0147,cents_discrimination,audio,open,1,stimuli/cents/trial_0147.wav,"Compare the two tones you hear. Relative to the first, is the second one higher in pitch, lower, or identical?
Answer with exactly one word: higher, lower, or same.",,lower,same,same,False,,"{""base_midi"": 52.553, ""delta_cents"": 50, ""direction"": ""lower"", ""f1_hz"": 170.16, ""f2_hz"": 165.316}"
cents_discrimination/trial_0148::audio::open,cents_discrimination/trial_0148,cents_discrimination,audio,open,0,stimuli/cents/trial_0148.wav,"Two tones are played one after the other. Is the second tone higher, lower, or the same pitch as the first?
Answer with exactly one word: higher, lower, or same.",,higher,same.,same,False,,"{""base_midi"": 67.357, ""delta_cents"": 100, ""direction"": ""higher"", ""f1_hz"": 400.16, ""f2_hz"": 423.954}"
cents_discrimination/trial_0149::audio::open,cents_discrimination/trial_0149,cents_discrimination,audio,open,1,stimuli/cents/trial_0149.wav,"Compare the two tones you hear. Relative to the first, is the second one higher in pitch, lower, or identical?
Answer with exactly one word: higher, lower, or same.",,lower,same,same,False,,"{""base_midi"": 55.524, ""delta_cents"": 100, ""direction"": ""lower"", ""f1_hz"": 202.017, ""f2_hz"": 190.679}"
cents_discrimination/trial_0150::audio::open,cents_discrimination/trial_0150,cents_discrimination,audio,open,2,stimuli/cents/trial_0150.wav,"You will hear tone 1, a pause, then tone 2. Is tone 2 higher, lower, or the same as tone 1?
Answer with exactly one word: higher, lower, or same.",,same,same,same,True,,"{""base_midi"": 69.643, ""delta_cents"": 0, ""direction"": ""same"", ""f1_hz"": 456.647, ""f2_hz"": 456.647}"
cents_discrimination/trial_0151::audio::open,cents_discrimination/trial_0151,cents_discrimination,audio,open,1,stimuli/cents/trial_0151.wav,"Compare the two tones you hear. Relative to the first, is the second one higher in pitch, lower, or identical?
Answer with exactly one word: higher, lower, or same.",,same,same,same,True,,"{""base_midi"": 63.737, ""delta_cents"": 0, ""direction"": ""same"", ""f1_hz"": 324.658, ""f2_hz"": 324.658}"
cents_discrimination/trial_0152::audio::open,cents_discrimination/trial_0152,cents_discrimination,audio,open,0,stimuli/cents/trial_0152.wav,"Two tones are played one after the other. Is the second tone higher, lower, or the same pitch as the first?
Answer with exactly one word: higher, lower, or same.",,same,same.,same,True,,"{""base_midi"": 60.217, ""delta_cents"": 0, ""direction"": ""same"", ""f1_hz"": 264.925, ""f2_hz"": 264.925}"
cents_discrimination/trial_0152::audio::explain,cents_discrimination/trial_0152,cents_discrimination,audio,explain,2,stimuli/cents/trial_0152.wav,"You will hear tone 1, a pause, then tone 2. Is tone 2 higher, lower, or the same as tone 1?
First give your answer. Then explain exactly what you heard that supports it: name the specific notes/chords/beats and their approximate timestamps in seconds.",,same,Tone 2 is higher than tone 1. I heard this by noting the pitch difference between the two tones. Tone 1 has a higher pitch than tone 2.,,,,"{""base_midi"": 60.217, ""delta_cents"": 0, ""direction"": ""same"", ""f1_hz"": 264.925, ""f2_hz"": 264.925}"
cents_discrimination/trial_0153::audio::open,cents_discrimination/trial_0153,cents_discrimination,audio,open,2,stimuli/cents/trial_0153.wav,"You will hear tone 1, a pause, then tone 2. Is tone 2 higher, lower, or the same as tone 1?
Answer with exactly one word: higher, lower, or same.",,same,same,same,True,,"{""base_midi"": 68.991, ""delta_cents"": 0, ""direction"": ""same"", ""f1_hz"": 439.766, ""f2_hz"": 439.766}"
cents_discrimination/trial_0154::audio::open,cents_discrimination/trial_0154,cents_discrimination,audio,open,2,stimuli/cents/trial_0154.wav,"You will hear tone 1, a pause, then tone 2. Is tone 2 higher, lower, or the same as tone 1?
Answer with exactly one word: higher, lower, or same.",,same,same,same,True,,"{""base_midi"": 56.433, ""delta_cents"": 0, ""direction"": ""same"", ""f1_hz"": 212.909, ""f2_hz"": 212.909}"
cents_discrimination/trial_0155::audio::open,cents_discrimination/trial_0155,cents_discrimination,audio,open,0,stimuli/cents/trial_0155.wav,"Two tones are played one after the other. Is the second tone higher, lower, or the same pitch as the first?
Answer with exactly one word: higher, lower, or same.",,same,same.,same,True,,"{""base_midi"": 62.662, ""delta_cents"": 0, ""direction"": ""same"", ""f1_hz"": 305.109, ""f2_hz"": 305.109}"
cents_discrimination/trial_0155::audio::explain,cents_discrimination/trial_0155,cents_discrimination,audio,explain,1,stimuli/cents/trial_0155.wav,"Compare the two tones you hear. Relative to the first, is the second one higher in pitch, lower, or identical?
First give your answer. Then explain exactly what you heard that supports it: name the specific notes/chords/beats and their approximate timestamps in seconds.",,same,"The second tone is higher in pitch. I heard an E4 note in the first tone and an E5 note in the second, which indicates a higher pitch for the second tone.",,,,"{""base_midi"": 62.662, ""delta_cents"": 0, ""direction"": ""same"", ""f1_hz"": 305.109, ""f2_hz"": 305.109}"
cents_discrimination/trial_0156::audio::open,cents_discrimination/trial_0156,cents_discrimination,audio,open,2,stimuli/cents/trial_0156.wav,"You will hear tone 1, a pause, then tone 2. Is tone 2 higher, lower, or the same as tone 1?
Answer with exactly one word: higher, lower, or same.",,same,same.,same,True,,"{""base_midi"": 57.604, ""delta_cents"": 0, ""direction"": ""same"", ""f1_hz"": 227.806, ""f2_hz"": 227.806}"
cents_discrimination/trial_0157::audio::open,cents_discrimination/trial_0157,cents_discrimination,audio,open,0,stimuli/cents/trial_0157.wav,"Two tones are played one after the other. Is the second tone higher, lower, or the same pitch as the first?
Answer with exactly one word: higher, lower, or same.",,same,same.,same,True,,"{""base_midi"": 69.055, ""delta_cents"": 0, ""direction"": ""same"", ""f1_hz"": 441.408, ""f2_hz"": 441.408}"
cents_discrimination/trial_0158::audio::open,cents_discrimination/trial_0158,cents_discrimination,audio,open,1,stimuli/cents/trial_0158.wav,"Compare the two tones you hear. Relative to the first, is the second one higher in pitch, lower, or identical?
Answer with exactly one word: higher, lower, or same.",,same,same,same,True,,"{""base_midi"": 70.884, ""delta_cents"": 0, ""direction"": ""same"", ""f1_hz"": 490.572, ""f2_hz"": 490.572}"
cents_discrimination/trial_0159::audio::open,cents_discrimination/trial_0159,cents_discrimination,audio,open,2,stimuli/cents/trial_0159.wav,"You will hear tone 1, a pause, then tone 2. Is tone 2 higher, lower, or the same as tone 1?
Answer with exactly one word: higher, lower, or same.",,same,same,same,True,,"{""base_midi"": 64.535, ""delta_cents"": 0, ""direction"": ""same"", ""f1_hz"": 339.982, ""f2_hz"": 339.982}"
cents_discrimination/trial_0160::audio::open,cents_discrimination/trial_0160,cents_discrimination,audio,open,2,stimuli/cents/trial_0160.wav,"You will hear tone 1, a pause, then tone 2. Is tone 2 higher, lower, or the same as tone 1?
Answer with exactly one word: higher, lower, or same.",,same,same,same,True,,"{""base_midi"": 67.223, ""delta_cents"": 0, ""direction"": ""same"", ""f1_hz"": 397.082, ""f2_hz"": 397.082}"
cents_discrimination/trial_0161::audio::open,cents_discrimination/trial_0161,cents_discrimination,audio,open,0,stimuli/cents/trial_0161.wav,"Two tones are played one after the other. Is the second tone higher, lower, or the same pitch as the first?
Answer with exactly one word: higher, lower, or same.",,same,same.,same,True,,"{""base_midi"": 61.488, ""delta_cents"": 0, ""direction"": ""same"", ""f1_hz"": 285.102, ""f2_hz"": 285.102}"
cents_discrimination/trial_0162::audio::open,cents_discrimination/trial_0162,cents_discrimination,audio,open,2,stimuli/cents/trial_0162.wav,"You will hear tone 1, a pause, then tone 2. Is tone 2 higher, lower, or the same as tone 1?
Answer with exactly one word: higher, lower, or same.",,same,same.,same,True,,"{""base_midi"": 53.152, ""delta_cents"": 0, ""direction"": ""same"", ""f1_hz"": 176.156, ""f2_hz"": 176.156}"
cents_discrimination/trial_0163::audio::open,cents_discrimination/trial_0163,cents_discrimination,audio,open,2,stimuli/cents/trial_0163.wav,"You will hear tone 1, a pause, then tone 2. Is tone 2 higher, lower, or the same as tone 1?
Answer with exactly one word: higher, lower, or same.",,same,same,same,True,,"{""base_midi"": 61.326, ""delta_cents"": 0, ""direction"": ""same"", ""f1_hz"": 282.455, ""f2_hz"": 282.455}"
cents_discrimination/trial_0164::audio::open,cents_discrimination/trial_0164,cents_discrimination,audio,open,2,stimuli/cents/trial_0164.wav,"You will hear tone 1, a pause, then tone 2. Is tone 2 higher, lower, or the same as tone 1?
Answer with exactly one word: higher, lower, or same.",,same,same,same,True,,"{""base_midi"": 66.269, ""delta_cents"": 0, ""direction"": ""same"", ""f1_hz"": 375.778, ""f2_hz"": 375.778}"
cents_discrimination/trial_0165::audio::open,cents_discrimination/trial_0165,cents_discrimination,audio,open,0,stimuli/cents/trial_0165.wav,"Two tones are played one after the other. Is the second tone higher, lower, or the same pitch as the first?
Answer with exactly one word: higher, lower, or same.",,same,same.,same,True,,"{""base_midi"": 57.988, ""delta_cents"": 0, ""direction"": ""same"", ""f1_hz"": 232.916, ""f2_hz"": 232.916}"
cents_discrimination/trial_0165::audio::explain,cents_discrimination/trial_0165,cents_discrimination,audio,explain,1,stimuli/cents/trial_0165.wav,"Compare the two tones you hear. Relative to the first, is the second one higher in pitch, lower, or identical?
First give your answer. Then explain exactly what you heard that supports it: name the specific notes/chords/beats and their approximate timestamps in seconds.",,same,"The second tone is higher in pitch. I heard an E4 note in the first tone and an E5 note in the second, which indicates a higher pitch for the second tone.",,,,"{""base_midi"": 57.988, ""delta_cents"": 0, ""direction"": ""same"", ""f1_hz"": 232.916, ""f2_hz"": 232.916}"
cents_discrimination/trial_0166::audio::open,cents_discrimination/trial_0166,cents_discrimination,audio,open,2,stimuli/cents/trial_0166.wav,"You will hear tone 1, a pause, then tone 2. Is tone 2 higher, lower, or the same as tone 1?
Answer with exactly one word: higher, lower, or same.",,same,same,same,True,,"{""base_midi"": 54.184, ""delta_cents"": 0, ""direction"": ""same"", ""f1_hz"": 186.973, ""f2_hz"": 186.973}"
cents_discrimination/trial_0167::audio::open,cents_discrimination/trial_0167,cents_discrimination,audio,open,1,stimuli/cents/trial_0167.wav,"Compare the two tones you hear. Relative to the first, is the second one higher in pitch, lower, or identical?
Answer with exactly one word: higher, lower, or same.",,same,same,same,True,,"{""base_midi"": 73.669, ""delta_cents"": 0, ""direction"": ""same"", ""f1_hz"": 576.221, ""f2_hz"": 576.221}"
cents_discrimination/trial_0168::audio::open,cents_discrimination/trial_0168,cents_discrimination,audio,open,1,stimuli/cents/trial_0168.wav,"Compare the two tones you hear. Relative to the first, is the second one higher in pitch, lower, or identical?
Answer with exactly one word: higher, lower, or same.",,same,same,same,True,,"{""base_midi"": 63.525, ""delta_cents"": 0, ""direction"": ""same"", ""f1_hz"": 320.701, ""f2_hz"": 320.701}"
cents_discrimination/trial_0169::audio::open,cents_discrimination/trial_0169,cents_discrimination,audio,open,1,stimuli/cents/trial_0169.wav,"Compare the two tones you hear. Relative to the first, is the second one higher in pitch, lower, or identical?
Answer with exactly one word: higher, lower, or same.",,same,same,same,True,,"{""base_midi"": 73.877, ""delta_cents"": 0, ""direction"": ""same"", ""f1_hz"": 583.176, ""f2_hz"": 583.176}"
cents_discrimination/trial_0170::audio::open,cents_discrimination/trial_0170,cents_discrimination,audio,open,1,stimuli/cents/trial_0170.wav,"Compare the two tones you hear. Relative to the first, is the second one higher in pitch, lower, or identical?
Answer with exactly one word: higher, lower, or same.",,same,same,same,True,,"{""base_midi"": 55.701, ""delta_cents"": 0, ""direction"": ""same"", ""f1_hz"": 204.091, ""f2_hz"": 204.091}"
cents_discrimination/trial_0171::audio::open,cents_discrimination/trial_0171,cents_discrimination,audio,open,2,stimuli/cents/trial_0171.wav,"You will hear tone 1, a pause, then tone 2. Is tone 2 higher, lower, or the same as tone 1?
Answer with exactly one word: higher, lower, or same.",,same,same,same,True,,"{""base_midi"": 72.979, ""delta_cents"": 0, ""direction"": ""same"", ""f1_hz"": 553.703, ""f2_hz"": 553.703}"
cents_discrimination/trial_0171::audio::explain,cents_discrimination/trial_0171,cents_discrimination,audio,explain,0,stimuli/cents/trial_0171.wav,"Two tones are played one after the other. Is the second tone higher, lower, or the same pitch as the first?
First give your answer. Then explain exactly what you heard that supports it: name the specific notes/chords/beats and their approximate timestamps in seconds.",,same,The second tone is higher than the first. I heard this because the second note has a higher pitch than the first note which sounds like C5.,,,,"{""base_midi"": 72.979, ""delta_cents"": 0, ""direction"": ""same"", ""f1_hz"": 553.703, ""f2_hz"": 553.703}"
cents_discrimination/trial_0172::audio::open,cents_discrimination/trial_0172,cents_discrimination,audio,open,0,stimuli/cents/trial_0172.wav,"Two tones are played one after the other. Is the second tone higher, lower, or the same pitch as the first?
Answer with exactly one word: higher, lower, or same.",,same,same.,same,True,,"{""base_midi"": 68.619, ""delta_cents"": 0, ""direction"": ""same"", ""f1_hz"": 430.413, ""f2_hz"": 430.413}"
cents_discrimination/trial_0173::audio::open,cents_discrimination/trial_0173,cents_discrimination,audio,open,1,stimuli/cents/trial_0173.wav,"Compare the two tones you hear. Relative to the first, is the second one higher in pitch, lower, or identical?
Answer with exactly one word: higher, lower, or same.",,same,same.,same,True,,"{""base_midi"": 72.174, ""delta_cents"": 0, ""direction"": ""same"", ""f1_hz"": 528.551, ""f2_hz"": 528.551}"
cents_discrimination/trial_0174::audio::open,cents_discrimination/trial_0174,cents_discrimination,audio,open,2,stimuli/cents/trial_0174.wav,"You will hear tone 1, a pause, then tone 2. Is tone 2 higher, lower, or the same as tone 1?
Answer with exactly one word: higher, lower, or same.",,same,same,same,True,,"{""base_midi"": 54.899, ""delta_cents"": 0, ""direction"": ""same"", ""f1_hz"": 194.862, ""f2_hz"": 194.862}"
cents_discrimination/trial_0175::audio::open,cents_discrimination/trial_0175,cents_discrimination,audio,open,1,stimuli/cents/trial_0175.wav,"Compare the two tones you hear. Relative to the first, is the second one higher in pitch, lower, or identical?
Answer with exactly one word: higher, lower, or same.",,same,same,same,True,,"{""base_midi"": 67.416, ""delta_cents"": 0, ""direction"": ""same"", ""f1_hz"": 401.522, ""f2_hz"": 401.522}"
cents_discrimination/trial_0176::audio::open,cents_discrimination/trial_0176,cents_discrimination,audio,open,1,stimuli/cents/trial_0176.wav,"Compare the two tones you hear. Relative to the first, is the second one higher in pitch, lower, or identical?
Answer with exactly one word: higher, lower, or same.",,same,same,same,True,,"{""base_midi"": 56.575, ""delta_cents"": 0, ""direction"": ""same"", ""f1_hz"": 214.662, ""f2_hz"": 214.662}"
cents_discrimination/trial_0176::audio::explain,cents_discrimination/trial_0176,cents_discrimination,audio,explain,2,stimuli/cents/trial_0176.wav,"You will hear tone 1, a pause, then tone 2. Is tone 2 higher, lower, or the same as tone 1?
First give your answer. Then explain exactly what you heard that supports it: name the specific notes/chords/beats and their approximate timestamps in seconds.",,same,Tone 2 is higher than tone 1. I heard this by noting the pitch difference between the two tones. Tone 1 has a higher pitch than tone 2.,,,,"{""base_midi"": 56.575, ""delta_cents"": 0, ""direction"": ""same"", ""f1_hz"": 214.662, ""f2_hz"": 214.662}"
cents_discrimination/trial_0177::audio::open,cents_discrimination/trial_0177,cents_discrimination,audio,open,0,stimuli/cents/trial_0177.wav,"Two tones are played one after the other. Is the second tone higher, lower, or the same pitch as the first?
Answer with exactly one word: higher, lower, or same.",,same,same.,same,True,,"{""base_midi"": 72.12, ""delta_cents"": 0, ""direction"": ""same"", ""f1_hz"": 526.888, ""f2_hz"": 526.888}"
cents_discrimination/trial_0178::audio::open,cents_discrimination/trial_0178,cents_discrimination,audio,open,0,stimuli/cents/trial_0178.wav,"Two tones are played one after the other. Is the second tone higher, lower, or the same pitch as the first?
Answer with exactly one word: higher, lower, or same.",,same,same.,same,True,,"{""base_midi"": 63.771, ""delta_cents"": 0, ""direction"": ""same"", ""f1_hz"": 325.302, ""f2_hz"": 325.302}"
cents_discrimination/trial_0179::audio::open,cents_discrimination/trial_0179,cents_discrimination,audio,open,1,stimuli/cents/trial_0179.wav,"Compare the two tones you hear. Relative to the first, is the second one higher in pitch, lower, or identical?
Answer with exactly one word: higher, lower, or same.",,same,same,same,True,,"{""base_midi"": 53.46, ""delta_cents"": 0, ""direction"": ""same"", ""f1_hz"": 179.32, ""f2_hz"": 179.32}"
cents_discrimination/trial_0005::no_audio::open,cents_discrimination/trial_0005,cents_discrimination,no_audio,open,2,,"You will hear tone 1, a pause, then tone 2. Is tone 2 higher, lower, or the same as tone 1?
Answer with exactly one word: higher, lower, or same.",,lower,I cannot answer without hearing the tones and the context in which they were presented. Please provide more information or play the tones for me to assist you better.,,,,"{""base_midi"": 62.631, ""delta_cents"": 25, ""direction"": ""lower"", ""f1_hz"": 304.558, ""f2_hz"": 300.191}"
cents_discrimination/trial_0009::no_audio::open,cents_discrimination/trial_0009,cents_discrimination,no_audio,open,2,,"You will hear tone 1, a pause, then tone 2. Is tone 2 higher, lower, or the same as tone 1?
Answer with exactly one word: higher, lower, or same.",,lower,I cannot answer without hearing the tones and the context in which they were presented. Please provide more information or play the tones for me to assist you better.,,,,"{""base_midi"": 73.508, ""delta_cents"": 100, ""direction"": ""lower"", ""f1_hz"": 570.872, ""f2_hz"": 538.832}"
cents_discrimination/trial_0010::no_audio::open,cents_discrimination/trial_0010,cents_discrimination,no_audio,open,1,,"Compare the two tones you hear. Relative to the first, is the second one higher in pitch, lower, or identical?
Answer with exactly one word: higher, lower, or same.",,higher,same.,same,False,,"{""base_midi"": 69.652, ""delta_cents"": 5, ""direction"": ""higher"", ""f1_hz"": 456.898, ""f2_hz"": 458.219}"
cents_discrimination/trial_0012::no_audio::open,cents_discrimination/trial_0012,cents_discrimination,no_audio,open,0,,"Two tones are played one after the other. Is the second tone higher, lower, or the same pitch as the first?
Answer with exactly one word: higher, lower, or same.",,higher,same.,same,False,,"{""base_midi"": 71.614, ""delta_cents"": 10, ""direction"": ""higher"", ""f1_hz"": 511.716, ""f2_hz"": 514.681}"
cents_discrimination/trial_0013::no_audio::open,cents_discrimination/trial_0013,cents_discrimination,no_audio,open,1,,"Compare the two tones you hear. Relative to the first, is the second one higher in pitch, lower, or identical?
Answer with exactly one word: higher, lower, or same.",,lower,same.,same,False,,"{""base_midi"": 53.713, ""delta_cents"": 10, ""direction"": ""lower"", ""f1_hz"": 181.951, ""f2_hz"": 180.903}"
cents_discrimination/trial_0014::no_audio::open,cents_discrimination/trial_0014,cents_discrimination,no_audio,open,2,,"You will hear tone 1, a pause, then tone 2. Is tone 2 higher, lower, or the same as tone 1?
Answer with exactly one word: higher, lower, or same.",,higher,I cannot answer without hearing the tones and the context in which they were presented. Please provide more information or play the tones for me to assist you better.,,,,"{""base_midi"": 56.857, ""delta_cents"": 25, ""direction"": ""higher"", ""f1_hz"": 218.192, ""f2_hz"": 221.366}"
cents_discrimination/trial_0015::no_audio::open,cents_discrimination/trial_0015,cents_discrimination,no_audio,open,0,,"Two tones are played one after the other. Is the second tone higher, lower, or the same pitch as the first?
Answer with exactly one word: higher, lower, or same.",,lower,same.,same,False,,"{""base_midi"": 62.28, ""delta_cents"": 25, ""direction"": ""lower"", ""f1_hz"": 298.454, ""f2_hz"": 294.175}"
cents_discrimination/trial_0023::no_audio::open,cents_discrimination/trial_0023,cents_discrimination,no_audio,open,2,,"You will hear tone 1, a pause, then tone 2. Is tone 2 higher, lower, or the same as tone 1?
Answer with exactly one word: higher, lower, or same.",,lower,I cannot answer without hearing the tones and the context in which they were presented. Please provide more information or play the tones for me to assist you better.,,,,"{""base_midi"": 69.832, ""delta_cents"": 10, ""direction"": ""lower"", ""f1_hz"": 461.658, ""f2_hz"": 458.999}"
cents_discrimination/trial_0024::no_audio::open,cents_discrimination/trial_0024,cents_discrimination,no_audio,open,1,,"Compare the two tones you hear. Relative to the first, is the second one higher in pitch, lower, or identical?
Answer with exactly one word: higher, lower, or same.",,higher,same.,same,False,,"{""base_midi"": 74.894, ""delta_cents"": 25, ""direction"": ""higher"", ""f1_hz"": 618.473, ""f2_hz"": 627.469}"
cents_discrimination/trial_0026::no_audio::open,cents_discrimination/trial_0026,cents_discrimination,no_audio,open,0,,"Two tones are played one after the other. Is the second tone higher, lower, or the same pitch as the first?
Answer with exactly one word: higher, lower, or same.",,higher,same.,same,False,,"{""base_midi"": 70.892, ""delta_cents"": 50, ""direction"": ""higher"", ""f1_hz"": 490.822, ""f2_hz"": 505.205}"
cents_discrimination/trial_0029::no_audio::open,cents_discrimination/trial_0029,cents_discrimination,no_audio,open,0,,"Two tones are played one after the other. Is the second tone higher, lower, or the same pitch as the first?
Answer with exactly one word: higher, lower, or same.",,lower,same.,same,False,,"{""base_midi"": 71.948, ""delta_cents"": 100, ""direction"": ""lower"", ""f1_hz"": 521.678, ""f2_hz"": 492.399}"
cents_discrimination/trial_0033::no_audio::open,cents_discrimination/trial_0033,cents_discrimination,no_audio,open,2,,"You will hear tone 1, a pause, then tone 2. Is tone 2 higher, lower, or the same as tone 1?
Answer with exactly one word: higher, lower, or same.",,lower,I cannot answer without hearing the tones and the context in which they were presented. Please provide more information or play the tones for me to assist you better.,,,,"{""base_midi"": 67.154, ""delta_cents"": 10, ""direction"": ""lower"", ""f1_hz"": 395.508, ""f2_hz"": 393.23}"
cents_discrimination/trial_0035::no_audio::open,cents_discrimination/trial_0035,cents_discrimination,no_audio,open,0,,"Two tones are played one after the other. Is the second tone higher, lower, or the same pitch as the first?
Answer with exactly one word: higher, lower, or same.",,lower,same.,same,False,,"{""base_midi"": 56.028, ""delta_cents"": 25, ""direction"": ""lower"", ""f1_hz"": 207.985, ""f2_hz"": 205.003}"
cents_discrimination/trial_0037::no_audio::open,cents_discrimination/trial_0037,cents_discrimination,no_audio,open,1,,"Compare the two tones you hear. Relative to the first, is the second one higher in pitch, lower, or identical?
Answer with exactly one word: higher, lower, or same.",,lower,same.,same,False,,"{""base_midi"": 56.32, ""delta_cents"": 50, ""direction"": ""lower"", ""f1_hz"": 211.531, ""f2_hz"": 205.509}"
cents_discrimination/trial_0038::no_audio::open,cents_discrimination/trial_0038,cents_discrimination,no_audio,open,2,,"You will hear tone 1, a pause, then tone 2. Is tone 2 higher, lower, or the same as tone 1?
Answer with exactly one word: higher, lower, or same.",,higher,I cannot answer without hearing the tones and the context in which they were presented. Please provide more information or play the tones for me to assist you better.,,,,"{""base_midi"": 67.67, ""delta_cents"": 100, ""direction"": ""higher"", ""f1_hz"": 407.464, ""f2_hz"": 431.693}"
cents_discrimination/trial_0044::no_audio::open,cents_discrimination/trial_0044,cents_discrimination,no_audio,open,0,,"Two tones are played one after the other. Is the second tone higher, lower, or the same pitch as the first?
Answer with exactly one word: higher, lower, or same.",,higher,same.,same,False,,"{""base_midi"": 58.058, ""delta_cents"": 25, ""direction"": ""higher"", ""f1_hz"": 233.858, ""f2_hz"": 237.26}"
cents_discrimination/trial_0046::no_audio::open,cents_discrimination/trial_0046,cents_discrimination,no_audio,open,0,,"Two tones are played one after the other. Is the second tone higher, lower, or the same pitch as the first?
Answer with exactly one word: higher, lower, or same.",,higher,same.,same,False,,"{""base_midi"": 57.133, ""delta_cents"": 50, ""direction"": ""higher"", ""f1_hz"": 221.697, ""f2_hz"": 228.193}"
cents_discrimination/trial_0047::no_audio::open,cents_discrimination/trial_0047,cents_discrimination,no_audio,open,0,,"Two tones are played one after the other. Is the second tone higher, lower, or the same pitch as the first?
Answer with exactly one word: higher, lower, or same.",,lower,same.,same,False,,"{""base_midi"": 71.159, ""delta_cents"": 50, ""direction"": ""lower"", ""f1_hz"": 498.448, ""f2_hz"": 484.258}"
cents_discrimination/trial_0048::no_audio::open,cents_discrimination/trial_0048,cents_discrimination,no_audio,open,2,,"You will hear tone 1, a pause, then tone 2. Is tone 2 higher, lower, or the same as tone 1?
Answer with exactly one word: higher, lower, or same.",,higher,I cannot answer without hearing the tones and the context in which they were presented. Please provide more information or play the tones for me to assist you better.,,,,"{""base_midi"": 59.687, ""delta_cents"": 100, ""direction"": ""higher"", ""f1_hz"": 256.939, ""f2_hz"": 272.217}"
cents_discrimination/trial_0058::no_audio::open,cents_discrimination/trial_0058,cents_discrimination,no_audio,open,2,,"You will hear tone 1, a pause, then tone 2. Is tone 2 higher, lower, or the same as tone 1?
Answer with exactly one word: higher, lower, or same.",,higher,I cannot answer without hearing the tones and the context in which they were presented. Please provide more information or play the tones for me to assist you better.,,,,"{""base_midi"": 63.785, ""delta_cents"": 100, ""direction"": ""higher"", ""f1_hz"": 325.557, ""f2_hz"": 344.915}"
cents_discrimination/trial_0063::no_audio::open,cents_discrimination/trial_0063,cents_discrimination,no_audio,open,2,,"You will hear tone 1, a pause, then tone 2. Is tone 2 higher, lower, or the same as tone 1?
Answer with exactly one word: higher, lower, or same.",,lower,I cannot answer without hearing the tones and the context in which they were presented. Please provide more information or play the tones for me to assist you better.,,,,"{""base_midi"": 60.379, ""delta_cents"": 10, ""direction"": ""lower"", ""f1_hz"": 267.413, ""f2_hz"": 265.873}"
cents_discrimination/trial_0065::no_audio::open,cents_discrimination/trial_0065,cents_discrimination,no_audio,open,0,,"Two tones are played one after the other. Is the second tone higher, lower, or the same pitch as the first?
Answer with exactly one word: higher, lower, or same.",,lower,same.,same,False,,"{""base_midi"": 58.18, ""delta_cents"": 25, ""direction"": ""lower"", ""f1_hz"": 235.523, ""f2_hz"": 232.146}"
cents_discrimination/trial_0066::no_audio::open,cents_discrimination/trial_0066,cents_discrimination,no_audio,open,0,,"Two tones are played one after the other. Is the second tone higher, lower, or the same pitch as the first?
Answer with exactly one word: higher, lower, or same.",,higher,same.,same,False,,"{""base_midi"": 63.598, ""delta_cents"": 50, ""direction"": ""higher"", ""f1_hz"": 322.064, ""f2_hz"": 331.501}"
cents_discrimination/trial_0068::no_audio::open,cents_discrimination/trial_0068,cents_discrimination,no_audio,open,2,,"You will hear tone 1, a pause, then tone 2. Is tone 2 higher, lower, or the same as tone 1?
Answer with exactly one word: higher, lower, or same.",,higher,I cannot answer without hearing the tones and the context in which they were presented. Please provide more information or play the tones for me to assist you better.,,,,"{""base_midi"": 62.522, ""delta_cents"": 100, ""direction"": ""higher"", ""f1_hz"": 302.653, ""f2_hz"": 320.65}"
cents_discrimination/trial_0071::no_audio::open,cents_discrimination/trial_0071,cents_discrimination,no_audio,open,1,,"Compare the two tones you hear. Relative to the first, is the second one higher in pitch, lower, or identical?
Answer with exactly one word: higher, lower, or same.",,lower,same.,same,False,,"{""base_midi"": 62.121, ""delta_cents"": 5, ""direction"": ""lower"", ""f1_hz"": 295.721, ""f2_hz"": 294.868}"
cents_discrimination/trial_0072::no_audio::open,cents_discrimination/trial_0072,cents_discrimination,no_audio,open,2,,"You will hear tone 1, a pause, then tone 2. Is tone 2 higher, lower, or the same as tone 1?
Answer with exactly one word: higher, lower, or same.",,higher,I cannot answer without hearing the tones and the context in which they were presented. Please provide more information or play the tones for me to assist you better.,,,,"{""base_midi"": 59.331, ""delta_cents"": 10, ""direction"": ""higher"", ""f1_hz"": 251.707, ""f2_hz"": 253.165}"
cents_discrimination/trial_0077::no_audio::open,cents_discrimination/trial_0077,cents_discrimination,no_audio,open,2,,"You will hear tone 1, a pause, then tone 2. Is tone 2 higher, lower, or the same as tone 1?
Answer with exactly one word: higher, lower, or same.",,lower,I cannot answer without hearing the tones and the context in which they were presented. Please provide more information or play the tones for me to assist you better.,,,,"{""base_midi"": 69.178, ""delta_cents"": 50, ""direction"": ""lower"", ""f1_hz"": 444.536, ""f2_hz"": 431.881}"
cents_discrimination/trial_0080::no_audio::open,cents_discrimination/trial_0080,cents_discrimination,no_audio,open,1,,"Compare the two tones you hear. Relative to the first, is the second one higher in pitch, lower, or identical?
Answer with exactly one word: higher, lower, or same.",,higher,same.,same,False,,"{""base_midi"": 64.215, ""delta_cents"": 5, ""direction"": ""higher"", ""f1_hz"": 333.744, ""f2_hz"": 334.709}"
cents_discrimination/trial_0083::no_audio::open,cents_discrimination/trial_0083,cents_discrimination,no_audio,open,1,,"Compare the two tones you hear. Relative to the first, is the second one higher in pitch, lower, or identical?
Answer with exactly one word: higher, lower, or same.",,lower,same.,same,False,,"{""base_midi"": 53.648, ""delta_cents"": 10, ""direction"": ""lower"", ""f1_hz"": 181.272, ""f2_hz"": 180.227}"
cents_discrimination/trial_0086::no_audio::open,cents_discrimination/trial_0086,cents_discrimination,no_audio,open,2,,"You will hear tone 1, a pause, then tone 2. Is tone 2 higher, lower, or the same as tone 1?
Answer with exactly one word: higher, lower, or same.",,higher,I cannot answer without hearing the tones and the context in which they were presented. Please provide more information or play the tones for me to assist you better.,,,,"{""base_midi"": 66.427, ""delta_cents"": 50, ""direction"": ""higher"", ""f1_hz"": 379.243, ""f2_hz"": 390.355}"
cents_discrimination/trial_0088::no_audio::open,cents_discrimination/trial_0088,cents_discrimination,no_audio,open,2,,"You will hear tone 1, a pause, then tone 2. Is tone 2 higher, lower, or the same as tone 1?
Answer with exactly one word: higher, lower, or same.",,higher,I cannot answer without hearing the tones and the context in which they were presented. Please provide more information or play the tones for me to assist you better.,,,,"{""base_midi"": 71.191, ""delta_cents"": 100, ""direction"": ""higher"", ""f1_hz"": 499.375, ""f2_hz"": 529.069}"
cents_discrimination/trial_0089::no_audio::open,cents_discrimination/trial_0089,cents_discrimination,no_audio,open,2,,"You will hear tone 1, a pause, then tone 2. Is tone 2 higher, lower, or the same as tone 1?
Answer with exactly one word: higher, lower, or same.",,lower,I cannot answer without hearing the tones and the context in which they were presented. Please provide more information or play the tones for me to assist you better.,,,,"{""base_midi"": 65.473, ""delta_cents"": 100, ""direction"": ""lower"", ""f1_hz"": 358.892, ""f2_hz"": 338.749}"
cents_discrimination/trial_0093::no_audio::open,cents_discrimination/trial_0093,cents_discrimination,no_audio,open,1,,"Compare the two tones you hear. Relative to the first, is the second one higher in pitch, lower, or identical?
Answer with exactly one word: higher, lower, or same.",,lower,same.,same,False,,"{""base_midi"": 68.08, ""delta_cents"": 10, ""direction"": ""lower"", ""f1_hz"": 417.223, ""f2_hz"": 414.82}"
cents_discrimination/trial_0095::no_audio::open,cents_discrimination/trial_0095,cents_discrimination,no_audio,open,2,,"You will hear tone 1, a pause, then tone 2. Is tone 2 higher, lower, or the same as tone 1?
Answer with exactly one word: higher, lower, or same.",,lower,I cannot answer without hearing the tones and the context in which they were presented. Please provide more information or play the tones for me to assist you better.,,,,"{""base_midi"": 54.024, ""delta_cents"": 25, ""direction"": ""lower"", ""f1_hz"": 185.249, ""f2_hz"": 182.593}"
cents_discrimination/trial_0098::no_audio::open,cents_discrimination/trial_0098,cents_discrimination,no_audio,open,2,,"You will hear tone 1, a pause, then tone 2. Is tone 2 higher, lower, or the same as tone 1?
Answer with exactly one word: higher, lower, or same.",,higher,I cannot answer without hearing the tones and the context in which they were presented. Please provide more information or play the tones for me to assist you better.,,,,"{""base_midi"": 69.93, ""delta_cents"": 100, ""direction"": ""higher"", ""f1_hz"": 464.287, ""f2_hz"": 491.895}"
cents_discrimination/trial_0101::no_audio::open,cents_discrimination/trial_0101,cents_discrimination,no_audio,open,1,,"Compare the two tones you hear. Relative to the first, is the second one higher in pitch, lower, or identical?
Answer with exactly one word: higher, lower, or same.",,lower,same.,same,False,,"{""base_midi"": 66.586, ""delta_cents"": 5, ""direction"": ""lower"", ""f1_hz"": 382.73, ""f2_hz"": 381.626}"
cents_discrimination/trial_0103::no_audio::open,cents_discrimination/trial_0103,cents_discrimination,no_audio,open,2,,"You will hear tone 1, a pause, then tone 2. Is tone 2 higher, lower, or the same as tone 1?
Answer with exactly one word: higher, lower, or same.",,lower,I cannot answer without hearing the tones and the context in which they were presented. Please provide more information or play the tones for me to assist you better.,,,,"{""base_midi"": 60.093, ""delta_cents"": 10, ""direction"": ""lower"", ""f1_hz"": 263.036, ""f2_hz"": 261.521}"
cents_discrimination/trial_0106::no_audio::open,cents_discrimination/trial_0106,cents_discrimination,no_audio,open,1,,"Compare the two tones you hear. Relative to the first, is the second one higher in pitch, lower, or identical?
Answer with exactly one word: higher, lower, or same.",,higher,same.,same,False,,"{""base_midi"": 71.247, ""delta_cents"": 50, ""direction"": ""higher"", ""f1_hz"": 500.989, ""f2_hz"": 515.67}"
cents_discrimination/trial_0110::no_audio::open,cents_discrimination/trial_0110,cents_discrimination,no_audio,open,2,,"You will hear tone 1, a pause, then tone 2. Is tone 2 higher, lower, or the same as tone 1?
Answer with exactly one word: higher, lower, or same.",,higher,I cannot answer without hearing the tones and the context in which they were presented. Please provide more information or play the tones for me to assist you better.,,,,"{""base_midi"": 55.268, ""delta_cents"": 5, ""direction"": ""higher"", ""f1_hz"": 199.053, ""f2_hz"": 199.628}"
cents_discrimination/trial_0111::no_audio::open,cents_discrimination/trial_0111,cents_discrimination,no_audio,open,2,,"You will hear tone 1, a pause, then tone 2. Is tone 2 higher, lower, or the same as tone 1?
Answer with exactly one word: higher, lower, or same.",,lower,I cannot answer without hearing the tones and the context in which they were presented. Please provide more information or play the tones for me to assist you better.,,,,"{""base_midi"": 69.445, ""delta_cents"": 5, ""direction"": ""lower"", ""f1_hz"": 451.451, ""f2_hz"": 450.149}"
cents_discrimination/trial_0112::no_audio::open,cents_discrimination/trial_0112,cents_discrimination,no_audio,open,2,,"You will hear tone 1, a pause, then tone 2. Is tone 2 higher, lower, or the same as tone 1?
Answer with exactly one word: higher, lower, or same.",,higher,I cannot answer without hearing the tones and the context in which they were presented. Please provide more information or play the tones for me to assist you better.,,,,"{""base_midi"": 54.473, ""delta_cents"": 10, ""direction"": ""higher"", ""f1_hz"": 190.125, ""f2_hz"": 191.226}"
cents_discrimination/trial_0115::no_audio::open,cents_discrimination/trial_0115,cents_discrimination,no_audio,open,0,,"Two tones are played one after the other. Is the second tone higher, lower, or the same pitch as the first?
Answer with exactly one word: higher, lower, or same.",,lower,same.,same,False,,"{""base_midi"": 59.181, ""delta_cents"": 25, ""direction"": ""lower"", ""f1_hz"": 249.543, ""f2_hz"": 245.965}"
cents_discrimination/trial_0129::no_audio::open,cents_discrimination/trial_0129,cents_discrimination,no_audio,open,0,,"Two tones are played one after the other. Is the second tone higher, lower, or the same pitch as the first?
Answer with exactly one word: higher, lower, or same.",,lower,same.,same,False,,"{""base_midi"": 67.641, ""delta_cents"": 100, ""direction"": ""lower"", ""f1_hz"": 406.781, ""f2_hz"": 383.95}"
cents_discrimination/trial_0130::no_audio::open,cents_discrimination/trial_0130,cents_discrimination,no_audio,open,2,,"You will hear tone 1, a pause, then tone 2. Is tone 2 higher, lower, or the same as tone 1?
Answer with exactly one word: higher, lower, or same.",,higher,I cannot answer without hearing the tones and the context in which they were presented. Please provide more information or play the tones for me to assist you better.,,,,"{""base_midi"": 61.848, ""delta_cents"": 5, ""direction"": ""higher"", ""f1_hz"": 291.099, ""f2_hz"": 291.941}"
cents_discrimination/trial_0131::no_audio::open,cents_discrimination/trial_0131,cents_discrimination,no_audio,open,0,,"Two tones are played one after the other. Is the second tone higher, lower, or the same pitch as the first?
Answer with exactly one word: higher, lower, or same.",,lower,same.,same,False,,"{""base_midi"": 54.423, ""delta_cents"": 5, ""direction"": ""lower"", ""f1_hz"": 189.572, ""f2_hz"": 189.025}"
cents_discrimination/trial_0134::no_audio::open,cents_discrimination/trial_0134,cents_discrimination,no_audio,open,1,,"Compare the two tones you hear. Relative to the first, is the second one higher in pitch, lower, or identical?
Answer with exactly one word: higher, lower, or same.",,higher,same.,same,False,,"{""base_midi"": 62.756, ""delta_cents"": 25, ""direction"": ""higher"", ""f1_hz"": 306.781, ""f2_hz"": 311.243}"
cents_discrimination/trial_0135::no_audio::open,cents_discrimination/trial_0135,cents_discrimination,no_audio,open,2,,"You will hear tone 1, a pause, then tone 2. Is tone 2 higher, lower, or the same as tone 1?
Answer with exactly one word: higher, lower, or same.",,lower,I cannot answer without hearing the tones and the context in which they were presented. Please provide more information or play the tones for me to assist you better.,,,,"{""base_midi"": 67.437, ""delta_cents"": 25, ""direction"": ""lower"", ""f1_hz"": 402.022, ""f2_hz"": 396.258}"
cents_discrimination/trial_0136::no_audio::open,cents_discrimination/trial_0136,cents_discrimination,no_audio,open,0,,"Two tones are played one after the other. Is the second tone higher, lower, or the same pitch as the first?
Answer with exactly one word: higher, lower, or same.",,higher,same.,same,False,,"{""base_midi"": 71.853, ""delta_cents"": 50, ""direction"": ""higher"", ""f1_hz"": 518.829, ""f2_hz"": 534.032}"
cents_discrimination/trial_0138::no_audio::open,cents_discrimination/trial_0138,cents_discrimination,no_audio,open,2,,"You will hear tone 1, a pause, then tone 2. Is tone 2 higher, lower, or the same as tone 1?
Answer with exactly one word: higher, lower, or same.",,higher,I cannot answer without hearing the tones and the context in which they were presented. Please provide more information or play the tones for me to assist you better.,,,,"{""base_midi"": 55.466, ""delta_cents"": 100, ""direction"": ""higher"", ""f1_hz"": 201.35, ""f2_hz"": 213.322}"
cents_discrimination/trial_0139::no_audio::open,cents_discrimination/trial_0139,cents_discrimination,no_audio,open,1,,"Compare the two tones you hear. Relative to the first, is the second one higher in pitch, lower, or identical?
Answer with exactly one word: higher, lower, or same.",,lower,same.,same,False,,"{""base_midi"": 69.532, ""delta_cents"": 100, ""direction"": ""lower"", ""f1_hz"": 453.725, ""f2_hz"": 428.26}"
cents_discrimination/trial_0148::no_audio::open,cents_discrimination/trial_0148,cents_discrimination,no_audio,open,1,,"Compare the two tones you hear. Relative to the first, is the second one higher in pitch, lower, or identical?
Answer with exactly one word: higher, lower, or same.",,higher,same.,same,False,,"{""base_midi"": 67.357, ""delta_cents"": 100, ""direction"": ""higher"", ""f1_hz"": 400.16, ""f2_hz"": 423.954}"
cents_discrimination/trial_0151::no_audio::open,cents_discrimination/trial_0151,cents_discrimination,no_audio,open,1,,"Compare the two tones you hear. Relative to the first, is the second one higher in pitch, lower, or identical?
Answer with exactly one word: higher, lower, or same.",,same,same.,same,True,,"{""base_midi"": 63.737, ""delta_cents"": 0, ""direction"": ""same"", ""f1_hz"": 324.658, ""f2_hz"": 324.658}"
cents_discrimination/trial_0153::no_audio::open,cents_discrimination/trial_0153,cents_discrimination,no_audio,open,0,,"Two tones are played one after the other. Is the second tone higher, lower, or the same pitch as the first?
Answer with exactly one word: higher, lower, or same.",,same,same.,same,True,,"{""base_midi"": 68.991, ""delta_cents"": 0, ""direction"": ""same"", ""f1_hz"": 439.766, ""f2_hz"": 439.766}"
cents_discrimination/trial_0165::no_audio::open,cents_discrimination/trial_0165,cents_discrimination,no_audio,open,1,,"Compare the two tones you hear. Relative to the first, is the second one higher in pitch, lower, or identical?
Answer with exactly one word: higher, lower, or same.",,same,same.,same,True,,"{""base_midi"": 57.988, ""delta_cents"": 0, ""direction"": ""same"", ""f1_hz"": 232.916, ""f2_hz"": 232.916}"
cents_discrimination/trial_0172::no_audio::open,cents_discrimination/trial_0172,cents_discrimination,no_audio,open,0,,"Two tones are played one after the other. Is the second tone higher, lower, or the same pitch as the first?
Answer with exactly one word: higher, lower, or same.",,same,same.,same,True,,"{""base_midi"": 68.619, ""delta_cents"": 0, ""direction"": ""same"", ""f1_hz"": 430.413, ""f2_hz"": 430.413}"
cents_discrimination/trial_0178::no_audio::open,cents_discrimination/trial_0178,cents_discrimination,no_audio,open,0,,"Two tones are played one after the other. Is the second tone higher, lower, or the same pitch as the first?
Answer with exactly one word: higher, lower, or same.",,same,same.,same,True,,"{""base_midi"": 63.771, ""delta_cents"": 0, ""direction"": ""same"", ""f1_hz"": 325.302, ""f2_hz"": 325.302}"
cents_discrimination/trial_0017::wrong_audio::open,cents_discrimination/trial_0017,cents_discrimination,wrong_audio,open,1,stimuli/intervals/m7_melodic_desc_49_2.wav,"Compare the two tones you hear. Relative to the first, is the second one higher in pitch, lower, or identical?
Answer with exactly one word: higher, lower, or same.",,lower,same,same,False,,"{""base_midi"": 63.538, ""delta_cents"": 50, ""direction"": ""lower"", ""f1_hz"": 320.947, ""f2_hz"": 311.81}"
cents_discrimination/trial_0020::wrong_audio::open,cents_discrimination/trial_0020,cents_discrimination,wrong_audio,open,2,stimuli/mode/major_pentatonic_60_bare_scale.wav,"You will hear tone 1, a pause, then tone 2. Is tone 2 higher, lower, or the same as tone 1?
Answer with exactly one word: higher, lower, or same.",,higher,same,same,False,,"{""base_midi"": 54.464, ""delta_cents"": 5, ""direction"": ""higher"", ""f1_hz"": 190.023, ""f2_hz"": 190.572}"
cents_discrimination/trial_0035::wrong_audio::open,cents_discrimination/trial_0035,cents_discrimination,wrong_audio,open,2,stimuli/mode/major_pentatonic_62_melody_drone.wav,"You will hear tone 1, a pause, then tone 2. Is tone 2 higher, lower, or the same as tone 1?
Answer with exactly one word: higher, lower, or same.",,lower,same,same,False,,"{""base_midi"": 56.028, ""delta_cents"": 25, ""direction"": ""lower"", ""f1_hz"": 207.985, ""f2_hz"": 205.003}"
cents_discrimination/trial_0038::wrong_audio::open,cents_discrimination/trial_0038,cents_discrimination,wrong_audio,open,1,stimuli/polyphony/count4_01.wav,"Compare the two tones you hear. Relative to the first, is the second one higher in pitch, lower, or identical?
Answer with exactly one word: higher, lower, or same.",,higher,same,same,False,,"{""base_midi"": 67.67, ""delta_cents"": 100, ""direction"": ""higher"", ""f1_hz"": 407.464, ""f2_hz"": 431.693}"
cents_discrimination/trial_0048::wrong_audio::open,cents_discrimination/trial_0048,cents_discrimination,wrong_audio,open,0,stimuli/tempo/tempo_044.wav,"Two tones are played one after the other. Is the second tone higher, lower, or the same pitch as the first?
Answer with exactly one word: higher, lower, or same.",,higher,same.,same,False,,"{""base_midi"": 59.687, ""delta_cents"": 100, ""direction"": ""higher"", ""f1_hz"": 256.939, ""f2_hz"": 272.217}"
cents_discrimination/trial_0049::wrong_audio::open,cents_discrimination/trial_0049,cents_discrimination,wrong_audio,open,1,stimuli/key/E_major_scale_1.wav,"Compare the two tones you hear. Relative to the first, is the second one higher in pitch, lower, or identical?
Answer with exactly one word: higher, lower, or same.",,lower,same,same,False,,"{""base_midi"": 56.594, ""delta_cents"": 100, ""direction"": ""lower"", ""f1_hz"": 214.905, ""f2_hz"": 202.844}"
cents_discrimination/trial_0069::wrong_audio::open,cents_discrimination/trial_0069,cents_discrimination,wrong_audio,open,2,stimuli/tuning/tune_0018.wav,"You will hear tone 1, a pause, then tone 2. Is tone 2 higher, lower, or the same as tone 1?
Answer with exactly one word: higher, lower, or same.",,lower,same,same,False,,"{""base_midi"": 72.027, ""delta_cents"": 100, ""direction"": ""lower"", ""f1_hz"": 524.07, ""f2_hz"": 494.656}"
cents_discrimination/trial_0074::wrong_audio::open,cents_discrimination/trial_0074,cents_discrimination,wrong_audio,open,1,stimuli/polyphony/count1_06.wav,"Compare the two tones you hear. Relative to the first, is the second one higher in pitch, lower, or identical?
Answer with exactly one word: higher, lower, or same.",,higher,same,same,False,,"{""base_midi"": 73.191, ""delta_cents"": 25, ""direction"": ""higher"", ""f1_hz"": 560.525, ""f2_hz"": 568.678}"
cents_discrimination/trial_0089::wrong_audio::open,cents_discrimination/trial_0089,cents_discrimination,wrong_audio,open,1,stimuli/mode/phrygian_62_melody_drone.wav,"Compare the two tones you hear. Relative to the first, is the second one higher in pitch, lower, or identical?
Answer with exactly one word: higher, lower, or same.",,lower,same,same,False,,"{""base_midi"": 65.473, ""delta_cents"": 100, ""direction"": ""lower"", ""f1_hz"": 358.892, ""f2_hz"": 338.749}"
cents_discrimination/trial_0090::wrong_audio::open,cents_discrimination/trial_0090,cents_discrimination,wrong_audio,open,2,stimuli/polyphony/count3_08.wav,"You will hear tone 1, a pause, then tone 2. Is tone 2 higher, lower, or the same as tone 1?
Answer with exactly one word: higher, lower, or same.",,higher,same.,same,False,,"{""base_midi"": 58.649, ""delta_cents"": 5, ""direction"": ""higher"", ""f1_hz"": 241.989, ""f2_hz"": 242.689}"
cents_discrimination/trial_0092::wrong_audio::open,cents_discrimination/trial_0092,cents_discrimination,wrong_audio,open,2,stimuli/cents/trial_0178.wav,"You will hear tone 1, a pause, then tone 2. Is tone 2 higher, lower, or the same as tone 1?
Answer with exactly one word: higher, lower, or same.",,higher,same,same,False,,"{""base_midi"": 67.21, ""delta_cents"": 10, ""direction"": ""higher"", ""f1_hz"": 396.779, ""f2_hz"": 399.077}"
cents_discrimination/trial_0102::wrong_audio::open,cents_discrimination/trial_0102,cents_discrimination,wrong_audio,open,2,stimuli/tempo/tempo_039.wav,"You will hear tone 1, a pause, then tone 2. Is tone 2 higher, lower, or the same as tone 1?
Answer with exactly one word: higher, lower, or same.",,higher,same,same,False,,"{""base_midi"": 75.85, ""delta_cents"": 10, ""direction"": ""higher"", ""f1_hz"": 653.578, ""f2_hz"": 657.364}"
cents_discrimination/trial_0132::wrong_audio::open,cents_discrimination/trial_0132,cents_discrimination,wrong_audio,open,2,stimuli/pitch/050_flute_fluidr3_1.wav,"You will hear tone 1, a pause, then tone 2. Is tone 2 higher, lower, or the same as tone 1?
Answer with exactly one word: higher, lower, or same.",,higher,same.,same,False,,"{""base_midi"": 69.522, ""delta_cents"": 10, ""direction"": ""higher"", ""f1_hz"": 453.472, ""f2_hz"": 456.099}"
cents_discrimination/trial_0143::wrong_audio::open,cents_discrimination/trial_0143,cents_discrimination,wrong_audio,open,0,stimuli/progressions/I-IV-V-I_59_6.wav,"Two tones are played one after the other. Is the second tone higher, lower, or the same pitch as the first?
Answer with exactly one word: higher, lower, or same.",,lower,same,same,False,,"{""base_midi"": 70.295, ""delta_cents"": 10, ""direction"": ""lower"", ""f1_hz"": 474.183, ""f2_hz"": 471.452}"
cents_discrimination/trial_0150::wrong_audio::open,cents_discrimination/trial_0150,cents_discrimination,wrong_audio,open,0,stimuli/cents/trial_0131.wav,"Two tones are played one after the other. Is the second tone higher, lower, or the same pitch as the first?
Answer with exactly one word: higher, lower, or same.",,same,same.,same,True,,"{""base_midi"": 69.643, ""delta_cents"": 0, ""direction"": ""same"", ""f1_hz"": 456.647, ""f2_hz"": 456.647}"
cents_discrimination/trial_0159::wrong_audio::open,cents_discrimination/trial_0159,cents_discrimination,wrong_audio,open,1,stimuli/progressions/I-V-vi-IV_64_2.wav,"Compare the two tones you hear. Relative to the first, is the second one higher in pitch, lower, or identical?
Answer with exactly one word: higher, lower, or same.",,same,same,same,True,,"{""base_midi"": 64.535, ""delta_cents"": 0, ""direction"": ""same"", ""f1_hz"": 339.982, ""f2_hz"": 339.982}"
cents_discrimination/trial_0173::wrong_audio::open,cents_discrimination/trial_0173,cents_discrimination,wrong_audio,open,1,stimuli/meter/meter_3-4_05.wav,"Compare the two tones you hear. Relative to the first, is the second one higher in pitch, lower, or identical?
Answer with exactly one word: higher, lower, or same.",,same,same,same,True,,"{""base_midi"": 72.174, ""delta_cents"": 0, ""direction"": ""same"", ""f1_hz"": 528.551, ""f2_hz"": 528.551}"
cents_discrimination/trial_0175::wrong_audio::open,cents_discrimination/trial_0175,cents_discrimination,wrong_audio,open,0,stimuli/meter/meter_5-4_03.wav,"Two tones are played one after the other. Is the second tone higher, lower, or the same pitch as the first?
Answer with exactly one word: higher, lower, or same.",,same,same,same,True,,"{""base_midi"": 67.416, ""delta_cents"": 0, ""direction"": ""same"", ""f1_hz"": 401.522, ""f2_hz"": 401.522}"
cents_discrimination/trial_0176::wrong_audio::open,cents_discrimination/trial_0176,cents_discrimination,wrong_audio,open,1,stimuli/polyphony/count4_02.wav,"Compare the two tones you hear. Relative to the first, is the second one higher in pitch, lower, or identical?
Answer with exactly one word: higher, lower, or same.",,same,same,same,True,,"{""base_midi"": 56.575, ""delta_cents"": 0, ""direction"": ""same"", ""f1_hz"": 214.662, ""f2_hz"": 214.662}"
cents_discrimination/trial_0177::wrong_audio::open,cents_discrimination/trial_0177,cents_discrimination,wrong_audio,open,1,stimuli/tempo/tempo_018.wav,"Compare the two tones you hear. Relative to the first, is the second one higher in pitch, lower, or identical?
Answer with exactly one word: higher, lower, or same.",,same,same,same,True,,"{""base_midi"": 72.12, ""delta_cents"": 0, ""direction"": ""same"", ""f1_hz"": 526.888, ""f2_hz"": 526.888}"
